benchmark,n_annotated,n_total,partial,Benchmark,gpt-5.2,qwen,kimi
abt-buy,100,104,False,1.709205020920502,2.284518828451883,2.3368200836820083,1.604602510460251
walmart-amazon,136,136,False,1.4153245485602732,1.610541727672035,2.1961932650073206,0.9760858955588092
wdc,266,266,False,1.9111111111111112,1.8222222222222222,2.3555555555555556,1.6
dblp-acm,113,113,False,0.5256773150020219,0.8087343307723412,1.8196522442377678,0.646987464617873
dblp-scholar,408,409,False,2.5242989026302043,3.1339487894095104,4.49259710851768,2.2804389479184812
