pair_id,gold,pred
dn7-walmart-amazonl_285#dn7-walmart-amazonr_553,0,0
dn7-walmart-amazonl_342#dn7-walmart-amazonr_1337,0,0
dn7-walmart-amazonl_1684#dn7-walmart-amazonr_7290,0,0
dn7-walmart-amazonl_1044#dn7-walmart-amazonr_3009,1,1
dn7-walmart-amazonl_2339#dn7-walmart-amazonr_18991,0,0
dn7-walmart-amazonl_274#dn7-walmart-amazonr_13853,0,0
dn7-walmart-amazonl_2523#dn7-walmart-amazonr_10366,0,0
dn7-walmart-amazonl_1623#dn7-walmart-amazonr_1462,0,0
dn7-walmart-amazonl_605#dn7-walmart-amazonr_20002,0,0
dn7-walmart-amazonl_162#dn7-walmart-amazonr_18055,0,0
dn7-walmart-amazonl_444#dn7-walmart-amazonr_21273,0,0
dn7-walmart-amazonl_1978#dn7-walmart-amazonr_1993,0,0
dn7-walmart-amazonl_963#dn7-walmart-amazonr_14922,0,0
dn7-walmart-amazonl_1151#dn7-walmart-amazonr_3033,0,0
dn7-walmart-amazonl_2514#dn7-walmart-amazonr_654,0,0
dn7-walmart-amazonl_1731#dn7-walmart-amazonr_12556,0,0
dn7-walmart-amazonl_1949#dn7-walmart-amazonr_12315,0,0
dn7-walmart-amazonl_867#dn7-walmart-amazonr_6323,0,0
dn7-walmart-amazonl_1267#dn7-walmart-amazonr_15908,0,0
dn7-walmart-amazonl_1874#dn7-walmart-amazonr_14911,0,0
dn7-walmart-amazonl_2541#dn7-walmart-amazonr_5136,0,0
dn7-walmart-amazonl_705#dn7-walmart-amazonr_9896,0,0
dn7-walmart-amazonl_2180#dn7-walmart-amazonr_18826,0,0
dn7-walmart-amazonl_776#dn7-walmart-amazonr_18702,0,0
dn7-walmart-amazonl_2315#dn7-walmart-amazonr_2142,0,0
dn7-walmart-amazonl_1468#dn7-walmart-amazonr_10148,0,0
dn7-walmart-amazonl_1492#dn7-walmart-amazonr_5646,0,0
dn7-walmart-amazonl_927#dn7-walmart-amazonr_9501,0,0
dn7-walmart-amazonl_1672#dn7-walmart-amazonr_9022,0,0
dn7-walmart-amazonl_2316#dn7-walmart-amazonr_1383,0,0
dn7-walmart-amazonl_2205#dn7-walmart-amazonr_15253,0,0
dn7-walmart-amazonl_1611#dn7-walmart-amazonr_4645,0,0
dn7-walmart-amazonl_2174#dn7-walmart-amazonr_20123,0,0
dn7-walmart-amazonl_2233#dn7-walmart-amazonr_8217,0,0
dn7-walmart-amazonl_1708#dn7-walmart-amazonr_18510,0,0
dn7-walmart-amazonl_2474#dn7-walmart-amazonr_14437,1,1
dn7-walmart-amazonl_1544#dn7-walmart-amazonr_3201,0,0
dn7-walmart-amazonl_229#dn7-walmart-amazonr_18642,0,0
dn7-walmart-amazonl_1190#dn7-walmart-amazonr_2759,0,0
dn7-walmart-amazonl_197#dn7-walmart-amazonr_15059,0,0
dn7-walmart-amazonl_2114#dn7-walmart-amazonr_10649,0,0
dn7-walmart-amazonl_1336#dn7-walmart-amazonr_16827,0,0
dn7-walmart-amazonl_1260#dn7-walmart-amazonr_6613,0,0
dn7-walmart-amazonl_1707#dn7-walmart-amazonr_9130,0,0
dn7-walmart-amazonl_1808#dn7-walmart-amazonr_11178,0,0
dn7-walmart-amazonl_2161#dn7-walmart-amazonr_5395,0,0
dn7-walmart-amazonl_2090#dn7-walmart-amazonr_10991,0,0
dn7-walmart-amazonl_985#dn7-walmart-amazonr_18577,0,0
dn7-walmart-amazonl_379#dn7-walmart-amazonr_12586,0,0
dn7-walmart-amazonl_1386#dn7-walmart-amazonr_11968,0,0
dn7-walmart-amazonl_340#dn7-walmart-amazonr_20002,0,0
dn7-walmart-amazonl_1045#dn7-walmart-amazonr_10873,0,0
dn7-walmart-amazonl_1775#dn7-walmart-amazonr_11205,0,0
dn7-walmart-amazonl_126#dn7-walmart-amazonr_2369,0,0
dn7-walmart-amazonl_914#dn7-walmart-amazonr_2737,0,0
dn7-walmart-amazonl_2053#dn7-walmart-amazonr_10819,0,0
dn7-walmart-amazonl_2323#dn7-walmart-amazonr_15600,0,0
dn7-walmart-amazonl_466#dn7-walmart-amazonr_16597,0,0
dn7-walmart-amazonl_1953#dn7-walmart-amazonr_11287,0,0
dn7-walmart-amazonl_568#dn7-walmart-amazonr_4880,0,0
dn7-walmart-amazonl_361#dn7-walmart-amazonr_21173,0,0
dn7-walmart-amazonl_914#dn7-walmart-amazonr_2750,0,0
dn7-walmart-amazonl_461#dn7-walmart-amazonr_17522,0,0
dn7-walmart-amazonl_2413#dn7-walmart-amazonr_3132,0,0
dn7-walmart-amazonl_2448#dn7-walmart-amazonr_6713,0,0
dn7-walmart-amazonl_1499#dn7-walmart-amazonr_19914,0,0
dn7-walmart-amazonl_434#dn7-walmart-amazonr_11444,0,0
dn7-walmart-amazonl_2427#dn7-walmart-amazonr_1163,0,0
dn7-walmart-amazonl_157#dn7-walmart-amazonr_17553,0,0
dn7-walmart-amazonl_1663#dn7-walmart-amazonr_8816,0,0
dn7-walmart-amazonl_1680#dn7-walmart-amazonr_21694,0,0
dn7-walmart-amazonl_1932#dn7-walmart-amazonr_14924,0,0
dn7-walmart-amazonl_1459#dn7-walmart-amazonr_18907,0,0
dn7-walmart-amazonl_1083#dn7-walmart-amazonr_2962,0,0
dn7-walmart-amazonl_1067#dn7-walmart-amazonr_4725,0,0
dn7-walmart-amazonl_1892#dn7-walmart-amazonr_7875,0,0
dn7-walmart-amazonl_867#dn7-walmart-amazonr_970,0,0
dn7-walmart-amazonl_1161#dn7-walmart-amazonr_16028,0,0
dn7-walmart-amazonl_777#dn7-walmart-amazonr_207,0,0
dn7-walmart-amazonl_925#dn7-walmart-amazonr_19523,0,0
dn7-walmart-amazonl_87#dn7-walmart-amazonr_4127,0,0
dn7-walmart-amazonl_1162#dn7-walmart-amazonr_16958,0,0
dn7-walmart-amazonl_1708#dn7-walmart-amazonr_17718,0,0
dn7-walmart-amazonl_1858#dn7-walmart-amazonr_15782,0,0
dn7-walmart-amazonl_574#dn7-walmart-amazonr_13486,0,0
dn7-walmart-amazonl_17#dn7-walmart-amazonr_3005,0,0
dn7-walmart-amazonl_1199#dn7-walmart-amazonr_2078,0,0
dn7-walmart-amazonl_886#dn7-walmart-amazonr_18165,0,0
dn7-walmart-amazonl_1050#dn7-walmart-amazonr_17730,0,0
dn7-walmart-amazonl_1907#dn7-walmart-amazonr_1779,0,0
dn7-walmart-amazonl_2028#dn7-walmart-amazonr_10047,0,0
dn7-walmart-amazonl_213#dn7-walmart-amazonr_19092,0,0
dn7-walmart-amazonl_2004#dn7-walmart-amazonr_7313,0,0
dn7-walmart-amazonl_1427#dn7-walmart-amazonr_16928,0,0
dn7-walmart-amazonl_972#dn7-walmart-amazonr_3050,0,0
dn7-walmart-amazonl_1218#dn7-walmart-amazonr_5267,1,1
dn7-walmart-amazonl_2099#dn7-walmart-amazonr_8689,0,0
dn7-walmart-amazonl_1544#dn7-walmart-amazonr_15142,0,0
dn7-walmart-amazonl_261#dn7-walmart-amazonr_4022,0,0
dn7-walmart-amazonl_185#dn7-walmart-amazonr_1978,0,0
dn7-walmart-amazonl_522#dn7-walmart-amazonr_2069,0,0
dn7-walmart-amazonl_784#dn7-walmart-amazonr_19473,0,0
dn7-walmart-amazonl_974#dn7-walmart-amazonr_2109,0,0
dn7-walmart-amazonl_1947#dn7-walmart-amazonr_9940,0,0
dn7-walmart-amazonl_1562#dn7-walmart-amazonr_10184,0,0
dn7-walmart-amazonl_2520#dn7-walmart-amazonr_53,0,0
dn7-walmart-amazonl_424#dn7-walmart-amazonr_8537,0,0
dn7-walmart-amazonl_497#dn7-walmart-amazonr_20752,0,0
dn7-walmart-amazonl_1950#dn7-walmart-amazonr_15527,0,0
dn7-walmart-amazonl_1248#dn7-walmart-amazonr_2633,0,0
dn7-walmart-amazonl_289#dn7-walmart-amazonr_17942,0,0
dn7-walmart-amazonl_1540#dn7-walmart-amazonr_8924,0,0
dn7-walmart-amazonl_1243#dn7-walmart-amazonr_12724,0,0
dn7-walmart-amazonl_284#dn7-walmart-amazonr_684,0,0
dn7-walmart-amazonl_2515#dn7-walmart-amazonr_10479,0,0
dn7-walmart-amazonl_2116#dn7-walmart-amazonr_9986,0,0
dn7-walmart-amazonl_1970#dn7-walmart-amazonr_8249,0,0
dn7-walmart-amazonl_1617#dn7-walmart-amazonr_2748,1,1
dn7-walmart-amazonl_427#dn7-walmart-amazonr_591,0,0
dn7-walmart-amazonl_1983#dn7-walmart-amazonr_12950,0,0
dn7-walmart-amazonl_1919#dn7-walmart-amazonr_6453,0,0
dn7-walmart-amazonl_101#dn7-walmart-amazonr_13101,0,0
dn7-walmart-amazonl_2085#dn7-walmart-amazonr_1769,0,0
dn7-walmart-amazonl_2468#dn7-walmart-amazonr_7273,0,0
dn7-walmart-amazonl_1492#dn7-walmart-amazonr_4196,0,0
dn7-walmart-amazonl_1651#dn7-walmart-amazonr_18155,0,0
dn7-walmart-amazonl_218#dn7-walmart-amazonr_5048,0,0
dn7-walmart-amazonl_2072#dn7-walmart-amazonr_1743,0,0
dn7-walmart-amazonl_761#dn7-walmart-amazonr_11703,0,0
dn7-walmart-amazonl_347#dn7-walmart-amazonr_10511,0,0
dn7-walmart-amazonl_1769#dn7-walmart-amazonr_6171,0,0
dn7-walmart-amazonl_2381#dn7-walmart-amazonr_3960,0,0
dn7-walmart-amazonl_49#dn7-walmart-amazonr_9436,0,0
dn7-walmart-amazonl_462#dn7-walmart-amazonr_8284,0,0
dn7-walmart-amazonl_2092#dn7-walmart-amazonr_1864,0,0
dn7-walmart-amazonl_825#dn7-walmart-amazonr_9808,0,0
dn7-walmart-amazonl_274#dn7-walmart-amazonr_15142,0,0
dn7-walmart-amazonl_210#dn7-walmart-amazonr_19276,0,0
dn7-walmart-amazonl_482#dn7-walmart-amazonr_3196,0,0
dn7-walmart-amazonl_1210#dn7-walmart-amazonr_1691,0,0
dn7-walmart-amazonl_264#dn7-walmart-amazonr_16307,0,0
dn7-walmart-amazonl_1087#dn7-walmart-amazonr_8336,0,0
dn7-walmart-amazonl_1993#dn7-walmart-amazonr_12803,0,0
dn7-walmart-amazonl_1193#dn7-walmart-amazonr_746,0,0
dn7-walmart-amazonl_755#dn7-walmart-amazonr_4848,0,0
dn7-walmart-amazonl_1541#dn7-walmart-amazonr_5197,0,0
dn7-walmart-amazonl_1773#dn7-walmart-amazonr_4054,0,0
dn7-walmart-amazonl_1204#dn7-walmart-amazonr_819,0,0
dn7-walmart-amazonl_1369#dn7-walmart-amazonr_9342,0,0
dn7-walmart-amazonl_2467#dn7-walmart-amazonr_2261,0,0
dn7-walmart-amazonl_734#dn7-walmart-amazonr_12027,0,0
dn7-walmart-amazonl_1173#dn7-walmart-amazonr_19276,0,0
dn7-walmart-amazonl_171#dn7-walmart-amazonr_11462,0,0
dn7-walmart-amazonl_692#dn7-walmart-amazonr_20598,0,0
dn7-walmart-amazonl_993#dn7-walmart-amazonr_6379,0,0
dn7-walmart-amazonl_1949#dn7-walmart-amazonr_17672,0,0
dn7-walmart-amazonl_2102#dn7-walmart-amazonr_9892,0,0
dn7-walmart-amazonl_365#dn7-walmart-amazonr_4196,0,0
dn7-walmart-amazonl_850#dn7-walmart-amazonr_12417,0,0
dn7-walmart-amazonl_434#dn7-walmart-amazonr_1469,0,0
dn7-walmart-amazonl_343#dn7-walmart-amazonr_14247,0,0
dn7-walmart-amazonl_1483#dn7-walmart-amazonr_1873,0,0
dn7-walmart-amazonl_33#dn7-walmart-amazonr_3440,0,0
dn7-walmart-amazonl_512#dn7-walmart-amazonr_5967,0,0
dn7-walmart-amazonl_399#dn7-walmart-amazonr_18991,0,0
dn7-walmart-amazonl_1265#dn7-walmart-amazonr_3049,0,0
dn7-walmart-amazonl_1557#dn7-walmart-amazonr_4583,0,0
dn7-walmart-amazonl_117#dn7-walmart-amazonr_15294,0,0
dn7-walmart-amazonl_16#dn7-walmart-amazonr_1258,0,0
dn7-walmart-amazonl_1134#dn7-walmart-amazonr_10754,0,0
dn7-walmart-amazonl_341#dn7-walmart-amazonr_6823,0,0
dn7-walmart-amazonl_615#dn7-walmart-amazonr_1471,0,0
dn7-walmart-amazonl_809#dn7-walmart-amazonr_371,0,0
dn7-walmart-amazonl_965#dn7-walmart-amazonr_797,0,0
dn7-walmart-amazonl_532#dn7-walmart-amazonr_8071,0,0
dn7-walmart-amazonl_1092#dn7-walmart-amazonr_13746,0,0
dn7-walmart-amazonl_1040#dn7-walmart-amazonr_21097,0,0
dn7-walmart-amazonl_1557#dn7-walmart-amazonr_2990,0,0
dn7-walmart-amazonl_1978#dn7-walmart-amazonr_10251,0,0
dn7-walmart-amazonl_442#dn7-walmart-amazonr_14652,0,0
dn7-walmart-amazonl_1679#dn7-walmart-amazonr_16333,0,0
dn7-walmart-amazonl_2103#dn7-walmart-amazonr_12923,0,0
dn7-walmart-amazonl_601#dn7-walmart-amazonr_18835,0,0
dn7-walmart-amazonl_899#dn7-walmart-amazonr_15197,0,0
dn7-walmart-amazonl_1270#dn7-walmart-amazonr_7313,0,0
dn7-walmart-amazonl_2043#dn7-walmart-amazonr_381,0,0
dn7-walmart-amazonl_781#dn7-walmart-amazonr_17873,0,0
dn7-walmart-amazonl_1793#dn7-walmart-amazonr_1742,0,0
dn7-walmart-amazonl_2070#dn7-walmart-amazonr_14490,0,0
dn7-walmart-amazonl_693#dn7-walmart-amazonr_19788,0,0
dn7-walmart-amazonl_872#dn7-walmart-amazonr_15676,0,0
dn7-walmart-amazonl_2090#dn7-walmart-amazonr_7297,0,0
dn7-walmart-amazonl_2343#dn7-walmart-amazonr_12850,0,0
dn7-walmart-amazonl_541#dn7-walmart-amazonr_1893,0,0
dn7-walmart-amazonl_1376#dn7-walmart-amazonr_8911,0,0
dn7-walmart-amazonl_347#dn7-walmart-amazonr_7957,0,0
dn7-walmart-amazonl_108#dn7-walmart-amazonr_11860,0,0
dn7-walmart-amazonl_2293#dn7-walmart-amazonr_20519,0,0
dn7-walmart-amazonl_2390#dn7-walmart-amazonr_2623,0,0
dn7-walmart-amazonl_41#dn7-walmart-amazonr_21700,0,0
dn7-walmart-amazonl_640#dn7-walmart-amazonr_2300,0,0
dn7-walmart-amazonl_1829#dn7-walmart-amazonr_12770,0,0
dn7-walmart-amazonl_922#dn7-walmart-amazonr_1273,0,0
dn7-walmart-amazonl_141#dn7-walmart-amazonr_2638,0,0
dn7-walmart-amazonl_1973#dn7-walmart-amazonr_3273,0,0
dn7-walmart-amazonl_816#dn7-walmart-amazonr_11226,0,0
dn7-walmart-amazonl_1150#dn7-walmart-amazonr_1928,0,0
dn7-walmart-amazonl_1719#dn7-walmart-amazonr_6104,0,0
dn7-walmart-amazonl_1213#dn7-walmart-amazonr_6719,0,0
dn7-walmart-amazonl_2387#dn7-walmart-amazonr_2196,0,0
dn7-walmart-amazonl_1619#dn7-walmart-amazonr_2143,0,0
dn7-walmart-amazonl_1996#dn7-walmart-amazonr_1027,0,0
dn7-walmart-amazonl_358#dn7-walmart-amazonr_20035,0,0
dn7-walmart-amazonl_661#dn7-walmart-amazonr_9989,0,0
dn7-walmart-amazonl_1607#dn7-walmart-amazonr_403,0,0
dn7-walmart-amazonl_1464#dn7-walmart-amazonr_8128,0,0
dn7-walmart-amazonl_2178#dn7-walmart-amazonr_21771,0,0
dn7-walmart-amazonl_2013#dn7-walmart-amazonr_7229,0,0
dn7-walmart-amazonl_1337#dn7-walmart-amazonr_14246,0,0
dn7-walmart-amazonl_1699#dn7-walmart-amazonr_18050,0,0
dn7-walmart-amazonl_1554#dn7-walmart-amazonr_21139,0,0
dn7-walmart-amazonl_54#dn7-walmart-amazonr_620,0,0
dn7-walmart-amazonl_1155#dn7-walmart-amazonr_6944,0,0
dn7-walmart-amazonl_2179#dn7-walmart-amazonr_17769,0,0
dn7-walmart-amazonl_2116#dn7-walmart-amazonr_1900,0,0
dn7-walmart-amazonl_538#dn7-walmart-amazonr_19114,0,0
dn7-walmart-amazonl_2359#dn7-walmart-amazonr_5730,0,0
dn7-walmart-amazonl_1938#dn7-walmart-amazonr_16160,0,0
dn7-walmart-amazonl_1741#dn7-walmart-amazonr_2751,0,0
dn7-walmart-amazonl_1923#dn7-walmart-amazonr_1899,0,0
dn7-walmart-amazonl_2533#dn7-walmart-amazonr_18910,0,0
dn7-walmart-amazonl_1254#dn7-walmart-amazonr_17392,0,0
dn7-walmart-amazonl_898#dn7-walmart-amazonr_1373,0,0
dn7-walmart-amazonl_893#dn7-walmart-amazonr_7305,0,0
dn7-walmart-amazonl_2170#dn7-walmart-amazonr_20831,0,0
dn7-walmart-amazonl_1186#dn7-walmart-amazonr_7653,0,0
dn7-walmart-amazonl_1744#dn7-walmart-amazonr_16108,0,0
dn7-walmart-amazonl_668#dn7-walmart-amazonr_21312,0,0
dn7-walmart-amazonl_1940#dn7-walmart-amazonr_4087,0,0
dn7-walmart-amazonl_783#dn7-walmart-amazonr_21844,0,0
dn7-walmart-amazonl_2351#dn7-walmart-amazonr_11379,0,0
dn7-walmart-amazonl_24#dn7-walmart-amazonr_14815,0,0
dn7-walmart-amazonl_2484#dn7-walmart-amazonr_1437,0,0
dn7-walmart-amazonl_1948#dn7-walmart-amazonr_8997,0,0
dn7-walmart-amazonl_1321#dn7-walmart-amazonr_21279,0,0
dn7-walmart-amazonl_1792#dn7-walmart-amazonr_9960,0,0
dn7-walmart-amazonl_69#dn7-walmart-amazonr_12757,0,0
dn7-walmart-amazonl_2195#dn7-walmart-amazonr_15288,0,0
dn7-walmart-amazonl_1509#dn7-walmart-amazonr_20343,0,0
dn7-walmart-amazonl_980#dn7-walmart-amazonr_15215,0,0
dn7-walmart-amazonl_2084#dn7-walmart-amazonr_1107,0,0
dn7-walmart-amazonl_574#dn7-walmart-amazonr_7102,0,0
dn7-walmart-amazonl_1907#dn7-walmart-amazonr_8518,0,0
dn7-walmart-amazonl_159#dn7-walmart-amazonr_22007,0,0
dn7-walmart-amazonl_1518#dn7-walmart-amazonr_6400,0,0
dn7-walmart-amazonl_1954#dn7-walmart-amazonr_5901,0,0
dn7-walmart-amazonl_209#dn7-walmart-amazonr_21813,0,0
dn7-walmart-amazonl_2147#dn7-walmart-amazonr_12295,0,0
dn7-walmart-amazonl_2491#dn7-walmart-amazonr_21607,0,0
dn7-walmart-amazonl_929#dn7-walmart-amazonr_11230,0,0
dn7-walmart-amazonl_2315#dn7-walmart-amazonr_12555,0,0
dn7-walmart-amazonl_2037#dn7-walmart-amazonr_19773,0,0
dn7-walmart-amazonl_213#dn7-walmart-amazonr_7009,0,0
dn7-walmart-amazonl_1737#dn7-walmart-amazonr_12292,0,0
dn7-walmart-amazonl_704#dn7-walmart-amazonr_15879,0,0
dn7-walmart-amazonl_885#dn7-walmart-amazonr_17676,0,0
dn7-walmart-amazonl_583#dn7-walmart-amazonr_15520,0,0
dn7-walmart-amazonl_1351#dn7-walmart-amazonr_6896,0,0
dn7-walmart-amazonl_1962#dn7-walmart-amazonr_19096,0,0
dn7-walmart-amazonl_1911#dn7-walmart-amazonr_21727,0,0
dn7-walmart-amazonl_738#dn7-walmart-amazonr_9222,0,0
dn7-walmart-amazonl_1742#dn7-walmart-amazonr_5555,0,0
dn7-walmart-amazonl_2550#dn7-walmart-amazonr_3025,0,0
dn7-walmart-amazonl_60#dn7-walmart-amazonr_835,0,0
dn7-walmart-amazonl_2521#dn7-walmart-amazonr_6592,0,0
dn7-walmart-amazonl_203#dn7-walmart-amazonr_16435,0,0
dn7-walmart-amazonl_561#dn7-walmart-amazonr_15073,0,0
dn7-walmart-amazonl_261#dn7-walmart-amazonr_155,0,0
dn7-walmart-amazonl_40#dn7-walmart-amazonr_15262,0,0
dn7-walmart-amazonl_596#dn7-walmart-amazonr_2634,0,0
dn7-walmart-amazonl_716#dn7-walmart-amazonr_15063,0,0
dn7-walmart-amazonl_1032#dn7-walmart-amazonr_12284,0,0
dn7-walmart-amazonl_1832#dn7-walmart-amazonr_2938,0,0
dn7-walmart-amazonl_1486#dn7-walmart-amazonr_7441,0,0
dn7-walmart-amazonl_629#dn7-walmart-amazonr_9721,0,0
dn7-walmart-amazonl_2403#dn7-walmart-amazonr_1446,0,0
dn7-walmart-amazonl_2099#dn7-walmart-amazonr_10083,0,0
dn7-walmart-amazonl_2523#dn7-walmart-amazonr_9909,0,0
dn7-walmart-amazonl_1399#dn7-walmart-amazonr_21275,0,0
dn7-walmart-amazonl_434#dn7-walmart-amazonr_13420,0,0
dn7-walmart-amazonl_2305#dn7-walmart-amazonr_4848,0,0
dn7-walmart-amazonl_1499#dn7-walmart-amazonr_7631,0,0
dn7-walmart-amazonl_1525#dn7-walmart-amazonr_6636,0,0
dn7-walmart-amazonl_861#dn7-walmart-amazonr_11942,1,0
dn7-walmart-amazonl_2454#dn7-walmart-amazonr_21735,0,0
dn7-walmart-amazonl_151#dn7-walmart-amazonr_20435,0,0
dn7-walmart-amazonl_69#dn7-walmart-amazonr_8758,0,0
dn7-walmart-amazonl_1924#dn7-walmart-amazonr_5995,0,0
dn7-walmart-amazonl_1941#dn7-walmart-amazonr_7697,0,0
dn7-walmart-amazonl_2232#dn7-walmart-amazonr_11641,0,0
dn7-walmart-amazonl_2396#dn7-walmart-amazonr_20177,0,0
dn7-walmart-amazonl_353#dn7-walmart-amazonr_14676,0,0
dn7-walmart-amazonl_2368#dn7-walmart-amazonr_10099,0,0
dn7-walmart-amazonl_2432#dn7-walmart-amazonr_1638,0,0
dn7-walmart-amazonl_1713#dn7-walmart-amazonr_21186,0,0
dn7-walmart-amazonl_1918#dn7-walmart-amazonr_13775,0,0
dn7-walmart-amazonl_2398#dn7-walmart-amazonr_8925,0,0
dn7-walmart-amazonl_1555#dn7-walmart-amazonr_11445,0,0
dn7-walmart-amazonl_113#dn7-walmart-amazonr_2162,0,0
dn7-walmart-amazonl_106#dn7-walmart-amazonr_14842,0,0
dn7-walmart-amazonl_1609#dn7-walmart-amazonr_5470,0,0
dn7-walmart-amazonl_981#dn7-walmart-amazonr_6264,0,0
dn7-walmart-amazonl_565#dn7-walmart-amazonr_15257,0,0
dn7-walmart-amazonl_2306#dn7-walmart-amazonr_21833,0,0
dn7-walmart-amazonl_787#dn7-walmart-amazonr_4739,0,0
dn7-walmart-amazonl_529#dn7-walmart-amazonr_10170,0,0
dn7-walmart-amazonl_1250#dn7-walmart-amazonr_12140,0,0
dn7-walmart-amazonl_276#dn7-walmart-amazonr_18991,0,0
dn7-walmart-amazonl_355#dn7-walmart-amazonr_18723,0,0
dn7-walmart-amazonl_1300#dn7-walmart-amazonr_1815,0,0
dn7-walmart-amazonl_2234#dn7-walmart-amazonr_10218,0,0
dn7-walmart-amazonl_287#dn7-walmart-amazonr_4453,0,0
dn7-walmart-amazonl_724#dn7-walmart-amazonr_5001,0,0
dn7-walmart-amazonl_78#dn7-walmart-amazonr_12347,1,0
dn7-walmart-amazonl_558#dn7-walmart-amazonr_8363,0,0
dn7-walmart-amazonl_1122#dn7-walmart-amazonr_479,0,0
dn7-walmart-amazonl_591#dn7-walmart-amazonr_1646,0,0
dn7-walmart-amazonl_2035#dn7-walmart-amazonr_9455,0,0
dn7-walmart-amazonl_24#dn7-walmart-amazonr_2415,0,0
dn7-walmart-amazonl_30#dn7-walmart-amazonr_3150,0,0
dn7-walmart-amazonl_461#dn7-walmart-amazonr_18090,0,0
dn7-walmart-amazonl_2146#dn7-walmart-amazonr_6470,1,1
dn7-walmart-amazonl_1391#dn7-walmart-amazonr_11297,0,0
dn7-walmart-amazonl_495#dn7-walmart-amazonr_10763,0,0
dn7-walmart-amazonl_877#dn7-walmart-amazonr_6445,0,0
dn7-walmart-amazonl_1632#dn7-walmart-amazonr_12593,0,0
dn7-walmart-amazonl_2215#dn7-walmart-amazonr_18149,0,0
dn7-walmart-amazonl_2382#dn7-walmart-amazonr_10511,0,0
dn7-walmart-amazonl_2041#dn7-walmart-amazonr_11715,0,0
dn7-walmart-amazonl_2502#dn7-walmart-amazonr_15393,0,0
dn7-walmart-amazonl_556#dn7-walmart-amazonr_5738,0,0
dn7-walmart-amazonl_1557#dn7-walmart-amazonr_11077,0,0
dn7-walmart-amazonl_2105#dn7-walmart-amazonr_10506,0,0
dn7-walmart-amazonl_1383#dn7-walmart-amazonr_6852,0,0
dn7-walmart-amazonl_2457#dn7-walmart-amazonr_16195,0,0
dn7-walmart-amazonl_59#dn7-walmart-amazonr_873,0,0
dn7-walmart-amazonl_1925#dn7-walmart-amazonr_2119,0,0
dn7-walmart-amazonl_508#dn7-walmart-amazonr_9956,0,0
dn7-walmart-amazonl_1792#dn7-walmart-amazonr_15357,0,0
dn7-walmart-amazonl_732#dn7-walmart-amazonr_8334,0,0
dn7-walmart-amazonl_620#dn7-walmart-amazonr_14634,0,0
dn7-walmart-amazonl_2546#dn7-walmart-amazonr_16597,0,0
dn7-walmart-amazonl_2077#dn7-walmart-amazonr_8972,0,0
dn7-walmart-amazonl_1401#dn7-walmart-amazonr_3240,0,0
dn7-walmart-amazonl_2144#dn7-walmart-amazonr_6033,0,0
dn7-walmart-amazonl_1935#dn7-walmart-amazonr_16939,0,0
dn7-walmart-amazonl_1621#dn7-walmart-amazonr_18546,0,0
dn7-walmart-amazonl_2268#dn7-walmart-amazonr_3344,0,0
dn7-walmart-amazonl_551#dn7-walmart-amazonr_3069,0,0
dn7-walmart-amazonl_776#dn7-walmart-amazonr_21617,0,0
dn7-walmart-amazonl_561#dn7-walmart-amazonr_18152,1,1
dn7-walmart-amazonl_1066#dn7-walmart-amazonr_14226,0,0
dn7-walmart-amazonl_2278#dn7-walmart-amazonr_14977,0,0
dn7-walmart-amazonl_918#dn7-walmart-amazonr_8558,0,0
dn7-walmart-amazonl_1553#dn7-walmart-amazonr_7169,0,0
dn7-walmart-amazonl_351#dn7-walmart-amazonr_10048,1,1
dn7-walmart-amazonl_2245#dn7-walmart-amazonr_16989,0,0
dn7-walmart-amazonl_2451#dn7-walmart-amazonr_20424,0,0
dn7-walmart-amazonl_995#dn7-walmart-amazonr_15144,0,0
dn7-walmart-amazonl_2220#dn7-walmart-amazonr_20996,0,0
dn7-walmart-amazonl_971#dn7-walmart-amazonr_4094,0,0
dn7-walmart-amazonl_1534#dn7-walmart-amazonr_3120,0,0
dn7-walmart-amazonl_20#dn7-walmart-amazonr_11098,0,0
dn7-walmart-amazonl_194#dn7-walmart-amazonr_2939,0,0
dn7-walmart-amazonl_314#dn7-walmart-amazonr_1141,0,0
dn7-walmart-amazonl_197#dn7-walmart-amazonr_15321,0,0
dn7-walmart-amazonl_1312#dn7-walmart-amazonr_5689,0,0
dn7-walmart-amazonl_870#dn7-walmart-amazonr_14930,1,1
dn7-walmart-amazonl_2132#dn7-walmart-amazonr_5174,0,0
dn7-walmart-amazonl_433#dn7-walmart-amazonr_12532,0,0
dn7-walmart-amazonl_2153#dn7-walmart-amazonr_6710,0,0
dn7-walmart-amazonl_747#dn7-walmart-amazonr_20061,0,0
dn7-walmart-amazonl_969#dn7-walmart-amazonr_15923,0,0
dn7-walmart-amazonl_699#dn7-walmart-amazonr_17364,0,0
dn7-walmart-amazonl_178#dn7-walmart-amazonr_20725,0,0
dn7-walmart-amazonl_259#dn7-walmart-amazonr_4707,0,0
dn7-walmart-amazonl_1077#dn7-walmart-amazonr_11054,0,0
dn7-walmart-amazonl_348#dn7-walmart-amazonr_15903,0,0
dn7-walmart-amazonl_2479#dn7-walmart-amazonr_6731,0,0
dn7-walmart-amazonl_288#dn7-walmart-amazonr_12116,0,0
dn7-walmart-amazonl_976#dn7-walmart-amazonr_9319,0,0
dn7-walmart-amazonl_1397#dn7-walmart-amazonr_19113,0,0
dn7-walmart-amazonl_1459#dn7-walmart-amazonr_9972,0,0
dn7-walmart-amazonl_1268#dn7-walmart-amazonr_7387,0,0
dn7-walmart-amazonl_56#dn7-walmart-amazonr_21964,0,1
dn7-walmart-amazonl_1#dn7-walmart-amazonr_15348,0,0
dn7-walmart-amazonl_2131#dn7-walmart-amazonr_8103,0,0
dn7-walmart-amazonl_1315#dn7-walmart-amazonr_3765,0,0
dn7-walmart-amazonl_1306#dn7-walmart-amazonr_8344,0,0
dn7-walmart-amazonl_337#dn7-walmart-amazonr_970,0,0
dn7-walmart-amazonl_2510#dn7-walmart-amazonr_11625,1,1
dn7-walmart-amazonl_77#dn7-walmart-amazonr_9434,0,0
dn7-walmart-amazonl_1163#dn7-walmart-amazonr_939,0,0
dn7-walmart-amazonl_673#dn7-walmart-amazonr_15182,0,0
dn7-walmart-amazonl_1212#dn7-walmart-amazonr_3847,0,0
dn7-walmart-amazonl_980#dn7-walmart-amazonr_5660,0,0
dn7-walmart-amazonl_716#dn7-walmart-amazonr_11763,0,0
dn7-walmart-amazonl_1079#dn7-walmart-amazonr_20123,0,0
dn7-walmart-amazonl_227#dn7-walmart-amazonr_3523,0,0
dn7-walmart-amazonl_1054#dn7-walmart-amazonr_6896,0,0
dn7-walmart-amazonl_2486#dn7-walmart-amazonr_13524,0,0
dn7-walmart-amazonl_2336#dn7-walmart-amazonr_20453,0,0
dn7-walmart-amazonl_1987#dn7-walmart-amazonr_4908,0,0
dn7-walmart-amazonl_2305#dn7-walmart-amazonr_10514,0,0
dn7-walmart-amazonl_1321#dn7-walmart-amazonr_16360,0,0
dn7-walmart-amazonl_1613#dn7-walmart-amazonr_3137,0,0
dn7-walmart-amazonl_1544#dn7-walmart-amazonr_13191,0,0
dn7-walmart-amazonl_757#dn7-walmart-amazonr_14403,0,0
dn7-walmart-amazonl_2074#dn7-walmart-amazonr_18431,0,0
dn7-walmart-amazonl_1962#dn7-walmart-amazonr_7446,0,0
dn7-walmart-amazonl_414#dn7-walmart-amazonr_13251,0,0
dn7-walmart-amazonl_244#dn7-walmart-amazonr_5295,0,0
dn7-walmart-amazonl_2428#dn7-walmart-amazonr_5888,0,0
dn7-walmart-amazonl_1722#dn7-walmart-amazonr_3393,0,0
dn7-walmart-amazonl_406#dn7-walmart-amazonr_18815,0,0
dn7-walmart-amazonl_1023#dn7-walmart-amazonr_816,0,0
dn7-walmart-amazonl_81#dn7-walmart-amazonr_6681,0,0
dn7-walmart-amazonl_2191#dn7-walmart-amazonr_5431,0,0
dn7-walmart-amazonl_369#dn7-walmart-amazonr_9879,0,0
dn7-walmart-amazonl_1974#dn7-walmart-amazonr_3975,0,0
dn7-walmart-amazonl_110#dn7-walmart-amazonr_1905,0,0
dn7-walmart-amazonl_805#dn7-walmart-amazonr_8379,0,0
dn7-walmart-amazonl_307#dn7-walmart-amazonr_19204,0,0
dn7-walmart-amazonl_468#dn7-walmart-amazonr_19316,0,0
dn7-walmart-amazonl_2202#dn7-walmart-amazonr_18881,0,0
dn7-walmart-amazonl_979#dn7-walmart-amazonr_9554,0,0
dn7-walmart-amazonl_1265#dn7-walmart-amazonr_20147,0,0
dn7-walmart-amazonl_1145#dn7-walmart-amazonr_8842,0,0
dn7-walmart-amazonl_261#dn7-walmart-amazonr_15186,0,0
dn7-walmart-amazonl_1003#dn7-walmart-amazonr_7552,0,0
dn7-walmart-amazonl_1437#dn7-walmart-amazonr_1734,0,0
dn7-walmart-amazonl_2068#dn7-walmart-amazonr_16608,0,0
dn7-walmart-amazonl_2360#dn7-walmart-amazonr_7249,0,1
dn7-walmart-amazonl_2049#dn7-walmart-amazonr_6344,0,0
dn7-walmart-amazonl_1664#dn7-walmart-amazonr_2931,0,0
dn7-walmart-amazonl_2249#dn7-walmart-amazonr_14367,0,0
dn7-walmart-amazonl_1450#dn7-walmart-amazonr_9282,0,0
dn7-walmart-amazonl_718#dn7-walmart-amazonr_14599,0,0
dn7-walmart-amazonl_1022#dn7-walmart-amazonr_21596,0,0
dn7-walmart-amazonl_2021#dn7-walmart-amazonr_18318,0,0
dn7-walmart-amazonl_747#dn7-walmart-amazonr_19563,0,0
dn7-walmart-amazonl_636#dn7-walmart-amazonr_746,0,0
dn7-walmart-amazonl_1567#dn7-walmart-amazonr_18847,0,0
dn7-walmart-amazonl_271#dn7-walmart-amazonr_10996,0,0
dn7-walmart-amazonl_459#dn7-walmart-amazonr_17092,0,0
dn7-walmart-amazonl_2348#dn7-walmart-amazonr_10668,0,0
dn7-walmart-amazonl_1065#dn7-walmart-amazonr_8641,0,0
dn7-walmart-amazonl_344#dn7-walmart-amazonr_18869,0,0
dn7-walmart-amazonl_2509#dn7-walmart-amazonr_6158,0,0
dn7-walmart-amazonl_2370#dn7-walmart-amazonr_16179,0,0
dn7-walmart-amazonl_2291#dn7-walmart-amazonr_13992,0,0
dn7-walmart-amazonl_188#dn7-walmart-amazonr_10217,0,0
dn7-walmart-amazonl_195#dn7-walmart-amazonr_6446,0,0
dn7-walmart-amazonl_2158#dn7-walmart-amazonr_3029,0,0
dn7-walmart-amazonl_568#dn7-walmart-amazonr_15946,0,0
dn7-walmart-amazonl_2005#dn7-walmart-amazonr_12439,0,0
dn7-walmart-amazonl_917#dn7-walmart-amazonr_17466,0,0
dn7-walmart-amazonl_986#dn7-walmart-amazonr_12693,0,0
dn7-walmart-amazonl_2283#dn7-walmart-amazonr_20786,0,0
dn7-walmart-amazonl_148#dn7-walmart-amazonr_1262,0,0
dn7-walmart-amazonl_1017#dn7-walmart-amazonr_1965,0,0
dn7-walmart-amazonl_267#dn7-walmart-amazonr_2143,0,0
dn7-walmart-amazonl_2340#dn7-walmart-amazonr_16127,0,0
dn7-walmart-amazonl_694#dn7-walmart-amazonr_9202,0,0
dn7-walmart-amazonl_1110#dn7-walmart-amazonr_16102,0,0
dn7-walmart-amazonl_1865#dn7-walmart-amazonr_20167,0,0
dn7-walmart-amazonl_1521#dn7-walmart-amazonr_16039,0,0
dn7-walmart-amazonl_664#dn7-walmart-amazonr_18415,0,0
dn7-walmart-amazonl_1481#dn7-walmart-amazonr_15563,0,0
dn7-walmart-amazonl_111#dn7-walmart-amazonr_3196,0,0
dn7-walmart-amazonl_1877#dn7-walmart-amazonr_12883,0,0
dn7-walmart-amazonl_1047#dn7-walmart-amazonr_15687,0,0
dn7-walmart-amazonl_753#dn7-walmart-amazonr_6334,0,0
dn7-walmart-amazonl_2368#dn7-walmart-amazonr_14978,0,0
dn7-walmart-amazonl_172#dn7-walmart-amazonr_10344,0,0
dn7-walmart-amazonl_1377#dn7-walmart-amazonr_11802,0,0
dn7-walmart-amazonl_76#dn7-walmart-amazonr_8297,0,0
dn7-walmart-amazonl_1341#dn7-walmart-amazonr_12077,0,0
dn7-walmart-amazonl_617#dn7-walmart-amazonr_9477,0,0
dn7-walmart-amazonl_564#dn7-walmart-amazonr_16771,0,0
dn7-walmart-amazonl_942#dn7-walmart-amazonr_1117,0,0
dn7-walmart-amazonl_2060#dn7-walmart-amazonr_3036,0,0
dn7-walmart-amazonl_837#dn7-walmart-amazonr_106,0,0
dn7-walmart-amazonl_779#dn7-walmart-amazonr_12933,0,0
dn7-walmart-amazonl_1476#dn7-walmart-amazonr_11083,1,1
dn7-walmart-amazonl_1556#dn7-walmart-amazonr_10956,0,0
dn7-walmart-amazonl_2237#dn7-walmart-amazonr_20493,0,1
dn7-walmart-amazonl_1471#dn7-walmart-amazonr_2805,0,0
dn7-walmart-amazonl_597#dn7-walmart-amazonr_2346,0,0
dn7-walmart-amazonl_1568#dn7-walmart-amazonr_20410,0,0
dn7-walmart-amazonl_568#dn7-walmart-amazonr_21908,0,0
dn7-walmart-amazonl_1189#dn7-walmart-amazonr_15776,0,0
dn7-walmart-amazonl_228#dn7-walmart-amazonr_20193,0,0
dn7-walmart-amazonl_2325#dn7-walmart-amazonr_14386,0,0
dn7-walmart-amazonl_1354#dn7-walmart-amazonr_6286,0,0
dn7-walmart-amazonl_2097#dn7-walmart-amazonr_12235,0,0
dn7-walmart-amazonl_655#dn7-walmart-amazonr_5959,0,0
dn7-walmart-amazonl_374#dn7-walmart-amazonr_5964,0,0
dn7-walmart-amazonl_621#dn7-walmart-amazonr_7804,0,0
dn7-walmart-amazonl_775#dn7-walmart-amazonr_13387,0,0
dn7-walmart-amazonl_204#dn7-walmart-amazonr_17157,0,0
dn7-walmart-amazonl_572#dn7-walmart-amazonr_20112,0,0
dn7-walmart-amazonl_308#dn7-walmart-amazonr_4735,0,0
dn7-walmart-amazonl_568#dn7-walmart-amazonr_5973,0,0
dn7-walmart-amazonl_1915#dn7-walmart-amazonr_17228,0,0
dn7-walmart-amazonl_1523#dn7-walmart-amazonr_4671,0,0
dn7-walmart-amazonl_2478#dn7-walmart-amazonr_13600,0,0
dn7-walmart-amazonl_1791#dn7-walmart-amazonr_14663,0,0
dn7-walmart-amazonl_745#dn7-walmart-amazonr_11810,1,1
dn7-walmart-amazonl_1107#dn7-walmart-amazonr_6321,0,0
dn7-walmart-amazonl_744#dn7-walmart-amazonr_9258,0,0
dn7-walmart-amazonl_912#dn7-walmart-amazonr_21629,0,0
dn7-walmart-amazonl_152#dn7-walmart-amazonr_13967,0,0
dn7-walmart-amazonl_2001#dn7-walmart-amazonr_4188,0,0
dn7-walmart-amazonl_628#dn7-walmart-amazonr_6046,0,0
dn7-walmart-amazonl_817#dn7-walmart-amazonr_4428,0,0
dn7-walmart-amazonl_970#dn7-walmart-amazonr_20732,0,0
dn7-walmart-amazonl_1101#dn7-walmart-amazonr_7921,0,0
dn7-walmart-amazonl_1331#dn7-walmart-amazonr_12521,0,0
dn7-walmart-amazonl_554#dn7-walmart-amazonr_19377,0,0
dn7-walmart-amazonl_755#dn7-walmart-amazonr_13543,0,0
dn7-walmart-amazonl_705#dn7-walmart-amazonr_12896,0,0
dn7-walmart-amazonl_2544#dn7-walmart-amazonr_16195,0,0
dn7-walmart-amazonl_1536#dn7-walmart-amazonr_7693,0,0
dn7-walmart-amazonl_1570#dn7-walmart-amazonr_20074,0,0
dn7-walmart-amazonl_364#dn7-walmart-amazonr_737,0,0
dn7-walmart-amazonl_566#dn7-walmart-amazonr_18275,0,0
dn7-walmart-amazonl_1900#dn7-walmart-amazonr_12041,0,0
dn7-walmart-amazonl_1055#dn7-walmart-amazonr_1595,0,0
dn7-walmart-amazonl_1910#dn7-walmart-amazonr_9558,0,0
dn7-walmart-amazonl_1105#dn7-walmart-amazonr_3138,0,0
dn7-walmart-amazonl_1244#dn7-walmart-amazonr_10288,1,0
dn7-walmart-amazonl_26#dn7-walmart-amazonr_7946,0,0
dn7-walmart-amazonl_943#dn7-walmart-amazonr_5577,0,0
dn7-walmart-amazonl_2447#dn7-walmart-amazonr_18954,0,0
dn7-walmart-amazonl_1789#dn7-walmart-amazonr_19639,0,0
dn7-walmart-amazonl_1497#dn7-walmart-amazonr_20274,0,0
dn7-walmart-amazonl_2244#dn7-walmart-amazonr_12185,0,0
dn7-walmart-amazonl_554#dn7-walmart-amazonr_7037,0,0
dn7-walmart-amazonl_401#dn7-walmart-amazonr_4204,0,0
dn7-walmart-amazonl_640#dn7-walmart-amazonr_7778,0,0
dn7-walmart-amazonl_2189#dn7-walmart-amazonr_5573,0,0
dn7-walmart-amazonl_1819#dn7-walmart-amazonr_15506,0,0
dn7-walmart-amazonl_1509#dn7-walmart-amazonr_13576,0,0
dn7-walmart-amazonl_1416#dn7-walmart-amazonr_8037,0,0
dn7-walmart-amazonl_721#dn7-walmart-amazonr_6555,0,0
dn7-walmart-amazonl_1148#dn7-walmart-amazonr_16794,0,0
dn7-walmart-amazonl_1770#dn7-walmart-amazonr_8682,0,0
dn7-walmart-amazonl_2549#dn7-walmart-amazonr_12420,0,0
dn7-walmart-amazonl_582#dn7-walmart-amazonr_999,0,0
dn7-walmart-amazonl_888#dn7-walmart-amazonr_1480,0,0
dn7-walmart-amazonl_1719#dn7-walmart-amazonr_15203,0,0
dn7-walmart-amazonl_1991#dn7-walmart-amazonr_7956,0,0
dn7-walmart-amazonl_1499#dn7-walmart-amazonr_16712,0,0
dn7-walmart-amazonl_2270#dn7-walmart-amazonr_764,0,0
dn7-walmart-amazonl_173#dn7-walmart-amazonr_1634,0,0
dn7-walmart-amazonl_693#dn7-walmart-amazonr_6629,0,0
dn7-walmart-amazonl_276#dn7-walmart-amazonr_3029,0,0
dn7-walmart-amazonl_504#dn7-walmart-amazonr_9488,0,0
dn7-walmart-amazonl_884#dn7-walmart-amazonr_1968,0,0
dn7-walmart-amazonl_1145#dn7-walmart-amazonr_12851,0,0
dn7-walmart-amazonl_698#dn7-walmart-amazonr_13969,0,0
dn7-walmart-amazonl_1304#dn7-walmart-amazonr_12643,0,0
dn7-walmart-amazonl_129#dn7-walmart-amazonr_3402,0,0
dn7-walmart-amazonl_1096#dn7-walmart-amazonr_12116,0,0
dn7-walmart-amazonl_271#dn7-walmart-amazonr_16576,0,0
dn7-walmart-amazonl_1197#dn7-walmart-amazonr_8883,0,0
dn7-walmart-amazonl_2466#dn7-walmart-amazonr_2427,0,0
dn7-walmart-amazonl_2488#dn7-walmart-amazonr_1681,0,0
dn7-walmart-amazonl_798#dn7-walmart-amazonr_6373,1,1
dn7-walmart-amazonl_916#dn7-walmart-amazonr_8911,0,0
dn7-walmart-amazonl_244#dn7-walmart-amazonr_10744,0,0
dn7-walmart-amazonl_884#dn7-walmart-amazonr_19888,0,0
dn7-walmart-amazonl_965#dn7-walmart-amazonr_19281,0,0
dn7-walmart-amazonl_2310#dn7-walmart-amazonr_1562,0,0
dn7-walmart-amazonl_756#dn7-walmart-amazonr_8297,0,0
dn7-walmart-amazonl_176#dn7-walmart-amazonr_4855,0,0
dn7-walmart-amazonl_1968#dn7-walmart-amazonr_15815,0,0
dn7-walmart-amazonl_1957#dn7-walmart-amazonr_18173,0,0
dn7-walmart-amazonl_661#dn7-walmart-amazonr_4499,0,0
dn7-walmart-amazonl_2405#dn7-walmart-amazonr_1330,0,0
dn7-walmart-amazonl_2495#dn7-walmart-amazonr_4142,0,0
dn7-walmart-amazonl_648#dn7-walmart-amazonr_21939,0,0
dn7-walmart-amazonl_1169#dn7-walmart-amazonr_13307,0,0
dn7-walmart-amazonl_726#dn7-walmart-amazonr_4823,0,0
dn7-walmart-amazonl_1317#dn7-walmart-amazonr_5355,0,0
dn7-walmart-amazonl_356#dn7-walmart-amazonr_15087,0,0
dn7-walmart-amazonl_665#dn7-walmart-amazonr_2829,0,0
dn7-walmart-amazonl_323#dn7-walmart-amazonr_15162,0,0
dn7-walmart-amazonl_2187#dn7-walmart-amazonr_12799,0,0
dn7-walmart-amazonl_1652#dn7-walmart-amazonr_2110,0,0
dn7-walmart-amazonl_1240#dn7-walmart-amazonr_17835,0,0
dn7-walmart-amazonl_382#dn7-walmart-amazonr_6533,0,0
dn7-walmart-amazonl_1911#dn7-walmart-amazonr_4243,0,0
dn7-walmart-amazonl_2523#dn7-walmart-amazonr_2397,0,0
dn7-walmart-amazonl_735#dn7-walmart-amazonr_10272,0,0
dn7-walmart-amazonl_2036#dn7-walmart-amazonr_4498,0,0
dn7-walmart-amazonl_1890#dn7-walmart-amazonr_2849,0,0
dn7-walmart-amazonl_1532#dn7-walmart-amazonr_12785,0,0
dn7-walmart-amazonl_1993#dn7-walmart-amazonr_19834,0,0
dn7-walmart-amazonl_1493#dn7-walmart-amazonr_16342,0,0
dn7-walmart-amazonl_1437#dn7-walmart-amazonr_19402,0,0
dn7-walmart-amazonl_984#dn7-walmart-amazonr_2337,0,0
dn7-walmart-amazonl_1671#dn7-walmart-amazonr_19817,0,0
dn7-walmart-amazonl_1375#dn7-walmart-amazonr_10792,0,0
dn7-walmart-amazonl_801#dn7-walmart-amazonr_7310,0,0
dn7-walmart-amazonl_1005#dn7-walmart-amazonr_14367,0,0
dn7-walmart-amazonl_2192#dn7-walmart-amazonr_19045,0,0
dn7-walmart-amazonl_1349#dn7-walmart-amazonr_12191,0,1
dn7-walmart-amazonl_587#dn7-walmart-amazonr_6503,0,0
dn7-walmart-amazonl_779#dn7-walmart-amazonr_19489,0,0
dn7-walmart-amazonl_1370#dn7-walmart-amazonr_19896,0,0
dn7-walmart-amazonl_1988#dn7-walmart-amazonr_20512,0,0
dn7-walmart-amazonl_446#dn7-walmart-amazonr_5439,0,0
dn7-walmart-amazonl_1826#dn7-walmart-amazonr_3523,0,0
dn7-walmart-amazonl_2409#dn7-walmart-amazonr_14215,0,0
dn7-walmart-amazonl_818#dn7-walmart-amazonr_19937,0,0
dn7-walmart-amazonl_2250#dn7-walmart-amazonr_2340,0,0
dn7-walmart-amazonl_109#dn7-walmart-amazonr_6749,0,0
dn7-walmart-amazonl_502#dn7-walmart-amazonr_15634,0,0
dn7-walmart-amazonl_2519#dn7-walmart-amazonr_19303,0,0
dn7-walmart-amazonl_1940#dn7-walmart-amazonr_21840,0,0
dn7-walmart-amazonl_976#dn7-walmart-amazonr_11295,0,0
dn7-walmart-amazonl_724#dn7-walmart-amazonr_21394,0,0
dn7-walmart-amazonl_2365#dn7-walmart-amazonr_645,0,0
dn7-walmart-amazonl_2158#dn7-walmart-amazonr_10773,0,0
dn7-walmart-amazonl_236#dn7-walmart-amazonr_12032,0,0
dn7-walmart-amazonl_1991#dn7-walmart-amazonr_3920,0,0
dn7-walmart-amazonl_1329#dn7-walmart-amazonr_20461,0,0
dn7-walmart-amazonl_1743#dn7-walmart-amazonr_6085,0,0
dn7-walmart-amazonl_548#dn7-walmart-amazonr_6065,0,0
dn7-walmart-amazonl_74#dn7-walmart-amazonr_4852,0,0
dn7-walmart-amazonl_741#dn7-walmart-amazonr_16039,0,0
dn7-walmart-amazonl_1413#dn7-walmart-amazonr_10726,0,1
dn7-walmart-amazonl_1148#dn7-walmart-amazonr_16494,0,0
dn7-walmart-amazonl_452#dn7-walmart-amazonr_16435,0,0
dn7-walmart-amazonl_63#dn7-walmart-amazonr_1967,0,0
dn7-walmart-amazonl_1863#dn7-walmart-amazonr_21939,0,0
dn7-walmart-amazonl_427#dn7-walmart-amazonr_7335,0,0
dn7-walmart-amazonl_423#dn7-walmart-amazonr_2378,0,0
dn7-walmart-amazonl_1732#dn7-walmart-amazonr_15702,0,0
dn7-walmart-amazonl_2373#dn7-walmart-amazonr_19824,0,0
dn7-walmart-amazonl_205#dn7-walmart-amazonr_11960,0,0
dn7-walmart-amazonl_1665#dn7-walmart-amazonr_3131,0,0
dn7-walmart-amazonl_2347#dn7-walmart-amazonr_15724,0,0
dn7-walmart-amazonl_1245#dn7-walmart-amazonr_7944,0,0
dn7-walmart-amazonl_1372#dn7-walmart-amazonr_1937,0,0
dn7-walmart-amazonl_1695#dn7-walmart-amazonr_18966,0,0
dn7-walmart-amazonl_314#dn7-walmart-amazonr_16790,0,0
dn7-walmart-amazonl_2213#dn7-walmart-amazonr_19838,0,0
dn7-walmart-amazonl_697#dn7-walmart-amazonr_16393,0,0
dn7-walmart-amazonl_1394#dn7-walmart-amazonr_6860,0,0
dn7-walmart-amazonl_2166#dn7-walmart-amazonr_14191,0,0
dn7-walmart-amazonl_1006#dn7-walmart-amazonr_21634,0,0
dn7-walmart-amazonl_2031#dn7-walmart-amazonr_15551,0,0
dn7-walmart-amazonl_313#dn7-walmart-amazonr_11625,0,0
dn7-walmart-amazonl_1254#dn7-walmart-amazonr_16746,0,0
dn7-walmart-amazonl_151#dn7-walmart-amazonr_4306,0,0
dn7-walmart-amazonl_1439#dn7-walmart-amazonr_11611,0,0
dn7-walmart-amazonl_1771#dn7-walmart-amazonr_10759,0,0
dn7-walmart-amazonl_2005#dn7-walmart-amazonr_8284,0,0
dn7-walmart-amazonl_2132#dn7-walmart-amazonr_7611,0,0
dn7-walmart-amazonl_1347#dn7-walmart-amazonr_5421,0,0
dn7-walmart-amazonl_1859#dn7-walmart-amazonr_14486,0,0
dn7-walmart-amazonl_1009#dn7-walmart-amazonr_19795,0,0
dn7-walmart-amazonl_559#dn7-walmart-amazonr_12222,0,0
dn7-walmart-amazonl_1018#dn7-walmart-amazonr_14422,0,0
dn7-walmart-amazonl_2299#dn7-walmart-amazonr_14908,0,0
dn7-walmart-amazonl_1703#dn7-walmart-amazonr_17701,1,1
dn7-walmart-amazonl_1309#dn7-walmart-amazonr_15127,0,0
dn7-walmart-amazonl_615#dn7-walmart-amazonr_381,0,0
dn7-walmart-amazonl_1063#dn7-walmart-amazonr_5874,0,0
dn7-walmart-amazonl_304#dn7-walmart-amazonr_19698,0,0
dn7-walmart-amazonl_1279#dn7-walmart-amazonr_297,0,0
dn7-walmart-amazonl_539#dn7-walmart-amazonr_21161,0,0
dn7-walmart-amazonl_762#dn7-walmart-amazonr_14404,0,0
dn7-walmart-amazonl_1008#dn7-walmart-amazonr_14619,0,0
dn7-walmart-amazonl_1589#dn7-walmart-amazonr_16040,0,0
dn7-walmart-amazonl_2203#dn7-walmart-amazonr_14635,0,0
dn7-walmart-amazonl_834#dn7-walmart-amazonr_16326,0,0
dn7-walmart-amazonl_166#dn7-walmart-amazonr_19011,0,0
dn7-walmart-amazonl_485#dn7-walmart-amazonr_15100,0,0
dn7-walmart-amazonl_1665#dn7-walmart-amazonr_8649,0,0
dn7-walmart-amazonl_1167#dn7-walmart-amazonr_21301,0,0
dn7-walmart-amazonl_654#dn7-walmart-amazonr_11297,0,0
dn7-walmart-amazonl_170#dn7-walmart-amazonr_18840,0,0
dn7-walmart-amazonl_420#dn7-walmart-amazonr_991,0,0
dn7-walmart-amazonl_1115#dn7-walmart-amazonr_21640,0,0
dn7-walmart-amazonl_1446#dn7-walmart-amazonr_17056,0,0
dn7-walmart-amazonl_2096#dn7-walmart-amazonr_2974,1,1
dn7-walmart-amazonl_1811#dn7-walmart-amazonr_3162,0,0
dn7-walmart-amazonl_1674#dn7-walmart-amazonr_16991,0,0
dn7-walmart-amazonl_1129#dn7-walmart-amazonr_10597,0,0
dn7-walmart-amazonl_1412#dn7-walmart-amazonr_10793,0,0
dn7-walmart-amazonl_1935#dn7-walmart-amazonr_2376,0,0
dn7-walmart-amazonl_2404#dn7-walmart-amazonr_11788,0,0
dn7-walmart-amazonl_1303#dn7-walmart-amazonr_2300,0,0
dn7-walmart-amazonl_2167#dn7-walmart-amazonr_17733,0,1
dn7-walmart-amazonl_597#dn7-walmart-amazonr_8215,0,0
dn7-walmart-amazonl_2478#dn7-walmart-amazonr_14045,0,0
dn7-walmart-amazonl_1076#dn7-walmart-amazonr_2455,0,0
dn7-walmart-amazonl_2022#dn7-walmart-amazonr_1378,0,0
dn7-walmart-amazonl_592#dn7-walmart-amazonr_6397,0,0
dn7-walmart-amazonl_1013#dn7-walmart-amazonr_21944,0,0
dn7-walmart-amazonl_1271#dn7-walmart-amazonr_13293,0,0
dn7-walmart-amazonl_142#dn7-walmart-amazonr_20453,0,0
dn7-walmart-amazonl_583#dn7-walmart-amazonr_7965,0,0
dn7-walmart-amazonl_2156#dn7-walmart-amazonr_20212,0,0
dn7-walmart-amazonl_2078#dn7-walmart-amazonr_3200,0,0
dn7-walmart-amazonl_734#dn7-walmart-amazonr_4001,0,0
dn7-walmart-amazonl_907#dn7-walmart-amazonr_16106,0,0
dn7-walmart-amazonl_1268#dn7-walmart-amazonr_9812,0,0
dn7-walmart-amazonl_755#dn7-walmart-amazonr_10490,0,0
dn7-walmart-amazonl_2216#dn7-walmart-amazonr_12232,0,0
dn7-walmart-amazonl_2271#dn7-walmart-amazonr_19611,0,0
dn7-walmart-amazonl_1148#dn7-walmart-amazonr_21674,0,0
dn7-walmart-amazonl_988#dn7-walmart-amazonr_15661,0,0
dn7-walmart-amazonl_155#dn7-walmart-amazonr_11070,0,0
dn7-walmart-amazonl_1731#dn7-walmart-amazonr_12555,0,0
dn7-walmart-amazonl_611#dn7-walmart-amazonr_12406,0,0
dn7-walmart-amazonl_2097#dn7-walmart-amazonr_8288,0,0
dn7-walmart-amazonl_651#dn7-walmart-amazonr_20204,0,0
dn7-walmart-amazonl_2359#dn7-walmart-amazonr_5818,0,0
dn7-walmart-amazonl_1586#dn7-walmart-amazonr_18811,0,0
dn7-walmart-amazonl_826#dn7-walmart-amazonr_167,0,0
dn7-walmart-amazonl_542#dn7-walmart-amazonr_5117,0,0
dn7-walmart-amazonl_323#dn7-walmart-amazonr_8304,0,0
dn7-walmart-amazonl_779#dn7-walmart-amazonr_12437,0,0
dn7-walmart-amazonl_1614#dn7-walmart-amazonr_915,0,0
dn7-walmart-amazonl_269#dn7-walmart-amazonr_2802,0,0
dn7-walmart-amazonl_2076#dn7-walmart-amazonr_3437,0,0
dn7-walmart-amazonl_1344#dn7-walmart-amazonr_15273,0,0
dn7-walmart-amazonl_472#dn7-walmart-amazonr_11396,0,0
dn7-walmart-amazonl_322#dn7-walmart-amazonr_622,0,0
dn7-walmart-amazonl_1332#dn7-walmart-amazonr_12793,0,0
dn7-walmart-amazonl_601#dn7-walmart-amazonr_11708,0,0
dn7-walmart-amazonl_2407#dn7-walmart-amazonr_15938,0,0
dn7-walmart-amazonl_356#dn7-walmart-amazonr_3175,0,0
dn7-walmart-amazonl_937#dn7-walmart-amazonr_12560,0,0
dn7-walmart-amazonl_1883#dn7-walmart-amazonr_20130,0,0
dn7-walmart-amazonl_1682#dn7-walmart-amazonr_9987,0,0
dn7-walmart-amazonl_0#dn7-walmart-amazonr_20096,0,0
dn7-walmart-amazonl_296#dn7-walmart-amazonr_10220,0,0
dn7-walmart-amazonl_111#dn7-walmart-amazonr_1210,0,0
dn7-walmart-amazonl_1818#dn7-walmart-amazonr_4879,0,0
dn7-walmart-amazonl_2071#dn7-walmart-amazonr_21325,0,0
dn7-walmart-amazonl_1631#dn7-walmart-amazonr_7141,0,0
dn7-walmart-amazonl_1353#dn7-walmart-amazonr_15932,0,0
dn7-walmart-amazonl_731#dn7-walmart-amazonr_13387,0,0
dn7-walmart-amazonl_2340#dn7-walmart-amazonr_19673,0,0
dn7-walmart-amazonl_1411#dn7-walmart-amazonr_5153,0,0
dn7-walmart-amazonl_476#dn7-walmart-amazonr_15591,0,0
dn7-walmart-amazonl_2096#dn7-walmart-amazonr_2377,0,0
dn7-walmart-amazonl_447#dn7-walmart-amazonr_4330,0,0
dn7-walmart-amazonl_691#dn7-walmart-amazonr_17947,0,0
dn7-walmart-amazonl_2257#dn7-walmart-amazonr_3136,0,0
dn7-walmart-amazonl_1644#dn7-walmart-amazonr_14926,0,0
dn7-walmart-amazonl_2288#dn7-walmart-amazonr_4173,0,0
dn7-walmart-amazonl_155#dn7-walmart-amazonr_5395,0,0
dn7-walmart-amazonl_48#dn7-walmart-amazonr_20273,0,0
dn7-walmart-amazonl_2097#dn7-walmart-amazonr_3063,0,0
dn7-walmart-amazonl_515#dn7-walmart-amazonr_7809,0,0
dn7-walmart-amazonl_1181#dn7-walmart-amazonr_19687,0,0
dn7-walmart-amazonl_249#dn7-walmart-amazonr_20116,0,0
dn7-walmart-amazonl_664#dn7-walmart-amazonr_12888,0,0
dn7-walmart-amazonl_4#dn7-walmart-amazonr_12099,0,0
dn7-walmart-amazonl_1199#dn7-walmart-amazonr_5724,0,0
dn7-walmart-amazonl_980#dn7-walmart-amazonr_17890,0,0
dn7-walmart-amazonl_346#dn7-walmart-amazonr_6248,0,0
dn7-walmart-amazonl_1225#dn7-walmart-amazonr_21352,0,0
dn7-walmart-amazonl_940#dn7-walmart-amazonr_7300,0,0
dn7-walmart-amazonl_476#dn7-walmart-amazonr_7655,0,0
dn7-walmart-amazonl_2426#dn7-walmart-amazonr_4373,0,0
dn7-walmart-amazonl_312#dn7-walmart-amazonr_6033,0,0
dn7-walmart-amazonl_1986#dn7-walmart-amazonr_914,0,0
dn7-walmart-amazonl_1109#dn7-walmart-amazonr_9390,0,1
dn7-walmart-amazonl_765#dn7-walmart-amazonr_13413,0,0
dn7-walmart-amazonl_408#dn7-walmart-amazonr_17010,0,0
dn7-walmart-amazonl_511#dn7-walmart-amazonr_6614,0,0
dn7-walmart-amazonl_233#dn7-walmart-amazonr_21596,0,0
dn7-walmart-amazonl_2210#dn7-walmart-amazonr_17785,0,0
dn7-walmart-amazonl_2130#dn7-walmart-amazonr_3883,0,0
dn7-walmart-amazonl_2134#dn7-walmart-amazonr_15871,0,0
dn7-walmart-amazonl_1920#dn7-walmart-amazonr_16992,0,0
dn7-walmart-amazonl_1456#dn7-walmart-amazonr_5203,0,0
dn7-walmart-amazonl_258#dn7-walmart-amazonr_13286,0,0
dn7-walmart-amazonl_2417#dn7-walmart-amazonr_594,0,0
dn7-walmart-amazonl_1348#dn7-walmart-amazonr_21432,0,0
dn7-walmart-amazonl_1748#dn7-walmart-amazonr_4404,0,0
dn7-walmart-amazonl_1066#dn7-walmart-amazonr_370,0,0
dn7-walmart-amazonl_57#dn7-walmart-amazonr_2075,0,0
dn7-walmart-amazonl_353#dn7-walmart-amazonr_2802,0,0
dn7-walmart-amazonl_161#dn7-walmart-amazonr_18251,0,0
dn7-walmart-amazonl_727#dn7-walmart-amazonr_7123,0,0
dn7-walmart-amazonl_2210#dn7-walmart-amazonr_17373,0,0
dn7-walmart-amazonl_513#dn7-walmart-amazonr_12626,0,0
dn7-walmart-amazonl_1975#dn7-walmart-amazonr_20586,0,0
dn7-walmart-amazonl_1597#dn7-walmart-amazonr_4455,0,0
dn7-walmart-amazonl_2349#dn7-walmart-amazonr_20834,0,0
dn7-walmart-amazonl_1233#dn7-walmart-amazonr_12407,0,1
dn7-walmart-amazonl_1193#dn7-walmart-amazonr_5592,0,1
dn7-walmart-amazonl_1329#dn7-walmart-amazonr_8331,0,0
dn7-walmart-amazonl_811#dn7-walmart-amazonr_19486,0,1
dn7-walmart-amazonl_54#dn7-walmart-amazonr_15567,0,0
dn7-walmart-amazonl_1915#dn7-walmart-amazonr_10106,0,0
dn7-walmart-amazonl_2197#dn7-walmart-amazonr_18994,0,0
dn7-walmart-amazonl_410#dn7-walmart-amazonr_7322,0,0
dn7-walmart-amazonl_1916#dn7-walmart-amazonr_17761,0,0
dn7-walmart-amazonl_1259#dn7-walmart-amazonr_1594,0,0
dn7-walmart-amazonl_399#dn7-walmart-amazonr_13715,0,0
dn7-walmart-amazonl_361#dn7-walmart-amazonr_6782,0,0
dn7-walmart-amazonl_101#dn7-walmart-amazonr_21551,0,0
dn7-walmart-amazonl_287#dn7-walmart-amazonr_5918,0,0
dn7-walmart-amazonl_1403#dn7-walmart-amazonr_6508,0,0
dn7-walmart-amazonl_99#dn7-walmart-amazonr_4526,0,0
dn7-walmart-amazonl_1012#dn7-walmart-amazonr_16125,0,0
dn7-walmart-amazonl_318#dn7-walmart-amazonr_21762,0,0
dn7-walmart-amazonl_473#dn7-walmart-amazonr_1916,0,0
dn7-walmart-amazonl_1042#dn7-walmart-amazonr_1780,0,0
dn7-walmart-amazonl_572#dn7-walmart-amazonr_2725,0,0
dn7-walmart-amazonl_664#dn7-walmart-amazonr_6344,0,0
dn7-walmart-amazonl_2287#dn7-walmart-amazonr_14253,0,0
dn7-walmart-amazonl_2373#dn7-walmart-amazonr_6717,0,0
dn7-walmart-amazonl_861#dn7-walmart-amazonr_20184,0,0
dn7-walmart-amazonl_2142#dn7-walmart-amazonr_9231,0,0
dn7-walmart-amazonl_508#dn7-walmart-amazonr_14386,0,0
dn7-walmart-amazonl_1790#dn7-walmart-amazonr_13274,0,0
dn7-walmart-amazonl_2072#dn7-walmart-amazonr_4159,1,1
dn7-walmart-amazonl_1414#dn7-walmart-amazonr_9466,0,0
dn7-walmart-amazonl_1919#dn7-walmart-amazonr_8507,0,0
dn7-walmart-amazonl_199#dn7-walmart-amazonr_15480,0,0
dn7-walmart-amazonl_223#dn7-walmart-amazonr_11996,0,0
dn7-walmart-amazonl_987#dn7-walmart-amazonr_14769,0,0
dn7-walmart-amazonl_1698#dn7-walmart-amazonr_3837,0,0
dn7-walmart-amazonl_1577#dn7-walmart-amazonr_9014,0,0
dn7-walmart-amazonl_1581#dn7-walmart-amazonr_6075,0,0
dn7-walmart-amazonl_1243#dn7-walmart-amazonr_15911,0,0
dn7-walmart-amazonl_964#dn7-walmart-amazonr_11292,0,0
dn7-walmart-amazonl_665#dn7-walmart-amazonr_6753,0,0
dn7-walmart-amazonl_2004#dn7-walmart-amazonr_21480,0,0
dn7-walmart-amazonl_1696#dn7-walmart-amazonr_8286,0,0
dn7-walmart-amazonl_1940#dn7-walmart-amazonr_20516,0,0
dn7-walmart-amazonl_2222#dn7-walmart-amazonr_3885,0,0
dn7-walmart-amazonl_1512#dn7-walmart-amazonr_5278,0,0
dn7-walmart-amazonl_731#dn7-walmart-amazonr_15449,0,0
dn7-walmart-amazonl_1409#dn7-walmart-amazonr_8508,0,0
dn7-walmart-amazonl_2450#dn7-walmart-amazonr_6990,0,0
dn7-walmart-amazonl_620#dn7-walmart-amazonr_4581,0,0
dn7-walmart-amazonl_883#dn7-walmart-amazonr_21579,0,0
dn7-walmart-amazonl_1693#dn7-walmart-amazonr_9222,0,0
dn7-walmart-amazonl_1158#dn7-walmart-amazonr_13518,0,0
dn7-walmart-amazonl_399#dn7-walmart-amazonr_713,1,0
dn7-walmart-amazonl_469#dn7-walmart-amazonr_17498,0,0
dn7-walmart-amazonl_1589#dn7-walmart-amazonr_15416,0,0
dn7-walmart-amazonl_2541#dn7-walmart-amazonr_15844,0,0
dn7-walmart-amazonl_2177#dn7-walmart-amazonr_3418,0,0
dn7-walmart-amazonl_1972#dn7-walmart-amazonr_7578,0,0
dn7-walmart-amazonl_1763#dn7-walmart-amazonr_15901,0,0
dn7-walmart-amazonl_1260#dn7-walmart-amazonr_5747,0,0
dn7-walmart-amazonl_1949#dn7-walmart-amazonr_15139,0,0
dn7-walmart-amazonl_477#dn7-walmart-amazonr_13003,0,0
dn7-walmart-amazonl_335#dn7-walmart-amazonr_2721,0,0
dn7-walmart-amazonl_2393#dn7-walmart-amazonr_5177,0,0
dn7-walmart-amazonl_66#dn7-walmart-amazonr_4489,0,0
dn7-walmart-amazonl_1561#dn7-walmart-amazonr_4807,0,0
dn7-walmart-amazonl_749#dn7-walmart-amazonr_15446,0,0
dn7-walmart-amazonl_2494#dn7-walmart-amazonr_5125,0,0
dn7-walmart-amazonl_81#dn7-walmart-amazonr_16605,0,0
dn7-walmart-amazonl_754#dn7-walmart-amazonr_1357,0,0
dn7-walmart-amazonl_636#dn7-walmart-amazonr_1190,0,0
dn7-walmart-amazonl_2522#dn7-walmart-amazonr_3324,1,1
dn7-walmart-amazonl_1613#dn7-walmart-amazonr_10120,0,0
dn7-walmart-amazonl_2025#dn7-walmart-amazonr_87,0,0
dn7-walmart-amazonl_1963#dn7-walmart-amazonr_6962,0,0
dn7-walmart-amazonl_1195#dn7-walmart-amazonr_10108,0,0
dn7-walmart-amazonl_770#dn7-walmart-amazonr_1113,0,0
dn7-walmart-amazonl_374#dn7-walmart-amazonr_2343,0,0
dn7-walmart-amazonl_2026#dn7-walmart-amazonr_6006,0,0
dn7-walmart-amazonl_618#dn7-walmart-amazonr_15100,0,0
dn7-walmart-amazonl_572#dn7-walmart-amazonr_10218,0,0
dn7-walmart-amazonl_1311#dn7-walmart-amazonr_14760,1,1
dn7-walmart-amazonl_368#dn7-walmart-amazonr_9144,0,0
dn7-walmart-amazonl_2479#dn7-walmart-amazonr_15167,0,0
dn7-walmart-amazonl_40#dn7-walmart-amazonr_2410,0,0
dn7-walmart-amazonl_1322#dn7-walmart-amazonr_11203,0,0
dn7-walmart-amazonl_796#dn7-walmart-amazonr_4403,0,0
dn7-walmart-amazonl_722#dn7-walmart-amazonr_548,0,0
dn7-walmart-amazonl_2319#dn7-walmart-amazonr_12099,0,0
dn7-walmart-amazonl_269#dn7-walmart-amazonr_19139,0,0
dn7-walmart-amazonl_1181#dn7-walmart-amazonr_16566,0,0
dn7-walmart-amazonl_925#dn7-walmart-amazonr_21876,0,1
dn7-walmart-amazonl_1916#dn7-walmart-amazonr_18063,0,0
dn7-walmart-amazonl_2536#dn7-walmart-amazonr_21766,0,0
dn7-walmart-amazonl_2249#dn7-walmart-amazonr_19737,0,0
dn7-walmart-amazonl_62#dn7-walmart-amazonr_3407,0,0
dn7-walmart-amazonl_1896#dn7-walmart-amazonr_4834,0,0
dn7-walmart-amazonl_1771#dn7-walmart-amazonr_4752,0,0
dn7-walmart-amazonl_294#dn7-walmart-amazonr_11541,0,0
dn7-walmart-amazonl_1527#dn7-walmart-amazonr_18914,0,0
dn7-walmart-amazonl_1833#dn7-walmart-amazonr_3571,0,0
dn7-walmart-amazonl_416#dn7-walmart-amazonr_4255,0,0
dn7-walmart-amazonl_401#dn7-walmart-amazonr_13269,0,0
dn7-walmart-amazonl_1787#dn7-walmart-amazonr_11956,0,0
dn7-walmart-amazonl_2248#dn7-walmart-amazonr_14284,0,0
dn7-walmart-amazonl_139#dn7-walmart-amazonr_11388,0,0
dn7-walmart-amazonl_998#dn7-walmart-amazonr_7266,0,0
dn7-walmart-amazonl_166#dn7-walmart-amazonr_18200,0,0
dn7-walmart-amazonl_669#dn7-walmart-amazonr_12487,0,0
dn7-walmart-amazonl_1144#dn7-walmart-amazonr_3393,0,0
dn7-walmart-amazonl_1569#dn7-walmart-amazonr_7808,0,0
dn7-walmart-amazonl_910#dn7-walmart-amazonr_14167,0,0
dn7-walmart-amazonl_240#dn7-walmart-amazonr_14674,0,0
dn7-walmart-amazonl_724#dn7-walmart-amazonr_13098,0,0
dn7-walmart-amazonl_823#dn7-walmart-amazonr_14694,0,0
dn7-walmart-amazonl_686#dn7-walmart-amazonr_19600,0,0
dn7-walmart-amazonl_2102#dn7-walmart-amazonr_2904,0,0
dn7-walmart-amazonl_2182#dn7-walmart-amazonr_5324,0,0
dn7-walmart-amazonl_121#dn7-walmart-amazonr_12282,0,0
dn7-walmart-amazonl_1433#dn7-walmart-amazonr_12928,0,0
dn7-walmart-amazonl_877#dn7-walmart-amazonr_9960,0,0
dn7-walmart-amazonl_1407#dn7-walmart-amazonr_12096,0,0
dn7-walmart-amazonl_1704#dn7-walmart-amazonr_17924,0,0
dn7-walmart-amazonl_513#dn7-walmart-amazonr_10574,0,0
dn7-walmart-amazonl_2463#dn7-walmart-amazonr_16107,0,0
dn7-walmart-amazonl_2326#dn7-walmart-amazonr_20912,0,0
dn7-walmart-amazonl_515#dn7-walmart-amazonr_8708,0,0
dn7-walmart-amazonl_2432#dn7-walmart-amazonr_4733,0,0
dn7-walmart-amazonl_983#dn7-walmart-amazonr_919,0,0
dn7-walmart-amazonl_2152#dn7-walmart-amazonr_12447,0,0
dn7-walmart-amazonl_1293#dn7-walmart-amazonr_14264,0,0
dn7-walmart-amazonl_120#dn7-walmart-amazonr_6209,0,0
dn7-walmart-amazonl_2436#dn7-walmart-amazonr_760,0,0
dn7-walmart-amazonl_1513#dn7-walmart-amazonr_9940,0,0
dn7-walmart-amazonl_547#dn7-walmart-amazonr_15266,0,0
dn7-walmart-amazonl_1971#dn7-walmart-amazonr_11725,0,0
dn7-walmart-amazonl_833#dn7-walmart-amazonr_8490,0,0
dn7-walmart-amazonl_1954#dn7-walmart-amazonr_19691,0,0
dn7-walmart-amazonl_2309#dn7-walmart-amazonr_9441,0,0
dn7-walmart-amazonl_1987#dn7-walmart-amazonr_4913,0,0
dn7-walmart-amazonl_1106#dn7-walmart-amazonr_8828,0,0
dn7-walmart-amazonl_802#dn7-walmart-amazonr_9308,0,0
dn7-walmart-amazonl_1287#dn7-walmart-amazonr_11404,0,0
dn7-walmart-amazonl_2487#dn7-walmart-amazonr_3667,0,0
dn7-walmart-amazonl_401#dn7-walmart-amazonr_2827,0,0
dn7-walmart-amazonl_567#dn7-walmart-amazonr_20277,0,0
dn7-walmart-amazonl_1050#dn7-walmart-amazonr_16401,0,0
dn7-walmart-amazonl_90#dn7-walmart-amazonr_10462,0,0
dn7-walmart-amazonl_337#dn7-walmart-amazonr_6115,1,1
dn7-walmart-amazonl_760#dn7-walmart-amazonr_6070,0,0
dn7-walmart-amazonl_379#dn7-walmart-amazonr_4485,0,0
dn7-walmart-amazonl_1654#dn7-walmart-amazonr_2109,0,0
dn7-walmart-amazonl_164#dn7-walmart-amazonr_13338,0,0
dn7-walmart-amazonl_1360#dn7-walmart-amazonr_2990,0,0
dn7-walmart-amazonl_1939#dn7-walmart-amazonr_17503,0,0
dn7-walmart-amazonl_2420#dn7-walmart-amazonr_2131,0,0
dn7-walmart-amazonl_1579#dn7-walmart-amazonr_13487,0,0
dn7-walmart-amazonl_2189#dn7-walmart-amazonr_8137,0,0
dn7-walmart-amazonl_326#dn7-walmart-amazonr_19373,0,0
dn7-walmart-amazonl_107#dn7-walmart-amazonr_10001,0,0
dn7-walmart-amazonl_2432#dn7-walmart-amazonr_11649,0,0
dn7-walmart-amazonl_537#dn7-walmart-amazonr_7339,0,0
dn7-walmart-amazonl_907#dn7-walmart-amazonr_2861,0,0
dn7-walmart-amazonl_2199#dn7-walmart-amazonr_18138,0,1
dn7-walmart-amazonl_1227#dn7-walmart-amazonr_5479,0,0
dn7-walmart-amazonl_1306#dn7-walmart-amazonr_12770,0,0
dn7-walmart-amazonl_1961#dn7-walmart-amazonr_15286,0,0
dn7-walmart-amazonl_500#dn7-walmart-amazonr_8002,0,0
dn7-walmart-amazonl_375#dn7-walmart-amazonr_19868,0,0
dn7-walmart-amazonl_46#dn7-walmart-amazonr_3773,0,0
dn7-walmart-amazonl_1654#dn7-walmart-amazonr_5415,0,0
dn7-walmart-amazonl_911#dn7-walmart-amazonr_9204,0,0
dn7-walmart-amazonl_19#dn7-walmart-amazonr_6596,0,0
dn7-walmart-amazonl_0#dn7-walmart-amazonr_9462,0,0
dn7-walmart-amazonl_2165#dn7-walmart-amazonr_18882,0,0
dn7-walmart-amazonl_1155#dn7-walmart-amazonr_14873,1,0
dn7-walmart-amazonl_2338#dn7-walmart-amazonr_10723,0,0
dn7-walmart-amazonl_554#dn7-walmart-amazonr_16596,0,0
dn7-walmart-amazonl_1515#dn7-walmart-amazonr_7458,0,0
dn7-walmart-amazonl_770#dn7-walmart-amazonr_11077,0,0
dn7-walmart-amazonl_1126#dn7-walmart-amazonr_12532,0,0
dn7-walmart-amazonl_514#dn7-walmart-amazonr_3006,0,0
dn7-walmart-amazonl_1496#dn7-walmart-amazonr_4802,0,0
dn7-walmart-amazonl_938#dn7-walmart-amazonr_12056,0,0
dn7-walmart-amazonl_1097#dn7-walmart-amazonr_2290,0,0
dn7-walmart-amazonl_1352#dn7-walmart-amazonr_1674,0,0
dn7-walmart-amazonl_1515#dn7-walmart-amazonr_3417,0,0
dn7-walmart-amazonl_1795#dn7-walmart-amazonr_11175,0,0
dn7-walmart-amazonl_415#dn7-walmart-amazonr_16646,0,0
dn7-walmart-amazonl_2060#dn7-walmart-amazonr_14251,0,0
dn7-walmart-amazonl_845#dn7-walmart-amazonr_15882,0,0
dn7-walmart-amazonl_1441#dn7-walmart-amazonr_9308,0,0
dn7-walmart-amazonl_1359#dn7-walmart-amazonr_14966,0,0
dn7-walmart-amazonl_255#dn7-walmart-amazonr_966,0,0
dn7-walmart-amazonl_1381#dn7-walmart-amazonr_867,0,0
dn7-walmart-amazonl_1994#dn7-walmart-amazonr_1477,0,0
dn7-walmart-amazonl_2434#dn7-walmart-amazonr_20270,0,0
dn7-walmart-amazonl_573#dn7-walmart-amazonr_4198,0,0
dn7-walmart-amazonl_1028#dn7-walmart-amazonr_15333,0,0
dn7-walmart-amazonl_1429#dn7-walmart-amazonr_12510,0,0
dn7-walmart-amazonl_612#dn7-walmart-amazonr_3065,0,0
dn7-walmart-amazonl_174#dn7-walmart-amazonr_6800,0,0
dn7-walmart-amazonl_2433#dn7-walmart-amazonr_16670,0,0
dn7-walmart-amazonl_1466#dn7-walmart-amazonr_8681,0,0
dn7-walmart-amazonl_874#dn7-walmart-amazonr_19662,0,0
dn7-walmart-amazonl_936#dn7-walmart-amazonr_8303,0,0
dn7-walmart-amazonl_756#dn7-walmart-amazonr_8303,0,0
dn7-walmart-amazonl_627#dn7-walmart-amazonr_20714,0,0
dn7-walmart-amazonl_809#dn7-walmart-amazonr_8305,0,0
dn7-walmart-amazonl_920#dn7-walmart-amazonr_3245,0,0
dn7-walmart-amazonl_1146#dn7-walmart-amazonr_19688,0,0
dn7-walmart-amazonl_1221#dn7-walmart-amazonr_7159,0,0
dn7-walmart-amazonl_2197#dn7-walmart-amazonr_1216,0,0
dn7-walmart-amazonl_339#dn7-walmart-amazonr_13560,0,0
dn7-walmart-amazonl_1958#dn7-walmart-amazonr_18541,0,0
dn7-walmart-amazonl_265#dn7-walmart-amazonr_5444,0,0
dn7-walmart-amazonl_402#dn7-walmart-amazonr_1317,0,0
dn7-walmart-amazonl_1881#dn7-walmart-amazonr_1225,0,0
dn7-walmart-amazonl_1697#dn7-walmart-amazonr_17399,0,0
dn7-walmart-amazonl_451#dn7-walmart-amazonr_12268,0,0
dn7-walmart-amazonl_2207#dn7-walmart-amazonr_14130,0,0
dn7-walmart-amazonl_1164#dn7-walmart-amazonr_3770,0,0
dn7-walmart-amazonl_165#dn7-walmart-amazonr_14890,0,0
dn7-walmart-amazonl_721#dn7-walmart-amazonr_19129,0,0
dn7-walmart-amazonl_822#dn7-walmart-amazonr_6518,0,0
dn7-walmart-amazonl_714#dn7-walmart-amazonr_4352,0,0
dn7-walmart-amazonl_1554#dn7-walmart-amazonr_11172,0,0
dn7-walmart-amazonl_2405#dn7-walmart-amazonr_4960,0,0
dn7-walmart-amazonl_1993#dn7-walmart-amazonr_2257,0,0
dn7-walmart-amazonl_561#dn7-walmart-amazonr_11784,0,0
dn7-walmart-amazonl_2296#dn7-walmart-amazonr_21820,0,0
dn7-walmart-amazonl_1799#dn7-walmart-amazonr_7617,0,0
dn7-walmart-amazonl_902#dn7-walmart-amazonr_12689,0,0
dn7-walmart-amazonl_648#dn7-walmart-amazonr_21325,0,0
dn7-walmart-amazonl_1567#dn7-walmart-amazonr_14914,0,0
dn7-walmart-amazonl_2403#dn7-walmart-amazonr_3054,0,0
dn7-walmart-amazonl_2507#dn7-walmart-amazonr_1090,0,0
dn7-walmart-amazonl_1778#dn7-walmart-amazonr_1227,0,0
dn7-walmart-amazonl_2480#dn7-walmart-amazonr_20586,0,0
dn7-walmart-amazonl_499#dn7-walmart-amazonr_3403,0,0
dn7-walmart-amazonl_2199#dn7-walmart-amazonr_3832,0,0
dn7-walmart-amazonl_210#dn7-walmart-amazonr_1330,0,0
dn7-walmart-amazonl_682#dn7-walmart-amazonr_22057,0,0
dn7-walmart-amazonl_191#dn7-walmart-amazonr_1060,0,0
dn7-walmart-amazonl_1447#dn7-walmart-amazonr_1583,0,0
dn7-walmart-amazonl_1555#dn7-walmart-amazonr_8267,0,0
dn7-walmart-amazonl_618#dn7-walmart-amazonr_13164,0,0
dn7-walmart-amazonl_433#dn7-walmart-amazonr_14247,0,0
dn7-walmart-amazonl_1022#dn7-walmart-amazonr_44,0,0
dn7-walmart-amazonl_302#dn7-walmart-amazonr_16807,0,1
dn7-walmart-amazonl_680#dn7-walmart-amazonr_14898,0,0
dn7-walmart-amazonl_280#dn7-walmart-amazonr_16316,0,0
dn7-walmart-amazonl_2124#dn7-walmart-amazonr_5536,0,0
dn7-walmart-amazonl_767#dn7-walmart-amazonr_6237,0,0
dn7-walmart-amazonl_619#dn7-walmart-amazonr_1103,0,0
dn7-walmart-amazonl_1083#dn7-walmart-amazonr_21480,0,0
dn7-walmart-amazonl_1347#dn7-walmart-amazonr_17078,0,0
dn7-walmart-amazonl_2394#dn7-walmart-amazonr_21844,0,0
dn7-walmart-amazonl_2242#dn7-walmart-amazonr_16750,0,0
dn7-walmart-amazonl_445#dn7-walmart-amazonr_8877,0,0
dn7-walmart-amazonl_1514#dn7-walmart-amazonr_5094,0,0
dn7-walmart-amazonl_339#dn7-walmart-amazonr_13559,0,0
dn7-walmart-amazonl_843#dn7-walmart-amazonr_10423,0,0
dn7-walmart-amazonl_500#dn7-walmart-amazonr_1644,0,0
dn7-walmart-amazonl_81#dn7-walmart-amazonr_11469,0,0
dn7-walmart-amazonl_1028#dn7-walmart-amazonr_10368,0,0
dn7-walmart-amazonl_1644#dn7-walmart-amazonr_1557,0,0
dn7-walmart-amazonl_75#dn7-walmart-amazonr_11155,0,0
dn7-walmart-amazonl_517#dn7-walmart-amazonr_4079,0,0
dn7-walmart-amazonl_2318#dn7-walmart-amazonr_21000,0,0
dn7-walmart-amazonl_2253#dn7-walmart-amazonr_14595,0,0
dn7-walmart-amazonl_1795#dn7-walmart-amazonr_10060,0,0
dn7-walmart-amazonl_1316#dn7-walmart-amazonr_8606,0,0
dn7-walmart-amazonl_2293#dn7-walmart-amazonr_13480,0,0
dn7-walmart-amazonl_1131#dn7-walmart-amazonr_17185,0,0
dn7-walmart-amazonl_451#dn7-walmart-amazonr_21887,0,0
dn7-walmart-amazonl_635#dn7-walmart-amazonr_7145,1,1
dn7-walmart-amazonl_2302#dn7-walmart-amazonr_1604,0,0
dn7-walmart-amazonl_1321#dn7-walmart-amazonr_10793,0,0
dn7-walmart-amazonl_277#dn7-walmart-amazonr_9721,0,0
dn7-walmart-amazonl_853#dn7-walmart-amazonr_16333,0,0
dn7-walmart-amazonl_1002#dn7-walmart-amazonr_22073,0,0
dn7-walmart-amazonl_1332#dn7-walmart-amazonr_14691,0,0
dn7-walmart-amazonl_2380#dn7-walmart-amazonr_1225,0,0
dn7-walmart-amazonl_374#dn7-walmart-amazonr_4272,0,0
dn7-walmart-amazonl_1948#dn7-walmart-amazonr_3832,0,0
dn7-walmart-amazonl_2044#dn7-walmart-amazonr_6847,0,0
dn7-walmart-amazonl_25#dn7-walmart-amazonr_1899,0,0
dn7-walmart-amazonl_2402#dn7-walmart-amazonr_17788,0,0
dn7-walmart-amazonl_1856#dn7-walmart-amazonr_17347,0,0
dn7-walmart-amazonl_2350#dn7-walmart-amazonr_9466,0,0
dn7-walmart-amazonl_184#dn7-walmart-amazonr_18373,0,0
dn7-walmart-amazonl_1402#dn7-walmart-amazonr_11804,0,0
dn7-walmart-amazonl_1732#dn7-walmart-amazonr_5719,0,0
dn7-walmart-amazonl_155#dn7-walmart-amazonr_3446,1,0
dn7-walmart-amazonl_1735#dn7-walmart-amazonr_20066,0,0
dn7-walmart-amazonl_972#dn7-walmart-amazonr_19291,0,0
dn7-walmart-amazonl_2168#dn7-walmart-amazonr_1402,0,0
dn7-walmart-amazonl_1531#dn7-walmart-amazonr_17126,0,0
dn7-walmart-amazonl_2338#dn7-walmart-amazonr_91,0,0
dn7-walmart-amazonl_2129#dn7-walmart-amazonr_1968,0,0
dn7-walmart-amazonl_1901#dn7-walmart-amazonr_21575,0,0
dn7-walmart-amazonl_2283#dn7-walmart-amazonr_14496,0,0
dn7-walmart-amazonl_37#dn7-walmart-amazonr_12891,0,0
dn7-walmart-amazonl_867#dn7-walmart-amazonr_6324,0,0
dn7-walmart-amazonl_1376#dn7-walmart-amazonr_18724,0,0
dn7-walmart-amazonl_215#dn7-walmart-amazonr_10599,0,0
dn7-walmart-amazonl_1013#dn7-walmart-amazonr_7939,0,0
dn7-walmart-amazonl_747#dn7-walmart-amazonr_19888,0,0
dn7-walmart-amazonl_2221#dn7-walmart-amazonr_19946,0,0
dn7-walmart-amazonl_1104#dn7-walmart-amazonr_8094,0,0
dn7-walmart-amazonl_690#dn7-walmart-amazonr_21944,0,0
dn7-walmart-amazonl_775#dn7-walmart-amazonr_4803,0,0
dn7-walmart-amazonl_694#dn7-walmart-amazonr_166,0,0
dn7-walmart-amazonl_334#dn7-walmart-amazonr_4631,0,0
dn7-walmart-amazonl_2372#dn7-walmart-amazonr_14556,0,0
dn7-walmart-amazonl_1306#dn7-walmart-amazonr_16533,0,0
dn7-walmart-amazonl_1825#dn7-walmart-amazonr_13685,0,0
dn7-walmart-amazonl_1976#dn7-walmart-amazonr_8489,0,0
dn7-walmart-amazonl_2479#dn7-walmart-amazonr_14617,0,0
dn7-walmart-amazonl_1829#dn7-walmart-amazonr_10312,0,0
dn7-walmart-amazonl_1247#dn7-walmart-amazonr_7458,0,0
dn7-walmart-amazonl_549#dn7-walmart-amazonr_3917,0,0
dn7-walmart-amazonl_1579#dn7-walmart-amazonr_1674,0,0
dn7-walmart-amazonl_2492#dn7-walmart-amazonr_14247,0,0
dn7-walmart-amazonl_1894#dn7-walmart-amazonr_6065,0,0
dn7-walmart-amazonl_591#dn7-walmart-amazonr_2166,0,0
dn7-walmart-amazonl_1233#dn7-walmart-amazonr_1060,0,0
dn7-walmart-amazonl_809#dn7-walmart-amazonr_14213,0,0
dn7-walmart-amazonl_1726#dn7-walmart-amazonr_3127,0,0
dn7-walmart-amazonl_1816#dn7-walmart-amazonr_21568,0,0
dn7-walmart-amazonl_983#dn7-walmart-amazonr_13312,0,0
dn7-walmart-amazonl_1157#dn7-walmart-amazonr_19173,0,0
dn7-walmart-amazonl_521#dn7-walmart-amazonr_15454,0,0
dn7-walmart-amazonl_2465#dn7-walmart-amazonr_20293,0,0
dn7-walmart-amazonl_1652#dn7-walmart-amazonr_11913,0,0
dn7-walmart-amazonl_1576#dn7-walmart-amazonr_2422,0,0
dn7-walmart-amazonl_1885#dn7-walmart-amazonr_6271,0,0
dn7-walmart-amazonl_892#dn7-walmart-amazonr_13312,0,0
dn7-walmart-amazonl_1823#dn7-walmart-amazonr_21763,0,0
dn7-walmart-amazonl_1485#dn7-walmart-amazonr_166,0,0
dn7-walmart-amazonl_1225#dn7-walmart-amazonr_6032,0,0
dn7-walmart-amazonl_1721#dn7-walmart-amazonr_19800,0,0
dn7-walmart-amazonl_1056#dn7-walmart-amazonr_20325,0,0
dn7-walmart-amazonl_1576#dn7-walmart-amazonr_9109,0,0
dn7-walmart-amazonl_706#dn7-walmart-amazonr_4792,0,0
dn7-walmart-amazonl_2318#dn7-walmart-amazonr_4759,0,0
dn7-walmart-amazonl_890#dn7-walmart-amazonr_13312,0,0
dn7-walmart-amazonl_940#dn7-walmart-amazonr_13658,0,0
dn7-walmart-amazonl_2549#dn7-walmart-amazonr_5997,0,0
dn7-walmart-amazonl_1487#dn7-walmart-amazonr_21817,0,0
dn7-walmart-amazonl_1334#dn7-walmart-amazonr_18679,0,0
dn7-walmart-amazonl_2362#dn7-walmart-amazonr_12753,0,0
dn7-walmart-amazonl_1713#dn7-walmart-amazonr_18828,0,0
dn7-walmart-amazonl_1124#dn7-walmart-amazonr_13666,0,0
dn7-walmart-amazonl_1792#dn7-walmart-amazonr_2366,0,0
dn7-walmart-amazonl_1017#dn7-walmart-amazonr_16071,0,0
dn7-walmart-amazonl_827#dn7-walmart-amazonr_20130,0,0
dn7-walmart-amazonl_1380#dn7-walmart-amazonr_13565,0,0
dn7-walmart-amazonl_1598#dn7-walmart-amazonr_16449,0,0
dn7-walmart-amazonl_996#dn7-walmart-amazonr_4673,0,0
dn7-walmart-amazonl_1774#dn7-walmart-amazonr_16870,0,0
dn7-walmart-amazonl_445#dn7-walmart-amazonr_6513,0,0
dn7-walmart-amazonl_1665#dn7-walmart-amazonr_19809,0,0
dn7-walmart-amazonl_183#dn7-walmart-amazonr_11392,0,0
dn7-walmart-amazonl_1217#dn7-walmart-amazonr_13344,0,0
dn7-walmart-amazonl_2024#dn7-walmart-amazonr_794,0,0
dn7-walmart-amazonl_885#dn7-walmart-amazonr_17816,0,0
dn7-walmart-amazonl_1187#dn7-walmart-amazonr_11500,0,0
dn7-walmart-amazonl_607#dn7-walmart-amazonr_144,0,0
dn7-walmart-amazonl_1103#dn7-walmart-amazonr_5799,0,0
dn7-walmart-amazonl_1782#dn7-walmart-amazonr_14191,0,0
dn7-walmart-amazonl_388#dn7-walmart-amazonr_13845,0,0
dn7-walmart-amazonl_933#dn7-walmart-amazonr_199,0,0
dn7-walmart-amazonl_2403#dn7-walmart-amazonr_20299,0,0
dn7-walmart-amazonl_1286#dn7-walmart-amazonr_4079,0,0
dn7-walmart-amazonl_141#dn7-walmart-amazonr_4552,0,0
dn7-walmart-amazonl_1549#dn7-walmart-amazonr_11569,0,0
dn7-walmart-amazonl_1884#dn7-walmart-amazonr_17564,0,0
dn7-walmart-amazonl_911#dn7-walmart-amazonr_2923,0,0
dn7-walmart-amazonl_2416#dn7-walmart-amazonr_20809,0,0
dn7-walmart-amazonl_1714#dn7-walmart-amazonr_16428,0,0
dn7-walmart-amazonl_598#dn7-walmart-amazonr_4647,0,0
dn7-walmart-amazonl_332#dn7-walmart-amazonr_8831,0,0
dn7-walmart-amazonl_507#dn7-walmart-amazonr_4499,0,0
dn7-walmart-amazonl_1247#dn7-walmart-amazonr_10927,0,0
dn7-walmart-amazonl_149#dn7-walmart-amazonr_21823,0,0
dn7-walmart-amazonl_736#dn7-walmart-amazonr_18375,0,0
dn7-walmart-amazonl_2118#dn7-walmart-amazonr_21666,0,0
dn7-walmart-amazonl_2521#dn7-walmart-amazonr_18561,0,0
dn7-walmart-amazonl_1595#dn7-walmart-amazonr_12468,0,0
dn7-walmart-amazonl_90#dn7-walmart-amazonr_4403,0,0
dn7-walmart-amazonl_811#dn7-walmart-amazonr_10389,0,0
dn7-walmart-amazonl_1527#dn7-walmart-amazonr_17362,0,0
dn7-walmart-amazonl_1562#dn7-walmart-amazonr_12169,1,1
dn7-walmart-amazonl_777#dn7-walmart-amazonr_10838,0,0
dn7-walmart-amazonl_152#dn7-walmart-amazonr_1417,0,0
dn7-walmart-amazonl_762#dn7-walmart-amazonr_13621,0,0
dn7-walmart-amazonl_293#dn7-walmart-amazonr_6501,0,0
dn7-walmart-amazonl_2215#dn7-walmart-amazonr_10838,0,0
dn7-walmart-amazonl_457#dn7-walmart-amazonr_6902,0,0
dn7-walmart-amazonl_1617#dn7-walmart-amazonr_2162,0,0
dn7-walmart-amazonl_1509#dn7-walmart-amazonr_4899,0,0
dn7-walmart-amazonl_2261#dn7-walmart-amazonr_9914,0,0
dn7-walmart-amazonl_743#dn7-walmart-amazonr_11692,0,0
dn7-walmart-amazonl_597#dn7-walmart-amazonr_99,0,0
dn7-walmart-amazonl_2069#dn7-walmart-amazonr_15921,0,0
dn7-walmart-amazonl_296#dn7-walmart-amazonr_2322,0,0
dn7-walmart-amazonl_2200#dn7-walmart-amazonr_7387,0,0
dn7-walmart-amazonl_2433#dn7-walmart-amazonr_15059,0,0
dn7-walmart-amazonl_657#dn7-walmart-amazonr_18857,0,0
dn7-walmart-amazonl_873#dn7-walmart-amazonr_11606,0,0
dn7-walmart-amazonl_11#dn7-walmart-amazonr_4785,0,0
dn7-walmart-amazonl_266#dn7-walmart-amazonr_2949,1,1
dn7-walmart-amazonl_856#dn7-walmart-amazonr_16910,0,0
dn7-walmart-amazonl_726#dn7-walmart-amazonr_10133,0,0
dn7-walmart-amazonl_829#dn7-walmart-amazonr_939,0,0
dn7-walmart-amazonl_163#dn7-walmart-amazonr_843,0,0
dn7-walmart-amazonl_1234#dn7-walmart-amazonr_19607,0,0
dn7-walmart-amazonl_2111#dn7-walmart-amazonr_2702,0,0
dn7-walmart-amazonl_232#dn7-walmart-amazonr_994,0,0
dn7-walmart-amazonl_505#dn7-walmart-amazonr_21448,0,0
dn7-walmart-amazonl_107#dn7-walmart-amazonr_4082,0,0
dn7-walmart-amazonl_478#dn7-walmart-amazonr_11469,0,0
dn7-walmart-amazonl_848#dn7-walmart-amazonr_15246,0,0
dn7-walmart-amazonl_649#dn7-walmart-amazonr_13376,0,0
dn7-walmart-amazonl_910#dn7-walmart-amazonr_11715,0,0
dn7-walmart-amazonl_1286#dn7-walmart-amazonr_1900,0,0
dn7-walmart-amazonl_1745#dn7-walmart-amazonr_17212,0,0
dn7-walmart-amazonl_2325#dn7-walmart-amazonr_20519,0,0
dn7-walmart-amazonl_414#dn7-walmart-amazonr_130,0,0
dn7-walmart-amazonl_1750#dn7-walmart-amazonr_8013,0,0
dn7-walmart-amazonl_171#dn7-walmart-amazonr_19560,0,0
dn7-walmart-amazonl_179#dn7-walmart-amazonr_10062,0,0
dn7-walmart-amazonl_2290#dn7-walmart-amazonr_4303,0,0
dn7-walmart-amazonl_1446#dn7-walmart-amazonr_21513,0,0
dn7-walmart-amazonl_2082#dn7-walmart-amazonr_2689,0,0
dn7-walmart-amazonl_2320#dn7-walmart-amazonr_2142,0,0
dn7-walmart-amazonl_1209#dn7-walmart-amazonr_2872,0,0
dn7-walmart-amazonl_1432#dn7-walmart-amazonr_10006,0,0
dn7-walmart-amazonl_1935#dn7-walmart-amazonr_14762,0,0
dn7-walmart-amazonl_2519#dn7-walmart-amazonr_19465,0,0
dn7-walmart-amazonl_586#dn7-walmart-amazonr_18310,0,0
dn7-walmart-amazonl_1992#dn7-walmart-amazonr_9235,0,0
dn7-walmart-amazonl_2436#dn7-walmart-amazonr_10692,0,0
dn7-walmart-amazonl_313#dn7-walmart-amazonr_3295,0,0
dn7-walmart-amazonl_774#dn7-walmart-amazonr_11862,0,0
dn7-walmart-amazonl_1794#dn7-walmart-amazonr_15321,0,0
dn7-walmart-amazonl_19#dn7-walmart-amazonr_3060,0,0
dn7-walmart-amazonl_488#dn7-walmart-amazonr_17171,0,0
dn7-walmart-amazonl_1407#dn7-walmart-amazonr_15412,0,0
dn7-walmart-amazonl_1182#dn7-walmart-amazonr_474,0,0
dn7-walmart-amazonl_961#dn7-walmart-amazonr_2709,0,0
dn7-walmart-amazonl_200#dn7-walmart-amazonr_16608,0,0
dn7-walmart-amazonl_118#dn7-walmart-amazonr_16846,0,0
dn7-walmart-amazonl_440#dn7-walmart-amazonr_1098,0,0
dn7-walmart-amazonl_1051#dn7-walmart-amazonr_17106,0,0
dn7-walmart-amazonl_1364#dn7-walmart-amazonr_1626,0,0
dn7-walmart-amazonl_1467#dn7-walmart-amazonr_10311,0,0
dn7-walmart-amazonl_1659#dn7-walmart-amazonr_16560,0,0
dn7-walmart-amazonl_1494#dn7-walmart-amazonr_21977,0,0
dn7-walmart-amazonl_1149#dn7-walmart-amazonr_11407,0,0
dn7-walmart-amazonl_747#dn7-walmart-amazonr_13170,0,0
dn7-walmart-amazonl_1027#dn7-walmart-amazonr_20150,0,0
dn7-walmart-amazonl_2158#dn7-walmart-amazonr_2344,0,0
dn7-walmart-amazonl_870#dn7-walmart-amazonr_18904,0,0
dn7-walmart-amazonl_2071#dn7-walmart-amazonr_12819,0,0
dn7-walmart-amazonl_80#dn7-walmart-amazonr_4669,0,0
dn7-walmart-amazonl_764#dn7-walmart-amazonr_737,0,0
dn7-walmart-amazonl_816#dn7-walmart-amazonr_11998,1,1
dn7-walmart-amazonl_417#dn7-walmart-amazonr_20585,0,0
dn7-walmart-amazonl_415#dn7-walmart-amazonr_17081,0,0
dn7-walmart-amazonl_2129#dn7-walmart-amazonr_3405,0,0
dn7-walmart-amazonl_2282#dn7-walmart-amazonr_15298,0,0
dn7-walmart-amazonl_2280#dn7-walmart-amazonr_9528,0,0
dn7-walmart-amazonl_70#dn7-walmart-amazonr_13714,0,0
dn7-walmart-amazonl_207#dn7-walmart-amazonr_17471,0,0
dn7-walmart-amazonl_1328#dn7-walmart-amazonr_10968,0,0
dn7-walmart-amazonl_947#dn7-walmart-amazonr_7441,0,0
dn7-walmart-amazonl_2033#dn7-walmart-amazonr_6556,0,0
dn7-walmart-amazonl_695#dn7-walmart-amazonr_42,0,0
dn7-walmart-amazonl_1123#dn7-walmart-amazonr_1330,0,0
dn7-walmart-amazonl_2052#dn7-walmart-amazonr_10122,0,0
dn7-walmart-amazonl_2544#dn7-walmart-amazonr_17691,0,0
dn7-walmart-amazonl_2493#dn7-walmart-amazonr_13659,0,0
dn7-walmart-amazonl_69#dn7-walmart-amazonr_10920,0,0
dn7-walmart-amazonl_1792#dn7-walmart-amazonr_7952,0,0
dn7-walmart-amazonl_1098#dn7-walmart-amazonr_15688,0,0
dn7-walmart-amazonl_2320#dn7-walmart-amazonr_19022,0,0
dn7-walmart-amazonl_792#dn7-walmart-amazonr_8854,0,0
dn7-walmart-amazonl_1304#dn7-walmart-amazonr_8689,0,0
dn7-walmart-amazonl_602#dn7-walmart-amazonr_17572,0,0
dn7-walmart-amazonl_807#dn7-walmart-amazonr_1054,0,0
dn7-walmart-amazonl_793#dn7-walmart-amazonr_12058,0,0
dn7-walmart-amazonl_1490#dn7-walmart-amazonr_2640,0,0
dn7-walmart-amazonl_678#dn7-walmart-amazonr_2999,0,0
dn7-walmart-amazonl_1383#dn7-walmart-amazonr_19295,0,0
dn7-walmart-amazonl_443#dn7-walmart-amazonr_1138,0,0
dn7-walmart-amazonl_628#dn7-walmart-amazonr_19291,0,0
dn7-walmart-amazonl_792#dn7-walmart-amazonr_18719,0,0
dn7-walmart-amazonl_1195#dn7-walmart-amazonr_8030,0,0
dn7-walmart-amazonl_1026#dn7-walmart-amazonr_2066,0,0
dn7-walmart-amazonl_1152#dn7-walmart-amazonr_4829,0,0
dn7-walmart-amazonl_1698#dn7-walmart-amazonr_17005,0,0
dn7-walmart-amazonl_1603#dn7-walmart-amazonr_15316,0,0
dn7-walmart-amazonl_1383#dn7-walmart-amazonr_15636,0,0
dn7-walmart-amazonl_133#dn7-walmart-amazonr_18167,0,0
dn7-walmart-amazonl_1678#dn7-walmart-amazonr_11462,0,0
dn7-walmart-amazonl_205#dn7-walmart-amazonr_15272,0,0
dn7-walmart-amazonl_1556#dn7-walmart-amazonr_12122,0,0
dn7-walmart-amazonl_78#dn7-walmart-amazonr_9986,0,0
dn7-walmart-amazonl_1634#dn7-walmart-amazonr_13100,0,0
dn7-walmart-amazonl_1857#dn7-walmart-amazonr_19936,0,0
dn7-walmart-amazonl_1887#dn7-walmart-amazonr_3716,0,0
dn7-walmart-amazonl_121#dn7-walmart-amazonr_10286,0,0
dn7-walmart-amazonl_1801#dn7-walmart-amazonr_516,0,0
dn7-walmart-amazonl_2307#dn7-walmart-amazonr_13233,0,0
dn7-walmart-amazonl_659#dn7-walmart-amazonr_19083,0,0
dn7-walmart-amazonl_1652#dn7-walmart-amazonr_3669,0,0
dn7-walmart-amazonl_300#dn7-walmart-amazonr_12222,0,0
dn7-walmart-amazonl_2466#dn7-walmart-amazonr_8968,0,0
dn7-walmart-amazonl_789#dn7-walmart-amazonr_3029,0,0
dn7-walmart-amazonl_503#dn7-walmart-amazonr_19198,0,0
dn7-walmart-amazonl_308#dn7-walmart-amazonr_816,0,0
dn7-walmart-amazonl_2283#dn7-walmart-amazonr_1734,0,0
dn7-walmart-amazonl_2281#dn7-walmart-amazonr_10507,0,0
dn7-walmart-amazonl_310#dn7-walmart-amazonr_6731,0,0
dn7-walmart-amazonl_504#dn7-walmart-amazonr_9530,0,0
dn7-walmart-amazonl_1761#dn7-walmart-amazonr_8642,0,0
dn7-walmart-amazonl_1066#dn7-walmart-amazonr_385,0,0
dn7-walmart-amazonl_410#dn7-walmart-amazonr_1337,0,0
dn7-walmart-amazonl_621#dn7-walmart-amazonr_11201,0,0
dn7-walmart-amazonl_1017#dn7-walmart-amazonr_7506,0,0
dn7-walmart-amazonl_246#dn7-walmart-amazonr_8958,0,0
dn7-walmart-amazonl_46#dn7-walmart-amazonr_19698,0,0
dn7-walmart-amazonl_1942#dn7-walmart-amazonr_1587,0,0
dn7-walmart-amazonl_1068#dn7-walmart-amazonr_8876,0,0
dn7-walmart-amazonl_1177#dn7-walmart-amazonr_6846,0,0
dn7-walmart-amazonl_1698#dn7-walmart-amazonr_17173,0,0
dn7-walmart-amazonl_1758#dn7-walmart-amazonr_7113,0,0
dn7-walmart-amazonl_1602#dn7-walmart-amazonr_12523,0,0
dn7-walmart-amazonl_1679#dn7-walmart-amazonr_20340,0,0
dn7-walmart-amazonl_1061#dn7-walmart-amazonr_1099,0,0
dn7-walmart-amazonl_430#dn7-walmart-amazonr_12203,0,0
dn7-walmart-amazonl_2242#dn7-walmart-amazonr_17468,0,0
dn7-walmart-amazonl_79#dn7-walmart-amazonr_13520,0,0
dn7-walmart-amazonl_995#dn7-walmart-amazonr_9940,0,0
dn7-walmart-amazonl_2497#dn7-walmart-amazonr_7605,0,0
dn7-walmart-amazonl_2550#dn7-walmart-amazonr_7868,0,0
dn7-walmart-amazonl_1021#dn7-walmart-amazonr_5986,0,0
dn7-walmart-amazonl_245#dn7-walmart-amazonr_3750,0,0
dn7-walmart-amazonl_1737#dn7-walmart-amazonr_12275,0,0
dn7-walmart-amazonl_1906#dn7-walmart-amazonr_8392,0,0
dn7-walmart-amazonl_147#dn7-walmart-amazonr_20856,0,0
dn7-walmart-amazonl_1068#dn7-walmart-amazonr_18828,0,0
dn7-walmart-amazonl_832#dn7-walmart-amazonr_16764,0,0
dn7-walmart-amazonl_1275#dn7-walmart-amazonr_434,0,0
dn7-walmart-amazonl_2111#dn7-walmart-amazonr_9040,0,0
dn7-walmart-amazonl_2508#dn7-walmart-amazonr_4125,0,0
dn7-walmart-amazonl_1580#dn7-walmart-amazonr_14336,0,0
dn7-walmart-amazonl_684#dn7-walmart-amazonr_19046,0,0
dn7-walmart-amazonl_1534#dn7-walmart-amazonr_13087,0,0
dn7-walmart-amazonl_468#dn7-walmart-amazonr_2492,0,0
dn7-walmart-amazonl_408#dn7-walmart-amazonr_8755,0,0
dn7-walmart-amazonl_2312#dn7-walmart-amazonr_8589,0,0
dn7-walmart-amazonl_2142#dn7-walmart-amazonr_30,0,0
dn7-walmart-amazonl_2284#dn7-walmart-amazonr_20224,0,0
dn7-walmart-amazonl_1892#dn7-walmart-amazonr_2848,0,0
dn7-walmart-amazonl_413#dn7-walmart-amazonr_1804,0,0
dn7-walmart-amazonl_1328#dn7-walmart-amazonr_8004,0,0
dn7-walmart-amazonl_1334#dn7-walmart-amazonr_5628,0,0
dn7-walmart-amazonl_1323#dn7-walmart-amazonr_5249,0,0
dn7-walmart-amazonl_23#dn7-walmart-amazonr_14246,0,0
dn7-walmart-amazonl_2521#dn7-walmart-amazonr_4564,0,0
dn7-walmart-amazonl_186#dn7-walmart-amazonr_4007,0,0
dn7-walmart-amazonl_104#dn7-walmart-amazonr_8319,0,0
dn7-walmart-amazonl_378#dn7-walmart-amazonr_21573,0,0
dn7-walmart-amazonl_1361#dn7-walmart-amazonr_19983,0,0
dn7-walmart-amazonl_615#dn7-walmart-amazonr_17519,1,1
dn7-walmart-amazonl_1657#dn7-walmart-amazonr_4978,0,0
dn7-walmart-amazonl_356#dn7-walmart-amazonr_5117,0,0
dn7-walmart-amazonl_949#dn7-walmart-amazonr_19549,0,0
dn7-walmart-amazonl_801#dn7-walmart-amazonr_19858,0,0
dn7-walmart-amazonl_2340#dn7-walmart-amazonr_20247,0,0
dn7-walmart-amazonl_1590#dn7-walmart-amazonr_10,0,0
dn7-walmart-amazonl_1494#dn7-walmart-amazonr_3946,0,0
dn7-walmart-amazonl_348#dn7-walmart-amazonr_9151,0,0
dn7-walmart-amazonl_82#dn7-walmart-amazonr_2339,0,0
dn7-walmart-amazonl_1765#dn7-walmart-amazonr_8382,0,0
dn7-walmart-amazonl_1399#dn7-walmart-amazonr_16314,0,0
dn7-walmart-amazonl_1250#dn7-walmart-amazonr_4250,0,0
dn7-walmart-amazonl_1169#dn7-walmart-amazonr_3322,0,0
dn7-walmart-amazonl_1588#dn7-walmart-amazonr_16738,0,0
dn7-walmart-amazonl_2141#dn7-walmart-amazonr_5519,0,0
dn7-walmart-amazonl_1043#dn7-walmart-amazonr_22008,0,0
dn7-walmart-amazonl_1728#dn7-walmart-amazonr_12125,1,1
dn7-walmart-amazonl_563#dn7-walmart-amazonr_20034,0,0
dn7-walmart-amazonl_1992#dn7-walmart-amazonr_1272,0,0
dn7-walmart-amazonl_659#dn7-walmart-amazonr_7862,0,0
dn7-walmart-amazonl_1844#dn7-walmart-amazonr_1594,0,0
dn7-walmart-amazonl_1744#dn7-walmart-amazonr_51,0,0
dn7-walmart-amazonl_2343#dn7-walmart-amazonr_4148,0,0
dn7-walmart-amazonl_608#dn7-walmart-amazonr_1524,0,0
dn7-walmart-amazonl_1470#dn7-walmart-amazonr_4026,0,0
dn7-walmart-amazonl_1043#dn7-walmart-amazonr_21672,0,0
dn7-walmart-amazonl_1150#dn7-walmart-amazonr_12245,0,0
dn7-walmart-amazonl_791#dn7-walmart-amazonr_18953,0,0
dn7-walmart-amazonl_1735#dn7-walmart-amazonr_895,0,0
dn7-walmart-amazonl_271#dn7-walmart-amazonr_8341,0,0
dn7-walmart-amazonl_899#dn7-walmart-amazonr_14710,0,0
dn7-walmart-amazonl_1104#dn7-walmart-amazonr_8289,0,0
dn7-walmart-amazonl_672#dn7-walmart-amazonr_2944,1,1
dn7-walmart-amazonl_84#dn7-walmart-amazonr_13927,0,0
dn7-walmart-amazonl_76#dn7-walmart-amazonr_12228,0,0
dn7-walmart-amazonl_871#dn7-walmart-amazonr_20882,0,0
dn7-walmart-amazonl_2057#dn7-walmart-amazonr_2313,0,0
dn7-walmart-amazonl_893#dn7-walmart-amazonr_21844,0,0
dn7-walmart-amazonl_2154#dn7-walmart-amazonr_15151,0,0
dn7-walmart-amazonl_1222#dn7-walmart-amazonr_19368,0,0
dn7-walmart-amazonl_778#dn7-walmart-amazonr_12268,0,0
dn7-walmart-amazonl_373#dn7-walmart-amazonr_4331,0,0
dn7-walmart-amazonl_839#dn7-walmart-amazonr_4960,0,0
dn7-walmart-amazonl_1470#dn7-walmart-amazonr_61,0,0
dn7-walmart-amazonl_2407#dn7-walmart-amazonr_2344,0,0
dn7-walmart-amazonl_573#dn7-walmart-amazonr_21833,0,0
dn7-walmart-amazonl_677#dn7-walmart-amazonr_20444,0,0
dn7-walmart-amazonl_2116#dn7-walmart-amazonr_7972,0,0
dn7-walmart-amazonl_944#dn7-walmart-amazonr_21159,0,0
dn7-walmart-amazonl_2367#dn7-walmart-amazonr_464,0,0
dn7-walmart-amazonl_2120#dn7-walmart-amazonr_15878,0,0
dn7-walmart-amazonl_1757#dn7-walmart-amazonr_2445,0,0
dn7-walmart-amazonl_2513#dn7-walmart-amazonr_4683,0,0
dn7-walmart-amazonl_1922#dn7-walmart-amazonr_265,0,0
dn7-walmart-amazonl_29#dn7-walmart-amazonr_8070,0,0
dn7-walmart-amazonl_1351#dn7-walmart-amazonr_4762,0,0
dn7-walmart-amazonl_2467#dn7-walmart-amazonr_8244,0,0
dn7-walmart-amazonl_1233#dn7-walmart-amazonr_6713,0,0
dn7-walmart-amazonl_2159#dn7-walmart-amazonr_53,0,0
dn7-walmart-amazonl_2422#dn7-walmart-amazonr_15181,0,0
dn7-walmart-amazonl_1924#dn7-walmart-amazonr_10397,0,0
dn7-walmart-amazonl_1006#dn7-walmart-amazonr_7896,0,0
dn7-walmart-amazonl_1990#dn7-walmart-amazonr_15224,0,0
dn7-walmart-amazonl_1010#dn7-walmart-amazonr_20086,0,0
dn7-walmart-amazonl_561#dn7-walmart-amazonr_6844,0,0
dn7-walmart-amazonl_2034#dn7-walmart-amazonr_20701,0,0
dn7-walmart-amazonl_636#dn7-walmart-amazonr_7158,0,0
dn7-walmart-amazonl_1256#dn7-walmart-amazonr_20413,0,0
dn7-walmart-amazonl_123#dn7-walmart-amazonr_4735,0,0
dn7-walmart-amazonl_2372#dn7-walmart-amazonr_7632,0,0
dn7-walmart-amazonl_1310#dn7-walmart-amazonr_17941,0,0
dn7-walmart-amazonl_2135#dn7-walmart-amazonr_4280,0,0
dn7-walmart-amazonl_1041#dn7-walmart-amazonr_15321,0,0
dn7-walmart-amazonl_1815#dn7-walmart-amazonr_17571,0,0
dn7-walmart-amazonl_2383#dn7-walmart-amazonr_3970,0,0
dn7-walmart-amazonl_1112#dn7-walmart-amazonr_885,0,0
dn7-walmart-amazonl_2236#dn7-walmart-amazonr_1662,1,0
dn7-walmart-amazonl_1425#dn7-walmart-amazonr_7761,0,0
dn7-walmart-amazonl_2076#dn7-walmart-amazonr_282,0,0
dn7-walmart-amazonl_834#dn7-walmart-amazonr_3354,0,0
dn7-walmart-amazonl_1137#dn7-walmart-amazonr_14437,0,0
dn7-walmart-amazonl_956#dn7-walmart-amazonr_3803,0,0
dn7-walmart-amazonl_1731#dn7-walmart-amazonr_7159,0,0
dn7-walmart-amazonl_116#dn7-walmart-amazonr_8574,0,0
dn7-walmart-amazonl_1866#dn7-walmart-amazonr_2922,0,0
dn7-walmart-amazonl_223#dn7-walmart-amazonr_5896,0,0
dn7-walmart-amazonl_2197#dn7-walmart-amazonr_5706,0,0
dn7-walmart-amazonl_53#dn7-walmart-amazonr_9908,0,0
dn7-walmart-amazonl_1959#dn7-walmart-amazonr_3498,0,0
dn7-walmart-amazonl_1536#dn7-walmart-amazonr_19492,0,0
dn7-walmart-amazonl_1477#dn7-walmart-amazonr_2567,0,0
dn7-walmart-amazonl_13#dn7-walmart-amazonr_18543,0,0
dn7-walmart-amazonl_1331#dn7-walmart-amazonr_20794,0,0
dn7-walmart-amazonl_1987#dn7-walmart-amazonr_12961,0,0
dn7-walmart-amazonl_1339#dn7-walmart-amazonr_10514,0,0
dn7-walmart-amazonl_678#dn7-walmart-amazonr_19587,0,0
dn7-walmart-amazonl_2511#dn7-walmart-amazonr_3517,0,0
dn7-walmart-amazonl_739#dn7-walmart-amazonr_5846,0,0
dn7-walmart-amazonl_617#dn7-walmart-amazonr_11939,0,0
dn7-walmart-amazonl_1130#dn7-walmart-amazonr_45,0,0
dn7-walmart-amazonl_1870#dn7-walmart-amazonr_8879,0,0
dn7-walmart-amazonl_2465#dn7-walmart-amazonr_6513,0,0
dn7-walmart-amazonl_2294#dn7-walmart-amazonr_18904,0,0
dn7-walmart-amazonl_471#dn7-walmart-amazonr_2405,0,0
dn7-walmart-amazonl_293#dn7-walmart-amazonr_12542,0,0
dn7-walmart-amazonl_580#dn7-walmart-amazonr_668,0,0
dn7-walmart-amazonl_1337#dn7-walmart-amazonr_20014,0,0
dn7-walmart-amazonl_939#dn7-walmart-amazonr_3609,0,0
dn7-walmart-amazonl_2438#dn7-walmart-amazonr_2857,0,0
dn7-walmart-amazonl_1817#dn7-walmart-amazonr_2081,0,0
dn7-walmart-amazonl_363#dn7-walmart-amazonr_12194,0,0
dn7-walmart-amazonl_2445#dn7-walmart-amazonr_7888,0,0
dn7-walmart-amazonl_1621#dn7-walmart-amazonr_327,0,0
dn7-walmart-amazonl_980#dn7-walmart-amazonr_21033,0,0
dn7-walmart-amazonl_1915#dn7-walmart-amazonr_12089,0,1
dn7-walmart-amazonl_1656#dn7-walmart-amazonr_14673,0,0
dn7-walmart-amazonl_1406#dn7-walmart-amazonr_20820,0,0
dn7-walmart-amazonl_1477#dn7-walmart-amazonr_6350,0,0
dn7-walmart-amazonl_1583#dn7-walmart-amazonr_10251,0,0
dn7-walmart-amazonl_2197#dn7-walmart-amazonr_1468,0,0
dn7-walmart-amazonl_2277#dn7-walmart-amazonr_8491,0,0
dn7-walmart-amazonl_2444#dn7-walmart-amazonr_17201,0,0
dn7-walmart-amazonl_1672#dn7-walmart-amazonr_9027,1,1
dn7-walmart-amazonl_653#dn7-walmart-amazonr_2133,0,0
dn7-walmart-amazonl_309#dn7-walmart-amazonr_18605,0,0
dn7-walmart-amazonl_1179#dn7-walmart-amazonr_16633,0,0
dn7-walmart-amazonl_2324#dn7-walmart-amazonr_20369,0,0
dn7-walmart-amazonl_1125#dn7-walmart-amazonr_18910,0,0
dn7-walmart-amazonl_2476#dn7-walmart-amazonr_1005,0,0
dn7-walmart-amazonl_1517#dn7-walmart-amazonr_3083,0,0
dn7-walmart-amazonl_129#dn7-walmart-amazonr_11525,0,0
dn7-walmart-amazonl_1038#dn7-walmart-amazonr_6321,0,0
dn7-walmart-amazonl_851#dn7-walmart-amazonr_18426,0,0
dn7-walmart-amazonl_1699#dn7-walmart-amazonr_16822,0,0
dn7-walmart-amazonl_1514#dn7-walmart-amazonr_2989,0,0
dn7-walmart-amazonl_2273#dn7-walmart-amazonr_8304,0,0
dn7-walmart-amazonl_2466#dn7-walmart-amazonr_1905,0,0
dn7-walmart-amazonl_209#dn7-walmart-amazonr_12803,0,0
dn7-walmart-amazonl_1580#dn7-walmart-amazonr_13386,0,0
dn7-walmart-amazonl_1012#dn7-walmart-amazonr_13711,0,0
dn7-walmart-amazonl_2527#dn7-walmart-amazonr_15284,0,0
dn7-walmart-amazonl_2300#dn7-walmart-amazonr_2147,0,0
dn7-walmart-amazonl_2061#dn7-walmart-amazonr_7957,0,0
dn7-walmart-amazonl_1823#dn7-walmart-amazonr_5550,0,0
dn7-walmart-amazonl_1303#dn7-walmart-amazonr_5565,0,0
dn7-walmart-amazonl_2400#dn7-walmart-amazonr_15196,0,0
dn7-walmart-amazonl_369#dn7-walmart-amazonr_17846,0,0
dn7-walmart-amazonl_2445#dn7-walmart-amazonr_11622,0,0
dn7-walmart-amazonl_2297#dn7-walmart-amazonr_6998,0,0
dn7-walmart-amazonl_1251#dn7-walmart-amazonr_1301,0,0
dn7-walmart-amazonl_1636#dn7-walmart-amazonr_1190,0,0
dn7-walmart-amazonl_2410#dn7-walmart-amazonr_7573,0,0
dn7-walmart-amazonl_1281#dn7-walmart-amazonr_15901,0,0
dn7-walmart-amazonl_1143#dn7-walmart-amazonr_3610,0,0
dn7-walmart-amazonl_1313#dn7-walmart-amazonr_4773,0,0
dn7-walmart-amazonl_2142#dn7-walmart-amazonr_20442,0,0
dn7-walmart-amazonl_225#dn7-walmart-amazonr_12626,0,0
dn7-walmart-amazonl_1255#dn7-walmart-amazonr_8602,0,0
dn7-walmart-amazonl_2338#dn7-walmart-amazonr_12216,0,0
dn7-walmart-amazonl_594#dn7-walmart-amazonr_7333,0,0
dn7-walmart-amazonl_145#dn7-walmart-amazonr_5900,0,0
dn7-walmart-amazonl_2261#dn7-walmart-amazonr_4351,0,0
dn7-walmart-amazonl_2301#dn7-walmart-amazonr_14898,0,0
dn7-walmart-amazonl_1683#dn7-walmart-amazonr_7563,0,0
dn7-walmart-amazonl_574#dn7-walmart-amazonr_15842,0,0
dn7-walmart-amazonl_1878#dn7-walmart-amazonr_6354,0,0
dn7-walmart-amazonl_1016#dn7-walmart-amazonr_16633,0,0
dn7-walmart-amazonl_1450#dn7-walmart-amazonr_16238,0,0
dn7-walmart-amazonl_400#dn7-walmart-amazonr_9717,0,0
dn7-walmart-amazonl_243#dn7-walmart-amazonr_14144,0,0
dn7-walmart-amazonl_297#dn7-walmart-amazonr_5408,0,0
dn7-walmart-amazonl_1792#dn7-walmart-amazonr_6443,0,0
dn7-walmart-amazonl_2356#dn7-walmart-amazonr_5527,1,1
dn7-walmart-amazonl_673#dn7-walmart-amazonr_13229,0,0
dn7-walmart-amazonl_1832#dn7-walmart-amazonr_5324,0,0
dn7-walmart-amazonl_196#dn7-walmart-amazonr_21180,0,0
dn7-walmart-amazonl_1586#dn7-walmart-amazonr_13070,0,0
dn7-walmart-amazonl_1245#dn7-walmart-amazonr_1977,0,0
dn7-walmart-amazonl_1181#dn7-walmart-amazonr_17113,0,0
dn7-walmart-amazonl_1022#dn7-walmart-amazonr_2632,0,0
dn7-walmart-amazonl_561#dn7-walmart-amazonr_15506,0,0
dn7-walmart-amazonl_172#dn7-walmart-amazonr_5191,0,0
dn7-walmart-amazonl_343#dn7-walmart-amazonr_13621,0,0
dn7-walmart-amazonl_1726#dn7-walmart-amazonr_13283,0,0
dn7-walmart-amazonl_1639#dn7-walmart-amazonr_8709,0,0
dn7-walmart-amazonl_1582#dn7-walmart-amazonr_20149,0,0
dn7-walmart-amazonl_1182#dn7-walmart-amazonr_15944,0,0
dn7-walmart-amazonl_1113#dn7-walmart-amazonr_20094,0,0
dn7-walmart-amazonl_738#dn7-walmart-amazonr_9295,0,0
dn7-walmart-amazonl_1636#dn7-walmart-amazonr_15923,0,0
dn7-walmart-amazonl_571#dn7-walmart-amazonr_15299,0,0
dn7-walmart-amazonl_190#dn7-walmart-amazonr_1790,0,0
dn7-walmart-amazonl_591#dn7-walmart-amazonr_8564,0,0
dn7-walmart-amazonl_1250#dn7-walmart-amazonr_16087,0,0
dn7-walmart-amazonl_2246#dn7-walmart-amazonr_5300,0,0
dn7-walmart-amazonl_397#dn7-walmart-amazonr_14856,0,0
dn7-walmart-amazonl_1210#dn7-walmart-amazonr_9229,0,0
dn7-walmart-amazonl_1186#dn7-walmart-amazonr_1684,0,0
dn7-walmart-amazonl_793#dn7-walmart-amazonr_6031,0,0
dn7-walmart-amazonl_2380#dn7-walmart-amazonr_8371,0,0
dn7-walmart-amazonl_190#dn7-walmart-amazonr_21108,0,0
dn7-walmart-amazonl_1854#dn7-walmart-amazonr_2393,0,0
dn7-walmart-amazonl_937#dn7-walmart-amazonr_2419,0,0
dn7-walmart-amazonl_1753#dn7-walmart-amazonr_16998,0,0
dn7-walmart-amazonl_1964#dn7-walmart-amazonr_1898,0,0
dn7-walmart-amazonl_1808#dn7-walmart-amazonr_20526,0,0
dn7-walmart-amazonl_276#dn7-walmart-amazonr_819,0,0
dn7-walmart-amazonl_1368#dn7-walmart-amazonr_20341,0,0
dn7-walmart-amazonl_1277#dn7-walmart-amazonr_6860,0,0
dn7-walmart-amazonl_1945#dn7-walmart-amazonr_13413,0,0
dn7-walmart-amazonl_1572#dn7-walmart-amazonr_21436,0,0
dn7-walmart-amazonl_1020#dn7-walmart-amazonr_379,0,0
dn7-walmart-amazonl_2297#dn7-walmart-amazonr_4729,0,0
dn7-walmart-amazonl_843#dn7-walmart-amazonr_13985,0,0
dn7-walmart-amazonl_392#dn7-walmart-amazonr_1469,0,0
dn7-walmart-amazonl_2010#dn7-walmart-amazonr_16640,0,0
dn7-walmart-amazonl_2361#dn7-walmart-amazonr_3885,0,0
dn7-walmart-amazonl_1057#dn7-walmart-amazonr_18582,0,0
dn7-walmart-amazonl_647#dn7-walmart-amazonr_17835,0,0
dn7-walmart-amazonl_1344#dn7-walmart-amazonr_14804,0,0
dn7-walmart-amazonl_1121#dn7-walmart-amazonr_15640,0,0
dn7-walmart-amazonl_39#dn7-walmart-amazonr_14823,0,0
dn7-walmart-amazonl_1885#dn7-walmart-amazonr_2010,1,1
dn7-walmart-amazonl_1218#dn7-walmart-amazonr_7323,0,0
dn7-walmart-amazonl_1998#dn7-walmart-amazonr_2162,0,0
dn7-walmart-amazonl_2186#dn7-walmart-amazonr_21596,0,0
dn7-walmart-amazonl_834#dn7-walmart-amazonr_14912,0,0
dn7-walmart-amazonl_2323#dn7-walmart-amazonr_17882,0,0
dn7-walmart-amazonl_1522#dn7-walmart-amazonr_7592,0,0
dn7-walmart-amazonl_410#dn7-walmart-amazonr_3324,0,0
dn7-walmart-amazonl_2233#dn7-walmart-amazonr_733,0,0
dn7-walmart-amazonl_636#dn7-walmart-amazonr_8689,0,0
dn7-walmart-amazonl_759#dn7-walmart-amazonr_14293,0,0
dn7-walmart-amazonl_526#dn7-walmart-amazonr_14573,0,0
dn7-walmart-amazonl_224#dn7-walmart-amazonr_12204,0,0
dn7-walmart-amazonl_2257#dn7-walmart-amazonr_20424,0,1
dn7-walmart-amazonl_1311#dn7-walmart-amazonr_8499,0,0
dn7-walmart-amazonl_1436#dn7-walmart-amazonr_536,0,0
dn7-walmart-amazonl_1704#dn7-walmart-amazonr_18051,0,0
dn7-walmart-amazonl_262#dn7-walmart-amazonr_2240,0,0
dn7-walmart-amazonl_1286#dn7-walmart-amazonr_14401,0,0
dn7-walmart-amazonl_1333#dn7-walmart-amazonr_12850,0,0
dn7-walmart-amazonl_1370#dn7-walmart-amazonr_13991,0,0
dn7-walmart-amazonl_2429#dn7-walmart-amazonr_2342,0,0
dn7-walmart-amazonl_150#dn7-walmart-amazonr_18762,0,0
dn7-walmart-amazonl_2237#dn7-walmart-amazonr_3520,0,0
dn7-walmart-amazonl_2323#dn7-walmart-amazonr_21284,0,0
dn7-walmart-amazonl_1701#dn7-walmart-amazonr_17274,0,0
dn7-walmart-amazonl_54#dn7-walmart-amazonr_6637,0,0
dn7-walmart-amazonl_1471#dn7-walmart-amazonr_14497,0,0
dn7-walmart-amazonl_2418#dn7-walmart-amazonr_595,0,0
dn7-walmart-amazonl_1849#dn7-walmart-amazonr_15900,0,0
dn7-walmart-amazonl_847#dn7-walmart-amazonr_16178,0,0
dn7-walmart-amazonl_1865#dn7-walmart-amazonr_19223,0,0
dn7-walmart-amazonl_1199#dn7-walmart-amazonr_16186,0,0
dn7-walmart-amazonl_1360#dn7-walmart-amazonr_990,0,0
dn7-walmart-amazonl_1797#dn7-walmart-amazonr_1076,0,0
dn7-walmart-amazonl_2478#dn7-walmart-amazonr_2766,0,0
dn7-walmart-amazonl_316#dn7-walmart-amazonr_11178,0,0
dn7-walmart-amazonl_2518#dn7-walmart-amazonr_20115,0,0
dn7-walmart-amazonl_33#dn7-walmart-amazonr_11683,1,1
dn7-walmart-amazonl_924#dn7-walmart-amazonr_21662,0,0
dn7-walmart-amazonl_1673#dn7-walmart-amazonr_7808,0,0
dn7-walmart-amazonl_1291#dn7-walmart-amazonr_10587,0,0
dn7-walmart-amazonl_1499#dn7-walmart-amazonr_17889,0,0
dn7-walmart-amazonl_1331#dn7-walmart-amazonr_19276,0,0
dn7-walmart-amazonl_1116#dn7-walmart-amazonr_11696,0,0
dn7-walmart-amazonl_910#dn7-walmart-amazonr_8105,0,0
dn7-walmart-amazonl_1931#dn7-walmart-amazonr_15182,0,0
dn7-walmart-amazonl_2006#dn7-walmart-amazonr_12625,0,0
dn7-walmart-amazonl_2346#dn7-walmart-amazonr_1225,0,0
dn7-walmart-amazonl_256#dn7-walmart-amazonr_6215,0,0
dn7-walmart-amazonl_173#dn7-walmart-amazonr_8840,0,0
dn7-walmart-amazonl_2326#dn7-walmart-amazonr_5630,0,0
dn7-walmart-amazonl_2019#dn7-walmart-amazonr_17923,0,0
dn7-walmart-amazonl_1755#dn7-walmart-amazonr_15871,0,0
dn7-walmart-amazonl_2111#dn7-walmart-amazonr_16145,0,0
dn7-walmart-amazonl_814#dn7-walmart-amazonr_10741,0,0
dn7-walmart-amazonl_1024#dn7-walmart-amazonr_8679,0,0
dn7-walmart-amazonl_1935#dn7-walmart-amazonr_7035,0,0
dn7-walmart-amazonl_1447#dn7-walmart-amazonr_16462,0,0
dn7-walmart-amazonl_1846#dn7-walmart-amazonr_20471,0,0
dn7-walmart-amazonl_334#dn7-walmart-amazonr_6657,0,0
dn7-walmart-amazonl_2219#dn7-walmart-amazonr_8873,0,0
dn7-walmart-amazonl_723#dn7-walmart-amazonr_11662,0,0
dn7-walmart-amazonl_1590#dn7-walmart-amazonr_21168,0,0
dn7-walmart-amazonl_637#dn7-walmart-amazonr_12377,0,0
dn7-walmart-amazonl_837#dn7-walmart-amazonr_4839,0,0
dn7-walmart-amazonl_314#dn7-walmart-amazonr_11884,0,0
dn7-walmart-amazonl_853#dn7-walmart-amazonr_5136,0,0
dn7-walmart-amazonl_1252#dn7-walmart-amazonr_9635,1,0
dn7-walmart-amazonl_2303#dn7-walmart-amazonr_5490,0,0
dn7-walmart-amazonl_2335#dn7-walmart-amazonr_10307,0,0
dn7-walmart-amazonl_2543#dn7-walmart-amazonr_6470,0,0
dn7-walmart-amazonl_1632#dn7-walmart-amazonr_2594,0,0
dn7-walmart-amazonl_969#dn7-walmart-amazonr_7993,0,0
dn7-walmart-amazonl_1372#dn7-walmart-amazonr_13853,0,0
dn7-walmart-amazonl_1316#dn7-walmart-amazonr_3934,0,0
dn7-walmart-amazonl_2068#dn7-walmart-amazonr_10747,0,0
dn7-walmart-amazonl_504#dn7-walmart-amazonr_7499,0,0
dn7-walmart-amazonl_1522#dn7-walmart-amazonr_16761,0,0
dn7-walmart-amazonl_2500#dn7-walmart-amazonr_13276,0,0
dn7-walmart-amazonl_2286#dn7-walmart-amazonr_15519,0,0
dn7-walmart-amazonl_1653#dn7-walmart-amazonr_13581,0,0
dn7-walmart-amazonl_1108#dn7-walmart-amazonr_14497,0,0
dn7-walmart-amazonl_1985#dn7-walmart-amazonr_6265,0,0
dn7-walmart-amazonl_2296#dn7-walmart-amazonr_14791,0,0
dn7-walmart-amazonl_17#dn7-walmart-amazonr_21289,0,0
dn7-walmart-amazonl_782#dn7-walmart-amazonr_8723,0,0
dn7-walmart-amazonl_384#dn7-walmart-amazonr_2018,0,0
dn7-walmart-amazonl_2547#dn7-walmart-amazonr_9973,0,0
dn7-walmart-amazonl_1985#dn7-walmart-amazonr_2341,0,0
dn7-walmart-amazonl_341#dn7-walmart-amazonr_15101,0,0
dn7-walmart-amazonl_2274#dn7-walmart-amazonr_18909,0,0
dn7-walmart-amazonl_331#dn7-walmart-amazonr_241,0,0
dn7-walmart-amazonl_1552#dn7-walmart-amazonr_17501,0,0
dn7-walmart-amazonl_2226#dn7-walmart-amazonr_20241,0,0
dn7-walmart-amazonl_195#dn7-walmart-amazonr_17368,0,0
dn7-walmart-amazonl_1249#dn7-walmart-amazonr_13303,0,0
dn7-walmart-amazonl_1029#dn7-walmart-amazonr_13642,0,0
dn7-walmart-amazonl_1045#dn7-walmart-amazonr_7434,0,0
dn7-walmart-amazonl_847#dn7-walmart-amazonr_18815,0,0
dn7-walmart-amazonl_839#dn7-walmart-amazonr_17106,0,0
dn7-walmart-amazonl_1368#dn7-walmart-amazonr_21491,0,0
dn7-walmart-amazonl_1542#dn7-walmart-amazonr_8355,0,0
dn7-walmart-amazonl_267#dn7-walmart-amazonr_3942,0,0
dn7-walmart-amazonl_1876#dn7-walmart-amazonr_4291,0,0
dn7-walmart-amazonl_789#dn7-walmart-amazonr_21330,0,0
dn7-walmart-amazonl_1063#dn7-walmart-amazonr_2926,0,0
dn7-walmart-amazonl_995#dn7-walmart-amazonr_16385,0,0
dn7-walmart-amazonl_1303#dn7-walmart-amazonr_10773,0,0
dn7-walmart-amazonl_34#dn7-walmart-amazonr_20986,0,0
dn7-walmart-amazonl_2244#dn7-walmart-amazonr_2314,0,0
dn7-walmart-amazonl_2442#dn7-walmart-amazonr_14679,0,0
dn7-walmart-amazonl_2510#dn7-walmart-amazonr_20229,0,0
dn7-walmart-amazonl_205#dn7-walmart-amazonr_15262,0,0
dn7-walmart-amazonl_1810#dn7-walmart-amazonr_728,0,0
dn7-walmart-amazonl_1194#dn7-walmart-amazonr_6976,0,0
dn7-walmart-amazonl_549#dn7-walmart-amazonr_5149,0,0
dn7-walmart-amazonl_433#dn7-walmart-amazonr_12370,0,0
dn7-walmart-amazonl_1328#dn7-walmart-amazonr_13659,0,0
dn7-walmart-amazonl_1479#dn7-walmart-amazonr_4107,0,0
dn7-walmart-amazonl_137#dn7-walmart-amazonr_19679,0,0
dn7-walmart-amazonl_708#dn7-walmart-amazonr_9089,0,0
dn7-walmart-amazonl_474#dn7-walmart-amazonr_12710,0,0
dn7-walmart-amazonl_1433#dn7-walmart-amazonr_15809,0,0
dn7-walmart-amazonl_1474#dn7-walmart-amazonr_374,0,0
dn7-walmart-amazonl_745#dn7-walmart-amazonr_9842,0,0
dn7-walmart-amazonl_565#dn7-walmart-amazonr_10552,0,0
dn7-walmart-amazonl_1239#dn7-walmart-amazonr_12410,0,0
dn7-walmart-amazonl_339#dn7-walmart-amazonr_5575,0,0
dn7-walmart-amazonl_957#dn7-walmart-amazonr_9545,0,0
dn7-walmart-amazonl_2329#dn7-walmart-amazonr_14073,1,1
dn7-walmart-amazonl_252#dn7-walmart-amazonr_10134,0,0
dn7-walmart-amazonl_2358#dn7-walmart-amazonr_18440,0,0
dn7-walmart-amazonl_1100#dn7-walmart-amazonr_10176,0,0
dn7-walmart-amazonl_2392#dn7-walmart-amazonr_11953,0,0
dn7-walmart-amazonl_360#dn7-walmart-amazonr_14076,0,0
dn7-walmart-amazonl_297#dn7-walmart-amazonr_1733,0,0
dn7-walmart-amazonl_323#dn7-walmart-amazonr_5175,0,0
dn7-walmart-amazonl_1452#dn7-walmart-amazonr_10064,0,0
dn7-walmart-amazonl_51#dn7-walmart-amazonr_18524,0,0
dn7-walmart-amazonl_1860#dn7-walmart-amazonr_2487,0,0
dn7-walmart-amazonl_2163#dn7-walmart-amazonr_3083,0,0
dn7-walmart-amazonl_2372#dn7-walmart-amazonr_20809,0,0
dn7-walmart-amazonl_88#dn7-walmart-amazonr_19477,0,1
dn7-walmart-amazonl_1156#dn7-walmart-amazonr_1207,0,0
dn7-walmart-amazonl_596#dn7-walmart-amazonr_4555,0,0
dn7-walmart-amazonl_2050#dn7-walmart-amazonr_19465,0,0
dn7-walmart-amazonl_1578#dn7-walmart-amazonr_15298,0,0
dn7-walmart-amazonl_1342#dn7-walmart-amazonr_13307,0,0
dn7-walmart-amazonl_2173#dn7-walmart-amazonr_7827,0,0
dn7-walmart-amazonl_1970#dn7-walmart-amazonr_7459,0,0
dn7-walmart-amazonl_1043#dn7-walmart-amazonr_10837,0,0
dn7-walmart-amazonl_2471#dn7-walmart-amazonr_12781,0,0
dn7-walmart-amazonl_1397#dn7-walmart-amazonr_20805,1,1
dn7-walmart-amazonl_806#dn7-walmart-amazonr_2809,0,0
dn7-walmart-amazonl_1080#dn7-walmart-amazonr_4459,0,0
dn7-walmart-amazonl_1360#dn7-walmart-amazonr_14862,0,0
dn7-walmart-amazonl_2196#dn7-walmart-amazonr_17366,0,1
dn7-walmart-amazonl_2371#dn7-walmart-amazonr_1004,0,0
dn7-walmart-amazonl_1320#dn7-walmart-amazonr_10804,0,0
dn7-walmart-amazonl_1099#dn7-walmart-amazonr_5687,0,0
dn7-walmart-amazonl_1592#dn7-walmart-amazonr_8941,0,0
dn7-walmart-amazonl_802#dn7-walmart-amazonr_19300,0,0
dn7-walmart-amazonl_2383#dn7-walmart-amazonr_14140,0,0
dn7-walmart-amazonl_1962#dn7-walmart-amazonr_1469,0,0
dn7-walmart-amazonl_2189#dn7-walmart-amazonr_4756,0,0
dn7-walmart-amazonl_1415#dn7-walmart-amazonr_2987,0,0
dn7-walmart-amazonl_268#dn7-walmart-amazonr_16178,0,0
dn7-walmart-amazonl_1837#dn7-walmart-amazonr_14623,0,0
dn7-walmart-amazonl_2204#dn7-walmart-amazonr_15238,0,0
dn7-walmart-amazonl_260#dn7-walmart-amazonr_21757,0,0
dn7-walmart-amazonl_1298#dn7-walmart-amazonr_13777,0,0
dn7-walmart-amazonl_1015#dn7-walmart-amazonr_17194,0,0
dn7-walmart-amazonl_321#dn7-walmart-amazonr_10662,0,0
dn7-walmart-amazonl_221#dn7-walmart-amazonr_13253,0,0
dn7-walmart-amazonl_989#dn7-walmart-amazonr_21296,0,0
dn7-walmart-amazonl_980#dn7-walmart-amazonr_18834,0,0
dn7-walmart-amazonl_684#dn7-walmart-amazonr_17143,0,0
dn7-walmart-amazonl_2185#dn7-walmart-amazonr_2167,0,0
dn7-walmart-amazonl_1460#dn7-walmart-amazonr_9298,0,0
dn7-walmart-amazonl_2358#dn7-walmart-amazonr_16178,0,0
dn7-walmart-amazonl_1120#dn7-walmart-amazonr_20442,0,0
dn7-walmart-amazonl_2113#dn7-walmart-amazonr_3691,0,0
dn7-walmart-amazonl_392#dn7-walmart-amazonr_5035,0,0
dn7-walmart-amazonl_654#dn7-walmart-amazonr_17643,0,0
dn7-walmart-amazonl_405#dn7-walmart-amazonr_11955,0,0
dn7-walmart-amazonl_832#dn7-walmart-amazonr_4740,0,0
dn7-walmart-amazonl_2408#dn7-walmart-amazonr_10308,0,0
dn7-walmart-amazonl_1282#dn7-walmart-amazonr_6099,0,0
dn7-walmart-amazonl_746#dn7-walmart-amazonr_13041,0,0
dn7-walmart-amazonl_320#dn7-walmart-amazonr_13393,0,0
dn7-walmart-amazonl_616#dn7-walmart-amazonr_21336,0,0
dn7-walmart-amazonl_169#dn7-walmart-amazonr_8555,0,0
dn7-walmart-amazonl_1244#dn7-walmart-amazonr_13942,0,0
dn7-walmart-amazonl_177#dn7-walmart-amazonr_10927,0,0
dn7-walmart-amazonl_1381#dn7-walmart-amazonr_863,0,0
dn7-walmart-amazonl_1654#dn7-walmart-amazonr_6713,0,0
dn7-walmart-amazonl_268#dn7-walmart-amazonr_2286,0,0
dn7-walmart-amazonl_1708#dn7-walmart-amazonr_17911,0,0
dn7-walmart-amazonl_2288#dn7-walmart-amazonr_8209,0,0
dn7-walmart-amazonl_2116#dn7-walmart-amazonr_11954,0,0
dn7-walmart-amazonl_895#dn7-walmart-amazonr_10773,0,0
dn7-walmart-amazonl_1052#dn7-walmart-amazonr_12222,0,0
dn7-walmart-amazonl_314#dn7-walmart-amazonr_9427,0,0
dn7-walmart-amazonl_2254#dn7-walmart-amazonr_234,0,0
dn7-walmart-amazonl_404#dn7-walmart-amazonr_2592,0,0
dn7-walmart-amazonl_239#dn7-walmart-amazonr_6609,0,0
dn7-walmart-amazonl_1390#dn7-walmart-amazonr_8789,0,0
dn7-walmart-amazonl_1506#dn7-walmart-amazonr_17569,0,0
dn7-walmart-amazonl_869#dn7-walmart-amazonr_3433,0,0
dn7-walmart-amazonl_134#dn7-walmart-amazonr_9792,0,0
dn7-walmart-amazonl_1349#dn7-walmart-amazonr_3796,0,0
dn7-walmart-amazonl_1739#dn7-walmart-amazonr_11916,0,0
dn7-walmart-amazonl_1685#dn7-walmart-amazonr_15391,0,0
dn7-walmart-amazonl_1300#dn7-walmart-amazonr_18669,0,0
dn7-walmart-amazonl_1216#dn7-walmart-amazonr_19314,0,0
dn7-walmart-amazonl_1253#dn7-walmart-amazonr_16636,0,0
dn7-walmart-amazonl_527#dn7-walmart-amazonr_13312,0,0
dn7-walmart-amazonl_1810#dn7-walmart-amazonr_20698,0,0
dn7-walmart-amazonl_1589#dn7-walmart-amazonr_5219,0,0
dn7-walmart-amazonl_455#dn7-walmart-amazonr_11466,0,0
dn7-walmart-amazonl_1317#dn7-walmart-amazonr_1411,0,0
dn7-walmart-amazonl_201#dn7-walmart-amazonr_7549,0,0
dn7-walmart-amazonl_1489#dn7-walmart-amazonr_22000,0,0
dn7-walmart-amazonl_126#dn7-walmart-amazonr_2365,0,0
dn7-walmart-amazonl_2112#dn7-walmart-amazonr_335,0,0
dn7-walmart-amazonl_1881#dn7-walmart-amazonr_18529,0,0
dn7-walmart-amazonl_1911#dn7-walmart-amazonr_15900,0,0
dn7-walmart-amazonl_1278#dn7-walmart-amazonr_15141,0,0
dn7-walmart-amazonl_2211#dn7-walmart-amazonr_20698,0,0
dn7-walmart-amazonl_2491#dn7-walmart-amazonr_3341,0,0
dn7-walmart-amazonl_757#dn7-walmart-amazonr_20899,0,0
dn7-walmart-amazonl_1878#dn7-walmart-amazonr_6287,0,0
dn7-walmart-amazonl_1010#dn7-walmart-amazonr_20453,0,0
dn7-walmart-amazonl_1939#dn7-walmart-amazonr_3662,0,0
dn7-walmart-amazonl_1176#dn7-walmart-amazonr_13660,0,0
dn7-walmart-amazonl_912#dn7-walmart-amazonr_5737,0,0
dn7-walmart-amazonl_251#dn7-walmart-amazonr_4086,0,0
dn7-walmart-amazonl_1802#dn7-walmart-amazonr_19324,0,0
dn7-walmart-amazonl_758#dn7-walmart-amazonr_16148,0,0
dn7-walmart-amazonl_2438#dn7-walmart-amazonr_8821,0,0
dn7-walmart-amazonl_2207#dn7-walmart-amazonr_21183,0,0
dn7-walmart-amazonl_1106#dn7-walmart-amazonr_13809,0,0
dn7-walmart-amazonl_98#dn7-walmart-amazonr_10080,0,0
dn7-walmart-amazonl_2167#dn7-walmart-amazonr_2381,0,0
dn7-walmart-amazonl_1454#dn7-walmart-amazonr_8810,0,0
dn7-walmart-amazonl_2527#dn7-walmart-amazonr_20518,0,0
dn7-walmart-amazonl_832#dn7-walmart-amazonr_19596,0,0
dn7-walmart-amazonl_24#dn7-walmart-amazonr_7859,0,0
dn7-walmart-amazonl_1578#dn7-walmart-amazonr_20778,0,0
dn7-walmart-amazonl_750#dn7-walmart-amazonr_1330,0,0
dn7-walmart-amazonl_2185#dn7-walmart-amazonr_16040,0,0
dn7-walmart-amazonl_860#dn7-walmart-amazonr_13050,0,0
dn7-walmart-amazonl_1366#dn7-walmart-amazonr_2003,0,0
dn7-walmart-amazonl_2025#dn7-walmart-amazonr_14587,0,0
dn7-walmart-amazonl_13#dn7-walmart-amazonr_10307,0,0
dn7-walmart-amazonl_2143#dn7-walmart-amazonr_21604,0,0
dn7-walmart-amazonl_2300#dn7-walmart-amazonr_18252,0,0
dn7-walmart-amazonl_540#dn7-walmart-amazonr_12363,0,0
dn7-walmart-amazonl_1381#dn7-walmart-amazonr_1890,0,0
dn7-walmart-amazonl_2032#dn7-walmart-amazonr_5954,0,0
dn7-walmart-amazonl_1989#dn7-walmart-amazonr_10307,0,0
dn7-walmart-amazonl_1050#dn7-walmart-amazonr_11687,0,0
dn7-walmart-amazonl_2439#dn7-walmart-amazonr_18945,0,0
dn7-walmart-amazonl_699#dn7-walmart-amazonr_2352,0,0
dn7-walmart-amazonl_237#dn7-walmart-amazonr_19607,0,0
dn7-walmart-amazonl_56#dn7-walmart-amazonr_21636,0,0
dn7-walmart-amazonl_1234#dn7-walmart-amazonr_7386,0,0
dn7-walmart-amazonl_2103#dn7-walmart-amazonr_7853,0,0
dn7-walmart-amazonl_162#dn7-walmart-amazonr_18056,0,0
dn7-walmart-amazonl_648#dn7-walmart-amazonr_14727,0,0
dn7-walmart-amazonl_1956#dn7-walmart-amazonr_11445,0,0
dn7-walmart-amazonl_455#dn7-walmart-amazonr_19347,1,1
dn7-walmart-amazonl_1495#dn7-walmart-amazonr_15487,0,0
dn7-walmart-amazonl_1560#dn7-walmart-amazonr_19964,0,0
dn7-walmart-amazonl_2092#dn7-walmart-amazonr_1862,0,0
dn7-walmart-amazonl_65#dn7-walmart-amazonr_19882,0,0
dn7-walmart-amazonl_356#dn7-walmart-amazonr_2835,0,0
dn7-walmart-amazonl_782#dn7-walmart-amazonr_11394,0,0
dn7-walmart-amazonl_718#dn7-walmart-amazonr_2700,0,0
dn7-walmart-amazonl_1046#dn7-walmart-amazonr_12360,0,0
dn7-walmart-amazonl_2157#dn7-walmart-amazonr_7549,0,0
dn7-walmart-amazonl_1724#dn7-walmart-amazonr_13438,0,0
dn7-walmart-amazonl_421#dn7-walmart-amazonr_17722,0,0
dn7-walmart-amazonl_914#dn7-walmart-amazonr_17255,0,0
dn7-walmart-amazonl_519#dn7-walmart-amazonr_15938,0,0
dn7-walmart-amazonl_285#dn7-walmart-amazonr_11567,0,0
dn7-walmart-amazonl_1947#dn7-walmart-amazonr_1844,0,0
dn7-walmart-amazonl_2337#dn7-walmart-amazonr_5147,0,0
dn7-walmart-amazonl_2434#dn7-walmart-amazonr_8475,0,0
dn7-walmart-amazonl_2299#dn7-walmart-amazonr_9301,0,0
dn7-walmart-amazonl_1908#dn7-walmart-amazonr_7638,0,0
dn7-walmart-amazonl_2484#dn7-walmart-amazonr_21596,0,0
dn7-walmart-amazonl_2397#dn7-walmart-amazonr_3033,0,0
dn7-walmart-amazonl_2504#dn7-walmart-amazonr_18443,0,0
dn7-walmart-amazonl_78#dn7-walmart-amazonr_14490,0,0
dn7-walmart-amazonl_1498#dn7-walmart-amazonr_15182,0,0
dn7-walmart-amazonl_472#dn7-walmart-amazonr_3418,0,0
dn7-walmart-amazonl_1584#dn7-walmart-amazonr_15428,0,0
dn7-walmart-amazonl_2089#dn7-walmart-amazonr_2681,0,0
dn7-walmart-amazonl_963#dn7-walmart-amazonr_13893,0,0
dn7-walmart-amazonl_2224#dn7-walmart-amazonr_5490,0,0
dn7-walmart-amazonl_1252#dn7-walmart-amazonr_8144,0,0
dn7-walmart-amazonl_694#dn7-walmart-amazonr_11288,0,0
dn7-walmart-amazonl_8#dn7-walmart-amazonr_14180,0,0
dn7-walmart-amazonl_503#dn7-walmart-amazonr_19140,0,0
dn7-walmart-amazonl_2357#dn7-walmart-amazonr_12534,0,0
dn7-walmart-amazonl_1411#dn7-walmart-amazonr_10395,0,0
dn7-walmart-amazonl_2246#dn7-walmart-amazonr_16265,0,0
dn7-walmart-amazonl_885#dn7-walmart-amazonr_20623,0,0
dn7-walmart-amazonl_2513#dn7-walmart-amazonr_19376,0,0
dn7-walmart-amazonl_2265#dn7-walmart-amazonr_21671,0,0
dn7-walmart-amazonl_2350#dn7-walmart-amazonr_20211,0,0
dn7-walmart-amazonl_582#dn7-walmart-amazonr_14623,0,0
dn7-walmart-amazonl_1610#dn7-walmart-amazonr_877,0,0
dn7-walmart-amazonl_946#dn7-walmart-amazonr_5626,0,0
dn7-walmart-amazonl_567#dn7-walmart-amazonr_11715,0,0
dn7-walmart-amazonl_341#dn7-walmart-amazonr_1976,0,0
dn7-walmart-amazonl_569#dn7-walmart-amazonr_1503,0,0
dn7-walmart-amazonl_2212#dn7-walmart-amazonr_16160,0,0
dn7-walmart-amazonl_1671#dn7-walmart-amazonr_11070,0,0
dn7-walmart-amazonl_2448#dn7-walmart-amazonr_3369,0,0
dn7-walmart-amazonl_897#dn7-walmart-amazonr_2713,0,0
dn7-walmart-amazonl_433#dn7-walmart-amazonr_2397,0,0
dn7-walmart-amazonl_2322#dn7-walmart-amazonr_13108,0,0
dn7-walmart-amazonl_2478#dn7-walmart-amazonr_4204,0,0
dn7-walmart-amazonl_2#dn7-walmart-amazonr_18321,0,0
dn7-walmart-amazonl_1630#dn7-walmart-amazonr_8897,0,0
dn7-walmart-amazonl_2491#dn7-walmart-amazonr_2802,0,0
dn7-walmart-amazonl_822#dn7-walmart-amazonr_6826,0,0
dn7-walmart-amazonl_884#dn7-walmart-amazonr_17473,0,0
dn7-walmart-amazonl_1497#dn7-walmart-amazonr_13868,0,0
dn7-walmart-amazonl_1836#dn7-walmart-amazonr_2127,0,0
dn7-walmart-amazonl_1878#dn7-walmart-amazonr_2362,0,0
dn7-walmart-amazonl_2040#dn7-walmart-amazonr_12315,0,0
dn7-walmart-amazonl_1529#dn7-walmart-amazonr_6430,0,0
dn7-walmart-amazonl_421#dn7-walmart-amazonr_16820,0,0
dn7-walmart-amazonl_1733#dn7-walmart-amazonr_14702,0,0
dn7-walmart-amazonl_50#dn7-walmart-amazonr_2013,0,0
dn7-walmart-amazonl_1482#dn7-walmart-amazonr_12539,0,0
dn7-walmart-amazonl_2097#dn7-walmart-amazonr_7138,0,0
dn7-walmart-amazonl_288#dn7-walmart-amazonr_17855,0,0
dn7-walmart-amazonl_1045#dn7-walmart-amazonr_5422,0,0
dn7-walmart-amazonl_2279#dn7-walmart-amazonr_5479,0,0
dn7-walmart-amazonl_2040#dn7-walmart-amazonr_1554,0,0
dn7-walmart-amazonl_330#dn7-walmart-amazonr_1599,0,1
dn7-walmart-amazonl_30#dn7-walmart-amazonr_15046,0,0
dn7-walmart-amazonl_2317#dn7-walmart-amazonr_6736,0,0
dn7-walmart-amazonl_2500#dn7-walmart-amazonr_11070,0,0
dn7-walmart-amazonl_1122#dn7-walmart-amazonr_13832,0,0
dn7-walmart-amazonl_2318#dn7-walmart-amazonr_21939,0,0
dn7-walmart-amazonl_984#dn7-walmart-amazonr_398,0,0
dn7-walmart-amazonl_2540#dn7-walmart-amazonr_15166,0,0
dn7-walmart-amazonl_15#dn7-walmart-amazonr_8008,0,0
dn7-walmart-amazonl_967#dn7-walmart-amazonr_14687,0,0
dn7-walmart-amazonl_578#dn7-walmart-amazonr_13369,0,0
dn7-walmart-amazonl_2323#dn7-walmart-amazonr_16207,0,0
dn7-walmart-amazonl_1299#dn7-walmart-amazonr_21336,0,0
dn7-walmart-amazonl_1641#dn7-walmart-amazonr_9077,0,0
dn7-walmart-amazonl_909#dn7-walmart-amazonr_5147,0,0
dn7-walmart-amazonl_229#dn7-walmart-amazonr_134,0,0
dn7-walmart-amazonl_968#dn7-walmart-amazonr_1653,0,0
dn7-walmart-amazonl_1308#dn7-walmart-amazonr_12437,0,0
dn7-walmart-amazonl_2254#dn7-walmart-amazonr_345,1,1
dn7-walmart-amazonl_1796#dn7-walmart-amazonr_4550,0,0
dn7-walmart-amazonl_1307#dn7-walmart-amazonr_18747,0,0
dn7-walmart-amazonl_712#dn7-walmart-amazonr_1469,0,0
dn7-walmart-amazonl_1326#dn7-walmart-amazonr_1967,0,0
dn7-walmart-amazonl_298#dn7-walmart-amazonr_4507,0,0
dn7-walmart-amazonl_1417#dn7-walmart-amazonr_19902,0,0
dn7-walmart-amazonl_1893#dn7-walmart-amazonr_13150,0,0
dn7-walmart-amazonl_1559#dn7-walmart-amazonr_16655,0,0
dn7-walmart-amazonl_1275#dn7-walmart-amazonr_12705,0,0
dn7-walmart-amazonl_1809#dn7-walmart-amazonr_16317,0,0
dn7-walmart-amazonl_481#dn7-walmart-amazonr_14855,0,0
dn7-walmart-amazonl_2352#dn7-walmart-amazonr_5143,0,0
dn7-walmart-amazonl_2221#dn7-walmart-amazonr_9890,0,0
dn7-walmart-amazonl_1578#dn7-walmart-amazonr_18523,0,0
dn7-walmart-amazonl_2383#dn7-walmart-amazonr_7691,0,0
dn7-walmart-amazonl_2444#dn7-walmart-amazonr_7075,0,0
dn7-walmart-amazonl_2165#dn7-walmart-amazonr_5365,0,0
dn7-walmart-amazonl_135#dn7-walmart-amazonr_15299,0,0
dn7-walmart-amazonl_594#dn7-walmart-amazonr_9344,0,0
dn7-walmart-amazonl_449#dn7-walmart-amazonr_20035,0,0
dn7-walmart-amazonl_868#dn7-walmart-amazonr_14052,0,0
dn7-walmart-amazonl_997#dn7-walmart-amazonr_21078,0,0
dn7-walmart-amazonl_1769#dn7-walmart-amazonr_5882,1,0
dn7-walmart-amazonl_578#dn7-walmart-amazonr_20205,0,0
dn7-walmart-amazonl_109#dn7-walmart-amazonr_20494,0,0
dn7-walmart-amazonl_1820#dn7-walmart-amazonr_6913,0,0
dn7-walmart-amazonl_1209#dn7-walmart-amazonr_16101,0,0
dn7-walmart-amazonl_1794#dn7-walmart-amazonr_4274,0,0
dn7-walmart-amazonl_1770#dn7-walmart-amazonr_8634,0,0
dn7-walmart-amazonl_798#dn7-walmart-amazonr_4353,0,0
dn7-walmart-amazonl_267#dn7-walmart-amazonr_17965,0,0
dn7-walmart-amazonl_1934#dn7-walmart-amazonr_5537,0,0
dn7-walmart-amazonl_2457#dn7-walmart-amazonr_16494,0,0
dn7-walmart-amazonl_2255#dn7-walmart-amazonr_11287,0,0
dn7-walmart-amazonl_2196#dn7-walmart-amazonr_4589,0,0
dn7-walmart-amazonl_996#dn7-walmart-amazonr_10701,0,0
dn7-walmart-amazonl_1447#dn7-walmart-amazonr_267,0,0
dn7-walmart-amazonl_2480#dn7-walmart-amazonr_13705,0,0
dn7-walmart-amazonl_344#dn7-walmart-amazonr_4887,0,0
dn7-walmart-amazonl_2114#dn7-walmart-amazonr_20205,0,0
dn7-walmart-amazonl_1516#dn7-walmart-amazonr_18673,0,0
dn7-walmart-amazonl_1435#dn7-walmart-amazonr_12969,0,0
dn7-walmart-amazonl_1121#dn7-walmart-amazonr_2583,0,0
dn7-walmart-amazonl_2188#dn7-walmart-amazonr_10605,0,0
dn7-walmart-amazonl_680#dn7-walmart-amazonr_3095,0,0
dn7-walmart-amazonl_494#dn7-walmart-amazonr_5668,0,0
dn7-walmart-amazonl_2423#dn7-walmart-amazonr_21288,0,0
dn7-walmart-amazonl_2504#dn7-walmart-amazonr_20429,0,0
dn7-walmart-amazonl_738#dn7-walmart-amazonr_19998,0,0
dn7-walmart-amazonl_32#dn7-walmart-amazonr_12794,0,0
dn7-walmart-amazonl_495#dn7-walmart-amazonr_13141,0,0
dn7-walmart-amazonl_1323#dn7-walmart-amazonr_15262,0,0
dn7-walmart-amazonl_169#dn7-walmart-amazonr_5911,0,0
dn7-walmart-amazonl_1311#dn7-walmart-amazonr_3998,0,0
dn7-walmart-amazonl_103#dn7-walmart-amazonr_15229,0,0
dn7-walmart-amazonl_1673#dn7-walmart-amazonr_1692,0,0
dn7-walmart-amazonl_584#dn7-walmart-amazonr_965,1,1
dn7-walmart-amazonl_1907#dn7-walmart-amazonr_8521,0,0
dn7-walmart-amazonl_1447#dn7-walmart-amazonr_21599,0,0
dn7-walmart-amazonl_2435#dn7-walmart-amazonr_10607,0,0
dn7-walmart-amazonl_1577#dn7-walmart-amazonr_13540,1,1
dn7-walmart-amazonl_161#dn7-walmart-amazonr_17006,0,0
dn7-walmart-amazonl_544#dn7-walmart-amazonr_10896,0,0
dn7-walmart-amazonl_1637#dn7-walmart-amazonr_12999,0,0
dn7-walmart-amazonl_2110#dn7-walmart-amazonr_21145,0,0
dn7-walmart-amazonl_2474#dn7-walmart-amazonr_12515,0,0
dn7-walmart-amazonl_2475#dn7-walmart-amazonr_10343,0,0
dn7-walmart-amazonl_546#dn7-walmart-amazonr_19559,0,0
dn7-walmart-amazonl_436#dn7-walmart-amazonr_21300,0,0
dn7-walmart-amazonl_525#dn7-walmart-amazonr_7716,0,0
dn7-walmart-amazonl_429#dn7-walmart-amazonr_5217,0,0
dn7-walmart-amazonl_1908#dn7-walmart-amazonr_17018,0,0
dn7-walmart-amazonl_66#dn7-walmart-amazonr_3670,0,0
dn7-walmart-amazonl_1937#dn7-walmart-amazonr_892,0,0
dn7-walmart-amazonl_2282#dn7-walmart-amazonr_9321,0,0
dn7-walmart-amazonl_2350#dn7-walmart-amazonr_19096,0,0
dn7-walmart-amazonl_1440#dn7-walmart-amazonr_19248,0,0
dn7-walmart-amazonl_1825#dn7-walmart-amazonr_10276,0,0
dn7-walmart-amazonl_30#dn7-walmart-amazonr_15048,0,0
dn7-walmart-amazonl_2552#dn7-walmart-amazonr_21295,0,0
dn7-walmart-amazonl_603#dn7-walmart-amazonr_21731,1,1
dn7-walmart-amazonl_668#dn7-walmart-amazonr_21890,0,0
dn7-walmart-amazonl_1416#dn7-walmart-amazonr_10875,0,0
dn7-walmart-amazonl_2386#dn7-walmart-amazonr_10159,0,0
dn7-walmart-amazonl_1666#dn7-walmart-amazonr_10199,0,0
dn7-walmart-amazonl_406#dn7-walmart-amazonr_7808,0,0
dn7-walmart-amazonl_2030#dn7-walmart-amazonr_8860,0,0
dn7-walmart-amazonl_1710#dn7-walmart-amazonr_17261,0,0
dn7-walmart-amazonl_2378#dn7-walmart-amazonr_3524,0,0
dn7-walmart-amazonl_1511#dn7-walmart-amazonr_21680,0,0
dn7-walmart-amazonl_1264#dn7-walmart-amazonr_9098,0,0
dn7-walmart-amazonl_106#dn7-walmart-amazonr_3662,0,0
dn7-walmart-amazonl_2272#dn7-walmart-amazonr_10051,0,0
dn7-walmart-amazonl_747#dn7-walmart-amazonr_14875,0,0
dn7-walmart-amazonl_1405#dn7-walmart-amazonr_1260,0,0
dn7-walmart-amazonl_2148#dn7-walmart-amazonr_14056,0,0
dn7-walmart-amazonl_377#dn7-walmart-amazonr_2346,0,0
dn7-walmart-amazonl_2049#dn7-walmart-amazonr_3126,0,0
dn7-walmart-amazonl_1162#dn7-walmart-amazonr_16646,0,0
dn7-walmart-amazonl_1041#dn7-walmart-amazonr_8336,0,0
dn7-walmart-amazonl_190#dn7-walmart-amazonr_20205,0,0
dn7-walmart-amazonl_2427#dn7-walmart-amazonr_1156,1,1
dn7-walmart-amazonl_776#dn7-walmart-amazonr_13969,0,0
dn7-walmart-amazonl_555#dn7-walmart-amazonr_8354,0,0
dn7-walmart-amazonl_1025#dn7-walmart-amazonr_21671,0,0
dn7-walmart-amazonl_836#dn7-walmart-amazonr_21563,0,0
dn7-walmart-amazonl_2022#dn7-walmart-amazonr_3842,0,0
dn7-walmart-amazonl_2321#dn7-walmart-amazonr_8046,0,0
dn7-walmart-amazonl_876#dn7-walmart-amazonr_1503,0,0
dn7-walmart-amazonl_2552#dn7-walmart-amazonr_379,0,0
dn7-walmart-amazonl_1764#dn7-walmart-amazonr_2846,0,0
dn7-walmart-amazonl_1330#dn7-walmart-amazonr_11928,0,0
dn7-walmart-amazonl_2404#dn7-walmart-amazonr_17704,0,0
dn7-walmart-amazonl_1215#dn7-walmart-amazonr_2394,0,0
dn7-walmart-amazonl_2366#dn7-walmart-amazonr_17879,0,0
dn7-walmart-amazonl_2329#dn7-walmart-amazonr_19942,0,0
dn7-walmart-amazonl_2272#dn7-walmart-amazonr_12420,0,0
dn7-walmart-amazonl_611#dn7-walmart-amazonr_5995,0,0
dn7-walmart-amazonl_2260#dn7-walmart-amazonr_189,0,0
dn7-walmart-amazonl_1272#dn7-walmart-amazonr_4352,0,0
dn7-walmart-amazonl_2169#dn7-walmart-amazonr_20289,0,0
dn7-walmart-amazonl_1271#dn7-walmart-amazonr_21062,0,0
dn7-walmart-amazonl_1932#dn7-walmart-amazonr_11011,0,0
dn7-walmart-amazonl_2534#dn7-walmart-amazonr_19700,0,0
dn7-walmart-amazonl_1163#dn7-walmart-amazonr_6860,0,0
dn7-walmart-amazonl_2240#dn7-walmart-amazonr_19201,0,0
dn7-walmart-amazonl_1210#dn7-walmart-amazonr_3521,0,0
dn7-walmart-amazonl_730#dn7-walmart-amazonr_12222,0,0
dn7-walmart-amazonl_1418#dn7-walmart-amazonr_2835,0,0
dn7-walmart-amazonl_2048#dn7-walmart-amazonr_6998,0,0
dn7-walmart-amazonl_167#dn7-walmart-amazonr_9501,0,0
dn7-walmart-amazonl_628#dn7-walmart-amazonr_8607,0,0
dn7-walmart-amazonl_1704#dn7-walmart-amazonr_20798,0,0
dn7-walmart-amazonl_2006#dn7-walmart-amazonr_2644,0,0
dn7-walmart-amazonl_2091#dn7-walmart-amazonr_1448,0,0
dn7-walmart-amazonl_178#dn7-walmart-amazonr_21370,0,0
dn7-walmart-amazonl_1657#dn7-walmart-amazonr_17845,0,0
dn7-walmart-amazonl_480#dn7-walmart-amazonr_8306,0,0
dn7-walmart-amazonl_1154#dn7-walmart-amazonr_15370,0,0
dn7-walmart-amazonl_25#dn7-walmart-amazonr_1342,0,0
dn7-walmart-amazonl_1095#dn7-walmart-amazonr_2704,0,0
dn7-walmart-amazonl_1178#dn7-walmart-amazonr_2824,0,0
dn7-walmart-amazonl_1296#dn7-walmart-amazonr_14687,0,0
dn7-walmart-amazonl_43#dn7-walmart-amazonr_10083,0,0
dn7-walmart-amazonl_2357#dn7-walmart-amazonr_19508,0,0
dn7-walmart-amazonl_1110#dn7-walmart-amazonr_81,0,0
dn7-walmart-amazonl_606#dn7-walmart-amazonr_18761,0,0
dn7-walmart-amazonl_35#dn7-walmart-amazonr_7381,0,1
dn7-walmart-amazonl_2296#dn7-walmart-amazonr_4371,0,0
dn7-walmart-amazonl_107#dn7-walmart-amazonr_7406,0,0
dn7-walmart-amazonl_1517#dn7-walmart-amazonr_15270,0,0
dn7-walmart-amazonl_2350#dn7-walmart-amazonr_11425,0,0
dn7-walmart-amazonl_655#dn7-walmart-amazonr_14146,0,0
dn7-walmart-amazonl_95#dn7-walmart-amazonr_2574,0,0
dn7-walmart-amazonl_1448#dn7-walmart-amazonr_6823,0,0
dn7-walmart-amazonl_2484#dn7-walmart-amazonr_3433,0,0
dn7-walmart-amazonl_2466#dn7-walmart-amazonr_221,0,0
dn7-walmart-amazonl_2154#dn7-walmart-amazonr_12899,0,0
dn7-walmart-amazonl_1599#dn7-walmart-amazonr_13141,0,0
dn7-walmart-amazonl_882#dn7-walmart-amazonr_2897,0,0
dn7-walmart-amazonl_1491#dn7-walmart-amazonr_10745,0,0
dn7-walmart-amazonl_627#dn7-walmart-amazonr_18601,0,0
dn7-walmart-amazonl_1526#dn7-walmart-amazonr_17239,0,0
dn7-walmart-amazonl_863#dn7-walmart-amazonr_16040,0,0
dn7-walmart-amazonl_1023#dn7-walmart-amazonr_20998,0,0
dn7-walmart-amazonl_373#dn7-walmart-amazonr_9673,0,0
dn7-walmart-amazonl_841#dn7-walmart-amazonr_3484,0,0
dn7-walmart-amazonl_1399#dn7-walmart-amazonr_3197,0,0
dn7-walmart-amazonl_1071#dn7-walmart-amazonr_108,0,0
dn7-walmart-amazonl_2204#dn7-walmart-amazonr_17561,0,0
dn7-walmart-amazonl_1066#dn7-walmart-amazonr_374,0,0
dn7-walmart-amazonl_73#dn7-walmart-amazonr_7981,0,0
dn7-walmart-amazonl_1759#dn7-walmart-amazonr_10875,0,0
dn7-walmart-amazonl_1034#dn7-walmart-amazonr_19879,0,0
dn7-walmart-amazonl_2296#dn7-walmart-amazonr_2381,0,0
dn7-walmart-amazonl_508#dn7-walmart-amazonr_12881,0,0
dn7-walmart-amazonl_2140#dn7-walmart-amazonr_4185,0,0
dn7-walmart-amazonl_543#dn7-walmart-amazonr_13380,0,0
dn7-walmart-amazonl_1487#dn7-walmart-amazonr_6832,0,0
dn7-walmart-amazonl_2312#dn7-walmart-amazonr_10607,0,0
dn7-walmart-amazonl_1089#dn7-walmart-amazonr_621,0,0
dn7-walmart-amazonl_144#dn7-walmart-amazonr_21639,0,0
dn7-walmart-amazonl_1886#dn7-walmart-amazonr_17807,0,0
dn7-walmart-amazonl_1372#dn7-walmart-amazonr_151,0,0
dn7-walmart-amazonl_181#dn7-walmart-amazonr_6332,0,0
dn7-walmart-amazonl_1228#dn7-walmart-amazonr_5479,0,0
dn7-walmart-amazonl_1637#dn7-walmart-amazonr_17529,0,0
dn7-walmart-amazonl_2026#dn7-walmart-amazonr_4532,0,0
dn7-walmart-amazonl_2473#dn7-walmart-amazonr_12363,0,0
dn7-walmart-amazonl_2152#dn7-walmart-amazonr_12448,0,0
dn7-walmart-amazonl_1481#dn7-walmart-amazonr_904,0,0
dn7-walmart-amazonl_1519#dn7-walmart-amazonr_16042,0,0
dn7-walmart-amazonl_201#dn7-walmart-amazonr_3554,0,0
dn7-walmart-amazonl_2317#dn7-walmart-amazonr_15836,0,0
dn7-walmart-amazonl_1341#dn7-walmart-amazonr_12446,0,0
dn7-walmart-amazonl_1051#dn7-walmart-amazonr_3068,0,0
dn7-walmart-amazonl_1785#dn7-walmart-amazonr_11782,0,0
dn7-walmart-amazonl_264#dn7-walmart-amazonr_11764,0,0
dn7-walmart-amazonl_1785#dn7-walmart-amazonr_504,0,0
dn7-walmart-amazonl_1629#dn7-walmart-amazonr_1051,0,0
dn7-walmart-amazonl_921#dn7-walmart-amazonr_11019,0,0
dn7-walmart-amazonl_676#dn7-walmart-amazonr_17823,0,0
dn7-walmart-amazonl_1013#dn7-walmart-amazonr_18856,0,0
dn7-walmart-amazonl_2231#dn7-walmart-amazonr_2931,0,0
dn7-walmart-amazonl_1035#dn7-walmart-amazonr_10056,0,0
dn7-walmart-amazonl_982#dn7-walmart-amazonr_6000,0,0
dn7-walmart-amazonl_159#dn7-walmart-amazonr_9708,0,0
dn7-walmart-amazonl_2521#dn7-walmart-amazonr_2501,0,0
dn7-walmart-amazonl_2248#dn7-walmart-amazonr_20237,0,0
dn7-walmart-amazonl_1178#dn7-walmart-amazonr_16108,0,0
dn7-walmart-amazonl_2354#dn7-walmart-amazonr_904,0,0
dn7-walmart-amazonl_2531#dn7-walmart-amazonr_13765,0,0
dn7-walmart-amazonl_84#dn7-walmart-amazonr_20646,0,0
dn7-walmart-amazonl_1621#dn7-walmart-amazonr_17872,0,0
dn7-walmart-amazonl_220#dn7-walmart-amazonr_207,0,0
dn7-walmart-amazonl_2060#dn7-walmart-amazonr_13233,0,0
dn7-walmart-amazonl_2494#dn7-walmart-amazonr_9132,0,0
dn7-walmart-amazonl_2088#dn7-walmart-amazonr_16624,0,0
dn7-walmart-amazonl_963#dn7-walmart-amazonr_5011,0,0
dn7-walmart-amazonl_2025#dn7-walmart-amazonr_698,0,0
dn7-walmart-amazonl_377#dn7-walmart-amazonr_21682,0,0
dn7-walmart-amazonl_356#dn7-walmart-amazonr_7141,0,0
dn7-walmart-amazonl_2519#dn7-walmart-amazonr_3249,0,0
dn7-walmart-amazonl_1721#dn7-walmart-amazonr_17765,0,0
dn7-walmart-amazonl_1142#dn7-walmart-amazonr_22051,0,0
dn7-walmart-amazonl_344#dn7-walmart-amazonr_8009,0,0
dn7-walmart-amazonl_321#dn7-walmart-amazonr_10661,0,0
dn7-walmart-amazonl_987#dn7-walmart-amazonr_12997,0,0
dn7-walmart-amazonl_2114#dn7-walmart-amazonr_7592,0,0
dn7-walmart-amazonl_685#dn7-walmart-amazonr_13370,0,0
dn7-walmart-amazonl_2255#dn7-walmart-amazonr_14015,1,1
dn7-walmart-amazonl_1796#dn7-walmart-amazonr_10639,0,0
dn7-walmart-amazonl_114#dn7-walmart-amazonr_896,0,0
dn7-walmart-amazonl_2080#dn7-walmart-amazonr_18134,0,0
dn7-walmart-amazonl_1732#dn7-walmart-amazonr_14303,0,0
dn7-walmart-amazonl_1950#dn7-walmart-amazonr_18815,0,0
dn7-walmart-amazonl_800#dn7-walmart-amazonr_12959,0,0
dn7-walmart-amazonl_539#dn7-walmart-amazonr_19911,0,0
dn7-walmart-amazonl_772#dn7-walmart-amazonr_9026,0,0
dn7-walmart-amazonl_1673#dn7-walmart-amazonr_12572,0,0
dn7-walmart-amazonl_35#dn7-walmart-amazonr_19182,0,0
dn7-walmart-amazonl_1128#dn7-walmart-amazonr_19624,0,0
dn7-walmart-amazonl_1433#dn7-walmart-amazonr_11206,0,0
dn7-walmart-amazonl_521#dn7-walmart-amazonr_906,0,0
dn7-walmart-amazonl_993#dn7-walmart-amazonr_464,0,0
dn7-walmart-amazonl_1530#dn7-walmart-amazonr_7273,0,0
dn7-walmart-amazonl_2277#dn7-walmart-amazonr_3929,0,0
dn7-walmart-amazonl_2549#dn7-walmart-amazonr_20004,0,0
dn7-walmart-amazonl_1788#dn7-walmart-amazonr_19402,0,0
dn7-walmart-amazonl_2425#dn7-walmart-amazonr_5953,0,0
dn7-walmart-amazonl_1853#dn7-walmart-amazonr_6437,0,0
dn7-walmart-amazonl_1238#dn7-walmart-amazonr_4638,0,0
dn7-walmart-amazonl_286#dn7-walmart-amazonr_8940,0,0
dn7-walmart-amazonl_1636#dn7-walmart-amazonr_15100,0,0
dn7-walmart-amazonl_2131#dn7-walmart-amazonr_5396,0,0
dn7-walmart-amazonl_2251#dn7-walmart-amazonr_6560,0,0
dn7-walmart-amazonl_2493#dn7-walmart-amazonr_20920,0,0
dn7-walmart-amazonl_726#dn7-walmart-amazonr_10507,0,0
dn7-walmart-amazonl_1868#dn7-walmart-amazonr_12092,0,0
dn7-walmart-amazonl_916#dn7-walmart-amazonr_8910,1,1
dn7-walmart-amazonl_1735#dn7-walmart-amazonr_11513,0,0
dn7-walmart-amazonl_2300#dn7-walmart-amazonr_15568,0,0
dn7-walmart-amazonl_2340#dn7-walmart-amazonr_18716,0,0
dn7-walmart-amazonl_1655#dn7-walmart-amazonr_14300,0,0
dn7-walmart-amazonl_2403#dn7-walmart-amazonr_8454,0,0
dn7-walmart-amazonl_2045#dn7-walmart-amazonr_8924,0,0
dn7-walmart-amazonl_2037#dn7-walmart-amazonr_8519,0,0
dn7-walmart-amazonl_1510#dn7-walmart-amazonr_2634,0,0
dn7-walmart-amazonl_2287#dn7-walmart-amazonr_21175,0,0
dn7-walmart-amazonl_2138#dn7-walmart-amazonr_20864,0,0
dn7-walmart-amazonl_363#dn7-walmart-amazonr_6876,0,0
dn7-walmart-amazonl_303#dn7-walmart-amazonr_21575,0,0
dn7-walmart-amazonl_925#dn7-walmart-amazonr_1829,0,0
dn7-walmart-amazonl_1592#dn7-walmart-amazonr_20840,0,0
dn7-walmart-amazonl_1299#dn7-walmart-amazonr_1069,0,0
dn7-walmart-amazonl_2396#dn7-walmart-amazonr_17996,0,0
dn7-walmart-amazonl_341#dn7-walmart-amazonr_3929,0,0
dn7-walmart-amazonl_1302#dn7-walmart-amazonr_11183,0,0
dn7-walmart-amazonl_2237#dn7-walmart-amazonr_21187,0,0
dn7-walmart-amazonl_2103#dn7-walmart-amazonr_8913,0,0
dn7-walmart-amazonl_1733#dn7-walmart-amazonr_11465,0,0
dn7-walmart-amazonl_792#dn7-walmart-amazonr_6397,0,0
dn7-walmart-amazonl_1535#dn7-walmart-amazonr_18605,0,0
dn7-walmart-amazonl_2324#dn7-walmart-amazonr_13338,0,0
dn7-walmart-amazonl_1843#dn7-walmart-amazonr_19030,0,0
dn7-walmart-amazonl_2305#dn7-walmart-amazonr_5250,0,0
dn7-walmart-amazonl_2490#dn7-walmart-amazonr_7661,0,0
dn7-walmart-amazonl_947#dn7-walmart-amazonr_1469,0,0
dn7-walmart-amazonl_1949#dn7-walmart-amazonr_18221,0,0
dn7-walmart-amazonl_134#dn7-walmart-amazonr_9798,0,0
dn7-walmart-amazonl_963#dn7-walmart-amazonr_3033,0,0
dn7-walmart-amazonl_1399#dn7-walmart-amazonr_21232,0,0
dn7-walmart-amazonl_1245#dn7-walmart-amazonr_14367,0,0
dn7-walmart-amazonl_2099#dn7-walmart-amazonr_9040,0,0
dn7-walmart-amazonl_2296#dn7-walmart-amazonr_4823,0,0
dn7-walmart-amazonl_1780#dn7-walmart-amazonr_16623,0,0
dn7-walmart-amazonl_970#dn7-walmart-amazonr_2997,0,0
dn7-walmart-amazonl_1420#dn7-walmart-amazonr_22043,0,0
dn7-walmart-amazonl_2242#dn7-walmart-amazonr_13332,0,0
dn7-walmart-amazonl_812#dn7-walmart-amazonr_13244,0,0
dn7-walmart-amazonl_2215#dn7-walmart-amazonr_1864,0,0
dn7-walmart-amazonl_153#dn7-walmart-amazonr_5549,0,0
dn7-walmart-amazonl_27#dn7-walmart-amazonr_9973,0,0
dn7-walmart-amazonl_1018#dn7-walmart-amazonr_16203,0,0
dn7-walmart-amazonl_1063#dn7-walmart-amazonr_18,0,0
dn7-walmart-amazonl_529#dn7-walmart-amazonr_17879,1,1
dn7-walmart-amazonl_485#dn7-walmart-amazonr_7159,0,0
dn7-walmart-amazonl_1992#dn7-walmart-amazonr_20485,0,0
dn7-walmart-amazonl_369#dn7-walmart-amazonr_9865,0,0
dn7-walmart-amazonl_433#dn7-walmart-amazonr_15059,0,0
dn7-walmart-amazonl_251#dn7-walmart-amazonr_16142,0,0
dn7-walmart-amazonl_981#dn7-walmart-amazonr_4260,0,0
dn7-walmart-amazonl_78#dn7-walmart-amazonr_3931,0,0
dn7-walmart-amazonl_1969#dn7-walmart-amazonr_1097,0,0
dn7-walmart-amazonl_2209#dn7-walmart-amazonr_298,0,0
dn7-walmart-amazonl_299#dn7-walmart-amazonr_21438,0,0
dn7-walmart-amazonl_1338#dn7-walmart-amazonr_17605,0,0
dn7-walmart-amazonl_2008#dn7-walmart-amazonr_11644,0,0
dn7-walmart-amazonl_1332#dn7-walmart-amazonr_2827,0,0
dn7-walmart-amazonl_2273#dn7-walmart-amazonr_15273,0,0
dn7-walmart-amazonl_494#dn7-walmart-amazonr_12421,0,0
dn7-walmart-amazonl_1392#dn7-walmart-amazonr_20274,0,0
dn7-walmart-amazonl_1755#dn7-walmart-amazonr_2506,0,0
dn7-walmart-amazonl_1361#dn7-walmart-amazonr_14132,0,0
dn7-walmart-amazonl_1292#dn7-walmart-amazonr_10971,0,0
dn7-walmart-amazonl_2440#dn7-walmart-amazonr_4079,0,0
dn7-walmart-amazonl_924#dn7-walmart-amazonr_2316,0,0
dn7-walmart-amazonl_1235#dn7-walmart-amazonr_8217,0,0
dn7-walmart-amazonl_2225#dn7-walmart-amazonr_20205,0,0
dn7-walmart-amazonl_2449#dn7-walmart-amazonr_19096,0,0
dn7-walmart-amazonl_2375#dn7-walmart-amazonr_12599,0,0
dn7-walmart-amazonl_1028#dn7-walmart-amazonr_5378,0,0
dn7-walmart-amazonl_2106#dn7-walmart-amazonr_6284,0,0
dn7-walmart-amazonl_2436#dn7-walmart-amazonr_13176,0,0
dn7-walmart-amazonl_57#dn7-walmart-amazonr_12060,0,0
dn7-walmart-amazonl_688#dn7-walmart-amazonr_873,0,0
dn7-walmart-amazonl_203#dn7-walmart-amazonr_20825,0,0
dn7-walmart-amazonl_1777#dn7-walmart-amazonr_1790,0,0
dn7-walmart-amazonl_2550#dn7-walmart-amazonr_3027,0,0
dn7-walmart-amazonl_2297#dn7-walmart-amazonr_2689,0,0
dn7-walmart-amazonl_2505#dn7-walmart-amazonr_18301,0,0
dn7-walmart-amazonl_86#dn7-walmart-amazonr_19658,0,0
dn7-walmart-amazonl_717#dn7-walmart-amazonr_1713,0,0
dn7-walmart-amazonl_1976#dn7-walmart-amazonr_9866,0,0
dn7-walmart-amazonl_1525#dn7-walmart-amazonr_589,0,0
dn7-walmart-amazonl_1283#dn7-walmart-amazonr_11019,0,0
dn7-walmart-amazonl_2455#dn7-walmart-amazonr_4137,0,0
dn7-walmart-amazonl_1278#dn7-walmart-amazonr_15938,0,0
dn7-walmart-amazonl_385#dn7-walmart-amazonr_15672,0,0
dn7-walmart-amazonl_2175#dn7-walmart-amazonr_12705,0,0
dn7-walmart-amazonl_326#dn7-walmart-amazonr_4848,0,0
dn7-walmart-amazonl_1591#dn7-walmart-amazonr_13192,0,0
dn7-walmart-amazonl_811#dn7-walmart-amazonr_6342,0,0
dn7-walmart-amazonl_739#dn7-walmart-amazonr_16875,0,0
dn7-walmart-amazonl_1894#dn7-walmart-amazonr_20809,0,0
dn7-walmart-amazonl_1941#dn7-walmart-amazonr_7838,0,0
dn7-walmart-amazonl_339#dn7-walmart-amazonr_11600,0,0
dn7-walmart-amazonl_321#dn7-walmart-amazonr_2238,0,0
dn7-walmart-amazonl_240#dn7-walmart-amazonr_1030,0,0
dn7-walmart-amazonl_341#dn7-walmart-amazonr_19614,0,0
dn7-walmart-amazonl_2032#dn7-walmart-amazonr_21772,0,0
dn7-walmart-amazonl_228#dn7-walmart-amazonr_14050,0,0
dn7-walmart-amazonl_1713#dn7-walmart-amazonr_21199,0,0
dn7-walmart-amazonl_1993#dn7-walmart-amazonr_4736,0,0
dn7-walmart-amazonl_1524#dn7-walmart-amazonr_9285,0,0
dn7-walmart-amazonl_68#dn7-walmart-amazonr_7135,0,0
dn7-walmart-amazonl_253#dn7-walmart-amazonr_13718,0,0
dn7-walmart-amazonl_1842#dn7-walmart-amazonr_14840,0,0
dn7-walmart-amazonl_598#dn7-walmart-amazonr_11641,0,0
dn7-walmart-amazonl_1765#dn7-walmart-amazonr_14203,0,0
dn7-walmart-amazonl_1118#dn7-walmart-amazonr_3324,0,0
dn7-walmart-amazonl_1315#dn7-walmart-amazonr_19969,0,0
dn7-walmart-amazonl_1860#dn7-walmart-amazonr_10167,0,0
dn7-walmart-amazonl_740#dn7-walmart-amazonr_16777,0,0
dn7-walmart-amazonl_1381#dn7-walmart-amazonr_10790,0,0
dn7-walmart-amazonl_133#dn7-walmart-amazonr_18758,1,1
dn7-walmart-amazonl_115#dn7-walmart-amazonr_9739,0,0
dn7-walmart-amazonl_2066#dn7-walmart-amazonr_1031,0,0
dn7-walmart-amazonl_2518#dn7-walmart-amazonr_20114,0,0
dn7-walmart-amazonl_566#dn7-walmart-amazonr_16626,0,0
dn7-walmart-amazonl_997#dn7-walmart-amazonr_5357,0,0
dn7-walmart-amazonl_2422#dn7-walmart-amazonr_3234,0,0
dn7-walmart-amazonl_371#dn7-walmart-amazonr_21931,0,0
dn7-walmart-amazonl_888#dn7-walmart-amazonr_1479,0,0
dn7-walmart-amazonl_2390#dn7-walmart-amazonr_8689,0,0
dn7-walmart-amazonl_1765#dn7-walmart-amazonr_2289,0,0
dn7-walmart-amazonl_19#dn7-walmart-amazonr_7930,0,0
dn7-walmart-amazonl_216#dn7-walmart-amazonr_9622,0,0
dn7-walmart-amazonl_1423#dn7-walmart-amazonr_17198,0,0
dn7-walmart-amazonl_1179#dn7-walmart-amazonr_18495,0,0
dn7-walmart-amazonl_2417#dn7-walmart-amazonr_1436,0,0
dn7-walmart-amazonl_1191#dn7-walmart-amazonr_7535,0,0
dn7-walmart-amazonl_281#dn7-walmart-amazonr_20258,0,0
dn7-walmart-amazonl_336#dn7-walmart-amazonr_17831,0,0
dn7-walmart-amazonl_1573#dn7-walmart-amazonr_7447,0,0
dn7-walmart-amazonl_815#dn7-walmart-amazonr_2052,0,0
dn7-walmart-amazonl_620#dn7-walmart-amazonr_14189,0,0
dn7-walmart-amazonl_294#dn7-walmart-amazonr_11994,0,0
dn7-walmart-amazonl_1926#dn7-walmart-amazonr_11858,0,0
dn7-walmart-amazonl_465#dn7-walmart-amazonr_15269,0,0
dn7-walmart-amazonl_2507#dn7-walmart-amazonr_19937,0,0
dn7-walmart-amazonl_1013#dn7-walmart-amazonr_4829,0,0
dn7-walmart-amazonl_2230#dn7-walmart-amazonr_9366,0,0
dn7-walmart-amazonl_1669#dn7-walmart-amazonr_5682,0,0
dn7-walmart-amazonl_1899#dn7-walmart-amazonr_21292,0,0
dn7-walmart-amazonl_878#dn7-walmart-amazonr_6713,0,0
dn7-walmart-amazonl_1426#dn7-walmart-amazonr_20567,0,0
dn7-walmart-amazonl_2281#dn7-walmart-amazonr_2550,0,0
dn7-walmart-amazonl_481#dn7-walmart-amazonr_14854,0,0
dn7-walmart-amazonl_2286#dn7-walmart-amazonr_4104,0,0
dn7-walmart-amazonl_1151#dn7-walmart-amazonr_17101,0,0
dn7-walmart-amazonl_573#dn7-walmart-amazonr_6593,0,0
dn7-walmart-amazonl_364#dn7-walmart-amazonr_20530,0,0
dn7-walmart-amazonl_444#dn7-walmart-amazonr_6998,0,0
dn7-walmart-amazonl_2175#dn7-walmart-amazonr_11715,0,0
dn7-walmart-amazonl_269#dn7-walmart-amazonr_10006,0,0
dn7-walmart-amazonl_265#dn7-walmart-amazonr_20891,0,0
dn7-walmart-amazonl_2271#dn7-walmart-amazonr_7125,0,0
dn7-walmart-amazonl_2178#dn7-walmart-amazonr_21848,0,0
dn7-walmart-amazonl_464#dn7-walmart-amazonr_1488,0,0
dn7-walmart-amazonl_2098#dn7-walmart-amazonr_8545,0,0
dn7-walmart-amazonl_493#dn7-walmart-amazonr_20035,0,0
dn7-walmart-amazonl_470#dn7-walmart-amazonr_6096,0,0
dn7-walmart-amazonl_1897#dn7-walmart-amazonr_2741,0,0
dn7-walmart-amazonl_2531#dn7-walmart-amazonr_19976,1,1
dn7-walmart-amazonl_1650#dn7-walmart-amazonr_919,0,0
dn7-walmart-amazonl_724#dn7-walmart-amazonr_19400,0,0
dn7-walmart-amazonl_1734#dn7-walmart-amazonr_5571,0,0
dn7-walmart-amazonl_404#dn7-walmart-amazonr_6171,0,0
dn7-walmart-amazonl_1780#dn7-walmart-amazonr_18897,0,0
dn7-walmart-amazonl_1657#dn7-walmart-amazonr_1043,0,0
dn7-walmart-amazonl_1724#dn7-walmart-amazonr_1355,0,0
dn7-walmart-amazonl_1056#dn7-walmart-amazonr_21661,0,0
dn7-walmart-amazonl_343#dn7-walmart-amazonr_10308,0,0
dn7-walmart-amazonl_483#dn7-walmart-amazonr_742,0,0
dn7-walmart-amazonl_832#dn7-walmart-amazonr_4079,0,0
dn7-walmart-amazonl_2171#dn7-walmart-amazonr_15938,0,0
dn7-walmart-amazonl_639#dn7-walmart-amazonr_12389,0,0
dn7-walmart-amazonl_70#dn7-walmart-amazonr_2216,0,0
dn7-walmart-amazonl_2489#dn7-walmart-amazonr_1970,0,0
dn7-walmart-amazonl_1642#dn7-walmart-amazonr_12445,0,0
dn7-walmart-amazonl_1213#dn7-walmart-amazonr_19176,0,0
dn7-walmart-amazonl_693#dn7-walmart-amazonr_12609,0,0
dn7-walmart-amazonl_1156#dn7-walmart-amazonr_9169,0,0
dn7-walmart-amazonl_1882#dn7-walmart-amazonr_9825,0,0
dn7-walmart-amazonl_856#dn7-walmart-amazonr_4725,0,0
dn7-walmart-amazonl_149#dn7-walmart-amazonr_19030,0,0
dn7-walmart-amazonl_2395#dn7-walmart-amazonr_14483,0,0
dn7-walmart-amazonl_304#dn7-walmart-amazonr_1938,0,0
dn7-walmart-amazonl_933#dn7-walmart-amazonr_5559,0,0
dn7-walmart-amazonl_1604#dn7-walmart-amazonr_11314,0,0
dn7-walmart-amazonl_1162#dn7-walmart-amazonr_4461,0,0
dn7-walmart-amazonl_1428#dn7-walmart-amazonr_9688,0,0
dn7-walmart-amazonl_1062#dn7-walmart-amazonr_2563,0,0
dn7-walmart-amazonl_1704#dn7-walmart-amazonr_17417,0,0
dn7-walmart-amazonl_1919#dn7-walmart-amazonr_8505,0,0
dn7-walmart-amazonl_2551#dn7-walmart-amazonr_13916,0,0
dn7-walmart-amazonl_2127#dn7-walmart-amazonr_2017,0,0
dn7-walmart-amazonl_802#dn7-walmart-amazonr_1318,0,0
dn7-walmart-amazonl_325#dn7-walmart-amazonr_2624,0,0
dn7-walmart-amazonl_944#dn7-walmart-amazonr_14804,0,0
dn7-walmart-amazonl_2114#dn7-walmart-amazonr_15849,0,0
dn7-walmart-amazonl_984#dn7-walmart-amazonr_14242,0,0
dn7-walmart-amazonl_781#dn7-walmart-amazonr_17483,1,1
dn7-walmart-amazonl_61#dn7-walmart-amazonr_6842,0,0
dn7-walmart-amazonl_1113#dn7-walmart-amazonr_6264,0,0
dn7-walmart-amazonl_1767#dn7-walmart-amazonr_21114,0,0
dn7-walmart-amazonl_2385#dn7-walmart-amazonr_9537,0,0
dn7-walmart-amazonl_248#dn7-walmart-amazonr_1690,0,0
dn7-walmart-amazonl_25#dn7-walmart-amazonr_1032,0,0
dn7-walmart-amazonl_1889#dn7-walmart-amazonr_7965,0,0
dn7-walmart-amazonl_875#dn7-walmart-amazonr_6208,0,0
dn7-walmart-amazonl_2456#dn7-walmart-amazonr_21369,0,0
dn7-walmart-amazonl_2127#dn7-walmart-amazonr_11913,0,0
dn7-walmart-amazonl_456#dn7-walmart-amazonr_2933,0,0
dn7-walmart-amazonl_72#dn7-walmart-amazonr_8875,0,0
dn7-walmart-amazonl_2430#dn7-walmart-amazonr_5459,0,0
dn7-walmart-amazonl_334#dn7-walmart-amazonr_725,0,0
dn7-walmart-amazonl_79#dn7-walmart-amazonr_18186,0,0
dn7-walmart-amazonl_1396#dn7-walmart-amazonr_20879,0,0
dn7-walmart-amazonl_339#dn7-walmart-amazonr_13561,0,0
dn7-walmart-amazonl_1450#dn7-walmart-amazonr_7294,0,0
dn7-walmart-amazonl_1313#dn7-walmart-amazonr_0,0,0
dn7-walmart-amazonl_2327#dn7-walmart-amazonr_4250,0,0
dn7-walmart-amazonl_852#dn7-walmart-amazonr_21789,0,0
dn7-walmart-amazonl_260#dn7-walmart-amazonr_3777,1,1
dn7-walmart-amazonl_2516#dn7-walmart-amazonr_19728,0,0
dn7-walmart-amazonl_2029#dn7-walmart-amazonr_8015,0,0
dn7-walmart-amazonl_1655#dn7-walmart-amazonr_21083,0,0
dn7-walmart-amazonl_2433#dn7-walmart-amazonr_20130,0,0
dn7-walmart-amazonl_442#dn7-walmart-amazonr_15667,0,0
dn7-walmart-amazonl_838#dn7-walmart-amazonr_5737,0,0
dn7-walmart-amazonl_2364#dn7-walmart-amazonr_16192,0,0
dn7-walmart-amazonl_279#dn7-walmart-amazonr_21845,0,0
dn7-walmart-amazonl_1408#dn7-walmart-amazonr_20723,0,0
dn7-walmart-amazonl_1162#dn7-walmart-amazonr_232,0,0
dn7-walmart-amazonl_2417#dn7-walmart-amazonr_12521,0,0
dn7-walmart-amazonl_1386#dn7-walmart-amazonr_16759,0,0
dn7-walmart-amazonl_889#dn7-walmart-amazonr_8763,0,0
dn7-walmart-amazonl_1317#dn7-walmart-amazonr_11368,0,0
dn7-walmart-amazonl_2129#dn7-walmart-amazonr_12225,0,0
dn7-walmart-amazonl_1188#dn7-walmart-amazonr_10975,0,0
dn7-walmart-amazonl_2294#dn7-walmart-amazonr_12421,0,0
dn7-walmart-amazonl_1052#dn7-walmart-amazonr_21694,0,0
dn7-walmart-amazonl_830#dn7-walmart-amazonr_7860,0,0
dn7-walmart-amazonl_1988#dn7-walmart-amazonr_18544,0,0
dn7-walmart-amazonl_2455#dn7-walmart-amazonr_15155,0,0
dn7-walmart-amazonl_2183#dn7-walmart-amazonr_19761,0,0
dn7-walmart-amazonl_2170#dn7-walmart-amazonr_10465,0,0
dn7-walmart-amazonl_1054#dn7-walmart-amazonr_3975,0,0
dn7-walmart-amazonl_1668#dn7-walmart-amazonr_8653,0,0
dn7-walmart-amazonl_2537#dn7-walmart-amazonr_10479,0,0
dn7-walmart-amazonl_487#dn7-walmart-amazonr_3329,0,0
dn7-walmart-amazonl_1115#dn7-walmart-amazonr_12853,0,0
dn7-walmart-amazonl_552#dn7-walmart-amazonr_9528,0,0
dn7-walmart-amazonl_1475#dn7-walmart-amazonr_8646,0,0
dn7-walmart-amazonl_418#dn7-walmart-amazonr_14698,0,0
dn7-walmart-amazonl_1276#dn7-walmart-amazonr_19452,0,0
dn7-walmart-amazonl_1363#dn7-walmart-amazonr_1782,0,0
dn7-walmart-amazonl_277#dn7-walmart-amazonr_8424,0,0
dn7-walmart-amazonl_2368#dn7-walmart-amazonr_3382,0,0
dn7-walmart-amazonl_1515#dn7-walmart-amazonr_21314,0,0
dn7-walmart-amazonl_340#dn7-walmart-amazonr_9151,0,0
dn7-walmart-amazonl_1257#dn7-walmart-amazonr_433,0,0
dn7-walmart-amazonl_603#dn7-walmart-amazonr_3324,0,0
dn7-walmart-amazonl_1338#dn7-walmart-amazonr_18239,0,0
dn7-walmart-amazonl_1334#dn7-walmart-amazonr_10549,0,0
dn7-walmart-amazonl_1791#dn7-walmart-amazonr_1184,0,0
dn7-walmart-amazonl_1350#dn7-walmart-amazonr_18611,0,0
dn7-walmart-amazonl_1051#dn7-walmart-amazonr_8555,0,0
dn7-walmart-amazonl_1313#dn7-walmart-amazonr_9877,0,0
dn7-walmart-amazonl_403#dn7-walmart-amazonr_6748,0,0
dn7-walmart-amazonl_312#dn7-walmart-amazonr_8070,0,0
dn7-walmart-amazonl_1852#dn7-walmart-amazonr_21560,0,0
dn7-walmart-amazonl_1310#dn7-walmart-amazonr_14919,0,0
dn7-walmart-amazonl_872#dn7-walmart-amazonr_1648,0,0
dn7-walmart-amazonl_1957#dn7-walmart-amazonr_16399,0,0
dn7-walmart-amazonl_584#dn7-walmart-amazonr_17681,0,0
dn7-walmart-amazonl_2425#dn7-walmart-amazonr_8722,0,0
dn7-walmart-amazonl_428#dn7-walmart-amazonr_20757,0,0
dn7-walmart-amazonl_516#dn7-walmart-amazonr_7035,0,0
dn7-walmart-amazonl_305#dn7-walmart-amazonr_15301,0,0
dn7-walmart-amazonl_1300#dn7-walmart-amazonr_8336,0,0
dn7-walmart-amazonl_22#dn7-walmart-amazonr_20961,0,0
dn7-walmart-amazonl_811#dn7-walmart-amazonr_453,1,1
dn7-walmart-amazonl_1872#dn7-walmart-amazonr_6322,0,0
dn7-walmart-amazonl_2174#dn7-walmart-amazonr_12436,0,0
dn7-walmart-amazonl_1672#dn7-walmart-amazonr_6465,0,0
dn7-walmart-amazonl_1132#dn7-walmart-amazonr_18601,0,0
dn7-walmart-amazonl_600#dn7-walmart-amazonr_6845,0,0
dn7-walmart-amazonl_2543#dn7-walmart-amazonr_562,0,0
dn7-walmart-amazonl_1732#dn7-walmart-amazonr_14063,0,0
dn7-walmart-amazonl_777#dn7-walmart-amazonr_20285,0,0
dn7-walmart-amazonl_526#dn7-walmart-amazonr_19080,0,0
dn7-walmart-amazonl_548#dn7-walmart-amazonr_14939,0,0
dn7-walmart-amazonl_2164#dn7-walmart-amazonr_381,0,0
dn7-walmart-amazonl_75#dn7-walmart-amazonr_3196,0,0
dn7-walmart-amazonl_1760#dn7-walmart-amazonr_11869,0,0
dn7-walmart-amazonl_351#dn7-walmart-amazonr_12891,0,0
dn7-walmart-amazonl_858#dn7-walmart-amazonr_12655,0,0
dn7-walmart-amazonl_2047#dn7-walmart-amazonr_11919,0,0
dn7-walmart-amazonl_1076#dn7-walmart-amazonr_5998,0,0
dn7-walmart-amazonl_1171#dn7-walmart-amazonr_16936,0,0
dn7-walmart-amazonl_872#dn7-walmart-amazonr_2737,0,0
dn7-walmart-amazonl_2220#dn7-walmart-amazonr_17561,0,0
dn7-walmart-amazonl_37#dn7-walmart-amazonr_5600,0,0
dn7-walmart-amazonl_727#dn7-walmart-amazonr_15390,0,0
dn7-walmart-amazonl_699#dn7-walmart-amazonr_8340,0,0
dn7-walmart-amazonl_503#dn7-walmart-amazonr_5788,0,0
dn7-walmart-amazonl_1104#dn7-walmart-amazonr_20699,0,0
dn7-walmart-amazonl_394#dn7-walmart-amazonr_17444,0,0
dn7-walmart-amazonl_1726#dn7-walmart-amazonr_3202,0,0
dn7-walmart-amazonl_2192#dn7-walmart-amazonr_9103,0,0
dn7-walmart-amazonl_1548#dn7-walmart-amazonr_10507,0,0
dn7-walmart-amazonl_1002#dn7-walmart-amazonr_6896,0,0
dn7-walmart-amazonl_375#dn7-walmart-amazonr_7052,0,0
dn7-walmart-amazonl_1718#dn7-walmart-amazonr_21718,0,0
dn7-walmart-amazonl_490#dn7-walmart-amazonr_9975,0,0
dn7-walmart-amazonl_81#dn7-walmart-amazonr_12122,0,0
dn7-walmart-amazonl_1606#dn7-walmart-amazonr_18687,1,1
dn7-walmart-amazonl_2248#dn7-walmart-amazonr_18833,0,0
dn7-walmart-amazonl_1399#dn7-walmart-amazonr_13890,0,0
dn7-walmart-amazonl_2368#dn7-walmart-amazonr_7390,0,0
dn7-walmart-amazonl_1626#dn7-walmart-amazonr_3069,0,0
dn7-walmart-amazonl_16#dn7-walmart-amazonr_11214,0,0
dn7-walmart-amazonl_877#dn7-walmart-amazonr_12323,0,0
dn7-walmart-amazonl_184#dn7-walmart-amazonr_14620,0,0
dn7-walmart-amazonl_808#dn7-walmart-amazonr_19387,0,0
dn7-walmart-amazonl_1852#dn7-walmart-amazonr_22067,0,0
dn7-walmart-amazonl_375#dn7-walmart-amazonr_13082,0,0
dn7-walmart-amazonl_223#dn7-walmart-amazonr_13572,0,0
dn7-walmart-amazonl_1994#dn7-walmart-amazonr_19956,0,0
dn7-walmart-amazonl_2501#dn7-walmart-amazonr_484,0,0
dn7-walmart-amazonl_479#dn7-walmart-amazonr_4104,0,0
dn7-walmart-amazonl_2477#dn7-walmart-amazonr_931,0,0
dn7-walmart-amazonl_1518#dn7-walmart-amazonr_15282,0,0
dn7-walmart-amazonl_787#dn7-walmart-amazonr_2828,0,1
dn7-walmart-amazonl_691#dn7-walmart-amazonr_17290,0,0
dn7-walmart-amazonl_1478#dn7-walmart-amazonr_15680,0,0
dn7-walmart-amazonl_504#dn7-walmart-amazonr_11462,0,0
dn7-walmart-amazonl_2185#dn7-walmart-amazonr_1941,0,0
dn7-walmart-amazonl_2310#dn7-walmart-amazonr_20156,0,0
dn7-walmart-amazonl_1499#dn7-walmart-amazonr_21803,0,0
dn7-walmart-amazonl_785#dn7-walmart-amazonr_9744,0,0
dn7-walmart-amazonl_1534#dn7-walmart-amazonr_12396,0,0
dn7-walmart-amazonl_169#dn7-walmart-amazonr_390,0,0
dn7-walmart-amazonl_1700#dn7-walmart-amazonr_12165,0,0
dn7-walmart-amazonl_1069#dn7-walmart-amazonr_10355,0,0
dn7-walmart-amazonl_914#dn7-walmart-amazonr_21912,0,0
dn7-walmart-amazonl_642#dn7-walmart-amazonr_12173,0,0
dn7-walmart-amazonl_475#dn7-walmart-amazonr_14659,0,0
dn7-walmart-amazonl_1700#dn7-walmart-amazonr_21099,0,0
dn7-walmart-amazonl_2517#dn7-walmart-amazonr_2802,0,0
dn7-walmart-amazonl_742#dn7-walmart-amazonr_10729,0,0
dn7-walmart-amazonl_1909#dn7-walmart-amazonr_8297,0,0
dn7-walmart-amazonl_1128#dn7-walmart-amazonr_7274,0,0
dn7-walmart-amazonl_102#dn7-walmart-amazonr_7768,0,0
dn7-walmart-amazonl_2180#dn7-walmart-amazonr_21190,0,0
dn7-walmart-amazonl_489#dn7-walmart-amazonr_10745,0,0
dn7-walmart-amazonl_2469#dn7-walmart-amazonr_17758,0,0
dn7-walmart-amazonl_2001#dn7-walmart-amazonr_13827,0,0
dn7-walmart-amazonl_1078#dn7-walmart-amazonr_20064,0,0
dn7-walmart-amazonl_2536#dn7-walmart-amazonr_9501,0,0
dn7-walmart-amazonl_775#dn7-walmart-amazonr_13164,0,0
dn7-walmart-amazonl_2372#dn7-walmart-amazonr_4546,0,0
dn7-walmart-amazonl_2503#dn7-walmart-amazonr_496,0,0
dn7-walmart-amazonl_984#dn7-walmart-amazonr_14240,0,0
dn7-walmart-amazonl_1304#dn7-walmart-amazonr_7859,0,0
dn7-walmart-amazonl_1196#dn7-walmart-amazonr_18706,0,0
dn7-walmart-amazonl_2240#dn7-walmart-amazonr_11076,0,0
dn7-walmart-amazonl_324#dn7-walmart-amazonr_2520,0,0
dn7-walmart-amazonl_2399#dn7-walmart-amazonr_4671,0,0
dn7-walmart-amazonl_1022#dn7-walmart-amazonr_21161,0,0
dn7-walmart-amazonl_1607#dn7-walmart-amazonr_8682,0,0
dn7-walmart-amazonl_2550#dn7-walmart-amazonr_14904,0,0
dn7-walmart-amazonl_1346#dn7-walmart-amazonr_4813,0,0
dn7-walmart-amazonl_436#dn7-walmart-amazonr_516,0,0
dn7-walmart-amazonl_1074#dn7-walmart-amazonr_12997,0,0
dn7-walmart-amazonl_2548#dn7-walmart-amazonr_15562,0,0
dn7-walmart-amazonl_1863#dn7-walmart-amazonr_12817,0,0
dn7-walmart-amazonl_244#dn7-walmart-amazonr_2821,0,0
dn7-walmart-amazonl_1309#dn7-walmart-amazonr_19886,0,0
dn7-walmart-amazonl_1972#dn7-walmart-amazonr_13559,0,0
dn7-walmart-amazonl_1767#dn7-walmart-amazonr_21115,0,0
dn7-walmart-amazonl_462#dn7-walmart-amazonr_5204,0,0
dn7-walmart-amazonl_2070#dn7-walmart-amazonr_12598,0,0
dn7-walmart-amazonl_614#dn7-walmart-amazonr_94,0,0
dn7-walmart-amazonl_1186#dn7-walmart-amazonr_1680,0,0
dn7-walmart-amazonl_795#dn7-walmart-amazonr_11980,0,0
dn7-walmart-amazonl_420#dn7-walmart-amazonr_6923,0,0
dn7-walmart-amazonl_2062#dn7-walmart-amazonr_17153,0,0
dn7-walmart-amazonl_1572#dn7-walmart-amazonr_12195,0,0
dn7-walmart-amazonl_1639#dn7-walmart-amazonr_9028,0,0
dn7-walmart-amazonl_1465#dn7-walmart-amazonr_9711,0,0
dn7-walmart-amazonl_2345#dn7-walmart-amazonr_5827,0,0
dn7-walmart-amazonl_2320#dn7-walmart-amazonr_9896,0,0
dn7-walmart-amazonl_1005#dn7-walmart-amazonr_14385,0,0
dn7-walmart-amazonl_1365#dn7-walmart-amazonr_13888,0,0
dn7-walmart-amazonl_1118#dn7-walmart-amazonr_20778,0,0
dn7-walmart-amazonl_199#dn7-walmart-amazonr_9554,0,0
dn7-walmart-amazonl_1056#dn7-walmart-amazonr_7994,0,0
dn7-walmart-amazonl_1415#dn7-walmart-amazonr_221,0,0
dn7-walmart-amazonl_2005#dn7-walmart-amazonr_17503,0,0
dn7-walmart-amazonl_551#dn7-walmart-amazonr_9528,0,0
dn7-walmart-amazonl_2538#dn7-walmart-amazonr_19209,0,0
dn7-walmart-amazonl_2441#dn7-walmart-amazonr_1635,0,0
dn7-walmart-amazonl_136#dn7-walmart-amazonr_19784,0,0
dn7-walmart-amazonl_1027#dn7-walmart-amazonr_8660,0,0
dn7-walmart-amazonl_2537#dn7-walmart-amazonr_14423,0,0
dn7-walmart-amazonl_165#dn7-walmart-amazonr_2423,0,0
dn7-walmart-amazonl_1382#dn7-walmart-amazonr_13100,0,0
dn7-walmart-amazonl_1741#dn7-walmart-amazonr_2750,0,0
dn7-walmart-amazonl_2015#dn7-walmart-amazonr_3949,0,0
dn7-walmart-amazonl_1063#dn7-walmart-amazonr_5082,0,0
dn7-walmart-amazonl_570#dn7-walmart-amazonr_3397,0,0
dn7-walmart-amazonl_602#dn7-walmart-amazonr_16344,0,0
dn7-walmart-amazonl_2496#dn7-walmart-amazonr_13975,0,0
dn7-walmart-amazonl_1617#dn7-walmart-amazonr_10697,0,0
dn7-walmart-amazonl_623#dn7-walmart-amazonr_9876,0,0
dn7-walmart-amazonl_1145#dn7-walmart-amazonr_14754,0,0
dn7-walmart-amazonl_2429#dn7-walmart-amazonr_13944,0,0
dn7-walmart-amazonl_1091#dn7-walmart-amazonr_17358,0,0
dn7-walmart-amazonl_296#dn7-walmart-amazonr_8820,0,0
dn7-walmart-amazonl_689#dn7-walmart-amazonr_15806,0,0
dn7-walmart-amazonl_1146#dn7-walmart-amazonr_2831,0,0
dn7-walmart-amazonl_1893#dn7-walmart-amazonr_1162,0,0
dn7-walmart-amazonl_2305#dn7-walmart-amazonr_8576,0,0
dn7-walmart-amazonl_428#dn7-walmart-amazonr_19427,0,0
dn7-walmart-amazonl_1117#dn7-walmart-amazonr_16641,0,0
dn7-walmart-amazonl_2138#dn7-walmart-amazonr_8267,0,0
dn7-walmart-amazonl_1574#dn7-walmart-amazonr_2871,0,0
dn7-walmart-amazonl_28#dn7-walmart-amazonr_15901,0,0
dn7-walmart-amazonl_150#dn7-walmart-amazonr_5147,0,0
dn7-walmart-amazonl_1945#dn7-walmart-amazonr_6311,0,0
dn7-walmart-amazonl_541#dn7-walmart-amazonr_1001,0,0
dn7-walmart-amazonl_2354#dn7-walmart-amazonr_5718,0,0
dn7-walmart-amazonl_1873#dn7-walmart-amazonr_4073,0,0
dn7-walmart-amazonl_1321#dn7-walmart-amazonr_1143,0,0
dn7-walmart-amazonl_1389#dn7-walmart-amazonr_4220,0,0
dn7-walmart-amazonl_26#dn7-walmart-amazonr_10680,0,0
dn7-walmart-amazonl_521#dn7-walmart-amazonr_5471,0,0
dn7-walmart-amazonl_1101#dn7-walmart-amazonr_11005,0,0
dn7-walmart-amazonl_1422#dn7-walmart-amazonr_403,0,0
dn7-walmart-amazonl_2475#dn7-walmart-amazonr_10344,0,0
dn7-walmart-amazonl_2041#dn7-walmart-amazonr_11583,0,0
dn7-walmart-amazonl_1678#dn7-walmart-amazonr_8734,0,0
dn7-walmart-amazonl_1669#dn7-walmart-amazonr_21901,0,0
dn7-walmart-amazonl_1316#dn7-walmart-amazonr_14493,0,0
dn7-walmart-amazonl_1955#dn7-walmart-amazonr_18041,0,0
dn7-walmart-amazonl_179#dn7-walmart-amazonr_18836,0,0
dn7-walmart-amazonl_551#dn7-walmart-amazonr_2145,0,0
dn7-walmart-amazonl_1465#dn7-walmart-amazonr_863,0,0
dn7-walmart-amazonl_152#dn7-walmart-amazonr_1291,0,0
dn7-walmart-amazonl_1231#dn7-walmart-amazonr_19907,0,0
dn7-walmart-amazonl_2130#dn7-walmart-amazonr_11144,0,0
dn7-walmart-amazonl_95#dn7-walmart-amazonr_8682,0,0
dn7-walmart-amazonl_2008#dn7-walmart-amazonr_1663,0,0
dn7-walmart-amazonl_606#dn7-walmart-amazonr_5147,0,0
dn7-walmart-amazonl_1797#dn7-walmart-amazonr_6004,1,1
dn7-walmart-amazonl_491#dn7-walmart-amazonr_20453,0,0
dn7-walmart-amazonl_349#dn7-walmart-amazonr_5807,0,0
dn7-walmart-amazonl_1283#dn7-walmart-amazonr_10609,0,0
dn7-walmart-amazonl_1939#dn7-walmart-amazonr_1027,0,0
dn7-walmart-amazonl_2047#dn7-walmart-amazonr_2524,0,0
dn7-walmart-amazonl_268#dn7-walmart-amazonr_1967,0,0
dn7-walmart-amazonl_2454#dn7-walmart-amazonr_11022,0,0
dn7-walmart-amazonl_859#dn7-walmart-amazonr_1020,0,0
dn7-walmart-amazonl_1793#dn7-walmart-amazonr_9739,0,0
dn7-walmart-amazonl_2258#dn7-walmart-amazonr_18840,0,0
dn7-walmart-amazonl_701#dn7-walmart-amazonr_4733,0,0
dn7-walmart-amazonl_1076#dn7-walmart-amazonr_2456,0,0
dn7-walmart-amazonl_1426#dn7-walmart-amazonr_14635,0,1
dn7-walmart-amazonl_1799#dn7-walmart-amazonr_14251,0,0
dn7-walmart-amazonl_99#dn7-walmart-amazonr_19975,0,0
dn7-walmart-amazonl_1221#dn7-walmart-amazonr_4252,0,0
dn7-walmart-amazonl_1720#dn7-walmart-amazonr_19148,0,0
dn7-walmart-amazonl_2383#dn7-walmart-amazonr_8341,0,0
dn7-walmart-amazonl_2402#dn7-walmart-amazonr_18317,0,0
dn7-walmart-amazonl_1757#dn7-walmart-amazonr_12032,0,0
dn7-walmart-amazonl_51#dn7-walmart-amazonr_1621,0,0
dn7-walmart-amazonl_2206#dn7-walmart-amazonr_3939,0,0
dn7-walmart-amazonl_1990#dn7-walmart-amazonr_4274,0,0
dn7-walmart-amazonl_780#dn7-walmart-amazonr_422,0,0
dn7-walmart-amazonl_1325#dn7-walmart-amazonr_10507,1,1
dn7-walmart-amazonl_686#dn7-walmart-amazonr_12819,0,0
dn7-walmart-amazonl_519#dn7-walmart-amazonr_6267,0,0
dn7-walmart-amazonl_1701#dn7-walmart-amazonr_20217,0,0
dn7-walmart-amazonl_1263#dn7-walmart-amazonr_21454,0,0
dn7-walmart-amazonl_486#dn7-walmart-amazonr_7191,0,0
dn7-walmart-amazonl_1685#dn7-walmart-amazonr_16761,0,0
dn7-walmart-amazonl_126#dn7-walmart-amazonr_8351,0,0
dn7-walmart-amazonl_2313#dn7-walmart-amazonr_20423,0,0
dn7-walmart-amazonl_1871#dn7-walmart-amazonr_10915,0,0
dn7-walmart-amazonl_299#dn7-walmart-amazonr_4644,1,1
dn7-walmart-amazonl_420#dn7-walmart-amazonr_14861,0,0
dn7-walmart-amazonl_1934#dn7-walmart-amazonr_1584,0,0
dn7-walmart-amazonl_1953#dn7-walmart-amazonr_3318,0,0
dn7-walmart-amazonl_342#dn7-walmart-amazonr_9327,0,0
dn7-walmart-amazonl_1989#dn7-walmart-amazonr_3965,0,0
dn7-walmart-amazonl_429#dn7-walmart-amazonr_7266,0,0
dn7-walmart-amazonl_85#dn7-walmart-amazonr_4104,0,0
dn7-walmart-amazonl_1#dn7-walmart-amazonr_6570,0,0
dn7-walmart-amazonl_1595#dn7-walmart-amazonr_4395,0,0
dn7-walmart-amazonl_821#dn7-walmart-amazonr_6713,0,0
dn7-walmart-amazonl_1888#dn7-walmart-amazonr_4709,0,0
dn7-walmart-amazonl_244#dn7-walmart-amazonr_5666,0,0
dn7-walmart-amazonl_25#dn7-walmart-amazonr_6979,0,0
dn7-walmart-amazonl_215#dn7-walmart-amazonr_10596,0,0
dn7-walmart-amazonl_2153#dn7-walmart-amazonr_4252,0,0
dn7-walmart-amazonl_877#dn7-walmart-amazonr_10468,0,0
dn7-walmart-amazonl_214#dn7-walmart-amazonr_6746,0,0
dn7-walmart-amazonl_778#dn7-walmart-amazonr_18915,0,0
dn7-walmart-amazonl_458#dn7-walmart-amazonr_9323,0,0
dn7-walmart-amazonl_1053#dn7-walmart-amazonr_11344,0,0
dn7-walmart-amazonl_2447#dn7-walmart-amazonr_2526,0,0
dn7-walmart-amazonl_1300#dn7-walmart-amazonr_9427,0,0
dn7-walmart-amazonl_1350#dn7-walmart-amazonr_2567,0,0
dn7-walmart-amazonl_2219#dn7-walmart-amazonr_69,0,0
dn7-walmart-amazonl_1971#dn7-walmart-amazonr_15665,0,0
dn7-walmart-amazonl_838#dn7-walmart-amazonr_11252,0,0
dn7-walmart-amazonl_1350#dn7-walmart-amazonr_3960,0,0
dn7-walmart-amazonl_2521#dn7-walmart-amazonr_13344,0,0
dn7-walmart-amazonl_439#dn7-walmart-amazonr_21513,0,0
dn7-walmart-amazonl_1381#dn7-walmart-amazonr_10781,0,0
dn7-walmart-amazonl_794#dn7-walmart-amazonr_6139,0,0
dn7-walmart-amazonl_203#dn7-walmart-amazonr_13520,0,0
dn7-walmart-amazonl_1017#dn7-walmart-amazonr_16738,0,0
dn7-walmart-amazonl_1182#dn7-walmart-amazonr_6457,0,0
dn7-walmart-amazonl_1484#dn7-walmart-amazonr_9039,0,0
dn7-walmart-amazonl_1410#dn7-walmart-amazonr_11421,0,0
dn7-walmart-amazonl_82#dn7-walmart-amazonr_2210,0,0
dn7-walmart-amazonl_655#dn7-walmart-amazonr_17808,0,0
dn7-walmart-amazonl_1910#dn7-walmart-amazonr_863,0,0
dn7-walmart-amazonl_643#dn7-walmart-amazonr_11070,0,0
dn7-walmart-amazonl_2452#dn7-walmart-amazonr_21163,0,0
dn7-walmart-amazonl_570#dn7-walmart-amazonr_13426,0,0
dn7-walmart-amazonl_1873#dn7-walmart-amazonr_9413,0,0
dn7-walmart-amazonl_411#dn7-walmart-amazonr_21952,0,0
dn7-walmart-amazonl_2215#dn7-walmart-amazonr_16179,0,0
dn7-walmart-amazonl_1763#dn7-walmart-amazonr_12953,0,0
dn7-walmart-amazonl_1293#dn7-walmart-amazonr_14261,0,0
dn7-walmart-amazonl_2545#dn7-walmart-amazonr_464,0,0
dn7-walmart-amazonl_219#dn7-walmart-amazonr_16039,0,0
dn7-walmart-amazonl_16#dn7-walmart-amazonr_1255,0,0
dn7-walmart-amazonl_1111#dn7-walmart-amazonr_19238,0,0
dn7-walmart-amazonl_341#dn7-walmart-amazonr_13164,0,0
dn7-walmart-amazonl_2195#dn7-walmart-amazonr_11543,0,0
dn7-walmart-amazonl_1373#dn7-walmart-amazonr_16036,0,0
dn7-walmart-amazonl_482#dn7-walmart-amazonr_13182,0,0
dn7-walmart-amazonl_946#dn7-walmart-amazonr_8363,0,0
dn7-walmart-amazonl_1310#dn7-walmart-amazonr_110,0,0
dn7-walmart-amazonl_818#dn7-walmart-amazonr_21576,0,0
dn7-walmart-amazonl_1940#dn7-walmart-amazonr_17513,0,0
dn7-walmart-amazonl_1431#dn7-walmart-amazonr_16087,0,0
dn7-walmart-amazonl_857#dn7-walmart-amazonr_5309,0,0
dn7-walmart-amazonl_2063#dn7-walmart-amazonr_1113,0,0
dn7-walmart-amazonl_1021#dn7-walmart-amazonr_16468,0,0
dn7-walmart-amazonl_2284#dn7-walmart-amazonr_17235,0,0
dn7-walmart-amazonl_2257#dn7-walmart-amazonr_11190,0,0
dn7-walmart-amazonl_2314#dn7-walmart-amazonr_14762,0,0
dn7-walmart-amazonl_1861#dn7-walmart-amazonr_15799,0,0
dn7-walmart-amazonl_2341#dn7-walmart-amazonr_20456,0,0
dn7-walmart-amazonl_2079#dn7-walmart-amazonr_9026,0,0
dn7-walmart-amazonl_1251#dn7-walmart-amazonr_14392,0,0
dn7-walmart-amazonl_1857#dn7-walmart-amazonr_15568,0,0
dn7-walmart-amazonl_970#dn7-walmart-amazonr_3667,0,0
dn7-walmart-amazonl_956#dn7-walmart-amazonr_9974,0,0
dn7-walmart-amazonl_1008#dn7-walmart-amazonr_4638,0,0
dn7-walmart-amazonl_104#dn7-walmart-amazonr_3769,0,0
dn7-walmart-amazonl_1592#dn7-walmart-amazonr_16462,0,0
dn7-walmart-amazonl_2190#dn7-walmart-amazonr_7994,0,0
dn7-walmart-amazonl_1421#dn7-walmart-amazonr_20864,0,0
dn7-walmart-amazonl_1623#dn7-walmart-amazonr_12276,0,0
dn7-walmart-amazonl_2173#dn7-walmart-amazonr_12244,0,0
dn7-walmart-amazonl_1284#dn7-walmart-amazonr_9322,0,0
dn7-walmart-amazonl_2169#dn7-walmart-amazonr_5444,0,0
dn7-walmart-amazonl_1558#dn7-walmart-amazonr_2585,0,0
dn7-walmart-amazonl_383#dn7-walmart-amazonr_1771,0,0
dn7-walmart-amazonl_1938#dn7-walmart-amazonr_19841,0,0
dn7-walmart-amazonl_1005#dn7-walmart-amazonr_6116,0,0
dn7-walmart-amazonl_502#dn7-walmart-amazonr_16750,0,0
dn7-walmart-amazonl_1312#dn7-walmart-amazonr_9757,0,0
dn7-walmart-amazonl_1305#dn7-walmart-amazonr_8411,0,0
dn7-walmart-amazonl_2136#dn7-walmart-amazonr_19006,0,0
dn7-walmart-amazonl_1314#dn7-walmart-amazonr_16707,0,0
dn7-walmart-amazonl_529#dn7-walmart-amazonr_12930,0,0
dn7-walmart-amazonl_572#dn7-walmart-amazonr_733,0,0
dn7-walmart-amazonl_44#dn7-walmart-amazonr_7604,0,0
dn7-walmart-amazonl_415#dn7-walmart-amazonr_17704,0,0
dn7-walmart-amazonl_1716#dn7-walmart-amazonr_9715,0,0
dn7-walmart-amazonl_396#dn7-walmart-amazonr_20757,0,0
dn7-walmart-amazonl_1296#dn7-walmart-amazonr_6392,0,0
dn7-walmart-amazonl_515#dn7-walmart-amazonr_12701,0,0
dn7-walmart-amazonl_542#dn7-walmart-amazonr_1166,0,0
dn7-walmart-amazonl_2550#dn7-walmart-amazonr_4943,0,0
dn7-walmart-amazonl_594#dn7-walmart-amazonr_2500,0,0
dn7-walmart-amazonl_727#dn7-walmart-amazonr_20599,0,0
dn7-walmart-amazonl_1901#dn7-walmart-amazonr_18155,0,0
dn7-walmart-amazonl_113#dn7-walmart-amazonr_9031,0,0
dn7-walmart-amazonl_643#dn7-walmart-amazonr_19784,0,0
dn7-walmart-amazonl_1405#dn7-walmart-amazonr_14893,0,0
dn7-walmart-amazonl_1335#dn7-walmart-amazonr_2973,0,0
dn7-walmart-amazonl_436#dn7-walmart-amazonr_1967,0,0
dn7-walmart-amazonl_485#dn7-walmart-amazonr_19614,0,0
dn7-walmart-amazonl_2347#dn7-walmart-amazonr_11740,0,0
dn7-walmart-amazonl_94#dn7-walmart-amazonr_20339,0,0
dn7-walmart-amazonl_2424#dn7-walmart-amazonr_11723,0,0
dn7-walmart-amazonl_7#dn7-walmart-amazonr_3155,0,0
dn7-walmart-amazonl_2429#dn7-walmart-amazonr_5964,0,0
dn7-walmart-amazonl_1114#dn7-walmart-amazonr_1007,0,0
dn7-walmart-amazonl_2375#dn7-walmart-amazonr_13912,0,0
dn7-walmart-amazonl_1613#dn7-walmart-amazonr_9132,0,0
dn7-walmart-amazonl_1869#dn7-walmart-amazonr_6513,0,0
dn7-walmart-amazonl_1108#dn7-walmart-amazonr_4638,0,0
dn7-walmart-amazonl_1055#dn7-walmart-amazonr_10456,0,0
dn7-walmart-amazonl_263#dn7-walmart-amazonr_20811,0,0
dn7-walmart-amazonl_980#dn7-walmart-amazonr_13648,0,0
dn7-walmart-amazonl_1147#dn7-walmart-amazonr_12039,0,0
dn7-walmart-amazonl_713#dn7-walmart-amazonr_3201,0,0
dn7-walmart-amazonl_1614#dn7-walmart-amazonr_11350,1,1
dn7-walmart-amazonl_2198#dn7-walmart-amazonr_11725,0,0
dn7-walmart-amazonl_168#dn7-walmart-amazonr_18744,0,0
dn7-walmart-amazonl_1980#dn7-walmart-amazonr_14631,0,0
dn7-walmart-amazonl_1189#dn7-walmart-amazonr_10707,0,0
dn7-walmart-amazonl_1956#dn7-walmart-amazonr_9588,0,0
dn7-walmart-amazonl_2218#dn7-walmart-amazonr_17845,0,0
dn7-walmart-amazonl_2067#dn7-walmart-amazonr_16108,0,0
dn7-walmart-amazonl_2179#dn7-walmart-amazonr_1975,0,0
dn7-walmart-amazonl_2534#dn7-walmart-amazonr_19687,0,0
dn7-walmart-amazonl_1706#dn7-walmart-amazonr_16222,0,0
dn7-walmart-amazonl_517#dn7-walmart-amazonr_10108,0,0
dn7-walmart-amazonl_586#dn7-walmart-amazonr_6440,0,0
dn7-walmart-amazonl_1517#dn7-walmart-amazonr_11516,0,0
dn7-walmart-amazonl_823#dn7-walmart-amazonr_17506,0,0
dn7-walmart-amazonl_1236#dn7-walmart-amazonr_15900,0,0
dn7-walmart-amazonl_1535#dn7-walmart-amazonr_2965,0,0
dn7-walmart-amazonl_727#dn7-walmart-amazonr_1660,0,0
dn7-walmart-amazonl_2363#dn7-walmart-amazonr_2818,0,0
dn7-walmart-amazonl_1178#dn7-walmart-amazonr_19011,0,0
dn7-walmart-amazonl_1706#dn7-walmart-amazonr_17026,1,1
dn7-walmart-amazonl_1492#dn7-walmart-amazonr_768,0,0
dn7-walmart-amazonl_2316#dn7-walmart-amazonr_8051,0,0
dn7-walmart-amazonl_1182#dn7-walmart-amazonr_2884,0,0
dn7-walmart-amazonl_211#dn7-walmart-amazonr_7037,0,0
dn7-walmart-amazonl_887#dn7-walmart-amazonr_8783,0,0
dn7-walmart-amazonl_479#dn7-walmart-amazonr_20339,0,0
dn7-walmart-amazonl_1137#dn7-walmart-amazonr_12519,0,0
dn7-walmart-amazonl_1143#dn7-walmart-amazonr_1644,0,0
dn7-walmart-amazonl_1402#dn7-walmart-amazonr_8989,0,0
dn7-walmart-amazonl_1670#dn7-walmart-amazonr_5986,0,0
dn7-walmart-amazonl_1378#dn7-walmart-amazonr_5968,0,0
dn7-walmart-amazonl_876#dn7-walmart-amazonr_5924,0,0
dn7-walmart-amazonl_1887#dn7-walmart-amazonr_15666,0,0
dn7-walmart-amazonl_2299#dn7-walmart-amazonr_4543,0,0
dn7-walmart-amazonl_1759#dn7-walmart-amazonr_3975,0,0
dn7-walmart-amazonl_2131#dn7-walmart-amazonr_3445,0,0
dn7-walmart-amazonl_2239#dn7-walmart-amazonr_21345,0,0
dn7-walmart-amazonl_167#dn7-walmart-amazonr_9502,0,0
dn7-walmart-amazonl_2093#dn7-walmart-amazonr_19052,0,0
dn7-walmart-amazonl_952#dn7-walmart-amazonr_1663,0,0
dn7-walmart-amazonl_933#dn7-walmart-amazonr_19838,0,0
dn7-walmart-amazonl_1899#dn7-walmart-amazonr_861,0,0
dn7-walmart-amazonl_1224#dn7-walmart-amazonr_2075,0,0
dn7-walmart-amazonl_1601#dn7-walmart-amazonr_10841,0,0
dn7-walmart-amazonl_1403#dn7-walmart-amazonr_2380,0,0
dn7-walmart-amazonl_2049#dn7-walmart-amazonr_12886,0,0
dn7-walmart-amazonl_0#dn7-walmart-amazonr_13285,0,0
dn7-walmart-amazonl_226#dn7-walmart-amazonr_15314,0,0
dn7-walmart-amazonl_1271#dn7-walmart-amazonr_1322,0,0
dn7-walmart-amazonl_1301#dn7-walmart-amazonr_6494,1,1
dn7-walmart-amazonl_2506#dn7-walmart-amazonr_14024,0,0
dn7-walmart-amazonl_130#dn7-walmart-amazonr_2897,0,0
dn7-walmart-amazonl_794#dn7-walmart-amazonr_20586,0,0
dn7-walmart-amazonl_825#dn7-walmart-amazonr_14865,0,0
dn7-walmart-amazonl_740#dn7-walmart-amazonr_18012,0,0
dn7-walmart-amazonl_542#dn7-walmart-amazonr_7141,0,0
dn7-walmart-amazonl_2067#dn7-walmart-amazonr_8341,0,0
dn7-walmart-amazonl_1723#dn7-walmart-amazonr_297,0,0
dn7-walmart-amazonl_556#dn7-walmart-amazonr_21181,0,0
dn7-walmart-amazonl_724#dn7-walmart-amazonr_21097,0,0
dn7-walmart-amazonl_211#dn7-walmart-amazonr_13135,0,0
dn7-walmart-amazonl_1883#dn7-walmart-amazonr_21973,0,0
dn7-walmart-amazonl_1392#dn7-walmart-amazonr_10449,0,0
dn7-walmart-amazonl_2319#dn7-walmart-amazonr_2115,0,0
dn7-walmart-amazonl_535#dn7-walmart-amazonr_2377,0,0
dn7-walmart-amazonl_1385#dn7-walmart-amazonr_17913,0,0
dn7-walmart-amazonl_2108#dn7-walmart-amazonr_3162,0,0
dn7-walmart-amazonl_2455#dn7-walmart-amazonr_13882,0,0
dn7-walmart-amazonl_722#dn7-walmart-amazonr_19238,0,0
dn7-walmart-amazonl_820#dn7-walmart-amazonr_7921,0,0
dn7-walmart-amazonl_672#dn7-walmart-amazonr_1139,0,0
dn7-walmart-amazonl_1498#dn7-walmart-amazonr_19352,0,0
dn7-walmart-amazonl_204#dn7-walmart-amazonr_18118,0,0
dn7-walmart-amazonl_1591#dn7-walmart-amazonr_21140,0,0
dn7-walmart-amazonl_339#dn7-walmart-amazonr_1619,0,0
dn7-walmart-amazonl_2231#dn7-walmart-amazonr_12961,0,0
dn7-walmart-amazonl_1232#dn7-walmart-amazonr_15891,0,0
dn7-walmart-amazonl_847#dn7-walmart-amazonr_21003,0,0
dn7-walmart-amazonl_347#dn7-walmart-amazonr_13896,0,0
dn7-walmart-amazonl_1783#dn7-walmart-amazonr_8698,0,0
dn7-walmart-amazonl_1654#dn7-walmart-amazonr_7447,0,0
dn7-walmart-amazonl_940#dn7-walmart-amazonr_20615,0,0
dn7-walmart-amazonl_1514#dn7-walmart-amazonr_13495,0,0
dn7-walmart-amazonl_1376#dn7-walmart-amazonr_9301,0,0
dn7-walmart-amazonl_1608#dn7-walmart-amazonr_5223,0,0
dn7-walmart-amazonl_1646#dn7-walmart-amazonr_17432,0,0
dn7-walmart-amazonl_404#dn7-walmart-amazonr_9978,0,0
dn7-walmart-amazonl_581#dn7-walmart-amazonr_5137,0,0
dn7-walmart-amazonl_1464#dn7-walmart-amazonr_3157,0,0
dn7-walmart-amazonl_1572#dn7-walmart-amazonr_8449,0,0
dn7-walmart-amazonl_322#dn7-walmart-amazonr_2587,0,0
dn7-walmart-amazonl_156#dn7-walmart-amazonr_4903,0,0
dn7-walmart-amazonl_1188#dn7-walmart-amazonr_19880,0,0
dn7-walmart-amazonl_1192#dn7-walmart-amazonr_13336,0,0
dn7-walmart-amazonl_1838#dn7-walmart-amazonr_9026,0,0
dn7-walmart-amazonl_783#dn7-walmart-amazonr_4273,0,0
dn7-walmart-amazonl_2292#dn7-walmart-amazonr_9912,0,0
dn7-walmart-amazonl_1412#dn7-walmart-amazonr_5021,0,0
dn7-walmart-amazonl_1105#dn7-walmart-amazonr_8089,0,0
dn7-walmart-amazonl_883#dn7-walmart-amazonr_3063,0,0
dn7-walmart-amazonl_1554#dn7-walmart-amazonr_7195,0,0
dn7-walmart-amazonl_880#dn7-walmart-amazonr_21778,0,0
dn7-walmart-amazonl_1187#dn7-walmart-amazonr_5479,1,1
dn7-walmart-amazonl_1339#dn7-walmart-amazonr_434,0,0
dn7-walmart-amazonl_2152#dn7-walmart-amazonr_9367,0,0
dn7-walmart-amazonl_279#dn7-walmart-amazonr_8374,0,0
dn7-walmart-amazonl_407#dn7-walmart-amazonr_1024,0,0
dn7-walmart-amazonl_784#dn7-walmart-amazonr_8689,0,0
dn7-walmart-amazonl_1768#dn7-walmart-amazonr_13654,0,0
dn7-walmart-amazonl_71#dn7-walmart-amazonr_641,0,0
dn7-walmart-amazonl_497#dn7-walmart-amazonr_10989,0,0
dn7-walmart-amazonl_483#dn7-walmart-amazonr_11114,0,0
dn7-walmart-amazonl_124#dn7-walmart-amazonr_1007,0,0
dn7-walmart-amazonl_1763#dn7-walmart-amazonr_9994,0,0
dn7-walmart-amazonl_2330#dn7-walmart-amazonr_19200,0,0
dn7-walmart-amazonl_1378#dn7-walmart-amazonr_7859,0,0
dn7-walmart-amazonl_1666#dn7-walmart-amazonr_14189,0,0
dn7-walmart-amazonl_522#dn7-walmart-amazonr_1967,0,0
dn7-walmart-amazonl_2244#dn7-walmart-amazonr_21643,0,0
dn7-walmart-amazonl_1962#dn7-walmart-amazonr_14367,0,0
dn7-walmart-amazonl_1636#dn7-walmart-amazonr_5668,0,0
dn7-walmart-amazonl_1081#dn7-walmart-amazonr_17,0,0
dn7-walmart-amazonl_1427#dn7-walmart-amazonr_8706,0,0
dn7-walmart-amazonl_64#dn7-walmart-amazonr_4662,0,0
dn7-walmart-amazonl_2257#dn7-walmart-amazonr_3632,0,0
dn7-walmart-amazonl_337#dn7-walmart-amazonr_4881,0,0
dn7-walmart-amazonl_1263#dn7-walmart-amazonr_9974,0,0
dn7-walmart-amazonl_1537#dn7-walmart-amazonr_9329,0,0
dn7-walmart-amazonl_2130#dn7-walmart-amazonr_20307,0,0
dn7-walmart-amazonl_1623#dn7-walmart-amazonr_21431,0,0
dn7-walmart-amazonl_1421#dn7-walmart-amazonr_18287,0,0
dn7-walmart-amazonl_1162#dn7-walmart-amazonr_17390,0,0
dn7-walmart-amazonl_1090#dn7-walmart-amazonr_10667,0,0
dn7-walmart-amazonl_711#dn7-walmart-amazonr_9379,0,0
dn7-walmart-amazonl_1953#dn7-walmart-amazonr_7441,0,0
dn7-walmart-amazonl_1593#dn7-walmart-amazonr_13775,0,0
dn7-walmart-amazonl_1482#dn7-walmart-amazonr_3136,0,0
dn7-walmart-amazonl_363#dn7-walmart-amazonr_2939,0,0
dn7-walmart-amazonl_1221#dn7-walmart-amazonr_9027,0,0
dn7-walmart-amazonl_709#dn7-walmart-amazonr_13087,0,0
dn7-walmart-amazonl_2295#dn7-walmart-amazonr_10763,0,0
dn7-walmart-amazonl_141#dn7-walmart-amazonr_12619,0,0
dn7-walmart-amazonl_1669#dn7-walmart-amazonr_16118,0,0
dn7-walmart-amazonl_1509#dn7-walmart-amazonr_11860,0,0
dn7-walmart-amazonl_2179#dn7-walmart-amazonr_1466,0,0
dn7-walmart-amazonl_2471#dn7-walmart-amazonr_3309,0,0
dn7-walmart-amazonl_1851#dn7-walmart-amazonr_19633,0,0
dn7-walmart-amazonl_964#dn7-walmart-amazonr_15475,0,0
dn7-walmart-amazonl_12#dn7-walmart-amazonr_3507,0,0
dn7-walmart-amazonl_1040#dn7-walmart-amazonr_5345,0,0
dn7-walmart-amazonl_747#dn7-walmart-amazonr_10826,0,0
dn7-walmart-amazonl_91#dn7-walmart-amazonr_6061,0,0
dn7-walmart-amazonl_1153#dn7-walmart-amazonr_9240,0,0
dn7-walmart-amazonl_158#dn7-walmart-amazonr_6172,0,0
dn7-walmart-amazonl_2261#dn7-walmart-amazonr_13882,0,0
dn7-walmart-amazonl_626#dn7-walmart-amazonr_11000,0,0
dn7-walmart-amazonl_655#dn7-walmart-amazonr_5958,0,0
dn7-walmart-amazonl_2001#dn7-walmart-amazonr_14014,0,0
dn7-walmart-amazonl_1321#dn7-walmart-amazonr_15059,0,0
dn7-walmart-amazonl_2546#dn7-walmart-amazonr_2815,0,0
dn7-walmart-amazonl_1423#dn7-walmart-amazonr_13661,0,0
dn7-walmart-amazonl_427#dn7-walmart-amazonr_6503,0,0
dn7-walmart-amazonl_847#dn7-walmart-amazonr_21289,0,0
dn7-walmart-amazonl_2397#dn7-walmart-amazonr_17779,0,0
dn7-walmart-amazonl_1988#dn7-walmart-amazonr_18686,0,0
dn7-walmart-amazonl_1501#dn7-walmart-amazonr_14911,0,0
dn7-walmart-amazonl_947#dn7-walmart-amazonr_1841,0,0
dn7-walmart-amazonl_1382#dn7-walmart-amazonr_2587,0,0
dn7-walmart-amazonl_2212#dn7-walmart-amazonr_11649,0,0
dn7-walmart-amazonl_2010#dn7-walmart-amazonr_4451,0,0
dn7-walmart-amazonl_105#dn7-walmart-amazonr_11025,0,0
dn7-walmart-amazonl_1165#dn7-walmart-amazonr_10181,0,0
dn7-walmart-amazonl_1665#dn7-walmart-amazonr_14569,0,0
dn7-walmart-amazonl_595#dn7-walmart-amazonr_11178,0,0
dn7-walmart-amazonl_46#dn7-walmart-amazonr_15427,0,0
dn7-walmart-amazonl_2311#dn7-walmart-amazonr_20733,0,0
dn7-walmart-amazonl_2143#dn7-walmart-amazonr_4736,0,0
dn7-walmart-amazonl_1649#dn7-walmart-amazonr_6951,0,0
dn7-walmart-amazonl_1479#dn7-walmart-amazonr_3834,0,0
dn7-walmart-amazonl_2202#dn7-walmart-amazonr_16148,0,0
dn7-walmart-amazonl_1313#dn7-walmart-amazonr_7836,0,0
dn7-walmart-amazonl_1318#dn7-walmart-amazonr_2234,0,0
dn7-walmart-amazonl_1687#dn7-walmart-amazonr_17983,0,0
dn7-walmart-amazonl_1481#dn7-walmart-amazonr_7257,0,0
dn7-walmart-amazonl_2100#dn7-walmart-amazonr_10400,0,0
dn7-walmart-amazonl_843#dn7-walmart-amazonr_12034,0,0
dn7-walmart-amazonl_1749#dn7-walmart-amazonr_19607,0,0
dn7-walmart-amazonl_2341#dn7-walmart-amazonr_3259,0,0
dn7-walmart-amazonl_290#dn7-walmart-amazonr_11539,0,0
dn7-walmart-amazonl_2137#dn7-walmart-amazonr_16483,0,0
dn7-walmart-amazonl_2345#dn7-walmart-amazonr_8689,0,0
dn7-walmart-amazonl_784#dn7-walmart-amazonr_3393,0,0
dn7-walmart-amazonl_988#dn7-walmart-amazonr_8859,0,0
dn7-walmart-amazonl_1054#dn7-walmart-amazonr_13873,0,0
dn7-walmart-amazonl_1661#dn7-walmart-amazonr_9169,0,0
dn7-walmart-amazonl_461#dn7-walmart-amazonr_2308,0,0
dn7-walmart-amazonl_874#dn7-walmart-amazonr_20817,0,0
dn7-walmart-amazonl_2001#dn7-walmart-amazonr_13703,0,0
dn7-walmart-amazonl_2322#dn7-walmart-amazonr_5069,0,0
dn7-walmart-amazonl_894#dn7-walmart-amazonr_21393,0,0
dn7-walmart-amazonl_2446#dn7-walmart-amazonr_8342,0,0
dn7-walmart-amazonl_2144#dn7-walmart-amazonr_20117,0,0
dn7-walmart-amazonl_576#dn7-walmart-amazonr_3770,0,0
dn7-walmart-amazonl_42#dn7-walmart-amazonr_8698,0,0
dn7-walmart-amazonl_2164#dn7-walmart-amazonr_13942,0,0
dn7-walmart-amazonl_2215#dn7-walmart-amazonr_4177,0,0
dn7-walmart-amazonl_231#dn7-walmart-amazonr_10436,1,1
dn7-walmart-amazonl_903#dn7-walmart-amazonr_1604,0,0
dn7-walmart-amazonl_467#dn7-walmart-amazonr_6823,0,0
dn7-walmart-amazonl_191#dn7-walmart-amazonr_8199,0,0
dn7-walmart-amazonl_2457#dn7-walmart-amazonr_21674,0,0
dn7-walmart-amazonl_370#dn7-walmart-amazonr_15071,1,1
dn7-walmart-amazonl_400#dn7-walmart-amazonr_1671,0,0
dn7-walmart-amazonl_1165#dn7-walmart-amazonr_14108,0,0
dn7-walmart-amazonl_2308#dn7-walmart-amazonr_18252,0,0
dn7-walmart-amazonl_94#dn7-walmart-amazonr_166,0,0
dn7-walmart-amazonl_925#dn7-walmart-amazonr_21114,0,1
dn7-walmart-amazonl_479#dn7-walmart-amazonr_9999,0,0
dn7-walmart-amazonl_2372#dn7-walmart-amazonr_14557,0,0
dn7-walmart-amazonl_1074#dn7-walmart-amazonr_7082,0,0
dn7-walmart-amazonl_1333#dn7-walmart-amazonr_577,0,0
dn7-walmart-amazonl_510#dn7-walmart-amazonr_21982,0,0
dn7-walmart-amazonl_475#dn7-walmart-amazonr_285,0,0
dn7-walmart-amazonl_509#dn7-walmart-amazonr_13728,0,0
dn7-walmart-amazonl_2393#dn7-walmart-amazonr_8682,0,0
dn7-walmart-amazonl_1095#dn7-walmart-amazonr_4190,0,0
dn7-walmart-amazonl_1388#dn7-walmart-amazonr_7956,0,0
dn7-walmart-amazonl_371#dn7-walmart-amazonr_8693,0,0
dn7-walmart-amazonl_1035#dn7-walmart-amazonr_20791,0,0
dn7-walmart-amazonl_2411#dn7-walmart-amazonr_11183,0,0
dn7-walmart-amazonl_562#dn7-walmart-amazonr_14815,0,0
dn7-walmart-amazonl_1033#dn7-walmart-amazonr_44,0,0
dn7-walmart-amazonl_989#dn7-walmart-amazonr_17471,0,0
dn7-walmart-amazonl_644#dn7-walmart-amazonr_3121,0,0
dn7-walmart-amazonl_797#dn7-walmart-amazonr_5975,0,0
dn7-walmart-amazonl_1441#dn7-walmart-amazonr_3313,0,0
dn7-walmart-amazonl_1192#dn7-walmart-amazonr_1371,0,0
dn7-walmart-amazonl_1319#dn7-walmart-amazonr_8288,0,0
dn7-walmart-amazonl_1867#dn7-walmart-amazonr_17202,0,0
dn7-walmart-amazonl_606#dn7-walmart-amazonr_209,0,0
dn7-walmart-amazonl_804#dn7-walmart-amazonr_12276,0,0
dn7-walmart-amazonl_2048#dn7-walmart-amazonr_4729,0,0
dn7-walmart-amazonl_588#dn7-walmart-amazonr_9458,0,0
dn7-walmart-amazonl_1036#dn7-walmart-amazonr_5859,0,0
dn7-walmart-amazonl_584#dn7-walmart-amazonr_18669,0,0
dn7-walmart-amazonl_1132#dn7-walmart-amazonr_18152,0,0
dn7-walmart-amazonl_960#dn7-walmart-amazonr_14487,0,0
dn7-walmart-amazonl_1266#dn7-walmart-amazonr_1967,0,0
dn7-walmart-amazonl_1921#dn7-walmart-amazonr_9434,0,0
dn7-walmart-amazonl_2189#dn7-walmart-amazonr_13557,0,0
dn7-walmart-amazonl_1430#dn7-walmart-amazonr_20899,0,0
dn7-walmart-amazonl_1014#dn7-walmart-amazonr_9061,0,0
dn7-walmart-amazonl_1802#dn7-walmart-amazonr_14924,1,1
dn7-walmart-amazonl_2492#dn7-walmart-amazonr_10151,0,0
dn7-walmart-amazonl_801#dn7-walmart-amazonr_12770,0,0
dn7-walmart-amazonl_860#dn7-walmart-amazonr_5673,0,0
dn7-walmart-amazonl_1478#dn7-walmart-amazonr_16118,0,0
dn7-walmart-amazonl_1215#dn7-walmart-amazonr_15367,0,0
dn7-walmart-amazonl_2449#dn7-walmart-amazonr_13043,0,0
dn7-walmart-amazonl_1752#dn7-walmart-amazonr_9686,0,0
dn7-walmart-amazonl_257#dn7-walmart-amazonr_4509,0,0
dn7-walmart-amazonl_1612#dn7-walmart-amazonr_17684,0,0
dn7-walmart-amazonl_2016#dn7-walmart-amazonr_10344,0,0
dn7-walmart-amazonl_1816#dn7-walmart-amazonr_6765,0,0
dn7-walmart-amazonl_911#dn7-walmart-amazonr_19024,0,0
dn7-walmart-amazonl_559#dn7-walmart-amazonr_21253,0,0
dn7-walmart-amazonl_990#dn7-walmart-amazonr_16479,0,0
dn7-walmart-amazonl_1119#dn7-walmart-amazonr_8708,0,0
dn7-walmart-amazonl_623#dn7-walmart-amazonr_12840,0,0
dn7-walmart-amazonl_638#dn7-walmart-amazonr_448,0,0
dn7-walmart-amazonl_544#dn7-walmart-amazonr_5680,0,0
dn7-walmart-amazonl_883#dn7-walmart-amazonr_10952,0,0
dn7-walmart-amazonl_778#dn7-walmart-amazonr_16487,0,0
dn7-walmart-amazonl_547#dn7-walmart-amazonr_12871,0,0
dn7-walmart-amazonl_1792#dn7-walmart-amazonr_6445,0,0
dn7-walmart-amazonl_331#dn7-walmart-amazonr_11419,0,0
dn7-walmart-amazonl_2326#dn7-walmart-amazonr_19268,0,0
dn7-walmart-amazonl_605#dn7-walmart-amazonr_2822,0,0
dn7-walmart-amazonl_991#dn7-walmart-amazonr_14245,0,0
dn7-walmart-amazonl_1783#dn7-walmart-amazonr_668,0,0
dn7-walmart-amazonl_2238#dn7-walmart-amazonr_21675,0,0
dn7-walmart-amazonl_2029#dn7-walmart-amazonr_5531,0,0
dn7-walmart-amazonl_361#dn7-walmart-amazonr_2791,0,0
dn7-walmart-amazonl_2543#dn7-walmart-amazonr_561,0,0
dn7-walmart-amazonl_2492#dn7-walmart-amazonr_5319,0,0
dn7-walmart-amazonl_1228#dn7-walmart-amazonr_5478,0,0
dn7-walmart-amazonl_2076#dn7-walmart-amazonr_13893,0,0
dn7-walmart-amazonl_2010#dn7-walmart-amazonr_6346,0,0
dn7-walmart-amazonl_1821#dn7-walmart-amazonr_20501,0,0
dn7-walmart-amazonl_1393#dn7-walmart-amazonr_10841,0,0
dn7-walmart-amazonl_844#dn7-walmart-amazonr_10468,0,0
dn7-walmart-amazonl_180#dn7-walmart-amazonr_4670,0,0
dn7-walmart-amazonl_964#dn7-walmart-amazonr_11951,0,0
dn7-walmart-amazonl_885#dn7-walmart-amazonr_17066,0,0
dn7-walmart-amazonl_113#dn7-walmart-amazonr_2133,0,0
dn7-walmart-amazonl_1925#dn7-walmart-amazonr_5260,0,0
dn7-walmart-amazonl_1429#dn7-walmart-amazonr_9337,0,0
dn7-walmart-amazonl_1705#dn7-walmart-amazonr_15776,0,0
dn7-walmart-amazonl_1964#dn7-walmart-amazonr_19880,0,0
dn7-walmart-amazonl_2385#dn7-walmart-amazonr_4105,0,0
dn7-walmart-amazonl_269#dn7-walmart-amazonr_16055,0,0
dn7-walmart-amazonl_114#dn7-walmart-amazonr_20753,0,0
dn7-walmart-amazonl_486#dn7-walmart-amazonr_8331,0,0
dn7-walmart-amazonl_2395#dn7-walmart-amazonr_2583,0,0
dn7-walmart-amazonl_1331#dn7-walmart-amazonr_5471,0,0
dn7-walmart-amazonl_307#dn7-walmart-amazonr_148,0,0
dn7-walmart-amazonl_1943#dn7-walmart-amazonr_1782,0,0
dn7-walmart-amazonl_2191#dn7-walmart-amazonr_13884,0,0
dn7-walmart-amazonl_1452#dn7-walmart-amazonr_20322,0,0
dn7-walmart-amazonl_498#dn7-walmart-amazonr_7810,0,0
dn7-walmart-amazonl_1572#dn7-walmart-amazonr_22035,0,0
dn7-walmart-amazonl_620#dn7-walmart-amazonr_14497,0,0
dn7-walmart-amazonl_2243#dn7-walmart-amazonr_8249,0,0
dn7-walmart-amazonl_766#dn7-walmart-amazonr_8216,0,0
dn7-walmart-amazonl_1357#dn7-walmart-amazonr_2971,0,0
dn7-walmart-amazonl_1305#dn7-walmart-amazonr_8410,0,0
dn7-walmart-amazonl_1324#dn7-walmart-amazonr_8883,0,0
dn7-walmart-amazonl_636#dn7-walmart-amazonr_3179,0,0
dn7-walmart-amazonl_1234#dn7-walmart-amazonr_7076,0,0
dn7-walmart-amazonl_1066#dn7-walmart-amazonr_2319,0,0
dn7-walmart-amazonl_1394#dn7-walmart-amazonr_10852,0,0
dn7-walmart-amazonl_369#dn7-walmart-amazonr_768,0,0
dn7-walmart-amazonl_1087#dn7-walmart-amazonr_2264,0,0
dn7-walmart-amazonl_135#dn7-walmart-amazonr_1341,0,0
dn7-walmart-amazonl_1536#dn7-walmart-amazonr_3557,0,0
dn7-walmart-amazonl_1305#dn7-walmart-amazonr_19775,0,0
dn7-walmart-amazonl_1904#dn7-walmart-amazonr_12233,0,0
dn7-walmart-amazonl_2218#dn7-walmart-amazonr_16331,0,0
dn7-walmart-amazonl_1871#dn7-walmart-amazonr_14878,0,0
dn7-walmart-amazonl_1285#dn7-walmart-amazonr_10239,0,0
dn7-walmart-amazonl_1250#dn7-walmart-amazonr_7621,0,0
dn7-walmart-amazonl_652#dn7-walmart-amazonr_7445,0,1
dn7-walmart-amazonl_1083#dn7-walmart-amazonr_13290,0,0
dn7-walmart-amazonl_1242#dn7-walmart-amazonr_5069,0,0
dn7-walmart-amazonl_630#dn7-walmart-amazonr_12818,0,0
dn7-walmart-amazonl_1244#dn7-walmart-amazonr_8306,0,0
dn7-walmart-amazonl_2491#dn7-walmart-amazonr_163,0,0
dn7-walmart-amazonl_381#dn7-walmart-amazonr_17952,0,0
dn7-walmart-amazonl_2138#dn7-walmart-amazonr_10346,0,0
dn7-walmart-amazonl_1720#dn7-walmart-amazonr_9543,0,0
dn7-walmart-amazonl_1499#dn7-walmart-amazonr_17950,0,0
dn7-walmart-amazonl_1604#dn7-walmart-amazonr_15506,0,0
dn7-walmart-amazonl_736#dn7-walmart-amazonr_18359,0,0
dn7-walmart-amazonl_2195#dn7-walmart-amazonr_6682,0,0
dn7-walmart-amazonl_1855#dn7-walmart-amazonr_17687,0,0
dn7-walmart-amazonl_2064#dn7-walmart-amazonr_2802,0,0
dn7-walmart-amazonl_1390#dn7-walmart-amazonr_10015,0,0
dn7-walmart-amazonl_262#dn7-walmart-amazonr_11041,0,0
dn7-walmart-amazonl_1405#dn7-walmart-amazonr_10938,0,0
dn7-walmart-amazonl_1344#dn7-walmart-amazonr_6907,0,0
dn7-walmart-amazonl_1913#dn7-walmart-amazonr_16081,0,0
dn7-walmart-amazonl_1282#dn7-walmart-amazonr_2683,0,0
dn7-walmart-amazonl_818#dn7-walmart-amazonr_14849,0,0
dn7-walmart-amazonl_351#dn7-walmart-amazonr_12210,0,0
dn7-walmart-amazonl_567#dn7-walmart-amazonr_3708,0,0
dn7-walmart-amazonl_1787#dn7-walmart-amazonr_3437,0,0
dn7-walmart-amazonl_2104#dn7-walmart-amazonr_15853,0,0
dn7-walmart-amazonl_1974#dn7-walmart-amazonr_6296,0,0
dn7-walmart-amazonl_871#dn7-walmart-amazonr_10166,0,0
dn7-walmart-amazonl_1271#dn7-walmart-amazonr_3306,0,0
dn7-walmart-amazonl_562#dn7-walmart-amazonr_1231,0,0
dn7-walmart-amazonl_678#dn7-walmart-amazonr_12970,0,0
dn7-walmart-amazonl_508#dn7-walmart-amazonr_14992,0,0
dn7-walmart-amazonl_2173#dn7-walmart-amazonr_9717,0,0
dn7-walmart-amazonl_836#dn7-walmart-amazonr_8739,1,1
dn7-walmart-amazonl_718#dn7-walmart-amazonr_7696,0,0
dn7-walmart-amazonl_892#dn7-walmart-amazonr_8304,0,0
dn7-walmart-amazonl_1150#dn7-walmart-amazonr_4231,0,0
dn7-walmart-amazonl_609#dn7-walmart-amazonr_12710,0,0
dn7-walmart-amazonl_599#dn7-walmart-amazonr_2515,0,0
dn7-walmart-amazonl_111#dn7-walmart-amazonr_1212,0,0
dn7-walmart-amazonl_765#dn7-walmart-amazonr_16750,0,0
dn7-walmart-amazonl_1330#dn7-walmart-amazonr_10705,0,0
dn7-walmart-amazonl_1162#dn7-walmart-amazonr_16642,0,0
dn7-walmart-amazonl_96#dn7-walmart-amazonr_19987,0,0
dn7-walmart-amazonl_1664#dn7-walmart-amazonr_2313,0,0
dn7-walmart-amazonl_1125#dn7-walmart-amazonr_354,0,0
dn7-walmart-amazonl_1906#dn7-walmart-amazonr_21712,0,0
dn7-walmart-amazonl_1314#dn7-walmart-amazonr_3983,0,0
dn7-walmart-amazonl_1511#dn7-walmart-amazonr_6800,0,0
dn7-walmart-amazonl_930#dn7-walmart-amazonr_14743,0,0
dn7-walmart-amazonl_1977#dn7-walmart-amazonr_1088,0,0
dn7-walmart-amazonl_1354#dn7-walmart-amazonr_1445,0,0
dn7-walmart-amazonl_1756#dn7-walmart-amazonr_10462,0,0
dn7-walmart-amazonl_721#dn7-walmart-amazonr_16119,0,0
dn7-walmart-amazonl_364#dn7-walmart-amazonr_3484,0,0
dn7-walmart-amazonl_2528#dn7-walmart-amazonr_21230,0,0
dn7-walmart-amazonl_2531#dn7-walmart-amazonr_9588,0,0
dn7-walmart-amazonl_1969#dn7-walmart-amazonr_11992,0,0
dn7-walmart-amazonl_858#dn7-walmart-amazonr_2675,0,0
dn7-walmart-amazonl_1690#dn7-walmart-amazonr_8265,0,0
dn7-walmart-amazonl_1113#dn7-walmart-amazonr_14244,0,0
dn7-walmart-amazonl_1801#dn7-walmart-amazonr_7956,0,0
dn7-walmart-amazonl_1457#dn7-walmart-amazonr_8346,1,1
dn7-walmart-amazonl_788#dn7-walmart-amazonr_13378,0,0
dn7-walmart-amazonl_1785#dn7-walmart-amazonr_17672,0,0
dn7-walmart-amazonl_272#dn7-walmart-amazonr_6713,0,0
dn7-walmart-amazonl_2298#dn7-walmart-amazonr_4532,0,0
dn7-walmart-amazonl_276#dn7-walmart-amazonr_15783,0,0
dn7-walmart-amazonl_1557#dn7-walmart-amazonr_2965,0,0
dn7-walmart-amazonl_871#dn7-walmart-amazonr_20940,0,0
dn7-walmart-amazonl_42#dn7-walmart-amazonr_6713,0,0
dn7-walmart-amazonl_136#dn7-walmart-amazonr_8596,0,0
dn7-walmart-amazonl_818#dn7-walmart-amazonr_8935,0,0
dn7-walmart-amazonl_409#dn7-walmart-amazonr_596,0,0
dn7-walmart-amazonl_806#dn7-walmart-amazonr_21409,0,0
dn7-walmart-amazonl_249#dn7-walmart-amazonr_4250,0,0
dn7-walmart-amazonl_2532#dn7-walmart-amazonr_3924,0,0
dn7-walmart-amazonl_2501#dn7-walmart-amazonr_6388,0,0
dn7-walmart-amazonl_1365#dn7-walmart-amazonr_10473,0,0
dn7-walmart-amazonl_936#dn7-walmart-amazonr_10547,0,0
dn7-walmart-amazonl_1776#dn7-walmart-amazonr_15488,0,0
dn7-walmart-amazonl_195#dn7-walmart-amazonr_7284,0,0
dn7-walmart-amazonl_1341#dn7-walmart-amazonr_9098,0,0
dn7-walmart-amazonl_1848#dn7-walmart-amazonr_2119,0,0
dn7-walmart-amazonl_2084#dn7-walmart-amazonr_11534,0,0
dn7-walmart-amazonl_260#dn7-walmart-amazonr_19417,0,0
dn7-walmart-amazonl_746#dn7-walmart-amazonr_17346,0,0
dn7-walmart-amazonl_1876#dn7-walmart-amazonr_12685,0,0
dn7-walmart-amazonl_1802#dn7-walmart-amazonr_15678,0,0
dn7-walmart-amazonl_1011#dn7-walmart-amazonr_9027,0,0
dn7-walmart-amazonl_641#dn7-walmart-amazonr_20567,0,0
dn7-walmart-amazonl_2176#dn7-walmart-amazonr_6267,0,0
dn7-walmart-amazonl_2231#dn7-walmart-amazonr_15977,0,0
dn7-walmart-amazonl_1108#dn7-walmart-amazonr_20112,0,0
dn7-walmart-amazonl_696#dn7-walmart-amazonr_11693,0,0
dn7-walmart-amazonl_881#dn7-walmart-amazonr_6289,0,0
dn7-walmart-amazonl_1174#dn7-walmart-amazonr_14244,0,0
dn7-walmart-amazonl_787#dn7-walmart-amazonr_14949,0,0
dn7-walmart-amazonl_1569#dn7-walmart-amazonr_9222,0,0
dn7-walmart-amazonl_1825#dn7-walmart-amazonr_5954,0,0
dn7-walmart-amazonl_2448#dn7-walmart-amazonr_6402,0,0
dn7-walmart-amazonl_67#dn7-walmart-amazonr_733,0,0
dn7-walmart-amazonl_1827#dn7-walmart-amazonr_10532,0,0
dn7-walmart-amazonl_1116#dn7-walmart-amazonr_12244,0,0
dn7-walmart-amazonl_2229#dn7-walmart-amazonr_6802,0,0
dn7-walmart-amazonl_1991#dn7-walmart-amazonr_9973,0,0
dn7-walmart-amazonl_1956#dn7-walmart-amazonr_16790,0,0
dn7-walmart-amazonl_1043#dn7-walmart-amazonr_15155,0,0
dn7-walmart-amazonl_657#dn7-walmart-amazonr_12936,0,0
dn7-walmart-amazonl_369#dn7-walmart-amazonr_15844,0,0
dn7-walmart-amazonl_1882#dn7-walmart-amazonr_18725,0,0
dn7-walmart-amazonl_1271#dn7-walmart-amazonr_17778,0,0
dn7-walmart-amazonl_876#dn7-walmart-amazonr_2783,0,0
dn7-walmart-amazonl_1826#dn7-walmart-amazonr_1439,0,0
dn7-walmart-amazonl_903#dn7-walmart-amazonr_3571,0,0
dn7-walmart-amazonl_687#dn7-walmart-amazonr_11427,0,0
dn7-walmart-amazonl_537#dn7-walmart-amazonr_2802,0,0
dn7-walmart-amazonl_1869#dn7-walmart-amazonr_6379,0,0
dn7-walmart-amazonl_956#dn7-walmart-amazonr_12352,0,0
dn7-walmart-amazonl_1598#dn7-walmart-amazonr_2358,0,0
dn7-walmart-amazonl_1761#dn7-walmart-amazonr_4576,0,0
dn7-walmart-amazonl_1436#dn7-walmart-amazonr_21307,0,0
dn7-walmart-amazonl_2280#dn7-walmart-amazonr_11373,0,0
dn7-walmart-amazonl_393#dn7-walmart-amazonr_1067,0,0
dn7-walmart-amazonl_2134#dn7-walmart-amazonr_7184,0,0
dn7-walmart-amazonl_438#dn7-walmart-amazonr_21862,0,0
dn7-walmart-amazonl_2481#dn7-walmart-amazonr_6885,1,1
dn7-walmart-amazonl_354#dn7-walmart-amazonr_16479,0,0
dn7-walmart-amazonl_2337#dn7-walmart-amazonr_13081,0,0
dn7-walmart-amazonl_1084#dn7-walmart-amazonr_526,0,0
dn7-walmart-amazonl_2373#dn7-walmart-amazonr_16721,0,0
dn7-walmart-amazonl_1030#dn7-walmart-amazonr_10559,0,0
dn7-walmart-amazonl_2083#dn7-walmart-amazonr_6586,0,0
dn7-walmart-amazonl_1541#dn7-walmart-amazonr_10790,0,0
dn7-walmart-amazonl_1278#dn7-walmart-amazonr_3202,0,0
dn7-walmart-amazonl_1335#dn7-walmart-amazonr_5941,0,0
dn7-walmart-amazonl_1379#dn7-walmart-amazonr_1590,0,0
dn7-walmart-amazonl_960#dn7-walmart-amazonr_16173,0,0
dn7-walmart-amazonl_1067#dn7-walmart-amazonr_8783,0,0
dn7-walmart-amazonl_82#dn7-walmart-amazonr_5324,0,0
dn7-walmart-amazonl_2515#dn7-walmart-amazonr_14421,0,0
dn7-walmart-amazonl_2305#dn7-walmart-amazonr_19492,0,0
dn7-walmart-amazonl_739#dn7-walmart-amazonr_9999,0,0
dn7-walmart-amazonl_1599#dn7-walmart-amazonr_8213,0,0
dn7-walmart-amazonl_1109#dn7-walmart-amazonr_7449,0,0
dn7-walmart-amazonl_581#dn7-walmart-amazonr_19616,0,0
dn7-walmart-amazonl_148#dn7-walmart-amazonr_16350,0,1
dn7-walmart-amazonl_201#dn7-walmart-amazonr_3556,0,0
dn7-walmart-amazonl_1525#dn7-walmart-amazonr_710,0,0
dn7-walmart-amazonl_1849#dn7-walmart-amazonr_1535,0,0
dn7-walmart-amazonl_1384#dn7-walmart-amazonr_3323,0,0
dn7-walmart-amazonl_879#dn7-walmart-amazonr_15662,0,0
dn7-walmart-amazonl_546#dn7-walmart-amazonr_12697,0,0
dn7-walmart-amazonl_2266#dn7-walmart-amazonr_18696,0,0
dn7-walmart-amazonl_1853#dn7-walmart-amazonr_13564,0,0
dn7-walmart-amazonl_749#dn7-walmart-amazonr_1967,0,0
dn7-walmart-amazonl_1461#dn7-walmart-amazonr_15747,0,0
dn7-walmart-amazonl_1410#dn7-walmart-amazonr_15112,0,0
dn7-walmart-amazonl_319#dn7-walmart-amazonr_12488,0,0
dn7-walmart-amazonl_1540#dn7-walmart-amazonr_12928,0,0
dn7-walmart-amazonl_1301#dn7-walmart-amazonr_6557,0,0
dn7-walmart-amazonl_345#dn7-walmart-amazonr_14302,0,0
dn7-walmart-amazonl_708#dn7-walmart-amazonr_9088,0,0
dn7-walmart-amazonl_262#dn7-walmart-amazonr_3510,0,0
dn7-walmart-amazonl_2092#dn7-walmart-amazonr_9866,0,0
dn7-walmart-amazonl_382#dn7-walmart-amazonr_19784,0,0
dn7-walmart-amazonl_1813#dn7-walmart-amazonr_7232,0,0
dn7-walmart-amazonl_4#dn7-walmart-amazonr_15412,0,0
dn7-walmart-amazonl_551#dn7-walmart-amazonr_15424,0,0
dn7-walmart-amazonl_1232#dn7-walmart-amazonr_6536,0,0
dn7-walmart-amazonl_495#dn7-walmart-amazonr_12814,0,0
dn7-walmart-amazonl_562#dn7-walmart-amazonr_11070,0,0
dn7-walmart-amazonl_251#dn7-walmart-amazonr_1378,0,0
dn7-walmart-amazonl_1690#dn7-walmart-amazonr_13933,0,0
dn7-walmart-amazonl_1607#dn7-walmart-amazonr_6399,0,0
dn7-walmart-amazonl_968#dn7-walmart-amazonr_7293,0,0
dn7-walmart-amazonl_1762#dn7-walmart-amazonr_36,0,0
dn7-walmart-amazonl_1762#dn7-walmart-amazonr_3125,0,0
dn7-walmart-amazonl_1268#dn7-walmart-amazonr_20274,0,0
dn7-walmart-amazonl_962#dn7-walmart-amazonr_20166,0,0
dn7-walmart-amazonl_2500#dn7-walmart-amazonr_4455,0,0
dn7-walmart-amazonl_1604#dn7-walmart-amazonr_12885,0,0
dn7-walmart-amazonl_1582#dn7-walmart-amazonr_943,0,0
dn7-walmart-amazonl_2206#dn7-walmart-amazonr_2291,0,0
dn7-walmart-amazonl_2011#dn7-walmart-amazonr_11428,0,0
dn7-walmart-amazonl_1322#dn7-walmart-amazonr_3929,0,0
dn7-walmart-amazonl_1556#dn7-walmart-amazonr_986,0,0
dn7-walmart-amazonl_336#dn7-walmart-amazonr_8689,0,0
dn7-walmart-amazonl_1204#dn7-walmart-amazonr_9891,0,0
dn7-walmart-amazonl_479#dn7-walmart-amazonr_10151,0,0
dn7-walmart-amazonl_1008#dn7-walmart-amazonr_2725,0,0
dn7-walmart-amazonl_2243#dn7-walmart-amazonr_10002,0,0
dn7-walmart-amazonl_1833#dn7-walmart-amazonr_15525,0,0
dn7-walmart-amazonl_2152#dn7-walmart-amazonr_6404,0,0
dn7-walmart-amazonl_1544#dn7-walmart-amazonr_7195,0,0
dn7-walmart-amazonl_2113#dn7-walmart-amazonr_9999,0,0
dn7-walmart-amazonl_2110#dn7-walmart-amazonr_15659,0,0
dn7-walmart-amazonl_191#dn7-walmart-amazonr_1562,0,0
dn7-walmart-amazonl_1610#dn7-walmart-amazonr_13628,0,0
dn7-walmart-amazonl_1968#dn7-walmart-amazonr_14466,0,0
dn7-walmart-amazonl_731#dn7-walmart-amazonr_10792,0,0
dn7-walmart-amazonl_2103#dn7-walmart-amazonr_2963,1,0
dn7-walmart-amazonl_2241#dn7-walmart-amazonr_166,0,0
dn7-walmart-amazonl_1422#dn7-walmart-amazonr_19172,0,0
dn7-walmart-amazonl_1955#dn7-walmart-amazonr_18043,0,0
dn7-walmart-amazonl_2095#dn7-walmart-amazonr_2234,0,0
dn7-walmart-amazonl_988#dn7-walmart-amazonr_3710,0,0
dn7-walmart-amazonl_1897#dn7-walmart-amazonr_5422,0,0
dn7-walmart-amazonl_1532#dn7-walmart-amazonr_6742,0,0
dn7-walmart-amazonl_2417#dn7-walmart-amazonr_8441,0,0
dn7-walmart-amazonl_1266#dn7-walmart-amazonr_12250,0,0
dn7-walmart-amazonl_2299#dn7-walmart-amazonr_5063,0,0
dn7-walmart-amazonl_1430#dn7-walmart-amazonr_14303,0,0
dn7-walmart-amazonl_2075#dn7-walmart-amazonr_4927,0,0
dn7-walmart-amazonl_1915#dn7-walmart-amazonr_3421,0,1
dn7-walmart-amazonl_152#dn7-walmart-amazonr_12413,0,0
dn7-walmart-amazonl_1668#dn7-walmart-amazonr_19810,0,0
dn7-walmart-amazonl_688#dn7-walmart-amazonr_2870,0,1
dn7-walmart-amazonl_561#dn7-walmart-amazonr_21112,0,0
dn7-walmart-amazonl_771#dn7-walmart-amazonr_9555,0,0
dn7-walmart-amazonl_41#dn7-walmart-amazonr_4806,0,0
dn7-walmart-amazonl_2155#dn7-walmart-amazonr_14236,0,0
dn7-walmart-amazonl_242#dn7-walmart-amazonr_9714,0,0
dn7-walmart-amazonl_495#dn7-walmart-amazonr_4750,0,0
dn7-walmart-amazonl_160#dn7-walmart-amazonr_10901,0,0
dn7-walmart-amazonl_2387#dn7-walmart-amazonr_9709,0,0
dn7-walmart-amazonl_1946#dn7-walmart-amazonr_4306,0,0
dn7-walmart-amazonl_2509#dn7-walmart-amazonr_8924,0,0
dn7-walmart-amazonl_2016#dn7-walmart-amazonr_2035,0,0
dn7-walmart-amazonl_73#dn7-walmart-amazonr_20748,0,0
dn7-walmart-amazonl_525#dn7-walmart-amazonr_14462,0,0
dn7-walmart-amazonl_1467#dn7-walmart-amazonr_16631,0,0
dn7-walmart-amazonl_2377#dn7-walmart-amazonr_15568,0,0
dn7-walmart-amazonl_2102#dn7-walmart-amazonr_915,0,0
dn7-walmart-amazonl_1548#dn7-walmart-amazonr_15207,0,0
dn7-walmart-amazonl_1493#dn7-walmart-amazonr_21219,0,0
dn7-walmart-amazonl_864#dn7-walmart-amazonr_3157,0,0
dn7-walmart-amazonl_1703#dn7-walmart-amazonr_5940,0,0
dn7-walmart-amazonl_1183#dn7-walmart-amazonr_15994,0,0
dn7-walmart-amazonl_844#dn7-walmart-amazonr_1200,0,0
dn7-walmart-amazonl_1899#dn7-walmart-amazonr_20011,0,0
dn7-walmart-amazonl_879#dn7-walmart-amazonr_16649,0,0
dn7-walmart-amazonl_2058#dn7-walmart-amazonr_19019,0,0
dn7-walmart-amazonl_436#dn7-walmart-amazonr_1900,0,0
dn7-walmart-amazonl_2030#dn7-walmart-amazonr_7161,0,0
dn7-walmart-amazonl_1050#dn7-walmart-amazonr_17954,0,0
dn7-walmart-amazonl_767#dn7-walmart-amazonr_8289,0,0
dn7-walmart-amazonl_914#dn7-walmart-amazonr_5094,0,0
dn7-walmart-amazonl_1066#dn7-walmart-amazonr_14215,0,0
dn7-walmart-amazonl_910#dn7-walmart-amazonr_933,0,0
dn7-walmart-amazonl_242#dn7-walmart-amazonr_14106,0,0
dn7-walmart-amazonl_2118#dn7-walmart-amazonr_477,0,0
dn7-walmart-amazonl_2376#dn7-walmart-amazonr_1757,0,0
dn7-walmart-amazonl_825#dn7-walmart-amazonr_19666,0,0
dn7-walmart-amazonl_1261#dn7-walmart-amazonr_353,0,0
dn7-walmart-amazonl_648#dn7-walmart-amazonr_14726,0,0
dn7-walmart-amazonl_785#dn7-walmart-amazonr_8879,0,0
dn7-walmart-amazonl_2371#dn7-walmart-amazonr_6953,0,0
dn7-walmart-amazonl_664#dn7-walmart-amazonr_2987,0,0
dn7-walmart-amazonl_1201#dn7-walmart-amazonr_16878,0,0
dn7-walmart-amazonl_2447#dn7-walmart-amazonr_7390,0,0
dn7-walmart-amazonl_886#dn7-walmart-amazonr_16409,0,0
dn7-walmart-amazonl_1448#dn7-walmart-amazonr_6049,0,0
dn7-walmart-amazonl_1615#dn7-walmart-amazonr_10917,0,0
dn7-walmart-amazonl_1306#dn7-walmart-amazonr_19127,0,0
dn7-walmart-amazonl_1069#dn7-walmart-amazonr_439,0,0
dn7-walmart-amazonl_1938#dn7-walmart-amazonr_10802,0,0
dn7-walmart-amazonl_612#dn7-walmart-amazonr_20794,0,0
dn7-walmart-amazonl_2379#dn7-walmart-amazonr_7692,0,0
dn7-walmart-amazonl_1224#dn7-walmart-amazonr_8071,0,0
dn7-walmart-amazonl_2026#dn7-walmart-amazonr_1804,0,0
dn7-walmart-amazonl_893#dn7-walmart-amazonr_13746,0,0
dn7-walmart-amazonl_124#dn7-walmart-amazonr_3826,0,0
dn7-walmart-amazonl_631#dn7-walmart-amazonr_5302,0,0
dn7-walmart-amazonl_2096#dn7-walmart-amazonr_17008,0,0
dn7-walmart-amazonl_1384#dn7-walmart-amazonr_21848,0,0
dn7-walmart-amazonl_1302#dn7-walmart-amazonr_8965,0,0
dn7-walmart-amazonl_2169#dn7-walmart-amazonr_915,0,0
dn7-walmart-amazonl_1192#dn7-walmart-amazonr_33,0,0
dn7-walmart-amazonl_831#dn7-walmart-amazonr_6113,0,0
dn7-walmart-amazonl_1375#dn7-walmart-amazonr_12600,0,0
dn7-walmart-amazonl_1195#dn7-walmart-amazonr_9435,0,0
dn7-walmart-amazonl_86#dn7-walmart-amazonr_5584,0,0
dn7-walmart-amazonl_2081#dn7-walmart-amazonr_11272,0,0
dn7-walmart-amazonl_453#dn7-walmart-amazonr_8935,0,0
dn7-walmart-amazonl_1283#dn7-walmart-amazonr_12092,0,0
dn7-walmart-amazonl_835#dn7-walmart-amazonr_18014,0,0
dn7-walmart-amazonl_194#dn7-walmart-amazonr_14841,0,0
dn7-walmart-amazonl_1945#dn7-walmart-amazonr_16040,0,0
dn7-walmart-amazonl_672#dn7-walmart-amazonr_19492,0,0
dn7-walmart-amazonl_453#dn7-walmart-amazonr_19029,0,0
dn7-walmart-amazonl_620#dn7-walmart-amazonr_1304,0,0
dn7-walmart-amazonl_637#dn7-walmart-amazonr_10266,0,0
dn7-walmart-amazonl_283#dn7-walmart-amazonr_1886,0,0
dn7-walmart-amazonl_1927#dn7-walmart-amazonr_951,0,0
dn7-walmart-amazonl_1069#dn7-walmart-amazonr_9817,0,0
dn7-walmart-amazonl_205#dn7-walmart-amazonr_3773,0,0
dn7-walmart-amazonl_1249#dn7-walmart-amazonr_2931,0,0
dn7-walmart-amazonl_1241#dn7-walmart-amazonr_18495,0,0
dn7-walmart-amazonl_724#dn7-walmart-amazonr_13874,0,0
dn7-walmart-amazonl_575#dn7-walmart-amazonr_21339,0,0
dn7-walmart-amazonl_2242#dn7-walmart-amazonr_5420,0,0
dn7-walmart-amazonl_1476#dn7-walmart-amazonr_19045,0,0
dn7-walmart-amazonl_238#dn7-walmart-amazonr_580,0,0
dn7-walmart-amazonl_1876#dn7-walmart-amazonr_4273,0,0
dn7-walmart-amazonl_1155#dn7-walmart-amazonr_10921,0,0
dn7-walmart-amazonl_1952#dn7-walmart-amazonr_15688,0,0
dn7-walmart-amazonl_1591#dn7-walmart-amazonr_18763,0,0
dn7-walmart-amazonl_2216#dn7-walmart-amazonr_5799,0,0
dn7-walmart-amazonl_964#dn7-walmart-amazonr_12738,0,0
dn7-walmart-amazonl_1761#dn7-walmart-amazonr_8643,0,0
dn7-walmart-amazonl_293#dn7-walmart-amazonr_3921,0,0
dn7-walmart-amazonl_217#dn7-walmart-amazonr_8945,0,0
dn7-walmart-amazonl_253#dn7-walmart-amazonr_13717,0,0
dn7-walmart-amazonl_1540#dn7-walmart-amazonr_13261,0,0
dn7-walmart-amazonl_7#dn7-walmart-amazonr_21626,0,0
dn7-walmart-amazonl_1406#dn7-walmart-amazonr_16482,0,0
dn7-walmart-amazonl_2142#dn7-walmart-amazonr_11938,0,0
dn7-walmart-amazonl_997#dn7-walmart-amazonr_10631,0,0
dn7-walmart-amazonl_1797#dn7-walmart-amazonr_21744,0,0
dn7-walmart-amazonl_1076#dn7-walmart-amazonr_5403,0,0
dn7-walmart-amazonl_281#dn7-walmart-amazonr_1967,0,0
dn7-walmart-amazonl_2069#dn7-walmart-amazonr_6006,0,0
dn7-walmart-amazonl_1028#dn7-walmart-amazonr_18415,0,0
dn7-walmart-amazonl_186#dn7-walmart-amazonr_21428,0,0
dn7-walmart-amazonl_2420#dn7-walmart-amazonr_6116,0,0
dn7-walmart-amazonl_2341#dn7-walmart-amazonr_13095,0,0
dn7-walmart-amazonl_2395#dn7-walmart-amazonr_12584,0,0
dn7-walmart-amazonl_197#dn7-walmart-amazonr_15101,0,0
dn7-walmart-amazonl_2435#dn7-walmart-amazonr_7193,0,0
dn7-walmart-amazonl_670#dn7-walmart-amazonr_5927,0,0
dn7-walmart-amazonl_2180#dn7-walmart-amazonr_7763,0,0
dn7-walmart-amazonl_2182#dn7-walmart-amazonr_17358,0,0
dn7-walmart-amazonl_387#dn7-walmart-amazonr_15075,0,0
dn7-walmart-amazonl_709#dn7-walmart-amazonr_19869,0,0
dn7-walmart-amazonl_1058#dn7-walmart-amazonr_7984,0,0
dn7-walmart-amazonl_1213#dn7-walmart-amazonr_19961,0,0
dn7-walmart-amazonl_2479#dn7-walmart-amazonr_733,0,0
dn7-walmart-amazonl_1906#dn7-walmart-amazonr_7997,0,0
dn7-walmart-amazonl_1178#dn7-walmart-amazonr_16597,0,0
dn7-walmart-amazonl_1521#dn7-walmart-amazonr_5427,0,0
dn7-walmart-amazonl_1061#dn7-walmart-amazonr_2127,0,0
dn7-walmart-amazonl_1870#dn7-walmart-amazonr_6840,0,0
dn7-walmart-amazonl_1977#dn7-walmart-amazonr_5042,0,0
dn7-walmart-amazonl_2366#dn7-walmart-amazonr_6898,0,0
dn7-walmart-amazonl_1677#dn7-walmart-amazonr_460,0,0
dn7-walmart-amazonl_2383#dn7-walmart-amazonr_15938,0,0
dn7-walmart-amazonl_1817#dn7-walmart-amazonr_3967,0,0
dn7-walmart-amazonl_2117#dn7-walmart-amazonr_666,0,0
dn7-walmart-amazonl_2150#dn7-walmart-amazonr_6736,0,0
dn7-walmart-amazonl_191#dn7-walmart-amazonr_7360,0,0
dn7-walmart-amazonl_1055#dn7-walmart-amazonr_12548,0,0
dn7-walmart-amazonl_2033#dn7-walmart-amazonr_2622,0,0
dn7-walmart-amazonl_1686#dn7-walmart-amazonr_14992,0,0
dn7-walmart-amazonl_1462#dn7-walmart-amazonr_17863,0,0
dn7-walmart-amazonl_2309#dn7-walmart-amazonr_14136,0,0
dn7-walmart-amazonl_112#dn7-walmart-amazonr_22008,0,0
dn7-walmart-amazonl_2066#dn7-walmart-amazonr_11642,0,0
dn7-walmart-amazonl_1343#dn7-walmart-amazonr_11360,0,0
dn7-walmart-amazonl_2374#dn7-walmart-amazonr_15812,0,0
dn7-walmart-amazonl_1186#dn7-walmart-amazonr_6116,0,0
dn7-walmart-amazonl_710#dn7-walmart-amazonr_1769,0,0
dn7-walmart-amazonl_1736#dn7-walmart-amazonr_4306,0,0
dn7-walmart-amazonl_390#dn7-walmart-amazonr_7578,0,0
dn7-walmart-amazonl_1420#dn7-walmart-amazonr_4273,0,0
dn7-walmart-amazonl_1637#dn7-walmart-amazonr_15057,0,0
dn7-walmart-amazonl_963#dn7-walmart-amazonr_7075,0,0
dn7-walmart-amazonl_1483#dn7-walmart-amazonr_926,0,0
dn7-walmart-amazonl_599#dn7-walmart-amazonr_549,0,0
dn7-walmart-amazonl_2049#dn7-walmart-amazonr_18409,0,0
dn7-walmart-amazonl_20#dn7-walmart-amazonr_16553,0,0
dn7-walmart-amazonl_2292#dn7-walmart-amazonr_18074,0,0
dn7-walmart-amazonl_2118#dn7-walmart-amazonr_11288,0,0
dn7-walmart-amazonl_1203#dn7-walmart-amazonr_1298,0,0
dn7-walmart-amazonl_982#dn7-walmart-amazonr_473,0,0
dn7-walmart-amazonl_200#dn7-walmart-amazonr_21936,0,0
dn7-walmart-amazonl_2429#dn7-walmart-amazonr_4273,0,0
dn7-walmart-amazonl_1067#dn7-walmart-amazonr_8784,0,0
dn7-walmart-amazonl_855#dn7-walmart-amazonr_5127,0,0
dn7-walmart-amazonl_1326#dn7-walmart-amazonr_4110,0,0
dn7-walmart-amazonl_1974#dn7-walmart-amazonr_12007,0,0
dn7-walmart-amazonl_804#dn7-walmart-amazonr_14224,0,0
dn7-walmart-amazonl_1768#dn7-walmart-amazonr_11207,0,0
dn7-walmart-amazonl_133#dn7-walmart-amazonr_5163,0,0
dn7-walmart-amazonl_1001#dn7-walmart-amazonr_7280,0,0
dn7-walmart-amazonl_2430#dn7-walmart-amazonr_6746,0,0
dn7-walmart-amazonl_1267#dn7-walmart-amazonr_2808,0,0
dn7-walmart-amazonl_1130#dn7-walmart-amazonr_4085,0,0
dn7-walmart-amazonl_970#dn7-walmart-amazonr_14867,0,0
dn7-walmart-amazonl_796#dn7-walmart-amazonr_12388,0,0
dn7-walmart-amazonl_1286#dn7-walmart-amazonr_9956,0,0
dn7-walmart-amazonl_473#dn7-walmart-amazonr_19898,0,0
dn7-walmart-amazonl_1055#dn7-walmart-amazonr_14191,0,0
dn7-walmart-amazonl_1806#dn7-walmart-amazonr_13809,0,0
dn7-walmart-amazonl_1284#dn7-walmart-amazonr_3319,0,0
dn7-walmart-amazonl_594#dn7-walmart-amazonr_7332,0,0
dn7-walmart-amazonl_727#dn7-walmart-amazonr_20027,0,0
dn7-walmart-amazonl_1104#dn7-walmart-amazonr_8970,0,0
dn7-walmart-amazonl_2372#dn7-walmart-amazonr_4104,0,0
dn7-walmart-amazonl_1773#dn7-walmart-amazonr_5150,0,0
dn7-walmart-amazonl_498#dn7-walmart-amazonr_9622,0,0
dn7-walmart-amazonl_1909#dn7-walmart-amazonr_12494,0,0
dn7-walmart-amazonl_663#dn7-walmart-amazonr_1799,0,0
dn7-walmart-amazonl_743#dn7-walmart-amazonr_4438,0,0
dn7-walmart-amazonl_1584#dn7-walmart-amazonr_4403,0,0
dn7-walmart-amazonl_1937#dn7-walmart-amazonr_15945,0,0
dn7-walmart-amazonl_118#dn7-walmart-amazonr_17478,0,0
dn7-walmart-amazonl_2033#dn7-walmart-amazonr_8077,0,0
dn7-walmart-amazonl_1676#dn7-walmart-amazonr_14253,0,0
dn7-walmart-amazonl_1791#dn7-walmart-amazonr_16561,0,0
dn7-walmart-amazonl_150#dn7-walmart-amazonr_4349,0,0
dn7-walmart-amazonl_118#dn7-walmart-amazonr_1057,0,0
dn7-walmart-amazonl_1937#dn7-walmart-amazonr_10802,0,0
dn7-walmart-amazonl_2050#dn7-walmart-amazonr_2513,0,0
dn7-walmart-amazonl_1318#dn7-walmart-amazonr_10216,0,0
dn7-walmart-amazonl_1148#dn7-walmart-amazonr_12484,0,0
dn7-walmart-amazonl_432#dn7-walmart-amazonr_12352,0,0
dn7-walmart-amazonl_1462#dn7-walmart-amazonr_16309,0,0
dn7-walmart-amazonl_1553#dn7-walmart-amazonr_11146,0,0
dn7-walmart-amazonl_1282#dn7-walmart-amazonr_19099,0,0
dn7-walmart-amazonl_1602#dn7-walmart-amazonr_14562,0,0
dn7-walmart-amazonl_1813#dn7-walmart-amazonr_13241,0,0
dn7-walmart-amazonl_1657#dn7-walmart-amazonr_14024,0,0
dn7-walmart-amazonl_1895#dn7-walmart-amazonr_12154,0,0
dn7-walmart-amazonl_1249#dn7-walmart-amazonr_10053,0,0
dn7-walmart-amazonl_266#dn7-walmart-amazonr_955,0,0
dn7-walmart-amazonl_1206#dn7-walmart-amazonr_18915,0,0
dn7-walmart-amazonl_1200#dn7-walmart-amazonr_15268,0,0
dn7-walmart-amazonl_4#dn7-walmart-amazonr_8771,0,0
dn7-walmart-amazonl_1818#dn7-walmart-amazonr_14612,0,0
dn7-walmart-amazonl_1236#dn7-walmart-amazonr_21305,0,0
dn7-walmart-amazonl_997#dn7-walmart-amazonr_842,0,0
dn7-walmart-amazonl_1180#dn7-walmart-amazonr_16803,0,0
dn7-walmart-amazonl_1639#dn7-walmart-amazonr_19102,0,0
dn7-walmart-amazonl_2176#dn7-walmart-amazonr_6181,0,0
dn7-walmart-amazonl_1694#dn7-walmart-amazonr_14497,0,0
dn7-walmart-amazonl_1830#dn7-walmart-amazonr_14841,0,0
dn7-walmart-amazonl_323#dn7-walmart-amazonr_9727,0,0
dn7-walmart-amazonl_72#dn7-walmart-amazonr_7843,0,0
dn7-walmart-amazonl_19#dn7-walmart-amazonr_6993,0,0
dn7-walmart-amazonl_95#dn7-walmart-amazonr_19591,0,0
dn7-walmart-amazonl_2078#dn7-walmart-amazonr_3202,0,0
dn7-walmart-amazonl_1779#dn7-walmart-amazonr_6389,0,0
dn7-walmart-amazonl_1413#dn7-walmart-amazonr_8235,0,0
dn7-walmart-amazonl_1052#dn7-walmart-amazonr_8831,0,0
dn7-walmart-amazonl_2381#dn7-walmart-amazonr_9039,0,0
dn7-walmart-amazonl_590#dn7-walmart-amazonr_5660,0,0
dn7-walmart-amazonl_1666#dn7-walmart-amazonr_4220,0,0
dn7-walmart-amazonl_2456#dn7-walmart-amazonr_3554,0,0
dn7-walmart-amazonl_1629#dn7-walmart-amazonr_17846,0,0
dn7-walmart-amazonl_1152#dn7-walmart-amazonr_3069,0,0
dn7-walmart-amazonl_1758#dn7-walmart-amazonr_5163,0,0
dn7-walmart-amazonl_625#dn7-walmart-amazonr_20996,0,0
dn7-walmart-amazonl_737#dn7-walmart-amazonr_16912,0,0
dn7-walmart-amazonl_171#dn7-walmart-amazonr_21232,0,0
dn7-walmart-amazonl_2274#dn7-walmart-amazonr_5935,0,0
dn7-walmart-amazonl_707#dn7-walmart-amazonr_9098,0,0
dn7-walmart-amazonl_891#dn7-walmart-amazonr_16043,0,0
dn7-walmart-amazonl_377#dn7-walmart-amazonr_4508,0,0
dn7-walmart-amazonl_1814#dn7-walmart-amazonr_1905,0,0
dn7-walmart-amazonl_1248#dn7-walmart-amazonr_8128,0,0
dn7-walmart-amazonl_1556#dn7-walmart-amazonr_6681,0,0
dn7-walmart-amazonl_2219#dn7-walmart-amazonr_1143,0,0
dn7-walmart-amazonl_1627#dn7-walmart-amazonr_63,0,0
dn7-walmart-amazonl_2475#dn7-walmart-amazonr_4603,0,0
dn7-walmart-amazonl_126#dn7-walmart-amazonr_7386,0,0
dn7-walmart-amazonl_1837#dn7-walmart-amazonr_4094,0,0
dn7-walmart-amazonl_804#dn7-walmart-amazonr_12292,0,0
dn7-walmart-amazonl_2330#dn7-walmart-amazonr_16465,0,0
dn7-walmart-amazonl_1701#dn7-walmart-amazonr_17722,0,0
dn7-walmart-amazonl_2506#dn7-walmart-amazonr_1671,0,0
dn7-walmart-amazonl_904#dn7-walmart-amazonr_3886,0,0
dn7-walmart-amazonl_693#dn7-walmart-amazonr_643,0,0
dn7-walmart-amazonl_2323#dn7-walmart-amazonr_17556,0,0
dn7-walmart-amazonl_2471#dn7-walmart-amazonr_2068,0,0
dn7-walmart-amazonl_1472#dn7-walmart-amazonr_2681,0,0
dn7-walmart-amazonl_615#dn7-walmart-amazonr_964,0,0
dn7-walmart-amazonl_1773#dn7-walmart-amazonr_17576,0,0
dn7-walmart-amazonl_1794#dn7-walmart-amazonr_8072,0,0
dn7-walmart-amazonl_1423#dn7-walmart-amazonr_13669,0,0
dn7-walmart-amazonl_2009#dn7-walmart-amazonr_13182,0,0
dn7-walmart-amazonl_1876#dn7-walmart-amazonr_18917,0,0
dn7-walmart-amazonl_2161#dn7-walmart-amazonr_4088,0,0
dn7-walmart-amazonl_1836#dn7-walmart-amazonr_9493,0,0
dn7-walmart-amazonl_2158#dn7-walmart-amazonr_1895,0,0
dn7-walmart-amazonl_833#dn7-walmart-amazonr_4163,0,0
dn7-walmart-amazonl_1667#dn7-walmart-amazonr_15302,0,0
dn7-walmart-amazonl_589#dn7-walmart-amazonr_18250,0,0
dn7-walmart-amazonl_79#dn7-walmart-amazonr_18495,0,0
dn7-walmart-amazonl_70#dn7-walmart-amazonr_9792,0,0
dn7-walmart-amazonl_1438#dn7-walmart-amazonr_8109,0,0
dn7-walmart-amazonl_2155#dn7-walmart-amazonr_9927,0,0
dn7-walmart-amazonl_609#dn7-walmart-amazonr_5035,0,0
dn7-walmart-amazonl_656#dn7-walmart-amazonr_7859,0,0
dn7-walmart-amazonl_1047#dn7-walmart-amazonr_19669,0,0
dn7-walmart-amazonl_2175#dn7-walmart-amazonr_2937,0,0
dn7-walmart-amazonl_1678#dn7-walmart-amazonr_9502,0,0
dn7-walmart-amazonl_1030#dn7-walmart-amazonr_17358,0,0
dn7-walmart-amazonl_2055#dn7-walmart-amazonr_16342,0,0
dn7-walmart-amazonl_1367#dn7-walmart-amazonr_7654,0,0
dn7-walmart-amazonl_1637#dn7-walmart-amazonr_20395,0,0
dn7-walmart-amazonl_2003#dn7-walmart-amazonr_11093,0,0
dn7-walmart-amazonl_995#dn7-walmart-amazonr_3957,0,0
dn7-walmart-amazonl_1402#dn7-walmart-amazonr_12771,0,0
dn7-walmart-amazonl_1191#dn7-walmart-amazonr_496,0,0
dn7-walmart-amazonl_375#dn7-walmart-amazonr_19867,0,0
dn7-walmart-amazonl_917#dn7-walmart-amazonr_17028,0,0
dn7-walmart-amazonl_1639#dn7-walmart-amazonr_7003,0,0
dn7-walmart-amazonl_1589#dn7-walmart-amazonr_11358,0,0
dn7-walmart-amazonl_2489#dn7-walmart-amazonr_14422,0,0
dn7-walmart-amazonl_873#dn7-walmart-amazonr_21292,0,0
dn7-walmart-amazonl_1471#dn7-walmart-amazonr_10552,0,0
dn7-walmart-amazonl_2187#dn7-walmart-amazonr_5622,0,0
dn7-walmart-amazonl_2216#dn7-walmart-amazonr_8811,0,0
dn7-walmart-amazonl_2263#dn7-walmart-amazonr_6960,0,0
dn7-walmart-amazonl_642#dn7-walmart-amazonr_13164,0,0
dn7-walmart-amazonl_265#dn7-walmart-amazonr_3519,0,0
dn7-walmart-amazonl_2327#dn7-walmart-amazonr_2904,0,0
dn7-walmart-amazonl_415#dn7-walmart-amazonr_17099,0,0
dn7-walmart-amazonl_1924#dn7-walmart-amazonr_261,0,0
dn7-walmart-amazonl_1846#dn7-walmart-amazonr_6545,0,0
dn7-walmart-amazonl_583#dn7-walmart-amazonr_8543,0,0
dn7-walmart-amazonl_1422#dn7-walmart-amazonr_10309,0,0
dn7-walmart-amazonl_1508#dn7-walmart-amazonr_645,0,0
dn7-walmart-amazonl_834#dn7-walmart-amazonr_13544,0,0
dn7-walmart-amazonl_554#dn7-walmart-amazonr_11928,0,0
dn7-walmart-amazonl_601#dn7-walmart-amazonr_18202,0,0
dn7-walmart-amazonl_1886#dn7-walmart-amazonr_9118,0,0
dn7-walmart-amazonl_1384#dn7-walmart-amazonr_15298,0,0
dn7-walmart-amazonl_672#dn7-walmart-amazonr_10864,0,0
dn7-walmart-amazonl_1614#dn7-walmart-amazonr_910,0,0
dn7-walmart-amazonl_390#dn7-walmart-amazonr_13558,0,0
dn7-walmart-amazonl_109#dn7-walmart-amazonr_2822,0,0
dn7-walmart-amazonl_2441#dn7-walmart-amazonr_21746,0,0
dn7-walmart-amazonl_1811#dn7-walmart-amazonr_9122,0,0
dn7-walmart-amazonl_2170#dn7-walmart-amazonr_12282,0,0
dn7-walmart-amazonl_1077#dn7-walmart-amazonr_3127,0,0
dn7-walmart-amazonl_1056#dn7-walmart-amazonr_12758,0,0
dn7-walmart-amazonl_1192#dn7-walmart-amazonr_8465,0,0
dn7-walmart-amazonl_396#dn7-walmart-amazonr_1175,0,0
dn7-walmart-amazonl_2034#dn7-walmart-amazonr_12207,0,0
dn7-walmart-amazonl_1219#dn7-walmart-amazonr_8495,0,0
dn7-walmart-amazonl_660#dn7-walmart-amazonr_8582,0,0
dn7-walmart-amazonl_1958#dn7-walmart-amazonr_15405,0,0
dn7-walmart-amazonl_1968#dn7-walmart-amazonr_21511,0,1
dn7-walmart-amazonl_1259#dn7-walmart-amazonr_1593,0,0
dn7-walmart-amazonl_320#dn7-walmart-amazonr_8795,0,0
dn7-walmart-amazonl_747#dn7-walmart-amazonr_10250,0,0
dn7-walmart-amazonl_612#dn7-walmart-amazonr_4734,0,0
dn7-walmart-amazonl_1016#dn7-walmart-amazonr_17239,0,0
dn7-walmart-amazonl_476#dn7-walmart-amazonr_1690,0,0
dn7-walmart-amazonl_1122#dn7-walmart-amazonr_7083,0,0
dn7-walmart-amazonl_2457#dn7-walmart-amazonr_17144,0,0
dn7-walmart-amazonl_62#dn7-walmart-amazonr_16037,0,0
dn7-walmart-amazonl_989#dn7-walmart-amazonr_5571,0,0
dn7-walmart-amazonl_267#dn7-walmart-amazonr_13233,0,0
dn7-walmart-amazonl_660#dn7-walmart-amazonr_14595,0,0
dn7-walmart-amazonl_886#dn7-walmart-amazonr_14080,0,0
dn7-walmart-amazonl_1288#dn7-walmart-amazonr_17471,0,0
dn7-walmart-amazonl_1353#dn7-walmart-amazonr_895,0,0
dn7-walmart-amazonl_27#dn7-walmart-amazonr_6440,0,0
dn7-walmart-amazonl_488#dn7-walmart-amazonr_13208,0,0
dn7-walmart-amazonl_1603#dn7-walmart-amazonr_7737,0,0
dn7-walmart-amazonl_2269#dn7-walmart-amazonr_12937,0,0
dn7-walmart-amazonl_2035#dn7-walmart-amazonr_5577,0,0
dn7-walmart-amazonl_1448#dn7-walmart-amazonr_4052,0,0
dn7-walmart-amazonl_1275#dn7-walmart-amazonr_1740,0,0
dn7-walmart-amazonl_1317#dn7-walmart-amazonr_21484,0,0
dn7-walmart-amazonl_2134#dn7-walmart-amazonr_3917,0,0
dn7-walmart-amazonl_2402#dn7-walmart-amazonr_17691,0,0
dn7-walmart-amazonl_769#dn7-walmart-amazonr_6363,0,0
dn7-walmart-amazonl_2058#dn7-walmart-amazonr_4104,0,0
dn7-walmart-amazonl_2311#dn7-walmart-amazonr_2999,0,0
dn7-walmart-amazonl_1160#dn7-walmart-amazonr_21411,0,0
dn7-walmart-amazonl_1226#dn7-walmart-amazonr_9154,0,0
dn7-walmart-amazonl_612#dn7-walmart-amazonr_10754,0,0
dn7-walmart-amazonl_2523#dn7-walmart-amazonr_12369,0,0
dn7-walmart-amazonl_1102#dn7-walmart-amazonr_7851,0,0
dn7-walmart-amazonl_1453#dn7-walmart-amazonr_17280,0,0
dn7-walmart-amazonl_1202#dn7-walmart-amazonr_10,0,0
dn7-walmart-amazonl_935#dn7-walmart-amazonr_6854,0,0
dn7-walmart-amazonl_132#dn7-walmart-amazonr_4315,0,0
dn7-walmart-amazonl_1079#dn7-walmart-amazonr_17733,0,0
dn7-walmart-amazonl_1657#dn7-walmart-amazonr_16331,0,0
dn7-walmart-amazonl_60#dn7-walmart-amazonr_20647,0,0
dn7-walmart-amazonl_1074#dn7-walmart-amazonr_20348,0,0
dn7-walmart-amazonl_2314#dn7-walmart-amazonr_16939,0,0
dn7-walmart-amazonl_1484#dn7-walmart-amazonr_3608,0,0
dn7-walmart-amazonl_259#dn7-walmart-amazonr_2804,0,0
dn7-walmart-amazonl_31#dn7-walmart-amazonr_6573,0,0
dn7-walmart-amazonl_1931#dn7-walmart-amazonr_11213,0,0
dn7-walmart-amazonl_831#dn7-walmart-amazonr_14634,0,0
dn7-walmart-amazonl_188#dn7-walmart-amazonr_10663,0,0
dn7-walmart-amazonl_1872#dn7-walmart-amazonr_4321,0,0
dn7-walmart-amazonl_610#dn7-walmart-amazonr_15809,0,0
dn7-walmart-amazonl_168#dn7-walmart-amazonr_10979,0,0
dn7-walmart-amazonl_2103#dn7-walmart-amazonr_14836,0,0
dn7-walmart-amazonl_429#dn7-walmart-amazonr_15214,0,0
dn7-walmart-amazonl_2340#dn7-walmart-amazonr_5728,0,0
dn7-walmart-amazonl_971#dn7-walmart-amazonr_4870,0,0
dn7-walmart-amazonl_1750#dn7-walmart-amazonr_19211,0,0
dn7-walmart-amazonl_1654#dn7-walmart-amazonr_14403,0,0
dn7-walmart-amazonl_1784#dn7-walmart-amazonr_20353,0,0
dn7-walmart-amazonl_842#dn7-walmart-amazonr_14204,0,0
dn7-walmart-amazonl_1402#dn7-walmart-amazonr_12397,0,0
dn7-walmart-amazonl_1229#dn7-walmart-amazonr_16444,0,0
dn7-walmart-amazonl_713#dn7-walmart-amazonr_21438,0,0
dn7-walmart-amazonl_916#dn7-walmart-amazonr_2960,0,0
dn7-walmart-amazonl_1739#dn7-walmart-amazonr_1657,0,0
dn7-walmart-amazonl_1572#dn7-walmart-amazonr_21316,0,0
dn7-walmart-amazonl_141#dn7-walmart-amazonr_660,0,0
dn7-walmart-amazonl_2046#dn7-walmart-amazonr_21971,0,0
dn7-walmart-amazonl_1702#dn7-walmart-amazonr_17330,0,0
dn7-walmart-amazonl_24#dn7-walmart-amazonr_10757,0,0
dn7-walmart-amazonl_2421#dn7-walmart-amazonr_18665,0,0
dn7-walmart-amazonl_325#dn7-walmart-amazonr_7944,0,0
dn7-walmart-amazonl_884#dn7-walmart-amazonr_18012,0,0
dn7-walmart-amazonl_1938#dn7-walmart-amazonr_3083,0,0
dn7-walmart-amazonl_90#dn7-walmart-amazonr_14401,0,0
dn7-walmart-amazonl_1788#dn7-walmart-amazonr_2036,0,0
dn7-walmart-amazonl_34#dn7-walmart-amazonr_4947,0,0
dn7-walmart-amazonl_1704#dn7-walmart-amazonr_16747,0,0
dn7-walmart-amazonl_2003#dn7-walmart-amazonr_11089,0,0
dn7-walmart-amazonl_2128#dn7-walmart-amazonr_16194,0,0
dn7-walmart-amazonl_2017#dn7-walmart-amazonr_21833,0,0
dn7-walmart-amazonl_1128#dn7-walmart-amazonr_19350,0,0
dn7-walmart-amazonl_292#dn7-walmart-amazonr_4497,0,0
dn7-walmart-amazonl_343#dn7-walmart-amazonr_4501,0,0
dn7-walmart-amazonl_780#dn7-walmart-amazonr_14278,1,1
dn7-walmart-amazonl_1822#dn7-walmart-amazonr_16798,0,0
dn7-walmart-amazonl_2050#dn7-walmart-amazonr_7400,0,0
dn7-walmart-amazonl_2250#dn7-walmart-amazonr_17239,0,0
dn7-walmart-amazonl_1754#dn7-walmart-amazonr_15685,0,0
dn7-walmart-amazonl_659#dn7-walmart-amazonr_1569,0,0
dn7-walmart-amazonl_683#dn7-walmart-amazonr_18852,0,0
dn7-walmart-amazonl_1380#dn7-walmart-amazonr_12770,0,0
dn7-walmart-amazonl_1171#dn7-walmart-amazonr_21251,0,0
dn7-walmart-amazonl_1675#dn7-walmart-amazonr_19584,0,0
dn7-walmart-amazonl_1546#dn7-walmart-amazonr_4709,0,0
dn7-walmart-amazonl_1061#dn7-walmart-amazonr_18529,0,0
dn7-walmart-amazonl_1665#dn7-walmart-amazonr_16610,0,0
dn7-walmart-amazonl_289#dn7-walmart-amazonr_15510,0,0
dn7-walmart-amazonl_2026#dn7-walmart-amazonr_12235,0,0
dn7-walmart-amazonl_6#dn7-walmart-amazonr_12315,0,0
dn7-walmart-amazonl_1344#dn7-walmart-amazonr_14400,0,0
dn7-walmart-amazonl_927#dn7-walmart-amazonr_20205,0,0
dn7-walmart-amazonl_1335#dn7-walmart-amazonr_6999,0,0
dn7-walmart-amazonl_687#dn7-walmart-amazonr_3704,0,0
dn7-walmart-amazonl_47#dn7-walmart-amazonr_3486,0,0
dn7-walmart-amazonl_951#dn7-walmart-amazonr_6568,0,0
dn7-walmart-amazonl_1836#dn7-walmart-amazonr_5467,0,0
dn7-walmart-amazonl_2248#dn7-walmart-amazonr_4300,0,0
dn7-walmart-amazonl_477#dn7-walmart-amazonr_5119,0,0
dn7-walmart-amazonl_100#dn7-walmart-amazonr_14255,0,0
dn7-walmart-amazonl_1759#dn7-walmart-amazonr_19298,0,0
dn7-walmart-amazonl_1778#dn7-walmart-amazonr_7277,0,0
dn7-walmart-amazonl_189#dn7-walmart-amazonr_8497,0,0
dn7-walmart-amazonl_1162#dn7-walmart-amazonr_16809,0,0
dn7-walmart-amazonl_89#dn7-walmart-amazonr_5368,0,0
dn7-walmart-amazonl_292#dn7-walmart-amazonr_21766,0,0
dn7-walmart-amazonl_1546#dn7-walmart-amazonr_8772,0,0
dn7-walmart-amazonl_317#dn7-walmart-amazonr_11541,0,0
dn7-walmart-amazonl_426#dn7-walmart-amazonr_14868,1,1
dn7-walmart-amazonl_35#dn7-walmart-amazonr_8093,0,0
dn7-walmart-amazonl_1414#dn7-walmart-amazonr_2561,0,0
dn7-walmart-amazonl_2393#dn7-walmart-amazonr_15332,0,0
dn7-walmart-amazonl_1484#dn7-walmart-amazonr_16576,0,0
dn7-walmart-amazonl_83#dn7-walmart-amazonr_6337,0,0
dn7-walmart-amazonl_1947#dn7-walmart-amazonr_8543,0,0
dn7-walmart-amazonl_1355#dn7-walmart-amazonr_2529,0,0
dn7-walmart-amazonl_1112#dn7-walmart-amazonr_9883,0,0
dn7-walmart-amazonl_1223#dn7-walmart-amazonr_8249,0,0
dn7-walmart-amazonl_760#dn7-walmart-amazonr_14141,0,0
dn7-walmart-amazonl_1217#dn7-walmart-amazonr_14829,0,0
dn7-walmart-amazonl_530#dn7-walmart-amazonr_16367,0,0
dn7-walmart-amazonl_575#dn7-walmart-amazonr_1124,0,0
dn7-walmart-amazonl_1865#dn7-walmart-amazonr_21851,0,0
dn7-walmart-amazonl_1957#dn7-walmart-amazonr_19902,0,0
dn7-walmart-amazonl_753#dn7-walmart-amazonr_14314,0,0
dn7-walmart-amazonl_197#dn7-walmart-amazonr_7103,0,0
dn7-walmart-amazonl_1790#dn7-walmart-amazonr_6927,0,0
dn7-walmart-amazonl_1708#dn7-walmart-amazonr_17898,0,0
dn7-walmart-amazonl_274#dn7-walmart-amazonr_15140,0,0
dn7-walmart-amazonl_1440#dn7-walmart-amazonr_21912,0,0
dn7-walmart-amazonl_227#dn7-walmart-amazonr_7607,0,0
dn7-walmart-amazonl_1357#dn7-walmart-amazonr_18659,0,0
dn7-walmart-amazonl_1034#dn7-walmart-amazonr_9222,0,0
dn7-walmart-amazonl_2094#dn7-walmart-amazonr_14487,0,0
dn7-walmart-amazonl_1529#dn7-walmart-amazonr_20353,0,0
dn7-walmart-amazonl_935#dn7-walmart-amazonr_63,0,0
dn7-walmart-amazonl_1449#dn7-walmart-amazonr_5970,0,0
dn7-walmart-amazonl_1901#dn7-walmart-amazonr_10889,0,0
dn7-walmart-amazonl_1186#dn7-walmart-amazonr_4596,0,0
dn7-walmart-amazonl_492#dn7-walmart-amazonr_11919,0,0
dn7-walmart-amazonl_1374#dn7-walmart-amazonr_12381,0,0
dn7-walmart-amazonl_1852#dn7-walmart-amazonr_21688,0,0
dn7-walmart-amazonl_95#dn7-walmart-amazonr_1037,0,0
dn7-walmart-amazonl_1181#dn7-walmart-amazonr_8491,0,0
dn7-walmart-amazonl_1887#dn7-walmart-amazonr_19404,0,0
dn7-walmart-amazonl_2360#dn7-walmart-amazonr_12048,0,0
dn7-walmart-amazonl_53#dn7-walmart-amazonr_2897,0,0
dn7-walmart-amazonl_903#dn7-walmart-amazonr_8357,0,0
dn7-walmart-amazonl_1135#dn7-walmart-amazonr_1027,0,0
dn7-walmart-amazonl_1670#dn7-walmart-amazonr_9027,0,0
dn7-walmart-amazonl_1087#dn7-walmart-amazonr_11869,0,0
dn7-walmart-amazonl_779#dn7-walmart-amazonr_7076,0,0
dn7-walmart-amazonl_1005#dn7-walmart-amazonr_4499,0,0
dn7-walmart-amazonl_2109#dn7-walmart-amazonr_16624,0,0
dn7-walmart-amazonl_66#dn7-walmart-amazonr_12154,0,0
dn7-walmart-amazonl_739#dn7-walmart-amazonr_8336,0,0
dn7-walmart-amazonl_526#dn7-walmart-amazonr_14115,0,0
dn7-walmart-amazonl_1200#dn7-walmart-amazonr_19354,0,1
dn7-walmart-amazonl_1508#dn7-walmart-amazonr_14528,0,0
dn7-walmart-amazonl_78#dn7-walmart-amazonr_12598,0,0
dn7-walmart-amazonl_1319#dn7-walmart-amazonr_2326,0,0
dn7-walmart-amazonl_326#dn7-walmart-amazonr_9466,0,0
dn7-walmart-amazonl_931#dn7-walmart-amazonr_16031,0,0
dn7-walmart-amazonl_2146#dn7-walmart-amazonr_14435,0,0
dn7-walmart-amazonl_577#dn7-walmart-amazonr_13222,0,0
dn7-walmart-amazonl_1959#dn7-walmart-amazonr_4728,0,0
dn7-walmart-amazonl_1820#dn7-walmart-amazonr_8130,0,0
dn7-walmart-amazonl_700#dn7-walmart-amazonr_11505,0,0
dn7-walmart-amazonl_2095#dn7-walmart-amazonr_4634,0,0
dn7-walmart-amazonl_1338#dn7-walmart-amazonr_3532,0,0
dn7-walmart-amazonl_2452#dn7-walmart-amazonr_3542,0,0
dn7-walmart-amazonl_1413#dn7-walmart-amazonr_6729,0,0
dn7-walmart-amazonl_1946#dn7-walmart-amazonr_3564,0,0
dn7-walmart-amazonl_1308#dn7-walmart-amazonr_15043,0,0
dn7-walmart-amazonl_1040#dn7-walmart-amazonr_2473,0,0
dn7-walmart-amazonl_1262#dn7-walmart-amazonr_12734,1,1
dn7-walmart-amazonl_633#dn7-walmart-amazonr_14034,0,0
dn7-walmart-amazonl_1015#dn7-walmart-amazonr_11857,0,0
dn7-walmart-amazonl_1527#dn7-walmart-amazonr_6235,0,0
dn7-walmart-amazonl_829#dn7-walmart-amazonr_1880,0,0
dn7-walmart-amazonl_1057#dn7-walmart-amazonr_18545,0,0
dn7-walmart-amazonl_816#dn7-walmart-amazonr_2973,0,0
dn7-walmart-amazonl_2095#dn7-walmart-amazonr_9772,0,0
dn7-walmart-amazonl_2376#dn7-walmart-amazonr_9294,0,0
dn7-walmart-amazonl_1770#dn7-walmart-amazonr_10639,0,0
dn7-walmart-amazonl_2299#dn7-walmart-amazonr_15828,0,0
dn7-walmart-amazonl_1600#dn7-walmart-amazonr_20035,0,0
dn7-walmart-amazonl_1987#dn7-walmart-amazonr_10905,0,1
dn7-walmart-amazonl_1054#dn7-walmart-amazonr_12928,0,0
dn7-walmart-amazonl_1059#dn7-walmart-amazonr_3929,0,0
dn7-walmart-amazonl_1118#dn7-walmart-amazonr_21848,0,0
dn7-walmart-amazonl_888#dn7-walmart-amazonr_8285,0,0
dn7-walmart-amazonl_2473#dn7-walmart-amazonr_9910,0,0
dn7-walmart-amazonl_1925#dn7-walmart-amazonr_12276,0,0
dn7-walmart-amazonl_319#dn7-walmart-amazonr_15273,0,0
dn7-walmart-amazonl_256#dn7-walmart-amazonr_14407,0,0
dn7-walmart-amazonl_70#dn7-walmart-amazonr_13711,0,0
dn7-walmart-amazonl_1571#dn7-walmart-amazonr_6742,0,0
dn7-walmart-amazonl_115#dn7-walmart-amazonr_17994,0,0
dn7-walmart-amazonl_233#dn7-walmart-amazonr_5687,0,0
dn7-walmart-amazonl_1595#dn7-walmart-amazonr_3901,0,0
dn7-walmart-amazonl_1599#dn7-walmart-amazonr_11869,0,0
dn7-walmart-amazonl_181#dn7-walmart-amazonr_2410,0,0
dn7-walmart-amazonl_1856#dn7-walmart-amazonr_9398,0,0
dn7-walmart-amazonl_1147#dn7-walmart-amazonr_1937,0,0
dn7-walmart-amazonl_875#dn7-walmart-amazonr_1897,0,0
dn7-walmart-amazonl_768#dn7-walmart-amazonr_10050,0,0
dn7-walmart-amazonl_2537#dn7-walmart-amazonr_890,0,0
dn7-walmart-amazonl_1275#dn7-walmart-amazonr_7944,0,0
dn7-walmart-amazonl_1800#dn7-walmart-amazonr_18072,0,0
dn7-walmart-amazonl_1234#dn7-walmart-amazonr_15027,0,0
dn7-walmart-amazonl_1928#dn7-walmart-amazonr_20858,0,0
dn7-walmart-amazonl_1850#dn7-walmart-amazonr_12931,0,0
dn7-walmart-amazonl_295#dn7-walmart-amazonr_9987,0,0
dn7-walmart-amazonl_1627#dn7-walmart-amazonr_18177,0,0
dn7-walmart-amazonl_896#dn7-walmart-amazonr_7301,0,0
dn7-walmart-amazonl_1944#dn7-walmart-amazonr_12811,0,0
dn7-walmart-amazonl_1288#dn7-walmart-amazonr_6570,0,0
dn7-walmart-amazonl_1547#dn7-walmart-amazonr_3137,0,0
dn7-walmart-amazonl_1929#dn7-walmart-amazonr_6778,0,0
dn7-walmart-amazonl_2537#dn7-walmart-amazonr_11918,0,0
dn7-walmart-amazonl_1654#dn7-walmart-amazonr_3466,0,0
dn7-walmart-amazonl_1865#dn7-walmart-amazonr_483,0,0
dn7-walmart-amazonl_1960#dn7-walmart-amazonr_14403,0,0
dn7-walmart-amazonl_1342#dn7-walmart-amazonr_21065,0,0
dn7-walmart-amazonl_386#dn7-walmart-amazonr_11347,0,0
dn7-walmart-amazonl_1178#dn7-walmart-amazonr_20429,0,0
dn7-walmart-amazonl_1630#dn7-walmart-amazonr_19945,0,0
dn7-walmart-amazonl_2348#dn7-walmart-amazonr_16149,0,0
dn7-walmart-amazonl_1825#dn7-walmart-amazonr_11725,0,0
dn7-walmart-amazonl_200#dn7-walmart-amazonr_12521,0,0
dn7-walmart-amazonl_1175#dn7-walmart-amazonr_8372,0,0
dn7-walmart-amazonl_485#dn7-walmart-amazonr_5639,0,0
dn7-walmart-amazonl_1126#dn7-walmart-amazonr_12209,0,0
dn7-walmart-amazonl_170#dn7-walmart-amazonr_10025,0,0
dn7-walmart-amazonl_1523#dn7-walmart-amazonr_7220,0,0
dn7-walmart-amazonl_1535#dn7-walmart-amazonr_5319,0,0
dn7-walmart-amazonl_1749#dn7-walmart-amazonr_483,0,0
dn7-walmart-amazonl_2101#dn7-walmart-amazonr_20567,0,0
dn7-walmart-amazonl_218#dn7-walmart-amazonr_11040,0,0
dn7-walmart-amazonl_1780#dn7-walmart-amazonr_1315,0,0
dn7-walmart-amazonl_877#dn7-walmart-amazonr_9961,0,0
dn7-walmart-amazonl_1628#dn7-walmart-amazonr_3646,0,0
dn7-walmart-amazonl_1471#dn7-walmart-amazonr_15086,0,0
dn7-walmart-amazonl_1454#dn7-walmart-amazonr_8809,0,0
dn7-walmart-amazonl_1931#dn7-walmart-amazonr_3234,0,0
dn7-walmart-amazonl_747#dn7-walmart-amazonr_6538,0,0
dn7-walmart-amazonl_1853#dn7-walmart-amazonr_3488,0,0
dn7-walmart-amazonl_419#dn7-walmart-amazonr_7261,0,0
dn7-walmart-amazonl_1586#dn7-walmart-amazonr_13443,0,0
dn7-walmart-amazonl_1550#dn7-walmart-amazonr_1376,0,0
dn7-walmart-amazonl_2243#dn7-walmart-amazonr_8252,0,0
dn7-walmart-amazonl_2124#dn7-walmart-amazonr_9571,0,0
dn7-walmart-amazonl_1645#dn7-walmart-amazonr_16175,0,0
dn7-walmart-amazonl_304#dn7-walmart-amazonr_20180,0,0
dn7-walmart-amazonl_862#dn7-walmart-amazonr_12899,0,0
dn7-walmart-amazonl_1690#dn7-walmart-amazonr_15169,0,0
dn7-walmart-amazonl_1985#dn7-walmart-amazonr_4274,0,0
dn7-walmart-amazonl_2289#dn7-walmart-amazonr_2297,0,0
dn7-walmart-amazonl_1208#dn7-walmart-amazonr_18170,0,1
dn7-walmart-amazonl_2424#dn7-walmart-amazonr_6242,0,0
dn7-walmart-amazonl_744#dn7-walmart-amazonr_4915,0,0
dn7-walmart-amazonl_1944#dn7-walmart-amazonr_829,0,0
dn7-walmart-amazonl_1984#dn7-walmart-amazonr_9100,0,0
dn7-walmart-amazonl_51#dn7-walmart-amazonr_16975,0,0
dn7-walmart-amazonl_792#dn7-walmart-amazonr_10819,0,0
dn7-walmart-amazonl_1920#dn7-walmart-amazonr_9474,0,0
dn7-walmart-amazonl_1294#dn7-walmart-amazonr_6262,0,0
dn7-walmart-amazonl_2391#dn7-walmart-amazonr_22071,0,0
dn7-walmart-amazonl_430#dn7-walmart-amazonr_16148,0,0
dn7-walmart-amazonl_257#dn7-walmart-amazonr_18988,0,0
dn7-walmart-amazonl_1332#dn7-walmart-amazonr_53,0,0
dn7-walmart-amazonl_1778#dn7-walmart-amazonr_6168,0,0
dn7-walmart-amazonl_1867#dn7-walmart-amazonr_13668,0,0
dn7-walmart-amazonl_428#dn7-walmart-amazonr_2303,0,0
dn7-walmart-amazonl_687#dn7-walmart-amazonr_12099,0,0
dn7-walmart-amazonl_855#dn7-walmart-amazonr_8336,0,0
dn7-walmart-amazonl_1012#dn7-walmart-amazonr_9791,0,0
dn7-walmart-amazonl_1350#dn7-walmart-amazonr_10512,0,0
dn7-walmart-amazonl_362#dn7-walmart-amazonr_6974,0,0
dn7-walmart-amazonl_127#dn7-walmart-amazonr_14620,0,0
dn7-walmart-amazonl_345#dn7-walmart-amazonr_442,0,0
dn7-walmart-amazonl_2313#dn7-walmart-amazonr_600,0,0
dn7-walmart-amazonl_2143#dn7-walmart-amazonr_4477,0,0
dn7-walmart-amazonl_203#dn7-walmart-amazonr_17239,0,0
dn7-walmart-amazonl_2524#dn7-walmart-amazonr_13405,0,0
dn7-walmart-amazonl_1071#dn7-walmart-amazonr_9792,0,0
dn7-walmart-amazonl_566#dn7-walmart-amazonr_16687,0,0
dn7-walmart-amazonl_611#dn7-walmart-amazonr_6362,0,0
dn7-walmart-amazonl_1132#dn7-walmart-amazonr_18760,0,0
dn7-walmart-amazonl_2431#dn7-walmart-amazonr_7044,0,0
dn7-walmart-amazonl_1622#dn7-walmart-amazonr_4453,0,0
dn7-walmart-amazonl_610#dn7-walmart-amazonr_14612,0,0
dn7-walmart-amazonl_1840#dn7-walmart-amazonr_8340,0,0
dn7-walmart-amazonl_2244#dn7-walmart-amazonr_755,0,0
dn7-walmart-amazonl_2529#dn7-walmart-amazonr_21033,0,0
dn7-walmart-amazonl_1143#dn7-walmart-amazonr_1646,0,0
dn7-walmart-amazonl_1254#dn7-walmart-amazonr_15268,0,0
dn7-walmart-amazonl_932#dn7-walmart-amazonr_14692,0,0
dn7-walmart-amazonl_97#dn7-walmart-amazonr_12841,0,0
dn7-walmart-amazonl_1616#dn7-walmart-amazonr_13181,0,0
dn7-walmart-amazonl_2019#dn7-walmart-amazonr_7003,0,0
dn7-walmart-amazonl_2392#dn7-walmart-amazonr_11955,0,0
dn7-walmart-amazonl_854#dn7-walmart-amazonr_15997,0,0
dn7-walmart-amazonl_2118#dn7-walmart-amazonr_10032,0,0
dn7-walmart-amazonl_1508#dn7-walmart-amazonr_6563,0,0
dn7-walmart-amazonl_395#dn7-walmart-amazonr_8335,0,0
dn7-walmart-amazonl_161#dn7-walmart-amazonr_21717,0,0
dn7-walmart-amazonl_581#dn7-walmart-amazonr_17380,0,0
dn7-walmart-amazonl_211#dn7-walmart-amazonr_335,0,0
dn7-walmart-amazonl_2027#dn7-walmart-amazonr_8958,0,0
dn7-walmart-amazonl_1179#dn7-walmart-amazonr_16379,0,0
dn7-walmart-amazonl_1931#dn7-walmart-amazonr_19394,0,0
dn7-walmart-amazonl_1762#dn7-walmart-amazonr_3415,0,0
dn7-walmart-amazonl_2179#dn7-walmart-amazonr_18387,1,1
dn7-walmart-amazonl_2508#dn7-walmart-amazonr_7572,0,0
dn7-walmart-amazonl_1096#dn7-walmart-amazonr_3085,0,0
dn7-walmart-amazonl_617#dn7-walmart-amazonr_19540,1,1
dn7-walmart-amazonl_1702#dn7-walmart-amazonr_16968,0,0
dn7-walmart-amazonl_313#dn7-walmart-amazonr_2481,0,0
dn7-walmart-amazonl_2191#dn7-walmart-amazonr_8795,0,0
dn7-walmart-amazonl_756#dn7-walmart-amazonr_11797,0,0
dn7-walmart-amazonl_206#dn7-walmart-amazonr_8710,0,0
dn7-walmart-amazonl_1364#dn7-walmart-amazonr_19691,0,0
dn7-walmart-amazonl_2443#dn7-walmart-amazonr_17373,0,0
dn7-walmart-amazonl_1730#dn7-walmart-amazonr_12211,0,0
dn7-walmart-amazonl_673#dn7-walmart-amazonr_19394,0,0
dn7-walmart-amazonl_2226#dn7-walmart-amazonr_7701,0,0
dn7-walmart-amazonl_2014#dn7-walmart-amazonr_19301,0,0
dn7-walmart-amazonl_142#dn7-walmart-amazonr_8489,0,0
dn7-walmart-amazonl_2036#dn7-walmart-amazonr_6538,0,0
dn7-walmart-amazonl_1839#dn7-walmart-amazonr_6153,0,0
dn7-walmart-amazonl_439#dn7-walmart-amazonr_8286,0,0
dn7-walmart-amazonl_497#dn7-walmart-amazonr_379,0,0
dn7-walmart-amazonl_1093#dn7-walmart-amazonr_5462,0,1
dn7-walmart-amazonl_1392#dn7-walmart-amazonr_12486,0,0
dn7-walmart-amazonl_2342#dn7-walmart-amazonr_2806,0,0
dn7-walmart-amazonl_1085#dn7-walmart-amazonr_14146,0,0
dn7-walmart-amazonl_1680#dn7-walmart-amazonr_14804,0,0
dn7-walmart-amazonl_387#dn7-walmart-amazonr_7124,0,0
dn7-walmart-amazonl_1254#dn7-walmart-amazonr_7290,0,0
dn7-walmart-amazonl_962#dn7-walmart-amazonr_4319,0,0
dn7-walmart-amazonl_158#dn7-walmart-amazonr_3115,0,0
dn7-walmart-amazonl_26#dn7-walmart-amazonr_6210,0,0
dn7-walmart-amazonl_1885#dn7-walmart-amazonr_15939,0,0
dn7-walmart-amazonl_1086#dn7-walmart-amazonr_8178,0,0
dn7-walmart-amazonl_262#dn7-walmart-amazonr_5471,0,0
dn7-walmart-amazonl_366#dn7-walmart-amazonr_2737,0,0
dn7-walmart-amazonl_2043#dn7-walmart-amazonr_3719,0,0
dn7-walmart-amazonl_2442#dn7-walmart-amazonr_15023,0,0
dn7-walmart-amazonl_375#dn7-walmart-amazonr_1087,0,0
dn7-walmart-amazonl_2513#dn7-walmart-amazonr_8744,0,0
dn7-walmart-amazonl_2392#dn7-walmart-amazonr_7971,0,0
dn7-walmart-amazonl_1593#dn7-walmart-amazonr_8924,0,0
dn7-walmart-amazonl_945#dn7-walmart-amazonr_3902,0,0
dn7-walmart-amazonl_952#dn7-walmart-amazonr_10791,0,0
dn7-walmart-amazonl_2125#dn7-walmart-amazonr_15277,0,0
dn7-walmart-amazonl_1500#dn7-walmart-amazonr_11428,0,0
dn7-walmart-amazonl_441#dn7-walmart-amazonr_17201,0,0
dn7-walmart-amazonl_2240#dn7-walmart-amazonr_6713,0,0
dn7-walmart-amazonl_1545#dn7-walmart-amazonr_19979,0,0
dn7-walmart-amazonl_1067#dn7-walmart-amazonr_2816,0,0
dn7-walmart-amazonl_297#dn7-walmart-amazonr_8681,0,0
dn7-walmart-amazonl_2168#dn7-walmart-amazonr_19923,0,0
dn7-walmart-amazonl_1276#dn7-walmart-amazonr_1175,0,0
dn7-walmart-amazonl_1285#dn7-walmart-amazonr_10243,0,0
dn7-walmart-amazonl_696#dn7-walmart-amazonr_18418,0,0
dn7-walmart-amazonl_1617#dn7-walmart-amazonr_764,0,0
dn7-walmart-amazonl_98#dn7-walmart-amazonr_15666,0,0
dn7-walmart-amazonl_1234#dn7-walmart-amazonr_20299,0,0
dn7-walmart-amazonl_919#dn7-walmart-amazonr_7922,0,0
dn7-walmart-amazonl_539#dn7-walmart-amazonr_44,0,0
dn7-walmart-amazonl_2401#dn7-walmart-amazonr_4329,0,0
dn7-walmart-amazonl_461#dn7-walmart-amazonr_18388,0,0
dn7-walmart-amazonl_2455#dn7-walmart-amazonr_14577,0,0
dn7-walmart-amazonl_858#dn7-walmart-amazonr_2680,0,0
dn7-walmart-amazonl_2251#dn7-walmart-amazonr_13312,0,0
dn7-walmart-amazonl_2513#dn7-walmart-amazonr_10902,0,0
dn7-walmart-amazonl_851#dn7-walmart-amazonr_16886,0,0
dn7-walmart-amazonl_2069#dn7-walmart-amazonr_21448,1,0
dn7-walmart-amazonl_583#dn7-walmart-amazonr_15998,0,0
dn7-walmart-amazonl_908#dn7-walmart-amazonr_8304,0,0
dn7-walmart-amazonl_576#dn7-walmart-amazonr_14707,0,0
dn7-walmart-amazonl_1178#dn7-walmart-amazonr_286,0,0
dn7-walmart-amazonl_889#dn7-walmart-amazonr_19565,0,0
dn7-walmart-amazonl_2223#dn7-walmart-amazonr_14691,0,0
dn7-walmart-amazonl_270#dn7-walmart-amazonr_4273,0,0
dn7-walmart-amazonl_1760#dn7-walmart-amazonr_17537,0,0
dn7-walmart-amazonl_1374#dn7-walmart-amazonr_6026,0,0
dn7-walmart-amazonl_1969#dn7-walmart-amazonr_21861,0,0
dn7-walmart-amazonl_2538#dn7-walmart-amazonr_8245,0,0
dn7-walmart-amazonl_932#dn7-walmart-amazonr_18151,0,0
dn7-walmart-amazonl_1311#dn7-walmart-amazonr_2876,0,0
dn7-walmart-amazonl_1432#dn7-walmart-amazonr_16037,0,0
dn7-walmart-amazonl_405#dn7-walmart-amazonr_17643,0,0
dn7-walmart-amazonl_82#dn7-walmart-amazonr_14246,0,0
dn7-walmart-amazonl_2158#dn7-walmart-amazonr_5319,0,0
dn7-walmart-amazonl_1057#dn7-walmart-amazonr_21497,0,0
dn7-walmart-amazonl_1819#dn7-walmart-amazonr_4178,0,0
dn7-walmart-amazonl_623#dn7-walmart-amazonr_854,0,0
dn7-walmart-amazonl_38#dn7-walmart-amazonr_17829,0,0
dn7-walmart-amazonl_1157#dn7-walmart-amazonr_14857,0,0
dn7-walmart-amazonl_61#dn7-walmart-amazonr_17755,0,0
dn7-walmart-amazonl_2302#dn7-walmart-amazonr_8574,0,0
dn7-walmart-amazonl_2239#dn7-walmart-amazonr_21054,0,0
dn7-walmart-amazonl_1034#dn7-walmart-amazonr_15080,0,0
dn7-walmart-amazonl_645#dn7-walmart-amazonr_6760,1,1
dn7-walmart-amazonl_1957#dn7-walmart-amazonr_17853,0,0
dn7-walmart-amazonl_2482#dn7-walmart-amazonr_16808,0,0
dn7-walmart-amazonl_2099#dn7-walmart-amazonr_12941,1,1
dn7-walmart-amazonl_242#dn7-walmart-amazonr_11691,0,0
dn7-walmart-amazonl_1730#dn7-walmart-amazonr_6697,0,0
dn7-walmart-amazonl_1173#dn7-walmart-amazonr_18631,0,0
dn7-walmart-amazonl_1298#dn7-walmart-amazonr_13775,0,0
dn7-walmart-amazonl_2496#dn7-walmart-amazonr_8034,0,0
dn7-walmart-amazonl_1302#dn7-walmart-amazonr_19589,0,0
dn7-walmart-amazonl_1612#dn7-walmart-amazonr_16204,0,0
dn7-walmart-amazonl_469#dn7-walmart-amazonr_723,0,0
dn7-walmart-amazonl_28#dn7-walmart-amazonr_3036,0,0
dn7-walmart-amazonl_628#dn7-walmart-amazonr_9989,0,0
dn7-walmart-amazonl_2065#dn7-walmart-amazonr_19911,0,0
dn7-walmart-amazonl_2193#dn7-walmart-amazonr_9730,0,1
dn7-walmart-amazonl_921#dn7-walmart-amazonr_20159,0,0
dn7-walmart-amazonl_1573#dn7-walmart-amazonr_14623,0,0
dn7-walmart-amazonl_2052#dn7-walmart-amazonr_18778,0,0
dn7-walmart-amazonl_2400#dn7-walmart-amazonr_21118,0,0
dn7-walmart-amazonl_581#dn7-walmart-amazonr_15119,0,0
dn7-walmart-amazonl_1889#dn7-walmart-amazonr_11944,0,0
dn7-walmart-amazonl_877#dn7-walmart-amazonr_7946,0,0
dn7-walmart-amazonl_1528#dn7-walmart-amazonr_17511,0,0
dn7-walmart-amazonl_870#dn7-walmart-amazonr_1905,0,0
dn7-walmart-amazonl_901#dn7-walmart-amazonr_6776,0,0
dn7-walmart-amazonl_394#dn7-walmart-amazonr_11989,0,0
dn7-walmart-amazonl_2482#dn7-walmart-amazonr_4977,0,0
dn7-walmart-amazonl_1901#dn7-walmart-amazonr_8929,0,0
dn7-walmart-amazonl_1394#dn7-walmart-amazonr_940,0,0
dn7-walmart-amazonl_2413#dn7-walmart-amazonr_2679,0,0
dn7-walmart-amazonl_313#dn7-walmart-amazonr_3614,0,0
dn7-walmart-amazonl_2188#dn7-walmart-amazonr_10597,0,0
dn7-walmart-amazonl_2525#dn7-walmart-amazonr_11950,0,0
dn7-walmart-amazonl_143#dn7-walmart-amazonr_13610,0,0
dn7-walmart-amazonl_133#dn7-walmart-amazonr_5205,0,0
dn7-walmart-amazonl_1094#dn7-walmart-amazonr_18442,0,0
dn7-walmart-amazonl_2018#dn7-walmart-amazonr_19346,0,0
dn7-walmart-amazonl_780#dn7-walmart-amazonr_11058,0,0
dn7-walmart-amazonl_1694#dn7-walmart-amazonr_20397,0,1
dn7-walmart-amazonl_1113#dn7-walmart-amazonr_6262,0,0
dn7-walmart-amazonl_682#dn7-walmart-amazonr_19034,0,0
dn7-walmart-amazonl_2049#dn7-walmart-amazonr_2119,0,0
dn7-walmart-amazonl_493#dn7-walmart-amazonr_21887,0,0
dn7-walmart-amazonl_2376#dn7-walmart-amazonr_8555,0,0
dn7-walmart-amazonl_2436#dn7-walmart-amazonr_5136,0,0
dn7-walmart-amazonl_539#dn7-walmart-amazonr_7535,0,0
dn7-walmart-amazonl_556#dn7-walmart-amazonr_14662,0,0
dn7-walmart-amazonl_637#dn7-walmart-amazonr_10006,0,0
dn7-walmart-amazonl_285#dn7-walmart-amazonr_20714,0,0
dn7-walmart-amazonl_1965#dn7-walmart-amazonr_10418,0,0
dn7-walmart-amazonl_327#dn7-walmart-amazonr_14146,0,0
dn7-walmart-amazonl_222#dn7-walmart-amazonr_11307,0,0
dn7-walmart-amazonl_1316#dn7-walmart-amazonr_11955,0,0
dn7-walmart-amazonl_190#dn7-walmart-amazonr_5734,0,0
dn7-walmart-amazonl_796#dn7-walmart-amazonr_8407,0,0
dn7-walmart-amazonl_439#dn7-walmart-amazonr_18295,0,0
dn7-walmart-amazonl_118#dn7-walmart-amazonr_86,0,0
dn7-walmart-amazonl_2266#dn7-walmart-amazonr_3390,0,0
dn7-walmart-amazonl_339#dn7-walmart-amazonr_17017,0,0
dn7-walmart-amazonl_379#dn7-walmart-amazonr_21122,0,0
dn7-walmart-amazonl_1058#dn7-walmart-amazonr_8244,0,0
dn7-walmart-amazonl_2545#dn7-walmart-amazonr_9362,0,0
dn7-walmart-amazonl_2202#dn7-walmart-amazonr_21638,0,0
dn7-walmart-amazonl_1471#dn7-walmart-amazonr_13158,0,0
dn7-walmart-amazonl_1213#dn7-walmart-amazonr_5957,0,0
dn7-walmart-amazonl_2247#dn7-walmart-amazonr_13031,0,0
dn7-walmart-amazonl_213#dn7-walmart-amazonr_2212,0,0
dn7-walmart-amazonl_742#dn7-walmart-amazonr_4711,0,0
dn7-walmart-amazonl_2182#dn7-walmart-amazonr_2377,0,0
dn7-walmart-amazonl_426#dn7-walmart-amazonr_4916,0,0
dn7-walmart-amazonl_1460#dn7-walmart-amazonr_20598,0,0
dn7-walmart-amazonl_353#dn7-walmart-amazonr_2256,0,0
dn7-walmart-amazonl_2032#dn7-walmart-amazonr_6215,0,0
dn7-walmart-amazonl_1279#dn7-walmart-amazonr_14036,0,0
dn7-walmart-amazonl_950#dn7-walmart-amazonr_4296,0,0
dn7-walmart-amazonl_2543#dn7-walmart-amazonr_4434,0,0
dn7-walmart-amazonl_1865#dn7-walmart-amazonr_15043,0,0
dn7-walmart-amazonl_665#dn7-walmart-amazonr_14691,0,0
dn7-walmart-amazonl_1840#dn7-walmart-amazonr_580,0,0
dn7-walmart-amazonl_114#dn7-walmart-amazonr_19066,0,0
dn7-walmart-amazonl_1642#dn7-walmart-amazonr_8072,0,0
dn7-walmart-amazonl_1801#dn7-walmart-amazonr_6898,0,0
dn7-walmart-amazonl_586#dn7-walmart-amazonr_12813,0,0
dn7-walmart-amazonl_1150#dn7-walmart-amazonr_8682,0,0
dn7-walmart-amazonl_1984#dn7-walmart-amazonr_13109,0,0
dn7-walmart-amazonl_313#dn7-walmart-amazonr_19375,0,0
dn7-walmart-amazonl_1302#dn7-walmart-amazonr_998,0,0
dn7-walmart-amazonl_1668#dn7-walmart-amazonr_7613,0,0
dn7-walmart-amazonl_2460#dn7-walmart-amazonr_10980,0,0
dn7-walmart-amazonl_1984#dn7-walmart-amazonr_9928,0,0
dn7-walmart-amazonl_2329#dn7-walmart-amazonr_3555,0,0
dn7-walmart-amazonl_1522#dn7-walmart-amazonr_8304,0,0
dn7-walmart-amazonl_2122#dn7-walmart-amazonr_7860,0,0
dn7-walmart-amazonl_2376#dn7-walmart-amazonr_20889,0,0
dn7-walmart-amazonl_1588#dn7-walmart-amazonr_4816,0,0
dn7-walmart-amazonl_1541#dn7-walmart-amazonr_13282,0,0
dn7-walmart-amazonl_1943#dn7-walmart-amazonr_15781,0,0
dn7-walmart-amazonl_1508#dn7-walmart-amazonr_8618,0,0
dn7-walmart-amazonl_1886#dn7-walmart-amazonr_18011,0,0
dn7-walmart-amazonl_2324#dn7-walmart-amazonr_5734,0,0
dn7-walmart-amazonl_1633#dn7-walmart-amazonr_12925,0,0
dn7-walmart-amazonl_269#dn7-walmart-amazonr_19973,0,0
dn7-walmart-amazonl_1568#dn7-walmart-amazonr_16887,0,0
dn7-walmart-amazonl_841#dn7-walmart-amazonr_4844,0,0
dn7-walmart-amazonl_284#dn7-walmart-amazonr_8651,0,0
dn7-walmart-amazonl_1894#dn7-walmart-amazonr_14802,0,0
dn7-walmart-amazonl_404#dn7-walmart-amazonr_17018,0,0
dn7-walmart-amazonl_2497#dn7-walmart-amazonr_6889,0,0
dn7-walmart-amazonl_1982#dn7-walmart-amazonr_21380,0,0
dn7-walmart-amazonl_2241#dn7-walmart-amazonr_6593,0,0
dn7-walmart-amazonl_2470#dn7-walmart-amazonr_7306,0,0
dn7-walmart-amazonl_1967#dn7-walmart-amazonr_9744,0,0
dn7-walmart-amazonl_574#dn7-walmart-amazonr_11256,0,0
dn7-walmart-amazonl_1451#dn7-walmart-amazonr_795,0,0
dn7-walmart-amazonl_1189#dn7-walmart-amazonr_10704,0,0
dn7-walmart-amazonl_152#dn7-walmart-amazonr_11576,0,0
dn7-walmart-amazonl_1152#dn7-walmart-amazonr_12735,0,0
dn7-walmart-amazonl_469#dn7-walmart-amazonr_4627,0,0
dn7-walmart-amazonl_2435#dn7-walmart-amazonr_18145,0,0
dn7-walmart-amazonl_1269#dn7-walmart-amazonr_13253,0,0
dn7-walmart-amazonl_1105#dn7-walmart-amazonr_15680,0,0
dn7-walmart-amazonl_2083#dn7-walmart-amazonr_2630,0,0
dn7-walmart-amazonl_1289#dn7-walmart-amazonr_17582,0,0
dn7-walmart-amazonl_317#dn7-walmart-amazonr_21862,0,0
dn7-walmart-amazonl_631#dn7-walmart-amazonr_13160,0,0
dn7-walmart-amazonl_909#dn7-walmart-amazonr_1975,0,0
dn7-walmart-amazonl_638#dn7-walmart-amazonr_6334,0,0
dn7-walmart-amazonl_1884#dn7-walmart-amazonr_17578,1,0
dn7-walmart-amazonl_1228#dn7-walmart-amazonr_20723,0,0
dn7-walmart-amazonl_871#dn7-walmart-amazonr_19303,0,0
dn7-walmart-amazonl_823#dn7-walmart-amazonr_2811,0,0
dn7-walmart-amazonl_331#dn7-walmart-amazonr_7917,0,0
dn7-walmart-amazonl_80#dn7-walmart-amazonr_8677,0,0
dn7-walmart-amazonl_1439#dn7-walmart-amazonr_21745,0,0
dn7-walmart-amazonl_585#dn7-walmart-amazonr_8958,0,0
dn7-walmart-amazonl_2240#dn7-walmart-amazonr_4965,0,0
dn7-walmart-amazonl_1588#dn7-walmart-amazonr_17311,0,0
dn7-walmart-amazonl_1983#dn7-walmart-amazonr_10891,0,0
dn7-walmart-amazonl_2398#dn7-walmart-amazonr_11005,0,0
dn7-walmart-amazonl_734#dn7-walmart-amazonr_8037,0,0
dn7-walmart-amazonl_792#dn7-walmart-amazonr_20134,0,0
dn7-walmart-amazonl_483#dn7-walmart-amazonr_15018,0,0
dn7-walmart-amazonl_2224#dn7-walmart-amazonr_12795,0,0
dn7-walmart-amazonl_162#dn7-walmart-amazonr_19428,0,0
dn7-walmart-amazonl_536#dn7-walmart-amazonr_12697,0,0
dn7-walmart-amazonl_496#dn7-walmart-amazonr_7972,0,0
dn7-walmart-amazonl_2123#dn7-walmart-amazonr_3753,0,0
dn7-walmart-amazonl_941#dn7-walmart-amazonr_5917,0,0
dn7-walmart-amazonl_638#dn7-walmart-amazonr_2408,0,0
dn7-walmart-amazonl_1312#dn7-walmart-amazonr_11730,0,0
dn7-walmart-amazonl_1923#dn7-walmart-amazonr_3968,0,0
dn7-walmart-amazonl_2545#dn7-walmart-amazonr_21108,0,0
dn7-walmart-amazonl_1466#dn7-walmart-amazonr_9658,0,0
dn7-walmart-amazonl_2411#dn7-walmart-amazonr_4917,0,0
dn7-walmart-amazonl_2290#dn7-walmart-amazonr_1900,0,0
dn7-walmart-amazonl_726#dn7-walmart-amazonr_11142,0,0
dn7-walmart-amazonl_2143#dn7-walmart-amazonr_4735,0,0
dn7-walmart-amazonl_1307#dn7-walmart-amazonr_8441,0,0
dn7-walmart-amazonl_2327#dn7-walmart-amazonr_2471,0,0
dn7-walmart-amazonl_305#dn7-walmart-amazonr_15299,0,0
dn7-walmart-amazonl_2002#dn7-walmart-amazonr_18138,0,0
dn7-walmart-amazonl_911#dn7-walmart-amazonr_10857,0,0
dn7-walmart-amazonl_537#dn7-walmart-amazonr_790,1,1
dn7-walmart-amazonl_1845#dn7-walmart-amazonr_4295,0,0
dn7-walmart-amazonl_532#dn7-walmart-amazonr_2075,0,0
dn7-walmart-amazonl_2053#dn7-walmart-amazonr_6028,0,0
dn7-walmart-amazonl_1120#dn7-walmart-amazonr_2797,0,0
dn7-walmart-amazonl_2314#dn7-walmart-amazonr_12525,0,0
dn7-walmart-amazonl_105#dn7-walmart-amazonr_12910,0,0
dn7-walmart-amazonl_557#dn7-walmart-amazonr_3921,0,0
dn7-walmart-amazonl_2487#dn7-walmart-amazonr_20732,0,0
dn7-walmart-amazonl_1977#dn7-walmart-amazonr_5036,0,0
dn7-walmart-amazonl_889#dn7-walmart-amazonr_10725,0,0
dn7-walmart-amazonl_298#dn7-walmart-amazonr_6719,0,0
dn7-walmart-amazonl_965#dn7-walmart-amazonr_2807,0,0
dn7-walmart-amazonl_714#dn7-walmart-amazonr_6494,0,0
dn7-walmart-amazonl_1076#dn7-walmart-amazonr_12034,0,0
dn7-walmart-amazonl_725#dn7-walmart-amazonr_10314,0,0
dn7-walmart-amazonl_138#dn7-walmart-amazonr_8714,0,0
dn7-walmart-amazonl_2460#dn7-walmart-amazonr_17302,0,0
dn7-walmart-amazonl_2262#dn7-walmart-amazonr_16063,0,0
dn7-walmart-amazonl_193#dn7-walmart-amazonr_13619,0,0
dn7-walmart-amazonl_2287#dn7-walmart-amazonr_10314,0,0
dn7-walmart-amazonl_61#dn7-walmart-amazonr_9015,0,0
dn7-walmart-amazonl_2083#dn7-walmart-amazonr_13921,0,0
dn7-walmart-amazonl_2008#dn7-walmart-amazonr_5605,0,0
dn7-walmart-amazonl_2011#dn7-walmart-amazonr_13401,0,0
dn7-walmart-amazonl_1639#dn7-walmart-amazonr_4688,0,0
dn7-walmart-amazonl_1598#dn7-walmart-amazonr_17286,0,0
dn7-walmart-amazonl_2173#dn7-walmart-amazonr_12222,0,0
dn7-walmart-amazonl_1398#dn7-walmart-amazonr_12654,0,0
dn7-walmart-amazonl_2408#dn7-walmart-amazonr_7532,0,0
dn7-walmart-amazonl_1662#dn7-walmart-amazonr_11044,0,0
dn7-walmart-amazonl_514#dn7-walmart-amazonr_6941,0,0
dn7-walmart-amazonl_1789#dn7-walmart-amazonr_9807,0,0
dn7-walmart-amazonl_126#dn7-walmart-amazonr_20205,0,0
dn7-walmart-amazonl_742#dn7-walmart-amazonr_4718,0,0
dn7-walmart-amazonl_292#dn7-walmart-amazonr_4499,0,0
dn7-walmart-amazonl_476#dn7-walmart-amazonr_15592,0,0
dn7-walmart-amazonl_1021#dn7-walmart-amazonr_11633,0,0
dn7-walmart-amazonl_155#dn7-walmart-amazonr_8682,0,0
dn7-walmart-amazonl_450#dn7-walmart-amazonr_16771,0,0
dn7-walmart-amazonl_1778#dn7-walmart-amazonr_11179,0,0
dn7-walmart-amazonl_1123#dn7-walmart-amazonr_8682,0,0
dn7-walmart-amazonl_605#dn7-walmart-amazonr_10745,0,0
dn7-walmart-amazonl_2451#dn7-walmart-amazonr_13832,0,0
dn7-walmart-amazonl_1971#dn7-walmart-amazonr_20782,0,0
dn7-walmart-amazonl_347#dn7-walmart-amazonr_13355,0,0
dn7-walmart-amazonl_1774#dn7-walmart-amazonr_17788,0,0
dn7-walmart-amazonl_2340#dn7-walmart-amazonr_5726,0,0
dn7-walmart-amazonl_1657#dn7-walmart-amazonr_15015,0,0
dn7-walmart-amazonl_90#dn7-walmart-amazonr_18943,0,0
dn7-walmart-amazonl_593#dn7-walmart-amazonr_15059,0,0
dn7-walmart-amazonl_2530#dn7-walmart-amazonr_7233,0,0
dn7-walmart-amazonl_2072#dn7-walmart-amazonr_10184,0,0
dn7-walmart-amazonl_2528#dn7-walmart-amazonr_15844,0,0
dn7-walmart-amazonl_1174#dn7-walmart-amazonr_7143,0,0
dn7-walmart-amazonl_38#dn7-walmart-amazonr_15684,0,0
dn7-walmart-amazonl_593#dn7-walmart-amazonr_4277,0,0
dn7-walmart-amazonl_358#dn7-walmart-amazonr_15923,0,0
dn7-walmart-amazonl_432#dn7-walmart-amazonr_439,0,0
dn7-walmart-amazonl_1490#dn7-walmart-amazonr_12578,0,0
dn7-walmart-amazonl_1365#dn7-walmart-amazonr_16173,0,0
dn7-walmart-amazonl_2486#dn7-walmart-amazonr_9518,0,0
dn7-walmart-amazonl_1493#dn7-walmart-amazonr_19053,0,0
dn7-walmart-amazonl_1879#dn7-walmart-amazonr_9986,0,0
dn7-walmart-amazonl_1491#dn7-walmart-amazonr_20575,0,0
dn7-walmart-amazonl_925#dn7-walmart-amazonr_1832,0,0
dn7-walmart-amazonl_1841#dn7-walmart-amazonr_8305,0,0
dn7-walmart-amazonl_97#dn7-walmart-amazonr_14743,0,0
dn7-walmart-amazonl_2253#dn7-walmart-amazonr_2573,0,0
dn7-walmart-amazonl_1710#dn7-walmart-amazonr_6273,0,0
dn7-walmart-amazonl_322#dn7-walmart-amazonr_13913,0,0
dn7-walmart-amazonl_864#dn7-walmart-amazonr_7113,0,0
dn7-walmart-amazonl_1713#dn7-walmart-amazonr_14266,0,0
dn7-walmart-amazonl_1274#dn7-walmart-amazonr_7769,0,0
dn7-walmart-amazonl_1184#dn7-walmart-amazonr_21824,0,0
dn7-walmart-amazonl_1731#dn7-walmart-amazonr_9548,0,0
dn7-walmart-amazonl_1882#dn7-walmart-amazonr_2728,0,0
dn7-walmart-amazonl_1560#dn7-walmart-amazonr_19669,1,1
dn7-walmart-amazonl_1041#dn7-walmart-amazonr_7557,0,0
dn7-walmart-amazonl_953#dn7-walmart-amazonr_15280,0,0
dn7-walmart-amazonl_2111#dn7-walmart-amazonr_19272,0,0
dn7-walmart-amazonl_33#dn7-walmart-amazonr_11070,0,0
dn7-walmart-amazonl_819#dn7-walmart-amazonr_14735,0,0
dn7-walmart-amazonl_880#dn7-walmart-amazonr_16439,0,0
dn7-walmart-amazonl_1238#dn7-walmart-amazonr_2725,0,0
dn7-walmart-amazonl_874#dn7-walmart-amazonr_3838,0,0
dn7-walmart-amazonl_14#dn7-walmart-amazonr_19320,0,0
dn7-walmart-amazonl_2079#dn7-walmart-amazonr_3029,0,0
dn7-walmart-amazonl_1588#dn7-walmart-amazonr_1965,0,0
dn7-walmart-amazonl_875#dn7-walmart-amazonr_8264,0,0
dn7-walmart-amazonl_1285#dn7-walmart-amazonr_7454,0,0
dn7-walmart-amazonl_30#dn7-walmart-amazonr_7091,0,0
dn7-walmart-amazonl_2004#dn7-walmart-amazonr_11280,0,0
dn7-walmart-amazonl_2196#dn7-walmart-amazonr_12654,0,0
dn7-walmart-amazonl_2303#dn7-walmart-amazonr_7460,0,0
dn7-walmart-amazonl_1609#dn7-walmart-amazonr_6227,0,0
dn7-walmart-amazonl_1348#dn7-walmart-amazonr_12645,0,0
dn7-walmart-amazonl_1516#dn7-walmart-amazonr_6820,0,0
dn7-walmart-amazonl_1409#dn7-walmart-amazonr_19096,0,0
dn7-walmart-amazonl_874#dn7-walmart-amazonr_12593,0,0
dn7-walmart-amazonl_1389#dn7-walmart-amazonr_5375,0,0
dn7-walmart-amazonl_851#dn7-walmart-amazonr_14245,0,0
dn7-walmart-amazonl_777#dn7-walmart-amazonr_8030,0,0
dn7-walmart-amazonl_1152#dn7-walmart-amazonr_5549,0,0
dn7-walmart-amazonl_350#dn7-walmart-amazonr_15963,0,0
dn7-walmart-amazonl_1556#dn7-walmart-amazonr_10256,0,0
dn7-walmart-amazonl_234#dn7-walmart-amazonr_16882,0,0
dn7-walmart-amazonl_229#dn7-walmart-amazonr_1342,0,0
dn7-walmart-amazonl_1040#dn7-walmart-amazonr_15044,0,0
dn7-walmart-amazonl_2182#dn7-walmart-amazonr_21919,0,0
dn7-walmart-amazonl_1900#dn7-walmart-amazonr_20895,0,0
dn7-walmart-amazonl_94#dn7-walmart-amazonr_13370,0,0
dn7-walmart-amazonl_2551#dn7-walmart-amazonr_17254,0,0
dn7-walmart-amazonl_1799#dn7-walmart-amazonr_17437,0,0
dn7-walmart-amazonl_636#dn7-walmart-amazonr_1189,0,0
dn7-walmart-amazonl_764#dn7-walmart-amazonr_907,0,0
dn7-walmart-amazonl_1183#dn7-walmart-amazonr_8071,0,0
dn7-walmart-amazonl_1323#dn7-walmart-amazonr_11170,0,0
dn7-walmart-amazonl_256#dn7-walmart-amazonr_21150,0,0
dn7-walmart-amazonl_2005#dn7-walmart-amazonr_11155,0,0
dn7-walmart-amazonl_673#dn7-walmart-amazonr_19619,0,0
dn7-walmart-amazonl_1027#dn7-walmart-amazonr_21108,0,0
dn7-walmart-amazonl_1155#dn7-walmart-amazonr_12978,0,0
dn7-walmart-amazonl_1018#dn7-walmart-amazonr_7642,0,0
dn7-walmart-amazonl_1726#dn7-walmart-amazonr_11054,0,0
dn7-walmart-amazonl_751#dn7-walmart-amazonr_11265,0,0
dn7-walmart-amazonl_1498#dn7-walmart-amazonr_13963,0,0
dn7-walmart-amazonl_1330#dn7-walmart-amazonr_12779,0,0
dn7-walmart-amazonl_903#dn7-walmart-amazonr_11567,0,0
dn7-walmart-amazonl_1103#dn7-walmart-amazonr_20999,0,0
dn7-walmart-amazonl_2028#dn7-walmart-amazonr_8035,0,0
dn7-walmart-amazonl_1412#dn7-walmart-amazonr_16818,1,1
dn7-walmart-amazonl_576#dn7-walmart-amazonr_1306,0,0
dn7-walmart-amazonl_308#dn7-walmart-amazonr_4736,0,0
dn7-walmart-amazonl_193#dn7-walmart-amazonr_8492,0,0
dn7-walmart-amazonl_661#dn7-walmart-amazonr_21551,0,0
dn7-walmart-amazonl_2528#dn7-walmart-amazonr_6332,0,0
dn7-walmart-amazonl_1440#dn7-walmart-amazonr_13621,0,0
dn7-walmart-amazonl_425#dn7-walmart-amazonr_19298,0,0
dn7-walmart-amazonl_1765#dn7-walmart-amazonr_14204,0,0
dn7-walmart-amazonl_248#dn7-walmart-amazonr_7654,0,0
dn7-walmart-amazonl_336#dn7-walmart-amazonr_20575,0,0
dn7-walmart-amazonl_2125#dn7-walmart-amazonr_13543,0,0
dn7-walmart-amazonl_1857#dn7-walmart-amazonr_7956,0,0
dn7-walmart-amazonl_1469#dn7-walmart-amazonr_12779,0,0
dn7-walmart-amazonl_497#dn7-walmart-amazonr_18162,0,0
dn7-walmart-amazonl_1498#dn7-walmart-amazonr_19394,0,0
dn7-walmart-amazonl_2440#dn7-walmart-amazonr_15376,0,0
dn7-walmart-amazonl_1439#dn7-walmart-amazonr_335,0,0
dn7-walmart-amazonl_2117#dn7-walmart-amazonr_3029,0,0
dn7-walmart-amazonl_1626#dn7-walmart-amazonr_7592,0,0
dn7-walmart-amazonl_223#dn7-walmart-amazonr_2918,0,0
dn7-walmart-amazonl_824#dn7-walmart-amazonr_5342,0,0
dn7-walmart-amazonl_746#dn7-walmart-amazonr_14939,0,0
dn7-walmart-amazonl_2191#dn7-walmart-amazonr_10822,0,0
dn7-walmart-amazonl_1881#dn7-walmart-amazonr_18799,0,0
dn7-walmart-amazonl_2188#dn7-walmart-amazonr_20382,0,0
dn7-walmart-amazonl_2087#dn7-walmart-amazonr_15939,0,0
dn7-walmart-amazonl_2318#dn7-walmart-amazonr_12818,0,0
dn7-walmart-amazonl_2531#dn7-walmart-amazonr_13767,0,0
dn7-walmart-amazonl_2512#dn7-walmart-amazonr_4040,0,0
dn7-walmart-amazonl_258#dn7-walmart-amazonr_8676,0,0
dn7-walmart-amazonl_147#dn7-walmart-amazonr_12329,0,0
dn7-walmart-amazonl_59#dn7-walmart-amazonr_15543,0,0
dn7-walmart-amazonl_1046#dn7-walmart-amazonr_11278,0,0
dn7-walmart-amazonl_154#dn7-walmart-amazonr_1480,0,0
dn7-walmart-amazonl_1479#dn7-walmart-amazonr_11445,0,0
dn7-walmart-amazonl_669#dn7-walmart-amazonr_8505,0,0
dn7-walmart-amazonl_1545#dn7-walmart-amazonr_4556,0,0
dn7-walmart-amazonl_1014#dn7-walmart-amazonr_10643,0,0
dn7-walmart-amazonl_1991#dn7-walmart-amazonr_4451,0,0
dn7-walmart-amazonl_267#dn7-walmart-amazonr_19930,0,0
dn7-walmart-amazonl_991#dn7-walmart-amazonr_15938,0,0
dn7-walmart-amazonl_1307#dn7-walmart-amazonr_15027,0,0
dn7-walmart-amazonl_4#dn7-walmart-amazonr_16750,0,0
dn7-walmart-amazonl_912#dn7-walmart-amazonr_7768,0,0
dn7-walmart-amazonl_1619#dn7-walmart-amazonr_15525,0,0
dn7-walmart-amazonl_1881#dn7-walmart-amazonr_915,0,0
dn7-walmart-amazonl_1111#dn7-walmart-amazonr_18945,0,0
dn7-walmart-amazonl_2388#dn7-walmart-amazonr_15813,0,0
dn7-walmart-amazonl_537#dn7-walmart-amazonr_12774,0,0
dn7-walmart-amazonl_1358#dn7-walmart-amazonr_2709,0,0
dn7-walmart-amazonl_1330#dn7-walmart-amazonr_335,0,0
dn7-walmart-amazonl_1381#dn7-walmart-amazonr_6796,0,0
dn7-walmart-amazonl_1036#dn7-walmart-amazonr_22068,0,0
dn7-walmart-amazonl_4#dn7-walmart-amazonr_13420,0,0
dn7-walmart-amazonl_644#dn7-walmart-amazonr_17106,0,0
dn7-walmart-amazonl_712#dn7-walmart-amazonr_8107,0,0
dn7-walmart-amazonl_1143#dn7-walmart-amazonr_4252,0,0
dn7-walmart-amazonl_927#dn7-walmart-amazonr_13541,0,0
dn7-walmart-amazonl_2425#dn7-walmart-amazonr_20316,0,0
dn7-walmart-amazonl_580#dn7-walmart-amazonr_1060,0,0
dn7-walmart-amazonl_1773#dn7-walmart-amazonr_12197,0,0
dn7-walmart-amazonl_465#dn7-walmart-amazonr_3276,0,0
dn7-walmart-amazonl_1016#dn7-walmart-amazonr_17234,0,0
dn7-walmart-amazonl_2453#dn7-walmart-amazonr_16469,0,0
dn7-walmart-amazonl_111#dn7-walmart-amazonr_21789,0,0
dn7-walmart-amazonl_2430#dn7-walmart-amazonr_304,0,0
dn7-walmart-amazonl_2281#dn7-walmart-amazonr_7159,0,0
dn7-walmart-amazonl_628#dn7-walmart-amazonr_2090,0,0
dn7-walmart-amazonl_1572#dn7-walmart-amazonr_2229,0,0
dn7-walmart-amazonl_1134#dn7-walmart-amazonr_21427,0,0
dn7-walmart-amazonl_2545#dn7-walmart-amazonr_5153,0,0
dn7-walmart-amazonl_36#dn7-walmart-amazonr_3667,0,0
dn7-walmart-amazonl_1429#dn7-walmart-amazonr_8593,0,0
dn7-walmart-amazonl_2283#dn7-walmart-amazonr_16013,0,0
dn7-walmart-amazonl_1999#dn7-walmart-amazonr_15485,0,0
dn7-walmart-amazonl_1089#dn7-walmart-amazonr_4499,0,0
dn7-walmart-amazonl_744#dn7-walmart-amazonr_5394,0,0
dn7-walmart-amazonl_2069#dn7-walmart-amazonr_6796,0,0
dn7-walmart-amazonl_760#dn7-walmart-amazonr_14014,0,0
dn7-walmart-amazonl_1609#dn7-walmart-amazonr_8506,0,0
dn7-walmart-amazonl_1296#dn7-walmart-amazonr_17892,0,0
dn7-walmart-amazonl_916#dn7-walmart-amazonr_2951,0,0
dn7-walmart-amazonl_365#dn7-walmart-amazonr_22069,0,0
dn7-walmart-amazonl_2261#dn7-walmart-amazonr_12055,0,0
dn7-walmart-amazonl_574#dn7-walmart-amazonr_20516,0,0
dn7-walmart-amazonl_1549#dn7-walmart-amazonr_21912,0,0
dn7-walmart-amazonl_1231#dn7-walmart-amazonr_15230,0,0
dn7-walmart-amazonl_1270#dn7-walmart-amazonr_9302,0,0
dn7-walmart-amazonl_281#dn7-walmart-amazonr_7808,0,0
dn7-walmart-amazonl_1303#dn7-walmart-amazonr_2728,0,0
dn7-walmart-amazonl_342#dn7-walmart-amazonr_7323,0,0
dn7-walmart-amazonl_1369#dn7-walmart-amazonr_5991,0,0
dn7-walmart-amazonl_1060#dn7-walmart-amazonr_16608,0,0
dn7-walmart-amazonl_2477#dn7-walmart-amazonr_11849,0,0
dn7-walmart-amazonl_1098#dn7-walmart-amazonr_11745,0,0
dn7-walmart-amazonl_1515#dn7-walmart-amazonr_4076,0,0
dn7-walmart-amazonl_119#dn7-walmart-amazonr_12936,0,0
dn7-walmart-amazonl_680#dn7-walmart-amazonr_20061,0,0
dn7-walmart-amazonl_1042#dn7-walmart-amazonr_2973,0,0
dn7-walmart-amazonl_2454#dn7-walmart-amazonr_10148,0,0
dn7-walmart-amazonl_2257#dn7-walmart-amazonr_2755,0,0
dn7-walmart-amazonl_1053#dn7-walmart-amazonr_13684,0,0
dn7-walmart-amazonl_1642#dn7-walmart-amazonr_6513,0,0
dn7-walmart-amazonl_2008#dn7-walmart-amazonr_14783,0,0
dn7-walmart-amazonl_345#dn7-walmart-amazonr_5978,0,0
dn7-walmart-amazonl_1198#dn7-walmart-amazonr_12819,0,0
dn7-walmart-amazonl_1748#dn7-walmart-amazonr_10465,0,0
dn7-walmart-amazonl_2137#dn7-walmart-amazonr_12244,0,0
dn7-walmart-amazonl_1764#dn7-walmart-amazonr_6896,0,0
dn7-walmart-amazonl_1024#dn7-walmart-amazonr_6256,0,0
dn7-walmart-amazonl_1441#dn7-walmart-amazonr_1318,0,0
dn7-walmart-amazonl_384#dn7-walmart-amazonr_14623,0,0
dn7-walmart-amazonl_666#dn7-walmart-amazonr_9928,0,0
dn7-walmart-amazonl_1994#dn7-walmart-amazonr_8793,0,0
dn7-walmart-amazonl_1648#dn7-walmart-amazonr_18179,0,0
dn7-walmart-amazonl_2321#dn7-walmart-amazonr_14045,0,0
dn7-walmart-amazonl_1290#dn7-walmart-amazonr_11354,0,0
dn7-walmart-amazonl_663#dn7-walmart-amazonr_13233,0,0
dn7-walmart-amazonl_934#dn7-walmart-amazonr_13148,1,1
dn7-walmart-amazonl_1212#dn7-walmart-amazonr_4848,0,0
dn7-walmart-amazonl_2269#dn7-walmart-amazonr_11691,0,0
dn7-walmart-amazonl_868#dn7-walmart-amazonr_6710,0,0
dn7-walmart-amazonl_1928#dn7-walmart-amazonr_2875,0,0
dn7-walmart-amazonl_2395#dn7-walmart-amazonr_616,0,0
dn7-walmart-amazonl_1319#dn7-walmart-amazonr_15926,0,0
dn7-walmart-amazonl_1358#dn7-walmart-amazonr_18561,0,0
dn7-walmart-amazonl_268#dn7-walmart-amazonr_21288,0,0
dn7-walmart-amazonl_234#dn7-walmart-amazonr_16574,0,0
dn7-walmart-amazonl_1076#dn7-walmart-amazonr_20004,0,0
dn7-walmart-amazonl_824#dn7-walmart-amazonr_20361,0,0
dn7-walmart-amazonl_1852#dn7-walmart-amazonr_15749,0,0
dn7-walmart-amazonl_1016#dn7-walmart-amazonr_18495,0,0
dn7-walmart-amazonl_168#dn7-walmart-amazonr_4306,0,0
dn7-walmart-amazonl_929#dn7-walmart-amazonr_21347,0,0
dn7-walmart-amazonl_462#dn7-walmart-amazonr_6907,0,0
dn7-walmart-amazonl_1060#dn7-walmart-amazonr_6743,0,0
dn7-walmart-amazonl_2118#dn7-walmart-amazonr_20621,1,1
dn7-walmart-amazonl_1883#dn7-walmart-amazonr_13245,0,0
dn7-walmart-amazonl_1386#dn7-walmart-amazonr_12225,0,0
dn7-walmart-amazonl_769#dn7-walmart-amazonr_20633,0,0
dn7-walmart-amazonl_937#dn7-walmart-amazonr_3806,0,0
dn7-walmart-amazonl_559#dn7-walmart-amazonr_3145,0,0
dn7-walmart-amazonl_240#dn7-walmart-amazonr_18779,0,0
dn7-walmart-amazonl_519#dn7-walmart-amazonr_14264,0,0
dn7-walmart-amazonl_2451#dn7-walmart-amazonr_3140,0,0
dn7-walmart-amazonl_2056#dn7-walmart-amazonr_6200,0,0
dn7-walmart-amazonl_214#dn7-walmart-amazonr_21933,0,0
dn7-walmart-amazonl_2507#dn7-walmart-amazonr_19869,0,0
dn7-walmart-amazonl_2278#dn7-walmart-amazonr_13166,0,0
dn7-walmart-amazonl_1655#dn7-walmart-amazonr_12357,0,0
dn7-walmart-amazonl_1497#dn7-walmart-amazonr_14382,0,0
dn7-walmart-amazonl_1467#dn7-walmart-amazonr_1550,0,0
dn7-walmart-amazonl_2413#dn7-walmart-amazonr_11113,0,0
dn7-walmart-amazonl_2525#dn7-walmart-amazonr_20627,0,0
dn7-walmart-amazonl_1445#dn7-walmart-amazonr_5999,0,0
dn7-walmart-amazonl_776#dn7-walmart-amazonr_18605,0,0
dn7-walmart-amazonl_56#dn7-walmart-amazonr_9164,0,1
dn7-walmart-amazonl_1329#dn7-walmart-amazonr_2555,0,0
dn7-walmart-amazonl_1301#dn7-walmart-amazonr_5233,0,0
dn7-walmart-amazonl_479#dn7-walmart-amazonr_5821,0,0
dn7-walmart-amazonl_2546#dn7-walmart-amazonr_8783,0,0
dn7-walmart-amazonl_1920#dn7-walmart-amazonr_11720,0,0
dn7-walmart-amazonl_442#dn7-walmart-amazonr_20174,0,0
dn7-walmart-amazonl_1187#dn7-walmart-amazonr_9285,0,0
dn7-walmart-amazonl_1402#dn7-walmart-amazonr_21400,0,0
dn7-walmart-amazonl_871#dn7-walmart-amazonr_19033,0,0
dn7-walmart-amazonl_1048#dn7-walmart-amazonr_21573,0,0
dn7-walmart-amazonl_454#dn7-walmart-amazonr_4891,0,0
dn7-walmart-amazonl_33#dn7-walmart-amazonr_6570,0,0
dn7-walmart-amazonl_1071#dn7-walmart-amazonr_8306,0,0
dn7-walmart-amazonl_319#dn7-walmart-amazonr_5328,0,0
dn7-walmart-amazonl_1443#dn7-walmart-amazonr_3946,0,0
dn7-walmart-amazonl_127#dn7-walmart-amazonr_13932,0,0
dn7-walmart-amazonl_262#dn7-walmart-amazonr_12521,0,0
dn7-walmart-amazonl_640#dn7-walmart-amazonr_18725,0,0
dn7-walmart-amazonl_2291#dn7-walmart-amazonr_9705,0,0
dn7-walmart-amazonl_1648#dn7-walmart-amazonr_17873,0,0
dn7-walmart-amazonl_1500#dn7-walmart-amazonr_4282,0,0
dn7-walmart-amazonl_1953#dn7-walmart-amazonr_496,0,0
dn7-walmart-amazonl_716#dn7-walmart-amazonr_15225,0,0
dn7-walmart-amazonl_1181#dn7-walmart-amazonr_11134,0,0
dn7-walmart-amazonl_185#dn7-walmart-amazonr_625,0,0
dn7-walmart-amazonl_71#dn7-walmart-amazonr_13926,0,0
dn7-walmart-amazonl_2252#dn7-walmart-amazonr_6390,0,0
dn7-walmart-amazonl_2124#dn7-walmart-amazonr_15504,0,0
dn7-walmart-amazonl_404#dn7-walmart-amazonr_9772,0,0
dn7-walmart-amazonl_1250#dn7-walmart-amazonr_11630,0,0
dn7-walmart-amazonl_2000#dn7-walmart-amazonr_12250,0,0
dn7-walmart-amazonl_229#dn7-walmart-amazonr_13258,1,1
dn7-walmart-amazonl_1315#dn7-walmart-amazonr_2853,0,0
dn7-walmart-amazonl_1545#dn7-walmart-amazonr_9338,0,0
dn7-walmart-amazonl_1293#dn7-walmart-amazonr_10017,0,0
dn7-walmart-amazonl_290#dn7-walmart-amazonr_5517,0,0
dn7-walmart-amazonl_2451#dn7-walmart-amazonr_14114,0,0
dn7-walmart-amazonl_559#dn7-walmart-amazonr_18411,0,0
dn7-walmart-amazonl_308#dn7-walmart-amazonr_8793,0,0
dn7-walmart-amazonl_1752#dn7-walmart-amazonr_10497,0,0
dn7-walmart-amazonl_431#dn7-walmart-amazonr_1905,0,0
dn7-walmart-amazonl_2020#dn7-walmart-amazonr_11871,0,0
dn7-walmart-amazonl_2527#dn7-walmart-amazonr_3520,0,0
dn7-walmart-amazonl_1216#dn7-walmart-amazonr_19632,0,0
dn7-walmart-amazonl_1104#dn7-walmart-amazonr_16021,0,0
dn7-walmart-amazonl_1060#dn7-walmart-amazonr_9362,0,0
dn7-walmart-amazonl_1650#dn7-walmart-amazonr_14141,0,0
dn7-walmart-amazonl_870#dn7-walmart-amazonr_6970,0,0
dn7-walmart-amazonl_2199#dn7-walmart-amazonr_402,0,0
dn7-walmart-amazonl_571#dn7-walmart-amazonr_15301,0,0
dn7-walmart-amazonl_1313#dn7-walmart-amazonr_8829,0,0
dn7-walmart-amazonl_953#dn7-walmart-amazonr_14912,0,0
dn7-walmart-amazonl_2302#dn7-walmart-amazonr_14620,0,0
dn7-walmart-amazonl_813#dn7-walmart-amazonr_13869,0,0
dn7-walmart-amazonl_2331#dn7-walmart-amazonr_20242,0,0
dn7-walmart-amazonl_1245#dn7-walmart-amazonr_2381,0,0
dn7-walmart-amazonl_2135#dn7-walmart-amazonr_5885,0,0
dn7-walmart-amazonl_2242#dn7-walmart-amazonr_3464,0,0
dn7-walmart-amazonl_1605#dn7-walmart-amazonr_2245,0,0
dn7-walmart-amazonl_1171#dn7-walmart-amazonr_17906,0,0
dn7-walmart-amazonl_1270#dn7-walmart-amazonr_11279,0,0
dn7-walmart-amazonl_491#dn7-walmart-amazonr_1742,0,0
dn7-walmart-amazonl_231#dn7-walmart-amazonr_9164,0,0
dn7-walmart-amazonl_1640#dn7-walmart-amazonr_20805,0,0
dn7-walmart-amazonl_2501#dn7-walmart-amazonr_10417,0,0
dn7-walmart-amazonl_1367#dn7-walmart-amazonr_1688,0,0
dn7-walmart-amazonl_1575#dn7-walmart-amazonr_1505,0,0
dn7-walmart-amazonl_1454#dn7-walmart-amazonr_6758,0,0
dn7-walmart-amazonl_776#dn7-walmart-amazonr_13713,0,0
dn7-walmart-amazonl_1179#dn7-walmart-amazonr_21637,0,0
dn7-walmart-amazonl_612#dn7-walmart-amazonr_12222,0,0
dn7-walmart-amazonl_1215#dn7-walmart-amazonr_8383,0,1
dn7-walmart-amazonl_715#dn7-walmart-amazonr_9757,0,0
dn7-walmart-amazonl_1648#dn7-walmart-amazonr_16651,0,0
dn7-walmart-amazonl_2246#dn7-walmart-amazonr_17156,0,0
dn7-walmart-amazonl_699#dn7-walmart-amazonr_5299,0,0
dn7-walmart-amazonl_1305#dn7-walmart-amazonr_5772,0,0
dn7-walmart-amazonl_1598#dn7-walmart-amazonr_13273,0,0
dn7-walmart-amazonl_1479#dn7-walmart-amazonr_20339,0,0
dn7-walmart-amazonl_846#dn7-walmart-amazonr_5995,0,0
dn7-walmart-amazonl_957#dn7-walmart-amazonr_13980,0,0
dn7-walmart-amazonl_2418#dn7-walmart-amazonr_1977,0,0
dn7-walmart-amazonl_1783#dn7-walmart-amazonr_14802,0,0
dn7-walmart-amazonl_739#dn7-walmart-amazonr_3052,0,0
dn7-walmart-amazonl_1635#dn7-walmart-amazonr_14531,0,0
dn7-walmart-amazonl_1364#dn7-walmart-amazonr_3975,0,0
dn7-walmart-amazonl_1556#dn7-walmart-amazonr_18250,0,0
dn7-walmart-amazonl_2421#dn7-walmart-amazonr_17204,0,0
dn7-walmart-amazonl_547#dn7-walmart-amazonr_1664,0,0
dn7-walmart-amazonl_258#dn7-walmart-amazonr_16031,0,0
dn7-walmart-amazonl_81#dn7-walmart-amazonr_17427,0,0
dn7-walmart-amazonl_2065#dn7-walmart-amazonr_21862,0,0
dn7-walmart-amazonl_1324#dn7-walmart-amazonr_12882,0,0
dn7-walmart-amazonl_914#dn7-walmart-amazonr_14351,0,0
dn7-walmart-amazonl_599#dn7-walmart-amazonr_8516,0,0
dn7-walmart-amazonl_1770#dn7-walmart-amazonr_12631,0,0
dn7-walmart-amazonl_2023#dn7-walmart-amazonr_2864,0,0
dn7-walmart-amazonl_1816#dn7-walmart-amazonr_15763,0,0
dn7-walmart-amazonl_1942#dn7-walmart-amazonr_1440,0,0
dn7-walmart-amazonl_796#dn7-walmart-amazonr_2025,0,0
dn7-walmart-amazonl_136#dn7-walmart-amazonr_4485,0,0
dn7-walmart-amazonl_1976#dn7-walmart-amazonr_2787,0,0
dn7-walmart-amazonl_961#dn7-walmart-amazonr_4331,0,0
dn7-walmart-amazonl_382#dn7-walmart-amazonr_13908,0,0
dn7-walmart-amazonl_573#dn7-walmart-amazonr_19051,0,0
dn7-walmart-amazonl_801#dn7-walmart-amazonr_10974,0,0
dn7-walmart-amazonl_553#dn7-walmart-amazonr_15051,0,0
dn7-walmart-amazonl_1044#dn7-walmart-amazonr_1005,0,0
dn7-walmart-amazonl_2541#dn7-walmart-amazonr_5134,0,0
dn7-walmart-amazonl_1631#dn7-walmart-amazonr_20757,0,0
dn7-walmart-amazonl_1944#dn7-walmart-amazonr_14718,0,0
dn7-walmart-amazonl_83#dn7-walmart-amazonr_13535,0,0
dn7-walmart-amazonl_855#dn7-walmart-amazonr_20180,0,0
dn7-walmart-amazonl_1031#dn7-walmart-amazonr_10129,0,0
dn7-walmart-amazonl_991#dn7-walmart-amazonr_10017,0,0
dn7-walmart-amazonl_890#dn7-walmart-amazonr_20922,0,0
dn7-walmart-amazonl_110#dn7-walmart-amazonr_16640,0,0
dn7-walmart-amazonl_2277#dn7-walmart-amazonr_902,0,0
dn7-walmart-amazonl_17#dn7-walmart-amazonr_1505,0,0
dn7-walmart-amazonl_1647#dn7-walmart-amazonr_20800,0,0
dn7-walmart-amazonl_2128#dn7-walmart-amazonr_16562,0,0
dn7-walmart-amazonl_920#dn7-walmart-amazonr_9226,0,0
dn7-walmart-amazonl_411#dn7-walmart-amazonr_14968,0,0
dn7-walmart-amazonl_1387#dn7-walmart-amazonr_7566,0,0
dn7-walmart-amazonl_7#dn7-walmart-amazonr_4306,0,0
dn7-walmart-amazonl_52#dn7-walmart-amazonr_12802,0,0
dn7-walmart-amazonl_2290#dn7-walmart-amazonr_2796,0,0
dn7-walmart-amazonl_456#dn7-walmart-amazonr_118,0,0
dn7-walmart-amazonl_2193#dn7-walmart-amazonr_14476,0,0
dn7-walmart-amazonl_503#dn7-walmart-amazonr_3784,0,0
dn7-walmart-amazonl_2032#dn7-walmart-amazonr_21918,0,0
dn7-walmart-amazonl_919#dn7-walmart-amazonr_17879,0,0
dn7-walmart-amazonl_1494#dn7-walmart-amazonr_17559,0,0
dn7-walmart-amazonl_2143#dn7-walmart-amazonr_20998,0,0
dn7-walmart-amazonl_2256#dn7-walmart-amazonr_15646,0,0
dn7-walmart-amazonl_803#dn7-walmart-amazonr_9354,0,0
dn7-walmart-amazonl_1118#dn7-walmart-amazonr_6036,0,0
dn7-walmart-amazonl_610#dn7-walmart-amazonr_19773,0,0
dn7-walmart-amazonl_1899#dn7-walmart-amazonr_6192,0,0
dn7-walmart-amazonl_1942#dn7-walmart-amazonr_14136,0,0
dn7-walmart-amazonl_2225#dn7-walmart-amazonr_15372,0,0
dn7-walmart-amazonl_278#dn7-walmart-amazonr_6741,0,0
dn7-walmart-amazonl_961#dn7-walmart-amazonr_21097,0,0
dn7-walmart-amazonl_1342#dn7-walmart-amazonr_9322,0,0
dn7-walmart-amazonl_2405#dn7-walmart-amazonr_8668,0,1
dn7-walmart-amazonl_2209#dn7-walmart-amazonr_21255,0,0
dn7-walmart-amazonl_2291#dn7-walmart-amazonr_19718,0,0
dn7-walmart-amazonl_1540#dn7-walmart-amazonr_1904,0,0
dn7-walmart-amazonl_721#dn7-walmart-amazonr_14010,0,0
dn7-walmart-amazonl_222#dn7-walmart-amazonr_19144,0,0
dn7-walmart-amazonl_1824#dn7-walmart-amazonr_13916,0,0
dn7-walmart-amazonl_2110#dn7-walmart-amazonr_3031,0,0
dn7-walmart-amazonl_1365#dn7-walmart-amazonr_18617,0,0
dn7-walmart-amazonl_996#dn7-walmart-amazonr_10702,0,0
dn7-walmart-amazonl_2332#dn7-walmart-amazonr_14858,0,0
dn7-walmart-amazonl_2425#dn7-walmart-amazonr_4467,0,0
dn7-walmart-amazonl_478#dn7-walmart-amazonr_9812,0,0
dn7-walmart-amazonl_1001#dn7-walmart-amazonr_4614,0,0
dn7-walmart-amazonl_871#dn7-walmart-amazonr_20699,0,0
dn7-walmart-amazonl_193#dn7-walmart-amazonr_7143,0,0
dn7-walmart-amazonl_2265#dn7-walmart-amazonr_19343,0,0
dn7-walmart-amazonl_1482#dn7-walmart-amazonr_8561,0,0
dn7-walmart-amazonl_334#dn7-walmart-amazonr_4462,0,0
dn7-walmart-amazonl_2223#dn7-walmart-amazonr_17453,0,0
dn7-walmart-amazonl_1157#dn7-walmart-amazonr_795,0,0
dn7-walmart-amazonl_1443#dn7-walmart-amazonr_14215,0,0
dn7-walmart-amazonl_1115#dn7-walmart-amazonr_2973,0,0
dn7-walmart-amazonl_445#dn7-walmart-amazonr_20500,0,0
dn7-walmart-amazonl_16#dn7-walmart-amazonr_21841,0,0
dn7-walmart-amazonl_1823#dn7-walmart-amazonr_434,0,0
dn7-walmart-amazonl_890#dn7-walmart-amazonr_3466,0,0
dn7-walmart-amazonl_458#dn7-walmart-amazonr_3322,0,0
dn7-walmart-amazonl_243#dn7-walmart-amazonr_2224,0,0
dn7-walmart-amazonl_1401#dn7-walmart-amazonr_6009,0,0
dn7-walmart-amazonl_574#dn7-walmart-amazonr_8489,0,0
dn7-walmart-amazonl_1015#dn7-walmart-amazonr_6903,0,0
dn7-walmart-amazonl_1549#dn7-walmart-amazonr_12526,0,0
dn7-walmart-amazonl_481#dn7-walmart-amazonr_14852,0,0
dn7-walmart-amazonl_674#dn7-walmart-amazonr_5997,0,0
dn7-walmart-amazonl_2024#dn7-walmart-amazonr_2802,0,0
dn7-walmart-amazonl_1345#dn7-walmart-amazonr_12931,0,0
dn7-walmart-amazonl_2302#dn7-walmart-amazonr_5177,0,0
dn7-walmart-amazonl_637#dn7-walmart-amazonr_3780,0,0
dn7-walmart-amazonl_659#dn7-walmart-amazonr_1448,0,0
dn7-walmart-amazonl_105#dn7-walmart-amazonr_1388,0,0
dn7-walmart-amazonl_547#dn7-walmart-amazonr_5250,0,0
dn7-walmart-amazonl_1349#dn7-walmart-amazonr_7957,0,0
dn7-walmart-amazonl_753#dn7-walmart-amazonr_8404,0,0
dn7-walmart-amazonl_1207#dn7-walmart-amazonr_6898,1,1
dn7-walmart-amazonl_606#dn7-walmart-amazonr_8689,0,0
dn7-walmart-amazonl_169#dn7-walmart-amazonr_13292,0,0
dn7-walmart-amazonl_2091#dn7-walmart-amazonr_19262,0,0
dn7-walmart-amazonl_383#dn7-walmart-amazonr_21777,0,0
dn7-walmart-amazonl_885#dn7-walmart-amazonr_17677,0,0
dn7-walmart-amazonl_2128#dn7-walmart-amazonr_18024,0,0
dn7-walmart-amazonl_558#dn7-walmart-amazonr_950,0,0
dn7-walmart-amazonl_817#dn7-walmart-amazonr_4320,0,0
dn7-walmart-amazonl_849#dn7-walmart-amazonr_17657,0,0
dn7-walmart-amazonl_1266#dn7-walmart-amazonr_7956,0,0
dn7-walmart-amazonl_683#dn7-walmart-amazonr_19140,0,0
dn7-walmart-amazonl_2166#dn7-walmart-amazonr_12936,0,0
dn7-walmart-amazonl_1809#dn7-walmart-amazonr_4724,0,0
dn7-walmart-amazonl_1675#dn7-walmart-amazonr_21982,0,0
dn7-walmart-amazonl_1285#dn7-walmart-amazonr_12225,0,0
dn7-walmart-amazonl_1855#dn7-walmart-amazonr_810,0,0
dn7-walmart-amazonl_2287#dn7-walmart-amazonr_10018,0,0
dn7-walmart-amazonl_328#dn7-walmart-amazonr_20350,0,0
dn7-walmart-amazonl_1932#dn7-walmart-amazonr_9016,0,1
dn7-walmart-amazonl_2191#dn7-walmart-amazonr_19937,0,0
dn7-walmart-amazonl_1118#dn7-walmart-amazonr_11295,0,0
dn7-walmart-amazonl_1597#dn7-walmart-amazonr_11070,0,0
dn7-walmart-amazonl_2354#dn7-walmart-amazonr_3662,0,0
dn7-walmart-amazonl_1789#dn7-walmart-amazonr_11778,1,1
dn7-walmart-amazonl_518#dn7-walmart-amazonr_11545,0,0
dn7-walmart-amazonl_1750#dn7-walmart-amazonr_11977,0,0
dn7-walmart-amazonl_255#dn7-walmart-amazonr_22012,0,0
dn7-walmart-amazonl_1547#dn7-walmart-amazonr_11894,0,0
dn7-walmart-amazonl_25#dn7-walmart-amazonr_11,0,0
dn7-walmart-amazonl_2124#dn7-walmart-amazonr_9577,0,0
dn7-walmart-amazonl_2289#dn7-walmart-amazonr_13020,0,0
dn7-walmart-amazonl_481#dn7-walmart-amazonr_17197,0,0
dn7-walmart-amazonl_1513#dn7-walmart-amazonr_7565,0,0
dn7-walmart-amazonl_245#dn7-walmart-amazonr_11261,0,0
dn7-walmart-amazonl_505#dn7-walmart-amazonr_9878,0,0
dn7-walmart-amazonl_1240#dn7-walmart-amazonr_11070,0,0
dn7-walmart-amazonl_270#dn7-walmart-amazonr_1141,0,0
dn7-walmart-amazonl_1933#dn7-walmart-amazonr_13852,0,0
dn7-walmart-amazonl_1382#dn7-walmart-amazonr_21551,0,0
dn7-walmart-amazonl_2107#dn7-walmart-amazonr_15317,0,0
dn7-walmart-amazonl_1195#dn7-walmart-amazonr_13370,0,0
dn7-walmart-amazonl_428#dn7-walmart-amazonr_10588,0,0
dn7-walmart-amazonl_609#dn7-walmart-amazonr_3466,0,0
dn7-walmart-amazonl_1275#dn7-walmart-amazonr_14404,0,0
dn7-walmart-amazonl_1669#dn7-walmart-amazonr_12510,0,0
dn7-walmart-amazonl_1475#dn7-walmart-amazonr_2680,0,0
dn7-walmart-amazonl_1392#dn7-walmart-amazonr_4380,0,0
dn7-walmart-amazonl_815#dn7-walmart-amazonr_12953,0,0
dn7-walmart-amazonl_39#dn7-walmart-amazonr_957,0,0
dn7-walmart-amazonl_864#dn7-walmart-amazonr_2341,0,0
dn7-walmart-amazonl_1843#dn7-walmart-amazonr_14854,0,0
dn7-walmart-amazonl_441#dn7-walmart-amazonr_672,0,0
dn7-walmart-amazonl_1181#dn7-walmart-amazonr_16875,0,0
dn7-walmart-amazonl_1279#dn7-walmart-amazonr_17437,0,0
dn7-walmart-amazonl_1034#dn7-walmart-amazonr_7808,0,0
dn7-walmart-amazonl_2374#dn7-walmart-amazonr_13633,0,0
dn7-walmart-amazonl_1208#dn7-walmart-amazonr_16352,0,0
dn7-walmart-amazonl_690#dn7-walmart-amazonr_21129,0,0
dn7-walmart-amazonl_2169#dn7-walmart-amazonr_4784,0,0
dn7-walmart-amazonl_2460#dn7-walmart-amazonr_21887,0,0
dn7-walmart-amazonl_1205#dn7-walmart-amazonr_12313,0,0
dn7-walmart-amazonl_1075#dn7-walmart-amazonr_8632,0,0
dn7-walmart-amazonl_2295#dn7-walmart-amazonr_5799,0,0
dn7-walmart-amazonl_678#dn7-walmart-amazonr_10912,0,0
dn7-walmart-amazonl_253#dn7-walmart-amazonr_11758,0,0
dn7-walmart-amazonl_629#dn7-walmart-amazonr_15100,0,0
dn7-walmart-amazonl_1798#dn7-walmart-amazonr_20146,0,0
dn7-walmart-amazonl_1830#dn7-walmart-amazonr_6081,0,0
dn7-walmart-amazonl_420#dn7-walmart-amazonr_2996,0,0
dn7-walmart-amazonl_473#dn7-walmart-amazonr_5862,0,0
dn7-walmart-amazonl_2094#dn7-walmart-amazonr_13088,0,0
dn7-walmart-amazonl_1295#dn7-walmart-amazonr_14595,0,0
dn7-walmart-amazonl_710#dn7-walmart-amazonr_8907,0,0
dn7-walmart-amazonl_827#dn7-walmart-amazonr_3083,0,0
dn7-walmart-amazonl_993#dn7-walmart-amazonr_4528,0,0
dn7-walmart-amazonl_2460#dn7-walmart-amazonr_17347,0,0
dn7-walmart-amazonl_507#dn7-walmart-amazonr_4498,0,0
dn7-walmart-amazonl_1679#dn7-walmart-amazonr_20899,0,0
dn7-walmart-amazonl_809#dn7-walmart-amazonr_12292,0,0
dn7-walmart-amazonl_1064#dn7-walmart-amazonr_13899,0,0
dn7-walmart-amazonl_2200#dn7-walmart-amazonr_16196,0,0
dn7-walmart-amazonl_1157#dn7-walmart-amazonr_8771,0,0
dn7-walmart-amazonl_1592#dn7-walmart-amazonr_379,0,0
dn7-walmart-amazonl_2126#dn7-walmart-amazonr_7704,0,0
dn7-walmart-amazonl_155#dn7-walmart-amazonr_3445,0,0
dn7-walmart-amazonl_2065#dn7-walmart-amazonr_9557,0,0
dn7-walmart-amazonl_598#dn7-walmart-amazonr_9658,0,1
dn7-walmart-amazonl_2440#dn7-walmart-amazonr_15372,0,0
dn7-walmart-amazonl_413#dn7-walmart-amazonr_20410,0,0
dn7-walmart-amazonl_246#dn7-walmart-amazonr_12961,0,0
dn7-walmart-amazonl_2326#dn7-walmart-amazonr_19223,0,0
dn7-walmart-amazonl_1447#dn7-walmart-amazonr_16618,0,0
dn7-walmart-amazonl_646#dn7-walmart-amazonr_7843,0,0
dn7-walmart-amazonl_687#dn7-walmart-amazonr_3460,0,0
dn7-walmart-amazonl_1196#dn7-walmart-amazonr_1024,0,0
dn7-walmart-amazonl_24#dn7-walmart-amazonr_14319,0,0
dn7-walmart-amazonl_362#dn7-walmart-amazonr_155,0,0
dn7-walmart-amazonl_223#dn7-walmart-amazonr_2833,0,0
dn7-walmart-amazonl_1507#dn7-walmart-amazonr_6182,0,0
dn7-walmart-amazonl_1939#dn7-walmart-amazonr_14804,0,0
dn7-walmart-amazonl_531#dn7-walmart-amazonr_2730,0,0
dn7-walmart-amazonl_461#dn7-walmart-amazonr_7691,0,0
dn7-walmart-amazonl_430#dn7-walmart-amazonr_8689,0,0
dn7-walmart-amazonl_1963#dn7-walmart-amazonr_10949,0,0
dn7-walmart-amazonl_1537#dn7-walmart-amazonr_7699,0,0
dn7-walmart-amazonl_151#dn7-walmart-amazonr_8710,0,0
dn7-walmart-amazonl_396#dn7-walmart-amazonr_11131,0,0
dn7-walmart-amazonl_1649#dn7-walmart-amazonr_1005,0,0
dn7-walmart-amazonl_2511#dn7-walmart-amazonr_14997,0,0
dn7-walmart-amazonl_928#dn7-walmart-amazonr_18471,0,0
dn7-walmart-amazonl_1168#dn7-walmart-amazonr_20920,0,0
dn7-walmart-amazonl_365#dn7-walmart-amazonr_5136,0,0
dn7-walmart-amazonl_2030#dn7-walmart-amazonr_6377,0,0
dn7-walmart-amazonl_2533#dn7-walmart-amazonr_1444,0,0
dn7-walmart-amazonl_68#dn7-walmart-amazonr_5956,0,0
dn7-walmart-amazonl_2550#dn7-walmart-amazonr_11866,0,0
dn7-walmart-amazonl_1291#dn7-walmart-amazonr_18348,0,0
dn7-walmart-amazonl_1388#dn7-walmart-amazonr_1967,0,0
dn7-walmart-amazonl_494#dn7-walmart-amazonr_12420,0,0
dn7-walmart-amazonl_140#dn7-walmart-amazonr_7758,0,0
dn7-walmart-amazonl_217#dn7-walmart-amazonr_19064,0,0
dn7-walmart-amazonl_1299#dn7-walmart-amazonr_5439,0,0
dn7-walmart-amazonl_2153#dn7-walmart-amazonr_2802,0,0
dn7-walmart-amazonl_1886#dn7-walmart-amazonr_18037,0,0
dn7-walmart-amazonl_2102#dn7-walmart-amazonr_2903,0,0
dn7-walmart-amazonl_1489#dn7-walmart-amazonr_6713,0,0
dn7-walmart-amazonl_2200#dn7-walmart-amazonr_7450,0,0
dn7-walmart-amazonl_315#dn7-walmart-amazonr_8170,0,0
dn7-walmart-amazonl_1171#dn7-walmart-amazonr_16358,0,0
dn7-walmart-amazonl_754#dn7-walmart-amazonr_9527,0,0
dn7-walmart-amazonl_2378#dn7-walmart-amazonr_10977,0,0
dn7-walmart-amazonl_1512#dn7-walmart-amazonr_12109,0,0
dn7-walmart-amazonl_2049#dn7-walmart-amazonr_9501,0,0
dn7-walmart-amazonl_1707#dn7-walmart-amazonr_12693,0,0
dn7-walmart-amazonl_2147#dn7-walmart-amazonr_14227,0,0
dn7-walmart-amazonl_1906#dn7-walmart-amazonr_4323,0,0
dn7-walmart-amazonl_1303#dn7-walmart-amazonr_9816,0,0
dn7-walmart-amazonl_1408#dn7-walmart-amazonr_5477,0,0
dn7-walmart-amazonl_1384#dn7-walmart-amazonr_3324,0,0
dn7-walmart-amazonl_1550#dn7-walmart-amazonr_7349,0,0
dn7-walmart-amazonl_455#dn7-walmart-amazonr_243,0,0
dn7-walmart-amazonl_1946#dn7-walmart-amazonr_3308,0,0
dn7-walmart-amazonl_2438#dn7-walmart-amazonr_4767,0,0
dn7-walmart-amazonl_1632#dn7-walmart-amazonr_21766,0,0
dn7-walmart-amazonl_2293#dn7-walmart-amazonr_9521,0,0
dn7-walmart-amazonl_549#dn7-walmart-amazonr_15125,0,1
dn7-walmart-amazonl_961#dn7-walmart-amazonr_2413,0,0
dn7-walmart-amazonl_1633#dn7-walmart-amazonr_7853,0,0
dn7-walmart-amazonl_501#dn7-walmart-amazonr_14815,0,0
dn7-walmart-amazonl_1298#dn7-walmart-amazonr_12826,0,0
dn7-walmart-amazonl_250#dn7-walmart-amazonr_12931,0,0
dn7-walmart-amazonl_1642#dn7-walmart-amazonr_464,0,0
dn7-walmart-amazonl_673#dn7-walmart-amazonr_5191,0,0
dn7-walmart-amazonl_47#dn7-walmart-amazonr_6954,0,0
dn7-walmart-amazonl_1388#dn7-walmart-amazonr_1968,0,0
dn7-walmart-amazonl_2341#dn7-walmart-amazonr_11054,0,0
dn7-walmart-amazonl_1956#dn7-walmart-amazonr_12532,0,0
dn7-walmart-amazonl_175#dn7-walmart-amazonr_5565,0,0
dn7-walmart-amazonl_1786#dn7-walmart-amazonr_13927,0,0
dn7-walmart-amazonl_395#dn7-walmart-amazonr_12305,0,0
dn7-walmart-amazonl_1965#dn7-walmart-amazonr_20345,0,0
dn7-walmart-amazonl_1251#dn7-walmart-amazonr_5426,0,0
dn7-walmart-amazonl_977#dn7-walmart-amazonr_8348,0,0
dn7-walmart-amazonl_1463#dn7-walmart-amazonr_12998,0,0
dn7-walmart-amazonl_1892#dn7-walmart-amazonr_10875,0,0
dn7-walmart-amazonl_72#dn7-walmart-amazonr_4820,0,0
dn7-walmart-amazonl_2170#dn7-walmart-amazonr_6518,0,0
dn7-walmart-amazonl_197#dn7-walmart-amazonr_15272,0,0
dn7-walmart-amazonl_411#dn7-walmart-amazonr_5328,0,0
dn7-walmart-amazonl_442#dn7-walmart-amazonr_1784,0,0
dn7-walmart-amazonl_21#dn7-walmart-amazonr_7851,0,0
dn7-walmart-amazonl_622#dn7-walmart-amazonr_8319,0,0
dn7-walmart-amazonl_703#dn7-walmart-amazonr_15906,0,0
dn7-walmart-amazonl_2099#dn7-walmart-amazonr_21015,0,0
dn7-walmart-amazonl_1756#dn7-walmart-amazonr_1503,0,0
dn7-walmart-amazonl_2169#dn7-walmart-amazonr_9711,0,0
dn7-walmart-amazonl_2243#dn7-walmart-amazonr_12234,0,0
dn7-walmart-amazonl_534#dn7-walmart-amazonr_10720,0,0
dn7-walmart-amazonl_1049#dn7-walmart-amazonr_990,0,0
dn7-walmart-amazonl_901#dn7-walmart-amazonr_5925,0,0
dn7-walmart-amazonl_1490#dn7-walmart-amazonr_660,0,0
dn7-walmart-amazonl_1455#dn7-walmart-amazonr_17537,0,0
dn7-walmart-amazonl_2214#dn7-walmart-amazonr_16107,0,0
dn7-walmart-amazonl_582#dn7-walmart-amazonr_3007,0,0
dn7-walmart-amazonl_407#dn7-walmart-amazonr_18221,0,0
dn7-walmart-amazonl_688#dn7-walmart-amazonr_4783,1,1
dn7-walmart-amazonl_320#dn7-walmart-amazonr_19869,0,0
dn7-walmart-amazonl_2240#dn7-walmart-amazonr_6399,0,0
dn7-walmart-amazonl_598#dn7-walmart-amazonr_2065,0,0
dn7-walmart-amazonl_1697#dn7-walmart-amazonr_17315,0,0
dn7-walmart-amazonl_1605#dn7-walmart-amazonr_21322,0,0
dn7-walmart-amazonl_2313#dn7-walmart-amazonr_4473,0,0
dn7-walmart-amazonl_1875#dn7-walmart-amazonr_13348,0,0
dn7-walmart-amazonl_55#dn7-walmart-amazonr_19583,0,0
dn7-walmart-amazonl_734#dn7-walmart-amazonr_2037,0,0
dn7-walmart-amazonl_818#dn7-walmart-amazonr_12947,0,0
dn7-walmart-amazonl_621#dn7-walmart-amazonr_11810,0,0
dn7-walmart-amazonl_2000#dn7-walmart-amazonr_10194,0,0
dn7-walmart-amazonl_1631#dn7-walmart-amazonr_12235,0,0
dn7-walmart-amazonl_1199#dn7-walmart-amazonr_19174,0,0
dn7-walmart-amazonl_1995#dn7-walmart-amazonr_9143,0,0
dn7-walmart-amazonl_2097#dn7-walmart-amazonr_21457,1,1
dn7-walmart-amazonl_1284#dn7-walmart-amazonr_3322,0,0
dn7-walmart-amazonl_403#dn7-walmart-amazonr_12789,0,0
dn7-walmart-amazonl_1809#dn7-walmart-amazonr_17506,0,0
dn7-walmart-amazonl_2280#dn7-walmart-amazonr_16108,0,0
dn7-walmart-amazonl_2201#dn7-walmart-amazonr_7706,0,0
dn7-walmart-amazonl_2235#dn7-walmart-amazonr_22011,0,0
dn7-walmart-amazonl_1493#dn7-walmart-amazonr_11392,0,0
dn7-walmart-amazonl_1262#dn7-walmart-amazonr_11836,0,0
dn7-walmart-amazonl_203#dn7-walmart-amazonr_16436,0,0
dn7-walmart-amazonl_120#dn7-walmart-amazonr_923,0,0
dn7-walmart-amazonl_1901#dn7-walmart-amazonr_2976,0,0
dn7-walmart-amazonl_2509#dn7-walmart-amazonr_15809,0,0
dn7-walmart-amazonl_1547#dn7-walmart-amazonr_12643,0,0
dn7-walmart-amazonl_2005#dn7-walmart-amazonr_7177,0,0
dn7-walmart-amazonl_566#dn7-walmart-amazonr_9474,0,0
dn7-walmart-amazonl_677#dn7-walmart-amazonr_12969,0,0
dn7-walmart-amazonl_1138#dn7-walmart-amazonr_5036,0,0
dn7-walmart-amazonl_2273#dn7-walmart-amazonr_1674,0,0
dn7-walmart-amazonl_621#dn7-walmart-amazonr_9842,0,0
dn7-walmart-amazonl_181#dn7-walmart-amazonr_448,0,0
dn7-walmart-amazonl_2335#dn7-walmart-amazonr_14548,0,0
dn7-walmart-amazonl_223#dn7-walmart-amazonr_7768,0,0
dn7-walmart-amazonl_468#dn7-walmart-amazonr_18940,0,0
dn7-walmart-amazonl_929#dn7-walmart-amazonr_20790,0,0
dn7-walmart-amazonl_1765#dn7-walmart-amazonr_6072,0,0
dn7-walmart-amazonl_1861#dn7-walmart-amazonr_2970,0,0
dn7-walmart-amazonl_1589#dn7-walmart-amazonr_20790,0,0
dn7-walmart-amazonl_1073#dn7-walmart-amazonr_2522,1,1
dn7-walmart-amazonl_363#dn7-walmart-amazonr_8128,0,0
dn7-walmart-amazonl_181#dn7-walmart-amazonr_12379,0,0
dn7-walmart-amazonl_2016#dn7-walmart-amazonr_15809,0,0
dn7-walmart-amazonl_550#dn7-walmart-amazonr_13896,0,0
dn7-walmart-amazonl_2219#dn7-walmart-amazonr_7191,0,0
dn7-walmart-amazonl_381#dn7-walmart-amazonr_17953,0,0
dn7-walmart-amazonl_515#dn7-walmart-amazonr_2971,0,0
dn7-walmart-amazonl_1169#dn7-walmart-amazonr_21847,0,0
dn7-walmart-amazonl_1515#dn7-walmart-amazonr_21403,0,0
dn7-walmart-amazonl_2094#dn7-walmart-amazonr_5120,0,0
dn7-walmart-amazonl_831#dn7-walmart-amazonr_14401,0,0
dn7-walmart-amazonl_2095#dn7-walmart-amazonr_2592,0,0
dn7-walmart-amazonl_1450#dn7-walmart-amazonr_19299,0,0
dn7-walmart-amazonl_903#dn7-walmart-amazonr_15528,0,0
dn7-walmart-amazonl_2493#dn7-walmart-amazonr_498,0,0
dn7-walmart-amazonl_2173#dn7-walmart-amazonr_8780,0,0
dn7-walmart-amazonl_394#dn7-walmart-amazonr_151,0,0
dn7-walmart-amazonl_1443#dn7-walmart-amazonr_12276,0,0
dn7-walmart-amazonl_2125#dn7-walmart-amazonr_9183,0,0
dn7-walmart-amazonl_2099#dn7-walmart-amazonr_2673,0,0
dn7-walmart-amazonl_788#dn7-walmart-amazonr_9421,0,0
dn7-walmart-amazonl_2097#dn7-walmart-amazonr_21950,0,0
dn7-walmart-amazonl_1813#dn7-walmart-amazonr_3254,0,0
dn7-walmart-amazonl_1750#dn7-walmart-amazonr_1563,0,0
dn7-walmart-amazonl_619#dn7-walmart-amazonr_16121,0,0
dn7-walmart-amazonl_1891#dn7-walmart-amazonr_14317,0,0
dn7-walmart-amazonl_766#dn7-walmart-amazonr_4193,0,0
dn7-walmart-amazonl_2433#dn7-walmart-amazonr_19730,0,0
dn7-walmart-amazonl_1025#dn7-walmart-amazonr_8840,0,0
dn7-walmart-amazonl_107#dn7-walmart-amazonr_13370,0,0
dn7-walmart-amazonl_1856#dn7-walmart-amazonr_21637,0,0
dn7-walmart-amazonl_2231#dn7-walmart-amazonr_20444,0,0
dn7-walmart-amazonl_374#dn7-walmart-amazonr_2344,0,0
dn7-walmart-amazonl_979#dn7-walmart-amazonr_628,0,0
dn7-walmart-amazonl_1045#dn7-walmart-amazonr_1977,0,0
dn7-walmart-amazonl_2414#dn7-walmart-amazonr_21764,0,0
dn7-walmart-amazonl_1382#dn7-walmart-amazonr_4499,0,0
dn7-walmart-amazonl_1626#dn7-walmart-amazonr_20339,0,0
dn7-walmart-amazonl_1891#dn7-walmart-amazonr_2636,0,0
dn7-walmart-amazonl_517#dn7-walmart-amazonr_20785,0,0
dn7-walmart-amazonl_85#dn7-walmart-amazonr_12130,0,0
dn7-walmart-amazonl_1606#dn7-walmart-amazonr_21607,0,0
dn7-walmart-amazonl_426#dn7-walmart-amazonr_8962,0,0
dn7-walmart-amazonl_1366#dn7-walmart-amazonr_5952,0,0
dn7-walmart-amazonl_1132#dn7-walmart-amazonr_21567,0,0
dn7-walmart-amazonl_1733#dn7-walmart-amazonr_3773,0,0
dn7-walmart-amazonl_279#dn7-walmart-amazonr_10733,0,0
dn7-walmart-amazonl_115#dn7-walmart-amazonr_9745,0,0
dn7-walmart-amazonl_1110#dn7-walmart-amazonr_19276,0,0
dn7-walmart-amazonl_1929#dn7-walmart-amazonr_15938,0,0
dn7-walmart-amazonl_2212#dn7-walmart-amazonr_17436,0,0
dn7-walmart-amazonl_537#dn7-walmart-amazonr_4987,0,0
dn7-walmart-amazonl_397#dn7-walmart-amazonr_4215,0,0
dn7-walmart-amazonl_1123#dn7-walmart-amazonr_5177,0,0
dn7-walmart-amazonl_2234#dn7-walmart-amazonr_6672,0,0
dn7-walmart-amazonl_1450#dn7-walmart-amazonr_19694,0,0
dn7-walmart-amazonl_547#dn7-walmart-amazonr_15262,0,0
dn7-walmart-amazonl_1431#dn7-walmart-amazonr_8019,0,0
dn7-walmart-amazonl_1637#dn7-walmart-amazonr_5355,0,0
dn7-walmart-amazonl_1789#dn7-walmart-amazonr_9620,0,0
dn7-walmart-amazonl_765#dn7-walmart-amazonr_11287,0,0
dn7-walmart-amazonl_1841#dn7-walmart-amazonr_18623,0,1
dn7-walmart-amazonl_1421#dn7-walmart-amazonr_20153,0,0
dn7-walmart-amazonl_228#dn7-walmart-amazonr_9685,0,0
dn7-walmart-amazonl_310#dn7-walmart-amazonr_798,0,0
dn7-walmart-amazonl_2019#dn7-walmart-amazonr_18077,0,0
dn7-walmart-amazonl_757#dn7-walmart-amazonr_17266,0,0
dn7-walmart-amazonl_980#dn7-walmart-amazonr_7170,0,0
dn7-walmart-amazonl_2106#dn7-walmart-amazonr_8351,0,0
dn7-walmart-amazonl_2002#dn7-walmart-amazonr_1342,0,0
dn7-walmart-amazonl_2160#dn7-walmart-amazonr_5795,0,0
dn7-walmart-amazonl_1773#dn7-walmart-amazonr_3523,0,0
dn7-walmart-amazonl_1922#dn7-walmart-amazonr_4273,0,0
dn7-walmart-amazonl_1070#dn7-walmart-amazonr_8391,0,0
dn7-walmart-amazonl_1369#dn7-walmart-amazonr_19299,0,0
dn7-walmart-amazonl_522#dn7-walmart-amazonr_20496,0,0
dn7-walmart-amazonl_1747#dn7-walmart-amazonr_12360,0,0
dn7-walmart-amazonl_246#dn7-walmart-amazonr_20444,0,0
dn7-walmart-amazonl_945#dn7-walmart-amazonr_573,0,0
dn7-walmart-amazonl_1652#dn7-walmart-amazonr_6433,0,0
dn7-walmart-amazonl_992#dn7-walmart-amazonr_13022,0,0
dn7-walmart-amazonl_454#dn7-walmart-amazonr_12947,0,0
dn7-walmart-amazonl_2367#dn7-walmart-amazonr_15427,0,0
dn7-walmart-amazonl_11#dn7-walmart-amazonr_21727,0,0
dn7-walmart-amazonl_2101#dn7-walmart-amazonr_7931,0,0
dn7-walmart-amazonl_1514#dn7-walmart-amazonr_17856,0,0
dn7-walmart-amazonl_732#dn7-walmart-amazonr_16393,0,0
dn7-walmart-amazonl_1653#dn7-walmart-amazonr_19946,0,0
dn7-walmart-amazonl_435#dn7-walmart-amazonr_13855,0,0
dn7-walmart-amazonl_2264#dn7-walmart-amazonr_19007,1,1
dn7-walmart-amazonl_1794#dn7-walmart-amazonr_21638,0,0
dn7-walmart-amazonl_1781#dn7-walmart-amazonr_8072,0,0
dn7-walmart-amazonl_1116#dn7-walmart-amazonr_6354,0,0
dn7-walmart-amazonl_64#dn7-walmart-amazonr_18372,0,0
dn7-walmart-amazonl_1470#dn7-walmart-amazonr_2158,0,0
dn7-walmart-amazonl_1738#dn7-walmart-amazonr_1330,0,0
dn7-walmart-amazonl_1131#dn7-walmart-amazonr_13658,0,0
dn7-walmart-amazonl_368#dn7-walmart-amazonr_13681,0,0
dn7-walmart-amazonl_2102#dn7-walmart-amazonr_2897,0,0
dn7-walmart-amazonl_1341#dn7-walmart-amazonr_14134,0,0
dn7-walmart-amazonl_1290#dn7-walmart-amazonr_8239,0,0
dn7-walmart-amazonl_1397#dn7-walmart-amazonr_1568,0,0
dn7-walmart-amazonl_1643#dn7-walmart-amazonr_6221,0,0
dn7-walmart-amazonl_915#dn7-walmart-amazonr_1097,0,0
dn7-walmart-amazonl_2455#dn7-walmart-amazonr_9639,0,0
dn7-walmart-amazonl_138#dn7-walmart-amazonr_15232,0,0
dn7-walmart-amazonl_654#dn7-walmart-amazonr_4501,0,0
dn7-walmart-amazonl_2513#dn7-walmart-amazonr_9473,0,0
dn7-walmart-amazonl_1477#dn7-walmart-amazonr_15328,0,0
dn7-walmart-amazonl_1836#dn7-walmart-amazonr_19338,0,0
dn7-walmart-amazonl_2392#dn7-walmart-amazonr_19705,0,0
dn7-walmart-amazonl_1042#dn7-walmart-amazonr_12705,0,0
dn7-walmart-amazonl_1907#dn7-walmart-amazonr_21543,0,0
dn7-walmart-amazonl_2328#dn7-walmart-amazonr_1605,0,0
dn7-walmart-amazonl_524#dn7-walmart-amazonr_11905,0,0
dn7-walmart-amazonl_1934#dn7-walmart-amazonr_5536,0,0
dn7-walmart-amazonl_198#dn7-walmart-amazonr_1505,0,0
dn7-walmart-amazonl_213#dn7-walmart-amazonr_16172,0,0
dn7-walmart-amazonl_443#dn7-walmart-amazonr_5607,0,0
dn7-walmart-amazonl_532#dn7-walmart-amazonr_15291,0,0
dn7-walmart-amazonl_966#dn7-walmart-amazonr_3960,0,0
dn7-walmart-amazonl_809#dn7-walmart-amazonr_6242,0,0
dn7-walmart-amazonl_640#dn7-walmart-amazonr_6500,0,0
dn7-walmart-amazonl_630#dn7-walmart-amazonr_14723,0,0
dn7-walmart-amazonl_2209#dn7-walmart-amazonr_18981,0,0
dn7-walmart-amazonl_2398#dn7-walmart-amazonr_4879,0,0
dn7-walmart-amazonl_1911#dn7-walmart-amazonr_2198,0,0
dn7-walmart-amazonl_387#dn7-walmart-amazonr_9134,0,0
dn7-walmart-amazonl_741#dn7-walmart-amazonr_13341,0,0
dn7-walmart-amazonl_647#dn7-walmart-amazonr_3137,0,0
dn7-walmart-amazonl_2041#dn7-walmart-amazonr_21319,0,0
dn7-walmart-amazonl_1874#dn7-walmart-amazonr_14912,0,0
dn7-walmart-amazonl_430#dn7-walmart-amazonr_4191,0,0
dn7-walmart-amazonl_1682#dn7-walmart-amazonr_9989,0,0
dn7-walmart-amazonl_2401#dn7-walmart-amazonr_20333,0,0
dn7-walmart-amazonl_123#dn7-walmart-amazonr_8793,0,0
dn7-walmart-amazonl_1784#dn7-walmart-amazonr_13390,0,0
dn7-walmart-amazonl_1857#dn7-walmart-amazonr_7859,0,0
dn7-walmart-amazonl_1243#dn7-walmart-amazonr_2665,0,0
dn7-walmart-amazonl_1398#dn7-walmart-amazonr_10618,0,0
dn7-walmart-amazonl_2149#dn7-walmart-amazonr_3697,0,0
dn7-walmart-amazonl_718#dn7-walmart-amazonr_6696,0,0
dn7-walmart-amazonl_1778#dn7-walmart-amazonr_6167,0,0
dn7-walmart-amazonl_443#dn7-walmart-amazonr_2555,0,0
dn7-walmart-amazonl_954#dn7-walmart-amazonr_12573,0,0
dn7-walmart-amazonl_900#dn7-walmart-amazonr_11862,0,0
dn7-walmart-amazonl_990#dn7-walmart-amazonr_2015,0,0
dn7-walmart-amazonl_676#dn7-walmart-amazonr_17988,0,0
dn7-walmart-amazonl_1722#dn7-walmart-amazonr_21121,0,0
dn7-walmart-amazonl_1857#dn7-walmart-amazonr_8159,0,0
dn7-walmart-amazonl_2405#dn7-walmart-amazonr_3069,0,0
dn7-walmart-amazonl_51#dn7-walmart-amazonr_16664,0,0
dn7-walmart-amazonl_305#dn7-walmart-amazonr_1340,0,0
dn7-walmart-amazonl_273#dn7-walmart-amazonr_4736,0,0
dn7-walmart-amazonl_1769#dn7-walmart-amazonr_17018,0,0
dn7-walmart-amazonl_907#dn7-walmart-amazonr_7706,0,0
dn7-walmart-amazonl_2352#dn7-walmart-amazonr_129,0,0
dn7-walmart-amazonl_740#dn7-walmart-amazonr_14255,0,0
dn7-walmart-amazonl_119#dn7-walmart-amazonr_20772,0,0
dn7-walmart-amazonl_814#dn7-walmart-amazonr_16318,0,0
dn7-walmart-amazonl_878#dn7-walmart-amazonr_11541,0,0
dn7-walmart-amazonl_2062#dn7-walmart-amazonr_4536,0,0
dn7-walmart-amazonl_1783#dn7-walmart-amazonr_5035,0,0
dn7-walmart-amazonl_1649#dn7-walmart-amazonr_6952,0,0
dn7-walmart-amazonl_1232#dn7-walmart-amazonr_15544,0,0
dn7-walmart-amazonl_217#dn7-walmart-amazonr_984,0,0
dn7-walmart-amazonl_1896#dn7-walmart-amazonr_2195,0,0
dn7-walmart-amazonl_2093#dn7-walmart-amazonr_7154,0,0
dn7-walmart-amazonl_2510#dn7-walmart-amazonr_15560,0,0
dn7-walmart-amazonl_2001#dn7-walmart-amazonr_1060,0,0
dn7-walmart-amazonl_820#dn7-walmart-amazonr_5626,0,0
dn7-walmart-amazonl_1435#dn7-walmart-amazonr_12676,0,0
dn7-walmart-amazonl_1187#dn7-walmart-amazonr_5490,0,0
dn7-walmart-amazonl_163#dn7-walmart-amazonr_9469,0,0
dn7-walmart-amazonl_2483#dn7-walmart-amazonr_9888,0,0
dn7-walmart-amazonl_1914#dn7-walmart-amazonr_10705,0,0
dn7-walmart-amazonl_1062#dn7-walmart-amazonr_2829,0,0
dn7-walmart-amazonl_287#dn7-walmart-amazonr_20874,0,0
dn7-walmart-amazonl_1427#dn7-walmart-amazonr_11548,0,0
dn7-walmart-amazonl_93#dn7-walmart-amazonr_21663,0,0
dn7-walmart-amazonl_2428#dn7-walmart-amazonr_7634,0,0
dn7-walmart-amazonl_2470#dn7-walmart-amazonr_21445,0,0
dn7-walmart-amazonl_1507#dn7-walmart-amazonr_3188,0,0
dn7-walmart-amazonl_857#dn7-walmart-amazonr_3356,0,0
dn7-walmart-amazonl_1325#dn7-walmart-amazonr_10508,0,0
dn7-walmart-amazonl_45#dn7-walmart-amazonr_12222,0,0
dn7-walmart-amazonl_830#dn7-walmart-amazonr_4936,0,0
dn7-walmart-amazonl_461#dn7-walmart-amazonr_5049,0,0
dn7-walmart-amazonl_2338#dn7-walmart-amazonr_2017,0,0
dn7-walmart-amazonl_1942#dn7-walmart-amazonr_9441,0,0
dn7-walmart-amazonl_455#dn7-walmart-amazonr_1616,0,0
dn7-walmart-amazonl_1864#dn7-walmart-amazonr_14270,0,0
dn7-walmart-amazonl_1212#dn7-walmart-amazonr_7135,0,0
dn7-walmart-amazonl_1791#dn7-walmart-amazonr_17785,0,0
dn7-walmart-amazonl_2472#dn7-walmart-amazonr_18152,0,0
dn7-walmart-amazonl_1125#dn7-walmart-amazonr_950,0,0
dn7-walmart-amazonl_2341#dn7-walmart-amazonr_1100,0,0
dn7-walmart-amazonl_2210#dn7-walmart-amazonr_16870,0,0
dn7-walmart-amazonl_2156#dn7-walmart-amazonr_2638,0,0
dn7-walmart-amazonl_1144#dn7-walmart-amazonr_4772,0,0
dn7-walmart-amazonl_850#dn7-walmart-amazonr_20004,0,0
dn7-walmart-amazonl_2460#dn7-walmart-amazonr_17362,0,0
dn7-walmart-amazonl_2375#dn7-walmart-amazonr_4499,0,0
dn7-walmart-amazonl_1534#dn7-walmart-amazonr_1096,0,0
dn7-walmart-amazonl_1487#dn7-walmart-amazonr_2888,0,0
dn7-walmart-amazonl_1439#dn7-walmart-amazonr_3838,0,0
dn7-walmart-amazonl_1689#dn7-walmart-amazonr_17544,0,0
dn7-walmart-amazonl_196#dn7-walmart-amazonr_3934,0,0
dn7-walmart-amazonl_1786#dn7-walmart-amazonr_3047,0,0
dn7-walmart-amazonl_1112#dn7-walmart-amazonr_6832,0,0
dn7-walmart-amazonl_260#dn7-walmart-amazonr_1832,0,0
dn7-walmart-amazonl_317#dn7-walmart-amazonr_11542,0,0
dn7-walmart-amazonl_862#dn7-walmart-amazonr_1840,0,0
dn7-walmart-amazonl_1346#dn7-walmart-amazonr_21408,0,0
dn7-walmart-amazonl_2227#dn7-walmart-amazonr_15844,0,0
dn7-walmart-amazonl_679#dn7-walmart-amazonr_14407,0,0
dn7-walmart-amazonl_347#dn7-walmart-amazonr_2556,0,0
dn7-walmart-amazonl_2433#dn7-walmart-amazonr_16332,0,0
dn7-walmart-amazonl_1219#dn7-walmart-amazonr_4406,0,0
dn7-walmart-amazonl_2476#dn7-walmart-amazonr_8970,0,0
dn7-walmart-amazonl_2138#dn7-walmart-amazonr_19596,0,0
dn7-walmart-amazonl_549#dn7-walmart-amazonr_21966,0,0
dn7-walmart-amazonl_2534#dn7-walmart-amazonr_16550,0,0
dn7-walmart-amazonl_1645#dn7-walmart-amazonr_3728,0,0
dn7-walmart-amazonl_792#dn7-walmart-amazonr_4800,0,0
dn7-walmart-amazonl_2062#dn7-walmart-amazonr_974,0,0
dn7-walmart-amazonl_552#dn7-walmart-amazonr_6912,0,0
dn7-walmart-amazonl_2145#dn7-walmart-amazonr_9036,0,0
dn7-walmart-amazonl_2137#dn7-walmart-amazonr_12222,0,0
dn7-walmart-amazonl_1994#dn7-walmart-amazonr_12802,0,0
dn7-walmart-amazonl_704#dn7-walmart-amazonr_2115,0,0
dn7-walmart-amazonl_570#dn7-walmart-amazonr_21436,0,0
dn7-walmart-amazonl_1260#dn7-walmart-amazonr_2683,0,0
dn7-walmart-amazonl_2145#dn7-walmart-amazonr_7684,0,0
dn7-walmart-amazonl_1930#dn7-walmart-amazonr_4079,0,0
dn7-walmart-amazonl_1230#dn7-walmart-amazonr_598,0,0
dn7-walmart-amazonl_353#dn7-walmart-amazonr_6728,0,0
dn7-walmart-amazonl_1247#dn7-walmart-amazonr_3847,0,0
dn7-walmart-amazonl_193#dn7-walmart-amazonr_10784,0,0
dn7-walmart-amazonl_2319#dn7-walmart-amazonr_9027,0,0
dn7-walmart-amazonl_892#dn7-walmart-amazonr_6402,0,0
dn7-walmart-amazonl_650#dn7-walmart-amazonr_22008,0,0
dn7-walmart-amazonl_415#dn7-walmart-amazonr_20385,0,1
dn7-walmart-amazonl_2290#dn7-walmart-amazonr_11788,0,0
dn7-walmart-amazonl_848#dn7-walmart-amazonr_14842,0,0
dn7-walmart-amazonl_983#dn7-walmart-amazonr_3369,0,0
dn7-walmart-amazonl_810#dn7-walmart-amazonr_1476,0,0
dn7-walmart-amazonl_1049#dn7-walmart-amazonr_12969,0,0
dn7-walmart-amazonl_860#dn7-walmart-amazonr_12894,0,0
dn7-walmart-amazonl_2266#dn7-walmart-amazonr_1618,0,0
dn7-walmart-amazonl_1597#dn7-walmart-amazonr_10308,0,0
dn7-walmart-amazonl_2256#dn7-walmart-amazonr_19844,0,0
dn7-walmart-amazonl_605#dn7-walmart-amazonr_19299,0,0
dn7-walmart-amazonl_162#dn7-walmart-amazonr_18348,0,0
dn7-walmart-amazonl_930#dn7-walmart-amazonr_18056,0,0
dn7-walmart-amazonl_2396#dn7-walmart-amazonr_16561,0,0
dn7-walmart-amazonl_297#dn7-walmart-amazonr_11708,0,0
dn7-walmart-amazonl_1638#dn7-walmart-amazonr_18271,0,0
dn7-walmart-amazonl_2014#dn7-walmart-amazonr_11740,0,1
dn7-walmart-amazonl_1750#dn7-walmart-amazonr_7472,0,0
dn7-walmart-amazonl_2127#dn7-walmart-amazonr_1951,0,0
dn7-walmart-amazonl_2159#dn7-walmart-amazonr_17900,0,0
dn7-walmart-amazonl_1273#dn7-walmart-amazonr_6571,0,0
dn7-walmart-amazonl_2052#dn7-walmart-amazonr_2735,0,0
dn7-walmart-amazonl_362#dn7-walmart-amazonr_8734,0,0
dn7-walmart-amazonl_314#dn7-walmart-amazonr_5011,0,0
dn7-walmart-amazonl_1186#dn7-walmart-amazonr_7035,0,0
dn7-walmart-amazonl_1367#dn7-walmart-amazonr_3728,0,0
dn7-walmart-amazonl_1442#dn7-walmart-amazonr_6343,0,0
dn7-walmart-amazonl_1799#dn7-walmart-amazonr_11970,0,0
dn7-walmart-amazonl_1845#dn7-walmart-amazonr_185,1,1
dn7-walmart-amazonl_2193#dn7-walmart-amazonr_5682,0,1
dn7-walmart-amazonl_990#dn7-walmart-amazonr_8341,0,0
dn7-walmart-amazonl_97#dn7-walmart-amazonr_2863,0,0
dn7-walmart-amazonl_149#dn7-walmart-amazonr_19848,0,0
dn7-walmart-amazonl_259#dn7-walmart-amazonr_4717,0,0
dn7-walmart-amazonl_2166#dn7-walmart-amazonr_3391,0,0
dn7-walmart-amazonl_1699#dn7-walmart-amazonr_16518,0,0
dn7-walmart-amazonl_2101#dn7-walmart-amazonr_18760,0,0
dn7-walmart-amazonl_1651#dn7-walmart-amazonr_21822,0,0
dn7-walmart-amazonl_2102#dn7-walmart-amazonr_10832,0,0
dn7-walmart-amazonl_913#dn7-walmart-amazonr_10773,0,0
dn7-walmart-amazonl_498#dn7-walmart-amazonr_6060,0,0
dn7-walmart-amazonl_327#dn7-walmart-amazonr_19807,0,0
dn7-walmart-amazonl_1743#dn7-walmart-amazonr_2063,0,0
dn7-walmart-amazonl_1610#dn7-walmart-amazonr_10083,0,0
dn7-walmart-amazonl_1131#dn7-walmart-amazonr_17085,0,0
dn7-walmart-amazonl_2051#dn7-walmart-amazonr_12967,0,0
dn7-walmart-amazonl_442#dn7-walmart-amazonr_20575,0,0
dn7-walmart-amazonl_160#dn7-walmart-amazonr_16603,0,0
dn7-walmart-amazonl_447#dn7-walmart-amazonr_8757,0,0
dn7-walmart-amazonl_1868#dn7-walmart-amazonr_17159,0,0
dn7-walmart-amazonl_412#dn7-walmart-amazonr_15983,0,0
dn7-walmart-amazonl_979#dn7-walmart-amazonr_7530,0,0
dn7-walmart-amazonl_458#dn7-walmart-amazonr_1340,0,0
dn7-walmart-amazonl_285#dn7-walmart-amazonr_10749,0,0
dn7-walmart-amazonl_2252#dn7-walmart-amazonr_488,0,0
dn7-walmart-amazonl_919#dn7-walmart-amazonr_1652,0,0
dn7-walmart-amazonl_2340#dn7-walmart-amazonr_11765,0,0
dn7-walmart-amazonl_1159#dn7-walmart-amazonr_1698,0,0
dn7-walmart-amazonl_955#dn7-walmart-amazonr_12753,0,0
dn7-walmart-amazonl_1941#dn7-walmart-amazonr_873,0,0
dn7-walmart-amazonl_2138#dn7-walmart-amazonr_354,0,0
dn7-walmart-amazonl_652#dn7-walmart-amazonr_20210,0,0
dn7-walmart-amazonl_2154#dn7-walmart-amazonr_12871,0,0
dn7-walmart-amazonl_2298#dn7-walmart-amazonr_14966,0,0
dn7-walmart-amazonl_275#dn7-walmart-amazonr_17484,0,0
dn7-walmart-amazonl_1771#dn7-walmart-amazonr_17188,0,0
dn7-walmart-amazonl_1257#dn7-walmart-amazonr_10749,0,0
dn7-walmart-amazonl_1313#dn7-walmart-amazonr_8571,0,0
dn7-walmart-amazonl_72#dn7-walmart-amazonr_14785,0,0
dn7-walmart-amazonl_707#dn7-walmart-amazonr_21550,0,0
dn7-walmart-amazonl_185#dn7-walmart-amazonr_623,0,0
dn7-walmart-amazonl_51#dn7-walmart-amazonr_18172,0,0
dn7-walmart-amazonl_1921#dn7-walmart-amazonr_12092,0,0
dn7-walmart-amazonl_415#dn7-walmart-amazonr_16642,0,0
dn7-walmart-amazonl_217#dn7-walmart-amazonr_227,0,0
dn7-walmart-amazonl_1300#dn7-walmart-amazonr_7620,0,0
dn7-walmart-amazonl_423#dn7-walmart-amazonr_21596,0,0
dn7-walmart-amazonl_2465#dn7-walmart-amazonr_21734,0,0
dn7-walmart-amazonl_1729#dn7-walmart-amazonr_879,0,0
dn7-walmart-amazonl_0#dn7-walmart-amazonr_15678,0,0
dn7-walmart-amazonl_1747#dn7-walmart-amazonr_15923,0,0
dn7-walmart-amazonl_1783#dn7-walmart-amazonr_6713,0,0
dn7-walmart-amazonl_855#dn7-walmart-amazonr_3157,0,0
dn7-walmart-amazonl_1764#dn7-walmart-amazonr_10875,0,0
dn7-walmart-amazonl_2107#dn7-walmart-amazonr_3309,0,0
dn7-walmart-amazonl_910#dn7-walmart-amazonr_20640,0,0
dn7-walmart-amazonl_2440#dn7-walmart-amazonr_13380,0,0
dn7-walmart-amazonl_826#dn7-walmart-amazonr_9927,0,0
dn7-walmart-amazonl_995#dn7-walmart-amazonr_4740,0,0
dn7-walmart-amazonl_492#dn7-walmart-amazonr_12502,0,0
dn7-walmart-amazonl_160#dn7-walmart-amazonr_5836,0,0
dn7-walmart-amazonl_1092#dn7-walmart-amazonr_9841,0,0
dn7-walmart-amazonl_450#dn7-walmart-amazonr_7993,0,0
dn7-walmart-amazonl_1179#dn7-walmart-amazonr_17549,0,0
dn7-walmart-amazonl_134#dn7-walmart-amazonr_7089,0,0
dn7-walmart-amazonl_2162#dn7-walmart-amazonr_1832,0,0
dn7-walmart-amazonl_1439#dn7-walmart-amazonr_21405,0,0
dn7-walmart-amazonl_103#dn7-walmart-amazonr_10159,0,0
dn7-walmart-amazonl_499#dn7-walmart-amazonr_4076,0,0
dn7-walmart-amazonl_2468#dn7-walmart-amazonr_18412,0,0
dn7-walmart-amazonl_1791#dn7-walmart-amazonr_17373,0,0
dn7-walmart-amazonl_1896#dn7-walmart-amazonr_4392,0,0
dn7-walmart-amazonl_1064#dn7-walmart-amazonr_15887,0,0
dn7-walmart-amazonl_2157#dn7-walmart-amazonr_9577,0,0
dn7-walmart-amazonl_2182#dn7-walmart-amazonr_9456,0,0
dn7-walmart-amazonl_413#dn7-walmart-amazonr_8134,0,0
dn7-walmart-amazonl_407#dn7-walmart-amazonr_16180,0,0
dn7-walmart-amazonl_1412#dn7-walmart-amazonr_18788,0,0
dn7-walmart-amazonl_2156#dn7-walmart-amazonr_660,0,0
dn7-walmart-amazonl_238#dn7-walmart-amazonr_4452,0,0
dn7-walmart-amazonl_282#dn7-walmart-amazonr_15688,0,0
dn7-walmart-amazonl_713#dn7-walmart-amazonr_17551,0,0
dn7-walmart-amazonl_367#dn7-walmart-amazonr_906,0,0
dn7-walmart-amazonl_281#dn7-walmart-amazonr_1871,0,0
dn7-walmart-amazonl_1839#dn7-walmart-amazonr_13036,0,0
dn7-walmart-amazonl_2070#dn7-walmart-amazonr_2586,0,0
dn7-walmart-amazonl_850#dn7-walmart-amazonr_10051,0,0
dn7-walmart-amazonl_1366#dn7-walmart-amazonr_14124,0,0
dn7-walmart-amazonl_1491#dn7-walmart-amazonr_2825,0,0
dn7-walmart-amazonl_1240#dn7-walmart-amazonr_3711,0,0
dn7-walmart-amazonl_995#dn7-walmart-amazonr_755,0,0
dn7-walmart-amazonl_1692#dn7-walmart-amazonr_5257,0,0
dn7-walmart-amazonl_1564#dn7-walmart-amazonr_10891,0,0
dn7-walmart-amazonl_121#dn7-walmart-amazonr_20283,0,0
dn7-walmart-amazonl_33#dn7-walmart-amazonr_2802,0,0
dn7-walmart-amazonl_947#dn7-walmart-amazonr_12096,0,0
dn7-walmart-amazonl_2260#dn7-walmart-amazonr_5737,0,0
dn7-walmart-amazonl_2133#dn7-walmart-amazonr_6384,0,0
dn7-walmart-amazonl_705#dn7-walmart-amazonr_16536,0,0
dn7-walmart-amazonl_1842#dn7-walmart-amazonr_11858,0,0
dn7-walmart-amazonl_1453#dn7-walmart-amazonr_15000,0,0
dn7-walmart-amazonl_1765#dn7-walmart-amazonr_14205,0,0
dn7-walmart-amazonl_1803#dn7-walmart-amazonr_19417,0,0
dn7-walmart-amazonl_1550#dn7-walmart-amazonr_19833,0,0
dn7-walmart-amazonl_267#dn7-walmart-amazonr_16259,0,0
dn7-walmart-amazonl_2423#dn7-walmart-amazonr_9895,0,0
dn7-walmart-amazonl_1719#dn7-walmart-amazonr_15200,0,0
dn7-walmart-amazonl_1103#dn7-walmart-amazonr_19569,0,0
dn7-walmart-amazonl_2009#dn7-walmart-amazonr_3196,0,0
dn7-walmart-amazonl_2445#dn7-walmart-amazonr_13067,0,0
dn7-walmart-amazonl_543#dn7-walmart-amazonr_20556,0,0
dn7-walmart-amazonl_2066#dn7-walmart-amazonr_12907,0,0
dn7-walmart-amazonl_2213#dn7-walmart-amazonr_21798,1,1
dn7-walmart-amazonl_1014#dn7-walmart-amazonr_13064,0,0
dn7-walmart-amazonl_2418#dn7-walmart-amazonr_6400,0,0
dn7-walmart-amazonl_1066#dn7-walmart-amazonr_8682,0,0
dn7-walmart-amazonl_2479#dn7-walmart-amazonr_4646,0,0
dn7-walmart-amazonl_16#dn7-walmart-amazonr_15181,0,0
dn7-walmart-amazonl_2130#dn7-walmart-amazonr_15842,0,0
dn7-walmart-amazonl_2545#dn7-walmart-amazonr_20924,0,0
dn7-walmart-amazonl_1898#dn7-walmart-amazonr_5417,0,0
dn7-walmart-amazonl_1594#dn7-walmart-amazonr_12468,0,0
dn7-walmart-amazonl_226#dn7-walmart-amazonr_17736,0,0
dn7-walmart-amazonl_1388#dn7-walmart-amazonr_3049,0,0
dn7-walmart-amazonl_593#dn7-walmart-amazonr_10180,0,0
dn7-walmart-amazonl_494#dn7-walmart-amazonr_12034,0,0
dn7-walmart-amazonl_668#dn7-walmart-amazonr_8498,0,0
dn7-walmart-amazonl_2209#dn7-walmart-amazonr_16488,0,0
dn7-walmart-amazonl_2130#dn7-walmart-amazonr_9663,0,0
dn7-walmart-amazonl_494#dn7-walmart-amazonr_2458,0,0
dn7-walmart-amazonl_1117#dn7-walmart-amazonr_17553,0,0
dn7-walmart-amazonl_1803#dn7-walmart-amazonr_6081,0,0
dn7-walmart-amazonl_1289#dn7-walmart-amazonr_17260,0,0
dn7-walmart-amazonl_945#dn7-walmart-amazonr_14259,0,0
dn7-walmart-amazonl_1810#dn7-walmart-amazonr_20112,0,0
dn7-walmart-amazonl_15#dn7-walmart-amazonr_17809,0,0
dn7-walmart-amazonl_2445#dn7-walmart-amazonr_8102,0,0
dn7-walmart-amazonl_444#dn7-walmart-amazonr_18601,0,0
dn7-walmart-amazonl_1951#dn7-walmart-amazonr_21576,0,0
dn7-walmart-amazonl_2095#dn7-walmart-amazonr_18577,0,0
dn7-walmart-amazonl_2040#dn7-walmart-amazonr_7474,0,0
dn7-walmart-amazonl_1419#dn7-walmart-amazonr_18989,0,0
dn7-walmart-amazonl_645#dn7-walmart-amazonr_8799,0,0
dn7-walmart-amazonl_1777#dn7-walmart-amazonr_3695,0,0
dn7-walmart-amazonl_1880#dn7-walmart-amazonr_12364,0,0
dn7-walmart-amazonl_307#dn7-walmart-amazonr_19205,0,0
dn7-walmart-amazonl_2527#dn7-walmart-amazonr_9308,0,0
dn7-walmart-amazonl_2306#dn7-walmart-amazonr_7151,0,0
dn7-walmart-amazonl_386#dn7-walmart-amazonr_12685,0,0
dn7-walmart-amazonl_2151#dn7-walmart-amazonr_7697,0,0
dn7-walmart-amazonl_2245#dn7-walmart-amazonr_3566,1,1
dn7-walmart-amazonl_2393#dn7-walmart-amazonr_7822,0,0
dn7-walmart-amazonl_381#dn7-walmart-amazonr_17242,0,0
dn7-walmart-amazonl_136#dn7-walmart-amazonr_19785,0,0
dn7-walmart-amazonl_671#dn7-walmart-amazonr_16444,0,0
dn7-walmart-amazonl_1434#dn7-walmart-amazonr_5000,0,0
dn7-walmart-amazonl_1632#dn7-walmart-amazonr_12347,0,0
dn7-walmart-amazonl_632#dn7-walmart-amazonr_1158,0,0
dn7-walmart-amazonl_1399#dn7-walmart-amazonr_8380,0,0
dn7-walmart-amazonl_1707#dn7-walmart-amazonr_6962,0,0
dn7-walmart-amazonl_2449#dn7-walmart-amazonr_3470,0,0
dn7-walmart-amazonl_1067#dn7-walmart-amazonr_12799,0,0
dn7-walmart-amazonl_1042#dn7-walmart-amazonr_15810,0,0
dn7-walmart-amazonl_1550#dn7-walmart-amazonr_5302,0,0
dn7-walmart-amazonl_156#dn7-walmart-amazonr_2990,0,0
dn7-walmart-amazonl_1132#dn7-walmart-amazonr_19855,0,0
dn7-walmart-amazonl_426#dn7-walmart-amazonr_2999,0,0
dn7-walmart-amazonl_1838#dn7-walmart-amazonr_15056,0,0
dn7-walmart-amazonl_1828#dn7-walmart-amazonr_15774,0,0
dn7-walmart-amazonl_2539#dn7-walmart-amazonr_3074,0,0
dn7-walmart-amazonl_936#dn7-walmart-amazonr_21450,0,0
dn7-walmart-amazonl_1369#dn7-walmart-amazonr_8819,0,0
dn7-walmart-amazonl_1339#dn7-walmart-amazonr_4308,0,0
dn7-walmart-amazonl_531#dn7-walmart-amazonr_729,0,0
dn7-walmart-amazonl_506#dn7-walmart-amazonr_12871,0,0
dn7-walmart-amazonl_329#dn7-walmart-amazonr_5248,0,0
dn7-walmart-amazonl_1315#dn7-walmart-amazonr_11785,0,0
dn7-walmart-amazonl_2118#dn7-walmart-amazonr_445,0,0
dn7-walmart-amazonl_1116#dn7-walmart-amazonr_14691,0,0
dn7-walmart-amazonl_32#dn7-walmart-amazonr_7969,0,0
dn7-walmart-amazonl_2068#dn7-walmart-amazonr_8791,0,0
dn7-walmart-amazonl_59#dn7-walmart-amazonr_2650,0,0
dn7-walmart-amazonl_43#dn7-walmart-amazonr_8689,0,0
dn7-walmart-amazonl_1461#dn7-walmart-amazonr_19139,0,0
dn7-walmart-amazonl_1264#dn7-walmart-amazonr_6737,0,0
dn7-walmart-amazonl_944#dn7-walmart-amazonr_10251,0,0
dn7-walmart-amazonl_832#dn7-walmart-amazonr_2673,0,0
dn7-walmart-amazonl_1147#dn7-walmart-amazonr_7310,0,0
dn7-walmart-amazonl_1171#dn7-walmart-amazonr_16976,0,0
dn7-walmart-amazonl_2412#dn7-walmart-amazonr_10762,0,0
dn7-walmart-amazonl_1505#dn7-walmart-amazonr_9436,0,0
dn7-walmart-amazonl_1375#dn7-walmart-amazonr_15640,0,0
dn7-walmart-amazonl_1671#dn7-walmart-amazonr_15424,0,0
dn7-walmart-amazonl_662#dn7-walmart-amazonr_17259,0,0
dn7-walmart-amazonl_2191#dn7-walmart-amazonr_15247,0,0
dn7-walmart-amazonl_270#dn7-walmart-amazonr_12413,0,0
dn7-walmart-amazonl_1707#dn7-walmart-amazonr_14160,0,0
dn7-walmart-amazonl_1530#dn7-walmart-amazonr_11245,0,0
dn7-walmart-amazonl_1266#dn7-walmart-amazonr_10180,0,0
dn7-walmart-amazonl_905#dn7-walmart-amazonr_3414,0,0
dn7-walmart-amazonl_1780#dn7-walmart-amazonr_8134,0,0
dn7-walmart-amazonl_954#dn7-walmart-amazonr_2429,0,0
dn7-walmart-amazonl_2111#dn7-walmart-amazonr_704,0,0
dn7-walmart-amazonl_463#dn7-walmart-amazonr_15180,0,0
dn7-walmart-amazonl_1508#dn7-walmart-amazonr_8617,0,0
dn7-walmart-amazonl_1969#dn7-walmart-amazonr_19899,0,0
dn7-walmart-amazonl_1867#dn7-walmart-amazonr_19401,0,0
dn7-walmart-amazonl_290#dn7-walmart-amazonr_15481,0,0
dn7-walmart-amazonl_2264#dn7-walmart-amazonr_636,0,0
dn7-walmart-amazonl_491#dn7-walmart-amazonr_1315,0,0
dn7-walmart-amazonl_163#dn7-walmart-amazonr_3115,0,0
dn7-walmart-amazonl_1670#dn7-walmart-amazonr_1535,0,0
dn7-walmart-amazonl_2156#dn7-walmart-amazonr_6584,0,0
dn7-walmart-amazonl_489#dn7-walmart-amazonr_6749,0,0
dn7-walmart-amazonl_1074#dn7-walmart-amazonr_10984,0,0
dn7-walmart-amazonl_1678#dn7-walmart-amazonr_4403,0,0
dn7-walmart-amazonl_1406#dn7-walmart-amazonr_7375,0,0
dn7-walmart-amazonl_714#dn7-walmart-amazonr_21086,0,0
dn7-walmart-amazonl_1715#dn7-walmart-amazonr_21768,0,0
dn7-walmart-amazonl_640#dn7-walmart-amazonr_10358,0,0
dn7-walmart-amazonl_1809#dn7-walmart-amazonr_9663,0,0
dn7-walmart-amazonl_346#dn7-walmart-amazonr_15927,0,0
dn7-walmart-amazonl_2038#dn7-walmart-amazonr_2933,0,0
dn7-walmart-amazonl_162#dn7-walmart-amazonr_17332,0,0
dn7-walmart-amazonl_517#dn7-walmart-amazonr_15376,0,0
dn7-walmart-amazonl_605#dn7-walmart-amazonr_15667,0,0
dn7-walmart-amazonl_440#dn7-walmart-amazonr_20106,0,0
dn7-walmart-amazonl_1325#dn7-walmart-amazonr_8563,0,0
dn7-walmart-amazonl_1220#dn7-walmart-amazonr_3689,0,0
dn7-walmart-amazonl_1266#dn7-walmart-amazonr_14203,0,0
dn7-walmart-amazonl_2226#dn7-walmart-amazonr_2880,0,0
dn7-walmart-amazonl_292#dn7-walmart-amazonr_9986,0,0
dn7-walmart-amazonl_468#dn7-walmart-amazonr_9172,0,0
dn7-walmart-amazonl_576#dn7-walmart-amazonr_3885,0,0
dn7-walmart-amazonl_1513#dn7-walmart-amazonr_13540,0,0
dn7-walmart-amazonl_526#dn7-walmart-amazonr_2377,0,0
dn7-walmart-amazonl_499#dn7-walmart-amazonr_9435,0,0
dn7-walmart-amazonl_1182#dn7-walmart-amazonr_3736,0,0
dn7-walmart-amazonl_897#dn7-walmart-amazonr_7538,0,0
dn7-walmart-amazonl_636#dn7-walmart-amazonr_14627,0,0
dn7-walmart-amazonl_1472#dn7-walmart-amazonr_7048,0,0
dn7-walmart-amazonl_1167#dn7-walmart-amazonr_9046,0,0
dn7-walmart-amazonl_1838#dn7-walmart-amazonr_1344,0,0
dn7-walmart-amazonl_2361#dn7-walmart-amazonr_12900,0,0
dn7-walmart-amazonl_1190#dn7-walmart-amazonr_14645,0,0
dn7-walmart-amazonl_1579#dn7-walmart-amazonr_20615,0,0
dn7-walmart-amazonl_2483#dn7-walmart-amazonr_12710,0,0
dn7-walmart-amazonl_2155#dn7-walmart-amazonr_17864,0,1
dn7-walmart-amazonl_1204#dn7-walmart-amazonr_4319,0,0
dn7-walmart-amazonl_664#dn7-walmart-amazonr_2427,0,0
dn7-walmart-amazonl_2381#dn7-walmart-amazonr_19596,0,0
dn7-walmart-amazonl_371#dn7-walmart-amazonr_20697,0,0
dn7-walmart-amazonl_251#dn7-walmart-amazonr_14139,0,0
dn7-walmart-amazonl_1543#dn7-walmart-amazonr_5339,0,0
dn7-walmart-amazonl_1034#dn7-walmart-amazonr_14841,0,0
dn7-walmart-amazonl_1997#dn7-walmart-amazonr_6408,0,0
dn7-walmart-amazonl_1707#dn7-walmart-amazonr_6408,0,0
dn7-walmart-amazonl_1505#dn7-walmart-amazonr_5319,0,0
dn7-walmart-amazonl_1659#dn7-walmart-amazonr_7898,0,0
dn7-walmart-amazonl_2453#dn7-walmart-amazonr_14253,0,0
dn7-walmart-amazonl_1435#dn7-walmart-amazonr_14595,0,0
dn7-walmart-amazonl_677#dn7-walmart-amazonr_20445,0,0
dn7-walmart-amazonl_1601#dn7-walmart-amazonr_20217,0,0
dn7-walmart-amazonl_1003#dn7-walmart-amazonr_14077,0,0
dn7-walmart-amazonl_1754#dn7-walmart-amazonr_11404,0,0
dn7-walmart-amazonl_9#dn7-walmart-amazonr_10424,0,0
dn7-walmart-amazonl_980#dn7-walmart-amazonr_21759,0,0
dn7-walmart-amazonl_2453#dn7-walmart-amazonr_16297,0,0
dn7-walmart-amazonl_658#dn7-walmart-amazonr_1023,0,0
dn7-walmart-amazonl_752#dn7-walmart-amazonr_10180,0,0
dn7-walmart-amazonl_823#dn7-walmart-amazonr_15969,0,0
dn7-walmart-amazonl_49#dn7-walmart-amazonr_6643,0,0
dn7-walmart-amazonl_247#dn7-walmart-amazonr_4086,0,0
dn7-walmart-amazonl_1061#dn7-walmart-amazonr_123,0,0
dn7-walmart-amazonl_1129#dn7-walmart-amazonr_12648,0,0
dn7-walmart-amazonl_196#dn7-walmart-amazonr_562,0,0
dn7-walmart-amazonl_233#dn7-walmart-amazonr_10,0,0
dn7-walmart-amazonl_2520#dn7-walmart-amazonr_9419,0,0
dn7-walmart-amazonl_1236#dn7-walmart-amazonr_7614,0,0
dn7-walmart-amazonl_1339#dn7-walmart-amazonr_6302,0,0
dn7-walmart-amazonl_1646#dn7-walmart-amazonr_4989,0,0
dn7-walmart-amazonl_299#dn7-walmart-amazonr_4642,0,0
dn7-walmart-amazonl_379#dn7-walmart-amazonr_18642,0,0
dn7-walmart-amazonl_168#dn7-walmart-amazonr_8372,0,0
dn7-walmart-amazonl_1401#dn7-walmart-amazonr_18936,0,0
dn7-walmart-amazonl_1234#dn7-walmart-amazonr_12933,0,0
dn7-walmart-amazonl_704#dn7-walmart-amazonr_15010,0,0
dn7-walmart-amazonl_702#dn7-walmart-amazonr_14949,0,0
dn7-walmart-amazonl_300#dn7-walmart-amazonr_17383,0,0
dn7-walmart-amazonl_1261#dn7-walmart-amazonr_6211,0,0
dn7-walmart-amazonl_832#dn7-walmart-amazonr_11297,0,0
dn7-walmart-amazonl_540#dn7-walmart-amazonr_4977,0,0
dn7-walmart-amazonl_504#dn7-walmart-amazonr_13462,0,0
dn7-walmart-amazonl_2117#dn7-walmart-amazonr_13581,0,0
dn7-walmart-amazonl_1947#dn7-walmart-amazonr_15575,0,0
dn7-walmart-amazonl_528#dn7-walmart-amazonr_76,0,1
dn7-walmart-amazonl_604#dn7-walmart-amazonr_6263,0,0
dn7-walmart-amazonl_1296#dn7-walmart-amazonr_21693,0,0
dn7-walmart-amazonl_1591#dn7-walmart-amazonr_9181,0,0
dn7-walmart-amazonl_1267#dn7-walmart-amazonr_2261,0,0
dn7-walmart-amazonl_1390#dn7-walmart-amazonr_11576,0,0
dn7-walmart-amazonl_765#dn7-walmart-amazonr_15415,1,1
dn7-walmart-amazonl_2047#dn7-walmart-amazonr_891,0,0
dn7-walmart-amazonl_2001#dn7-walmart-amazonr_4436,0,0
dn7-walmart-amazonl_1275#dn7-walmart-amazonr_30,0,0
dn7-walmart-amazonl_3#dn7-walmart-amazonr_4377,0,0
dn7-walmart-amazonl_864#dn7-walmart-amazonr_7859,0,0
dn7-walmart-amazonl_1779#dn7-walmart-amazonr_7169,0,0
dn7-walmart-amazonl_2488#dn7-walmart-amazonr_21748,0,0
dn7-walmart-amazonl_27#dn7-walmart-amazonr_2198,0,0
dn7-walmart-amazonl_524#dn7-walmart-amazonr_4380,0,0
dn7-walmart-amazonl_1912#dn7-walmart-amazonr_3946,0,0
dn7-walmart-amazonl_1977#dn7-walmart-amazonr_13089,0,0
dn7-walmart-amazonl_995#dn7-walmart-amazonr_18649,0,0
dn7-walmart-amazonl_1698#dn7-walmart-amazonr_17350,0,0
dn7-walmart-amazonl_734#dn7-walmart-amazonr_13976,0,0
dn7-walmart-amazonl_1297#dn7-walmart-amazonr_15298,0,0
dn7-walmart-amazonl_1480#dn7-walmart-amazonr_14247,0,0
dn7-walmart-amazonl_95#dn7-walmart-amazonr_2802,0,0
dn7-walmart-amazonl_418#dn7-walmart-amazonr_5942,0,0
dn7-walmart-amazonl_1746#dn7-walmart-amazonr_18194,0,0
dn7-walmart-amazonl_2460#dn7-walmart-amazonr_19746,0,0
dn7-walmart-amazonl_2118#dn7-walmart-amazonr_19220,0,0
dn7-walmart-amazonl_1566#dn7-walmart-amazonr_16049,0,0
dn7-walmart-amazonl_1639#dn7-walmart-amazonr_18461,0,0
dn7-walmart-amazonl_669#dn7-walmart-amazonr_4415,0,0
dn7-walmart-amazonl_1276#dn7-walmart-amazonr_13620,0,0
dn7-walmart-amazonl_2193#dn7-walmart-amazonr_5459,0,0
dn7-walmart-amazonl_787#dn7-walmart-amazonr_18161,0,0
dn7-walmart-amazonl_579#dn7-walmart-amazonr_21035,0,0
dn7-walmart-amazonl_2333#dn7-walmart-amazonr_12533,0,0
dn7-walmart-amazonl_491#dn7-walmart-amazonr_9744,0,0
dn7-walmart-amazonl_2419#dn7-walmart-amazonr_20586,0,0
dn7-walmart-amazonl_2201#dn7-walmart-amazonr_9724,0,0
dn7-walmart-amazonl_748#dn7-walmart-amazonr_18761,0,0
dn7-walmart-amazonl_1407#dn7-walmart-amazonr_21856,0,0
dn7-walmart-amazonl_459#dn7-walmart-amazonr_12607,0,0
dn7-walmart-amazonl_754#dn7-walmart-amazonr_2733,0,0
dn7-walmart-amazonl_685#dn7-walmart-amazonr_5267,0,0
dn7-walmart-amazonl_671#dn7-walmart-amazonr_9825,0,0
dn7-walmart-amazonl_4#dn7-walmart-amazonr_1469,0,0
dn7-walmart-amazonl_952#dn7-walmart-amazonr_14784,0,0
dn7-walmart-amazonl_2307#dn7-walmart-amazonr_3872,0,0
dn7-walmart-amazonl_2420#dn7-walmart-amazonr_5801,0,0
dn7-walmart-amazonl_2345#dn7-walmart-amazonr_15062,0,0
dn7-walmart-amazonl_2090#dn7-walmart-amazonr_3292,0,0
dn7-walmart-amazonl_2074#dn7-walmart-amazonr_18119,0,0
dn7-walmart-amazonl_874#dn7-walmart-amazonr_18631,0,0
dn7-walmart-amazonl_169#dn7-walmart-amazonr_9889,0,0
dn7-walmart-amazonl_562#dn7-walmart-amazonr_14882,0,0
dn7-walmart-amazonl_1377#dn7-walmart-amazonr_2973,0,0
dn7-walmart-amazonl_1318#dn7-walmart-amazonr_21879,0,0
dn7-walmart-amazonl_1470#dn7-walmart-amazonr_20008,0,0
dn7-walmart-amazonl_306#dn7-walmart-amazonr_4173,0,0
dn7-walmart-amazonl_285#dn7-walmart-amazonr_12790,0,0
dn7-walmart-amazonl_222#dn7-walmart-amazonr_1354,0,1
dn7-walmart-amazonl_237#dn7-walmart-amazonr_20166,0,0
dn7-walmart-amazonl_1201#dn7-walmart-amazonr_3391,0,0
dn7-walmart-amazonl_2254#dn7-walmart-amazonr_9215,0,0
dn7-walmart-amazonl_1047#dn7-walmart-amazonr_1770,0,0
dn7-walmart-amazonl_1611#dn7-walmart-amazonr_12696,0,0
dn7-walmart-amazonl_238#dn7-walmart-amazonr_20147,0,0
dn7-walmart-amazonl_845#dn7-walmart-amazonr_19435,0,0
dn7-walmart-amazonl_1356#dn7-walmart-amazonr_11268,0,0
dn7-walmart-amazonl_2172#dn7-walmart-amazonr_19011,0,0
dn7-walmart-amazonl_2409#dn7-walmart-amazonr_11714,1,1
dn7-walmart-amazonl_1474#dn7-walmart-amazonr_6251,0,0
dn7-walmart-amazonl_931#dn7-walmart-amazonr_12295,0,0
dn7-walmart-amazonl_2377#dn7-walmart-amazonr_15056,0,0
dn7-walmart-amazonl_1556#dn7-walmart-amazonr_18014,0,0
dn7-walmart-amazonl_257#dn7-walmart-amazonr_9990,0,0
dn7-walmart-amazonl_11#dn7-walmart-amazonr_14115,0,0
dn7-walmart-amazonl_1279#dn7-walmart-amazonr_3621,0,0
dn7-walmart-amazonl_113#dn7-walmart-amazonr_10489,0,0
dn7-walmart-amazonl_2059#dn7-walmart-amazonr_5730,0,0
dn7-walmart-amazonl_79#dn7-walmart-amazonr_2340,0,0
dn7-walmart-amazonl_626#dn7-walmart-amazonr_5052,0,0
dn7-walmart-amazonl_248#dn7-walmart-amazonr_15592,0,0
dn7-walmart-amazonl_1263#dn7-walmart-amazonr_5257,0,0
dn7-walmart-amazonl_53#dn7-walmart-amazonr_9956,0,0
dn7-walmart-amazonl_1224#dn7-walmart-amazonr_4044,0,0
dn7-walmart-amazonl_1523#dn7-walmart-amazonr_10256,0,0
dn7-walmart-amazonl_452#dn7-walmart-amazonr_16645,1,1
dn7-walmart-amazonl_634#dn7-walmart-amazonr_63,0,0
dn7-walmart-amazonl_941#dn7-walmart-amazonr_2804,0,0
dn7-walmart-amazonl_542#dn7-walmart-amazonr_7138,0,0
dn7-walmart-amazonl_546#dn7-walmart-amazonr_6668,0,0
dn7-walmart-amazonl_1269#dn7-walmart-amazonr_20986,0,0
dn7-walmart-amazonl_2486#dn7-walmart-amazonr_15924,0,0
dn7-walmart-amazonl_650#dn7-walmart-amazonr_8500,0,0
dn7-walmart-amazonl_1930#dn7-walmart-amazonr_7400,0,0
dn7-walmart-amazonl_471#dn7-walmart-amazonr_19601,0,0
dn7-walmart-amazonl_2297#dn7-walmart-amazonr_10869,1,1
dn7-walmart-amazonl_1400#dn7-walmart-amazonr_14943,0,1
dn7-walmart-amazonl_1966#dn7-walmart-amazonr_6578,0,0
dn7-walmart-amazonl_2233#dn7-walmart-amazonr_21507,0,0
dn7-walmart-amazonl_466#dn7-walmart-amazonr_4723,0,0
dn7-walmart-amazonl_2389#dn7-walmart-amazonr_12909,0,0
dn7-walmart-amazonl_737#dn7-walmart-amazonr_8810,0,0
dn7-walmart-amazonl_2193#dn7-walmart-amazonr_15412,0,0
dn7-walmart-amazonl_2041#dn7-walmart-amazonr_11382,0,0
dn7-walmart-amazonl_1469#dn7-walmart-amazonr_4571,0,0
dn7-walmart-amazonl_685#dn7-walmart-amazonr_10110,0,0
dn7-walmart-amazonl_1035#dn7-walmart-amazonr_12872,0,0
dn7-walmart-amazonl_770#dn7-walmart-amazonr_8451,0,0
dn7-walmart-amazonl_415#dn7-walmart-amazonr_4461,0,0
dn7-walmart-amazonl_145#dn7-walmart-amazonr_4655,0,0
dn7-walmart-amazonl_1231#dn7-walmart-amazonr_7288,0,0
dn7-walmart-amazonl_2398#dn7-walmart-amazonr_19298,0,0
dn7-walmart-amazonl_1658#dn7-walmart-amazonr_2637,0,0
dn7-walmart-amazonl_1879#dn7-walmart-amazonr_9987,0,0
dn7-walmart-amazonl_1094#dn7-walmart-amazonr_21229,0,0
dn7-walmart-amazonl_1494#dn7-walmart-amazonr_2973,0,0
dn7-walmart-amazonl_1458#dn7-walmart-amazonr_3929,0,0
dn7-walmart-amazonl_1298#dn7-walmart-amazonr_8455,1,1
dn7-walmart-amazonl_553#dn7-walmart-amazonr_12572,0,0
dn7-walmart-amazonl_79#dn7-walmart-amazonr_17549,0,0
dn7-walmart-amazonl_406#dn7-walmart-amazonr_236,0,0
dn7-walmart-amazonl_265#dn7-walmart-amazonr_5438,0,0
dn7-walmart-amazonl_408#dn7-walmart-amazonr_21181,0,0
dn7-walmart-amazonl_2283#dn7-walmart-amazonr_2700,0,0
dn7-walmart-amazonl_738#dn7-walmart-amazonr_19082,0,0
dn7-walmart-amazonl_921#dn7-walmart-amazonr_20909,0,0
dn7-walmart-amazonl_882#dn7-walmart-amazonr_1087,0,0
dn7-walmart-amazonl_2090#dn7-walmart-amazonr_11518,0,0
dn7-walmart-amazonl_1823#dn7-walmart-amazonr_16561,0,0
dn7-walmart-amazonl_151#dn7-walmart-amazonr_14665,0,0
dn7-walmart-amazonl_205#dn7-walmart-amazonr_3719,0,0
dn7-walmart-amazonl_2013#dn7-walmart-amazonr_666,0,0
dn7-walmart-amazonl_1408#dn7-walmart-amazonr_9521,0,0
dn7-walmart-amazonl_2157#dn7-walmart-amazonr_3557,0,0
dn7-walmart-amazonl_1674#dn7-walmart-amazonr_16403,0,0
dn7-walmart-amazonl_1988#dn7-walmart-amazonr_16992,0,0
dn7-walmart-amazonl_537#dn7-walmart-amazonr_2801,0,0
dn7-walmart-amazonl_409#dn7-walmart-amazonr_1272,0,0
dn7-walmart-amazonl_516#dn7-walmart-amazonr_13609,0,0
dn7-walmart-amazonl_1731#dn7-walmart-amazonr_1576,0,0
dn7-walmart-amazonl_14#dn7-walmart-amazonr_11075,0,0
dn7-walmart-amazonl_2268#dn7-walmart-amazonr_3609,0,0
dn7-walmart-amazonl_645#dn7-walmart-amazonr_10759,0,0
dn7-walmart-amazonl_1194#dn7-walmart-amazonr_2518,0,0
dn7-walmart-amazonl_1264#dn7-walmart-amazonr_8585,0,0
dn7-walmart-amazonl_1185#dn7-walmart-amazonr_3115,0,0
dn7-walmart-amazonl_849#dn7-walmart-amazonr_16739,0,0
dn7-walmart-amazonl_2359#dn7-walmart-amazonr_2064,0,0
dn7-walmart-amazonl_1256#dn7-walmart-amazonr_6605,0,0
dn7-walmart-amazonl_1819#dn7-walmart-amazonr_4274,0,0
dn7-walmart-amazonl_123#dn7-walmart-amazonr_20998,0,0
dn7-walmart-amazonl_803#dn7-walmart-amazonr_176,0,0
dn7-walmart-amazonl_1731#dn7-walmart-amazonr_7216,0,0
dn7-walmart-amazonl_1439#dn7-walmart-amazonr_3879,0,0
dn7-walmart-amazonl_1009#dn7-walmart-amazonr_11038,0,0
dn7-walmart-amazonl_1693#dn7-walmart-amazonr_17136,0,0
dn7-walmart-amazonl_674#dn7-walmart-amazonr_488,0,0
dn7-walmart-amazonl_1151#dn7-walmart-amazonr_16814,0,0
dn7-walmart-amazonl_121#dn7-walmart-amazonr_3473,0,0
dn7-walmart-amazonl_1534#dn7-walmart-amazonr_19937,0,0
dn7-walmart-amazonl_228#dn7-walmart-amazonr_14762,0,0
dn7-walmart-amazonl_767#dn7-walmart-amazonr_8294,0,0
dn7-walmart-amazonl_479#dn7-walmart-amazonr_10523,0,0
dn7-walmart-amazonl_529#dn7-walmart-amazonr_18788,0,0
dn7-walmart-amazonl_2081#dn7-walmart-amazonr_12437,0,0
dn7-walmart-amazonl_96#dn7-walmart-amazonr_2152,0,0
dn7-walmart-amazonl_1850#dn7-walmart-amazonr_8319,0,0
dn7-walmart-amazonl_2167#dn7-walmart-amazonr_3036,0,0
dn7-walmart-amazonl_1761#dn7-walmart-amazonr_10602,0,0
dn7-walmart-amazonl_6#dn7-walmart-amazonr_9015,1,1
dn7-walmart-amazonl_2513#dn7-walmart-amazonr_10713,0,0
dn7-walmart-amazonl_137#dn7-walmart-amazonr_3796,0,0
dn7-walmart-amazonl_2413#dn7-walmart-amazonr_11321,0,0
dn7-walmart-amazonl_1429#dn7-walmart-amazonr_8682,0,0
dn7-walmart-amazonl_131#dn7-walmart-amazonr_19919,0,0
dn7-walmart-amazonl_2276#dn7-walmart-amazonr_11326,0,0
dn7-walmart-amazonl_386#dn7-walmart-amazonr_7326,0,0
dn7-walmart-amazonl_100#dn7-walmart-amazonr_9484,0,0
dn7-walmart-amazonl_491#dn7-walmart-amazonr_6838,0,0
dn7-walmart-amazonl_2298#dn7-walmart-amazonr_14964,0,0
dn7-walmart-amazonl_977#dn7-walmart-amazonr_6287,0,0
dn7-walmart-amazonl_2402#dn7-walmart-amazonr_18096,0,0
dn7-walmart-amazonl_790#dn7-walmart-amazonr_3975,0,0
dn7-walmart-amazonl_450#dn7-walmart-amazonr_16180,0,0
dn7-walmart-amazonl_1281#dn7-walmart-amazonr_11537,0,0
dn7-walmart-amazonl_96#dn7-walmart-amazonr_5153,0,0
dn7-walmart-amazonl_1909#dn7-walmart-amazonr_20515,0,0
dn7-walmart-amazonl_2055#dn7-walmart-amazonr_6378,0,0
dn7-walmart-amazonl_2177#dn7-walmart-amazonr_10976,0,0
dn7-walmart-amazonl_2484#dn7-walmart-amazonr_1438,0,0
dn7-walmart-amazonl_1568#dn7-walmart-amazonr_2152,0,0
dn7-walmart-amazonl_1056#dn7-walmart-amazonr_18905,0,0
dn7-walmart-amazonl_2105#dn7-walmart-amazonr_19276,0,0
dn7-walmart-amazonl_1093#dn7-walmart-amazonr_16869,0,1
dn7-walmart-amazonl_1163#dn7-walmart-amazonr_8897,0,0
dn7-walmart-amazonl_2072#dn7-walmart-amazonr_7712,0,0
dn7-walmart-amazonl_1874#dn7-walmart-amazonr_1066,0,0
dn7-walmart-amazonl_270#dn7-walmart-amazonr_14253,0,0
dn7-walmart-amazonl_1056#dn7-walmart-amazonr_20130,0,0
dn7-walmart-amazonl_512#dn7-walmart-amazonr_1342,0,0
dn7-walmart-amazonl_968#dn7-walmart-amazonr_7291,0,0
dn7-walmart-amazonl_1294#dn7-walmart-amazonr_10793,0,0
dn7-walmart-amazonl_1071#dn7-walmart-amazonr_11757,0,0
dn7-walmart-amazonl_2476#dn7-walmart-amazonr_10925,0,0
dn7-walmart-amazonl_1676#dn7-walmart-amazonr_18580,0,0
dn7-walmart-amazonl_405#dn7-walmart-amazonr_2586,0,0
dn7-walmart-amazonl_36#dn7-walmart-amazonr_12958,0,0
dn7-walmart-amazonl_569#dn7-walmart-amazonr_1023,0,0
dn7-walmart-amazonl_345#dn7-walmart-amazonr_10356,0,0
dn7-walmart-amazonl_461#dn7-walmart-amazonr_16858,0,0
dn7-walmart-amazonl_545#dn7-walmart-amazonr_14866,0,0
dn7-walmart-amazonl_2292#dn7-walmart-amazonr_9529,0,0
dn7-walmart-amazonl_1974#dn7-walmart-amazonr_10337,0,0
dn7-walmart-amazonl_2050#dn7-walmart-amazonr_19090,0,0
dn7-walmart-amazonl_2415#dn7-walmart-amazonr_5094,0,0
dn7-walmart-amazonl_1081#dn7-walmart-amazonr_11084,0,0
dn7-walmart-amazonl_1238#dn7-walmart-amazonr_3567,0,0
dn7-walmart-amazonl_2354#dn7-walmart-amazonr_21575,0,0
dn7-walmart-amazonl_968#dn7-walmart-amazonr_20195,0,0
dn7-walmart-amazonl_1051#dn7-walmart-amazonr_4463,0,0
dn7-walmart-amazonl_750#dn7-walmart-amazonr_10530,1,1
dn7-walmart-amazonl_1254#dn7-walmart-amazonr_17399,0,0
dn7-walmart-amazonl_581#dn7-walmart-amazonr_15120,0,0
dn7-walmart-amazonl_1880#dn7-walmart-amazonr_5846,0,0
dn7-walmart-amazonl_1269#dn7-walmart-amazonr_15625,0,0
dn7-walmart-amazonl_2153#dn7-walmart-amazonr_11292,0,0
dn7-walmart-amazonl_77#dn7-walmart-amazonr_11576,0,0
dn7-walmart-amazonl_59#dn7-walmart-amazonr_21086,0,0
dn7-walmart-amazonl_1730#dn7-walmart-amazonr_4670,0,0
dn7-walmart-amazonl_1313#dn7-walmart-amazonr_4774,0,0
dn7-walmart-amazonl_1118#dn7-walmart-amazonr_11294,0,0
dn7-walmart-amazonl_2297#dn7-walmart-amazonr_16893,0,0
dn7-walmart-amazonl_2481#dn7-walmart-amazonr_5626,0,0
dn7-walmart-amazonl_1194#dn7-walmart-amazonr_3067,0,0
dn7-walmart-amazonl_210#dn7-walmart-amazonr_19909,0,0
dn7-walmart-amazonl_165#dn7-walmart-amazonr_6438,0,0
dn7-walmart-amazonl_2427#dn7-walmart-amazonr_15077,0,0
dn7-walmart-amazonl_1284#dn7-walmart-amazonr_21847,0,0
dn7-walmart-amazonl_1624#dn7-walmart-amazonr_4508,0,0
dn7-walmart-amazonl_278#dn7-walmart-amazonr_17186,0,0
dn7-walmart-amazonl_1193#dn7-walmart-amazonr_12364,0,0
dn7-walmart-amazonl_2216#dn7-walmart-amazonr_8810,0,0
dn7-walmart-amazonl_1218#dn7-walmart-amazonr_3323,0,0
dn7-walmart-amazonl_1305#dn7-walmart-amazonr_14882,0,0
dn7-walmart-amazonl_81#dn7-walmart-amazonr_15224,0,0
dn7-walmart-amazonl_2026#dn7-walmart-amazonr_1648,0,0
dn7-walmart-amazonl_594#dn7-walmart-amazonr_20843,1,1
dn7-walmart-amazonl_2546#dn7-walmart-amazonr_4723,0,0
dn7-walmart-amazonl_73#dn7-walmart-amazonr_15303,0,0
dn7-walmart-amazonl_544#dn7-walmart-amazonr_3702,0,0
dn7-walmart-amazonl_1341#dn7-walmart-amazonr_21791,0,0
dn7-walmart-amazonl_2213#dn7-walmart-amazonr_19436,0,0
dn7-walmart-amazonl_917#dn7-walmart-amazonr_15638,0,0
dn7-walmart-amazonl_1306#dn7-walmart-amazonr_890,0,0
dn7-walmart-amazonl_1039#dn7-walmart-amazonr_11641,0,0
dn7-walmart-amazonl_2415#dn7-walmart-amazonr_6785,0,0
dn7-walmart-amazonl_910#dn7-walmart-amazonr_7426,0,0
dn7-walmart-amazonl_2553#dn7-walmart-amazonr_710,0,0
dn7-walmart-amazonl_498#dn7-walmart-amazonr_5577,1,0
dn7-walmart-amazonl_460#dn7-walmart-amazonr_13140,0,0
dn7-walmart-amazonl_320#dn7-walmart-amazonr_12177,0,0
dn7-walmart-amazonl_635#dn7-walmart-amazonr_4715,0,0
dn7-walmart-amazonl_1563#dn7-walmart-amazonr_8017,0,0
dn7-walmart-amazonl_1191#dn7-walmart-amazonr_11994,0,0
dn7-walmart-amazonl_2256#dn7-walmart-amazonr_13081,0,0
dn7-walmart-amazonl_669#dn7-walmart-amazonr_10471,0,0
dn7-walmart-amazonl_707#dn7-walmart-amazonr_2386,0,0
dn7-walmart-amazonl_359#dn7-walmart-amazonr_17668,0,0
dn7-walmart-amazonl_1747#dn7-walmart-amazonr_20034,0,0
dn7-walmart-amazonl_323#dn7-walmart-amazonr_3224,0,0
dn7-walmart-amazonl_952#dn7-walmart-amazonr_498,0,0
dn7-walmart-amazonl_552#dn7-walmart-amazonr_14922,0,0
dn7-walmart-amazonl_1034#dn7-walmart-amazonr_10083,0,0
dn7-walmart-amazonl_969#dn7-walmart-amazonr_21637,0,0
dn7-walmart-amazonl_50#dn7-walmart-amazonr_21405,0,0
dn7-walmart-amazonl_0#dn7-walmart-amazonr_2989,0,0
dn7-walmart-amazonl_272#dn7-walmart-amazonr_8698,0,0
dn7-walmart-amazonl_349#dn7-walmart-amazonr_4880,0,0
dn7-walmart-amazonl_2212#dn7-walmart-amazonr_11513,0,0
dn7-walmart-amazonl_2371#dn7-walmart-amazonr_10924,0,0
dn7-walmart-amazonl_1614#dn7-walmart-amazonr_15783,0,0
dn7-walmart-amazonl_235#dn7-walmart-amazonr_17473,0,0
dn7-walmart-amazonl_273#dn7-walmart-amazonr_20369,0,0
dn7-walmart-amazonl_2192#dn7-walmart-amazonr_10944,0,0
dn7-walmart-amazonl_1578#dn7-walmart-amazonr_3324,0,0
dn7-walmart-amazonl_826#dn7-walmart-amazonr_12162,0,0
dn7-walmart-amazonl_2137#dn7-walmart-amazonr_17633,0,0
dn7-walmart-amazonl_1579#dn7-walmart-amazonr_20875,0,0
dn7-walmart-amazonl_420#dn7-walmart-amazonr_6922,0,0
dn7-walmart-amazonl_861#dn7-walmart-amazonr_19437,0,0
dn7-walmart-amazonl_2176#dn7-walmart-amazonr_6824,0,0
dn7-walmart-amazonl_1742#dn7-walmart-amazonr_10152,0,0
dn7-walmart-amazonl_956#dn7-walmart-amazonr_21938,0,0
dn7-walmart-amazonl_1082#dn7-walmart-amazonr_18915,0,0
dn7-walmart-amazonl_868#dn7-walmart-amazonr_8096,0,0
dn7-walmart-amazonl_1767#dn7-walmart-amazonr_7115,0,0
dn7-walmart-amazonl_1322#dn7-walmart-amazonr_18926,0,0
dn7-walmart-amazonl_2486#dn7-walmart-amazonr_10400,0,0
dn7-walmart-amazonl_2288#dn7-walmart-amazonr_15957,0,0
dn7-walmart-amazonl_1458#dn7-walmart-amazonr_9272,0,0
dn7-walmart-amazonl_50#dn7-walmart-amazonr_18448,0,0
dn7-walmart-amazonl_2091#dn7-walmart-amazonr_15006,0,0
dn7-walmart-amazonl_543#dn7-walmart-amazonr_11390,0,0
dn7-walmart-amazonl_1345#dn7-walmart-amazonr_4881,0,0
dn7-walmart-amazonl_1806#dn7-walmart-amazonr_16319,0,0
dn7-walmart-amazonl_2253#dn7-walmart-amazonr_1302,0,0
dn7-walmart-amazonl_2548#dn7-walmart-amazonr_19117,1,1
dn7-walmart-amazonl_18#dn7-walmart-amazonr_4881,0,0
dn7-walmart-amazonl_2108#dn7-walmart-amazonr_15871,0,0
dn7-walmart-amazonl_2351#dn7-walmart-amazonr_10110,0,0
dn7-walmart-amazonl_396#dn7-walmart-amazonr_15098,0,0
dn7-walmart-amazonl_2265#dn7-walmart-amazonr_21862,0,0
dn7-walmart-amazonl_723#dn7-walmart-amazonr_5636,0,0
dn7-walmart-amazonl_64#dn7-walmart-amazonr_18874,0,0
dn7-walmart-amazonl_1938#dn7-walmart-amazonr_14600,0,0
dn7-walmart-amazonl_412#dn7-walmart-amazonr_1595,0,0
dn7-walmart-amazonl_294#dn7-walmart-amazonr_896,0,0
dn7-walmart-amazonl_740#dn7-walmart-amazonr_5964,0,0
dn7-walmart-amazonl_2062#dn7-walmart-amazonr_14931,0,0
dn7-walmart-amazonl_1348#dn7-walmart-amazonr_12649,0,0
dn7-walmart-amazonl_1360#dn7-walmart-amazonr_3667,0,0
dn7-walmart-amazonl_822#dn7-walmart-amazonr_16598,0,0
dn7-walmart-amazonl_1332#dn7-walmart-amazonr_21694,0,0
dn7-walmart-amazonl_2552#dn7-walmart-amazonr_6242,0,0
dn7-walmart-amazonl_2139#dn7-walmart-amazonr_379,0,0
dn7-walmart-amazonl_394#dn7-walmart-amazonr_21891,0,0
dn7-walmart-amazonl_2142#dn7-walmart-amazonr_21844,0,0
dn7-walmart-amazonl_1207#dn7-walmart-amazonr_13496,0,0
dn7-walmart-amazonl_1321#dn7-walmart-amazonr_14257,0,0
dn7-walmart-amazonl_1241#dn7-walmart-amazonr_16436,0,0
dn7-walmart-amazonl_916#dn7-walmart-amazonr_14833,0,0
dn7-walmart-amazonl_2367#dn7-walmart-amazonr_19179,0,0
dn7-walmart-amazonl_1550#dn7-walmart-amazonr_15323,0,0
dn7-walmart-amazonl_373#dn7-walmart-amazonr_14416,0,0
dn7-walmart-amazonl_836#dn7-walmart-amazonr_4274,0,0
dn7-walmart-amazonl_1387#dn7-walmart-amazonr_20272,0,0
dn7-walmart-amazonl_641#dn7-walmart-amazonr_20869,0,0
dn7-walmart-amazonl_1964#dn7-walmart-amazonr_14802,0,0
dn7-walmart-amazonl_1811#dn7-walmart-amazonr_14305,0,0
dn7-walmart-amazonl_1613#dn7-walmart-amazonr_13756,0,0
dn7-walmart-amazonl_2446#dn7-walmart-amazonr_99,0,0
dn7-walmart-amazonl_960#dn7-walmart-amazonr_2269,0,0
dn7-walmart-amazonl_1855#dn7-walmart-amazonr_12474,1,1
dn7-walmart-amazonl_273#dn7-walmart-amazonr_20127,0,0
dn7-walmart-amazonl_1908#dn7-walmart-amazonr_21379,0,0
dn7-walmart-amazonl_2001#dn7-walmart-amazonr_19556,0,0
dn7-walmart-amazonl_1148#dn7-walmart-amazonr_19538,0,0
dn7-walmart-amazonl_1262#dn7-walmart-amazonr_20924,0,0
dn7-walmart-amazonl_590#dn7-walmart-amazonr_7808,0,0
dn7-walmart-amazonl_2203#dn7-walmart-amazonr_7405,0,0
dn7-walmart-amazonl_1157#dn7-walmart-amazonr_9613,0,0
dn7-walmart-amazonl_2376#dn7-walmart-amazonr_16150,0,0
dn7-walmart-amazonl_852#dn7-walmart-amazonr_19121,0,0
dn7-walmart-amazonl_2140#dn7-walmart-amazonr_13828,0,0
dn7-walmart-amazonl_1711#dn7-walmart-amazonr_18813,0,0
dn7-walmart-amazonl_167#dn7-walmart-amazonr_11478,0,0
dn7-walmart-amazonl_819#dn7-walmart-amazonr_10176,0,0
dn7-walmart-amazonl_710#dn7-walmart-amazonr_3638,0,0
dn7-walmart-amazonl_2334#dn7-walmart-amazonr_21985,0,0
dn7-walmart-amazonl_630#dn7-walmart-amazonr_12817,1,1
dn7-walmart-amazonl_543#dn7-walmart-amazonr_9177,0,0
dn7-walmart-amazonl_1918#dn7-walmart-amazonr_15809,0,0
dn7-walmart-amazonl_1039#dn7-walmart-amazonr_12141,0,0
dn7-walmart-amazonl_2535#dn7-walmart-amazonr_315,0,0
dn7-walmart-amazonl_2200#dn7-walmart-amazonr_17201,0,0
dn7-walmart-amazonl_984#dn7-walmart-amazonr_8323,0,0
dn7-walmart-amazonl_909#dn7-walmart-amazonr_11162,0,0
dn7-walmart-amazonl_1189#dn7-walmart-amazonr_8738,0,0
dn7-walmart-amazonl_1967#dn7-walmart-amazonr_7674,0,0
dn7-walmart-amazonl_1839#dn7-walmart-amazonr_6845,0,0
dn7-walmart-amazonl_350#dn7-walmart-amazonr_3975,0,0
dn7-walmart-amazonl_1423#dn7-walmart-amazonr_1730,0,0
dn7-walmart-amazonl_1337#dn7-walmart-amazonr_1503,0,0
dn7-walmart-amazonl_452#dn7-walmart-amazonr_16644,0,0
dn7-walmart-amazonl_1111#dn7-walmart-amazonr_556,0,0
dn7-walmart-amazonl_1455#dn7-walmart-amazonr_18287,0,0
dn7-walmart-amazonl_1533#dn7-walmart-amazonr_17615,0,0
dn7-walmart-amazonl_2459#dn7-walmart-amazonr_7486,1,1
dn7-walmart-amazonl_1555#dn7-walmart-amazonr_3108,0,0
dn7-walmart-amazonl_1090#dn7-walmart-amazonr_14063,0,0
dn7-walmart-amazonl_984#dn7-walmart-amazonr_19215,0,0
dn7-walmart-amazonl_1892#dn7-walmart-amazonr_6896,0,0
dn7-walmart-amazonl_1570#dn7-walmart-amazonr_12679,0,0
dn7-walmart-amazonl_62#dn7-walmart-amazonr_10006,0,0
dn7-walmart-amazonl_58#dn7-walmart-amazonr_1571,0,0
dn7-walmart-amazonl_881#dn7-walmart-amazonr_8351,0,0
dn7-walmart-amazonl_148#dn7-walmart-amazonr_19342,0,0
dn7-walmart-amazonl_479#dn7-walmart-amazonr_6592,0,0
dn7-walmart-amazonl_193#dn7-walmart-amazonr_16315,0,0
dn7-walmart-amazonl_2200#dn7-walmart-amazonr_2296,0,0
dn7-walmart-amazonl_814#dn7-walmart-amazonr_8708,0,0
dn7-walmart-amazonl_598#dn7-walmart-amazonr_3834,0,0
dn7-walmart-amazonl_1408#dn7-walmart-amazonr_10533,0,0
dn7-walmart-amazonl_1191#dn7-walmart-amazonr_21862,0,0
dn7-walmart-amazonl_484#dn7-walmart-amazonr_3220,0,0
dn7-walmart-amazonl_1478#dn7-walmart-amazonr_5422,0,0
dn7-walmart-amazonl_790#dn7-walmart-amazonr_21878,0,0
dn7-walmart-amazonl_1164#dn7-walmart-amazonr_9484,0,0
dn7-walmart-amazonl_1684#dn7-walmart-amazonr_17743,0,0
dn7-walmart-amazonl_2477#dn7-walmart-amazonr_21010,0,0
dn7-walmart-amazonl_1651#dn7-walmart-amazonr_19299,0,0
dn7-walmart-amazonl_193#dn7-walmart-amazonr_351,0,0
dn7-walmart-amazonl_2044#dn7-walmart-amazonr_3824,0,0
dn7-walmart-amazonl_719#dn7-walmart-amazonr_6993,0,0
dn7-walmart-amazonl_134#dn7-walmart-amazonr_9795,0,0
dn7-walmart-amazonl_1220#dn7-walmart-amazonr_7679,0,0
dn7-walmart-amazonl_221#dn7-walmart-amazonr_1899,0,0
dn7-walmart-amazonl_374#dn7-walmart-amazonr_8342,0,0
dn7-walmart-amazonl_2184#dn7-walmart-amazonr_7678,0,0
dn7-walmart-amazonl_1244#dn7-walmart-amazonr_5273,0,0
dn7-walmart-amazonl_1803#dn7-walmart-amazonr_8424,0,0
dn7-walmart-amazonl_623#dn7-walmart-amazonr_3546,0,0
dn7-walmart-amazonl_1317#dn7-walmart-amazonr_9408,0,0
dn7-walmart-amazonl_816#dn7-walmart-amazonr_20571,0,0
dn7-walmart-amazonl_2079#dn7-walmart-amazonr_21778,0,0
dn7-walmart-amazonl_2073#dn7-walmart-amazonr_5548,0,0
dn7-walmart-amazonl_548#dn7-walmart-amazonr_3488,0,0
dn7-walmart-amazonl_1697#dn7-walmart-amazonr_16223,0,0
dn7-walmart-amazonl_530#dn7-walmart-amazonr_21178,0,0
dn7-walmart-amazonl_43#dn7-walmart-amazonr_44,0,0
dn7-walmart-amazonl_998#dn7-walmart-amazonr_13255,0,0
dn7-walmart-amazonl_18#dn7-walmart-amazonr_6865,0,0
dn7-walmart-amazonl_128#dn7-walmart-amazonr_14594,0,0
dn7-walmart-amazonl_562#dn7-walmart-amazonr_13036,0,0
dn7-walmart-amazonl_165#dn7-walmart-amazonr_7692,0,0
dn7-walmart-amazonl_527#dn7-walmart-amazonr_9727,0,0
dn7-walmart-amazonl_1346#dn7-walmart-amazonr_12174,0,0
dn7-walmart-amazonl_2486#dn7-walmart-amazonr_8511,0,0
dn7-walmart-amazonl_1671#dn7-walmart-amazonr_14841,0,0
dn7-walmart-amazonl_173#dn7-walmart-amazonr_2802,0,0
dn7-walmart-amazonl_241#dn7-walmart-amazonr_15812,0,0
dn7-walmart-amazonl_1016#dn7-walmart-amazonr_17235,0,0
dn7-walmart-amazonl_1925#dn7-walmart-amazonr_14922,0,0
dn7-walmart-amazonl_1518#dn7-walmart-amazonr_1468,0,0
dn7-walmart-amazonl_1835#dn7-walmart-amazonr_17446,0,0
dn7-walmart-amazonl_881#dn7-walmart-amazonr_4829,0,0
dn7-walmart-amazonl_1775#dn7-walmart-amazonr_7280,0,0
dn7-walmart-amazonl_2235#dn7-walmart-amazonr_6681,0,0
dn7-walmart-amazonl_1393#dn7-walmart-amazonr_16924,0,0
dn7-walmart-amazonl_458#dn7-walmart-amazonr_9324,0,0
dn7-walmart-amazonl_1740#dn7-walmart-amazonr_7975,0,0
dn7-walmart-amazonl_682#dn7-walmart-amazonr_13332,0,0
dn7-walmart-amazonl_1718#dn7-walmart-amazonr_1185,0,0
dn7-walmart-amazonl_594#dn7-walmart-amazonr_13315,0,0
dn7-walmart-amazonl_1190#dn7-walmart-amazonr_15776,0,0
dn7-walmart-amazonl_439#dn7-walmart-amazonr_17056,0,0
dn7-walmart-amazonl_2336#dn7-walmart-amazonr_13798,0,0
dn7-walmart-amazonl_2349#dn7-walmart-amazonr_3437,0,0
dn7-walmart-amazonl_1826#dn7-walmart-amazonr_2786,0,0
dn7-walmart-amazonl_287#dn7-walmart-amazonr_19434,0,0
dn7-walmart-amazonl_2375#dn7-walmart-amazonr_4506,0,0
dn7-walmart-amazonl_2273#dn7-walmart-amazonr_3306,0,0
dn7-walmart-amazonl_1741#dn7-walmart-amazonr_10702,0,0
dn7-walmart-amazonl_1409#dn7-walmart-amazonr_20211,0,0
dn7-walmart-amazonl_918#dn7-walmart-amazonr_6499,0,0
dn7-walmart-amazonl_1979#dn7-walmart-amazonr_10871,0,0
dn7-walmart-amazonl_1608#dn7-walmart-amazonr_20488,0,0
dn7-walmart-amazonl_1769#dn7-walmart-amazonr_18575,0,0
dn7-walmart-amazonl_341#dn7-walmart-amazonr_20461,0,0
dn7-walmart-amazonl_738#dn7-walmart-amazonr_18411,0,0
dn7-walmart-amazonl_2275#dn7-walmart-amazonr_13703,0,0
dn7-walmart-amazonl_2005#dn7-walmart-amazonr_4355,0,0
dn7-walmart-amazonl_2073#dn7-walmart-amazonr_20809,0,0
dn7-walmart-amazonl_1945#dn7-walmart-amazonr_12098,0,0
dn7-walmart-amazonl_747#dn7-walmart-amazonr_88,0,0
dn7-walmart-amazonl_769#dn7-walmart-amazonr_10439,0,1
dn7-walmart-amazonl_2014#dn7-walmart-amazonr_13699,0,0
dn7-walmart-amazonl_128#dn7-walmart-amazonr_7280,0,0
dn7-walmart-amazonl_1824#dn7-walmart-amazonr_20516,0,0
dn7-walmart-amazonl_538#dn7-walmart-amazonr_11553,0,0
dn7-walmart-amazonl_1683#dn7-walmart-amazonr_11567,0,0
dn7-walmart-amazonl_53#dn7-walmart-amazonr_3126,0,0
dn7-walmart-amazonl_1382#dn7-walmart-amazonr_1978,0,0
dn7-walmart-amazonl_1502#dn7-walmart-amazonr_8795,0,0
dn7-walmart-amazonl_984#dn7-walmart-amazonr_393,0,0
dn7-walmart-amazonl_1620#dn7-walmart-amazonr_21772,0,0
dn7-walmart-amazonl_588#dn7-walmart-amazonr_20108,1,1
dn7-walmart-amazonl_1750#dn7-walmart-amazonr_21514,0,0
dn7-walmart-amazonl_978#dn7-walmart-amazonr_18187,0,0
dn7-walmart-amazonl_181#dn7-walmart-amazonr_1655,0,0
dn7-walmart-amazonl_226#dn7-walmart-amazonr_2959,0,0
dn7-walmart-amazonl_77#dn7-walmart-amazonr_577,0,0
dn7-walmart-amazonl_544#dn7-walmart-amazonr_3030,0,0
dn7-walmart-amazonl_974#dn7-walmart-amazonr_9463,0,0
dn7-walmart-amazonl_2247#dn7-walmart-amazonr_8159,0,0
dn7-walmart-amazonl_920#dn7-walmart-amazonr_1266,0,0
dn7-walmart-amazonl_1616#dn7-walmart-amazonr_5148,0,0
dn7-walmart-amazonl_396#dn7-walmart-amazonr_19733,0,0
dn7-walmart-amazonl_1897#dn7-walmart-amazonr_8468,0,0
dn7-walmart-amazonl_349#dn7-walmart-amazonr_13874,0,0
dn7-walmart-amazonl_115#dn7-walmart-amazonr_16107,0,0
dn7-walmart-amazonl_626#dn7-walmart-amazonr_7390,0,0
dn7-walmart-amazonl_288#dn7-walmart-amazonr_16041,0,0
dn7-walmart-amazonl_959#dn7-walmart-amazonr_10023,0,0
dn7-walmart-amazonl_1752#dn7-walmart-amazonr_9685,0,0
dn7-walmart-amazonl_2233#dn7-walmart-amazonr_6167,0,0
dn7-walmart-amazonl_980#dn7-walmart-amazonr_2998,0,0
dn7-walmart-amazonl_1937#dn7-walmart-amazonr_893,0,0
dn7-walmart-amazonl_832#dn7-walmart-amazonr_19639,0,0
dn7-walmart-amazonl_71#dn7-walmart-amazonr_6204,0,0
dn7-walmart-amazonl_1961#dn7-walmart-amazonr_431,0,0
dn7-walmart-amazonl_1662#dn7-walmart-amazonr_4848,0,0
dn7-walmart-amazonl_1191#dn7-walmart-amazonr_19911,0,0
dn7-walmart-amazonl_957#dn7-walmart-amazonr_19807,0,0
dn7-walmart-amazonl_146#dn7-walmart-amazonr_5419,0,0
dn7-walmart-amazonl_1772#dn7-walmart-amazonr_20837,0,0
dn7-walmart-amazonl_2335#dn7-walmart-amazonr_2306,0,0
dn7-walmart-amazonl_1840#dn7-walmart-amazonr_15792,0,0
dn7-walmart-amazonl_398#dn7-walmart-amazonr_17614,0,0
dn7-walmart-amazonl_1813#dn7-walmart-amazonr_16934,0,0
dn7-walmart-amazonl_1764#dn7-walmart-amazonr_12828,0,0
dn7-walmart-amazonl_932#dn7-walmart-amazonr_17184,0,0
dn7-walmart-amazonl_324#dn7-walmart-amazonr_556,0,0
dn7-walmart-amazonl_759#dn7-walmart-amazonr_8377,0,0
dn7-walmart-amazonl_1929#dn7-walmart-amazonr_5846,0,0
dn7-walmart-amazonl_2114#dn7-walmart-amazonr_13097,0,0
dn7-walmart-amazonl_1665#dn7-walmart-amazonr_7048,0,0
dn7-walmart-amazonl_54#dn7-walmart-amazonr_2587,0,0
dn7-walmart-amazonl_517#dn7-walmart-amazonr_5319,0,0
dn7-walmart-amazonl_2440#dn7-walmart-amazonr_5319,0,0
dn7-walmart-amazonl_85#dn7-walmart-amazonr_20516,0,0
dn7-walmart-amazonl_2427#dn7-walmart-amazonr_7126,0,0
dn7-walmart-amazonl_14#dn7-walmart-amazonr_1699,0,0
dn7-walmart-amazonl_2120#dn7-walmart-amazonr_6896,0,0
dn7-walmart-amazonl_905#dn7-walmart-amazonr_10001,0,0
dn7-walmart-amazonl_1472#dn7-walmart-amazonr_20920,0,0
dn7-walmart-amazonl_295#dn7-walmart-amazonr_11955,0,0
dn7-walmart-amazonl_818#dn7-walmart-amazonr_3120,0,0
dn7-walmart-amazonl_117#dn7-walmart-amazonr_9323,0,0
dn7-walmart-amazonl_2435#dn7-walmart-amazonr_12701,0,0
dn7-walmart-amazonl_2309#dn7-walmart-amazonr_877,0,0
dn7-walmart-amazonl_1432#dn7-walmart-amazonr_19392,0,0
dn7-walmart-amazonl_1897#dn7-walmart-amazonr_5204,0,0
dn7-walmart-amazonl_2048#dn7-walmart-amazonr_2689,0,0
dn7-walmart-amazonl_2403#dn7-walmart-amazonr_7076,0,0
dn7-walmart-amazonl_2257#dn7-walmart-amazonr_12364,0,0
dn7-walmart-amazonl_718#dn7-walmart-amazonr_1567,0,0
dn7-walmart-amazonl_1888#dn7-walmart-amazonr_4711,0,0
dn7-walmart-amazonl_1994#dn7-walmart-amazonr_5419,0,0
dn7-walmart-amazonl_183#dn7-walmart-amazonr_10099,0,0
dn7-walmart-amazonl_1323#dn7-walmart-amazonr_3300,0,0
dn7-walmart-amazonl_2375#dn7-walmart-amazonr_1330,0,0
dn7-walmart-amazonl_1344#dn7-walmart-amazonr_2741,0,0
dn7-walmart-amazonl_202#dn7-walmart-amazonr_12252,0,0
dn7-walmart-amazonl_480#dn7-walmart-amazonr_1999,0,0
dn7-walmart-amazonl_1541#dn7-walmart-amazonr_6557,0,0
dn7-walmart-amazonl_365#dn7-walmart-amazonr_15844,0,0
dn7-walmart-amazonl_2165#dn7-walmart-amazonr_4082,0,0
dn7-walmart-amazonl_698#dn7-walmart-amazonr_16467,0,0
dn7-walmart-amazonl_460#dn7-walmart-amazonr_9386,0,0
dn7-walmart-amazonl_2226#dn7-walmart-amazonr_3736,0,0
dn7-walmart-amazonl_362#dn7-walmart-amazonr_19065,0,0
dn7-walmart-amazonl_1986#dn7-walmart-amazonr_14486,0,0
dn7-walmart-amazonl_1634#dn7-walmart-amazonr_8603,0,0
dn7-walmart-amazonl_621#dn7-walmart-amazonr_13105,0,0
dn7-walmart-amazonl_112#dn7-walmart-amazonr_819,0,0
dn7-walmart-amazonl_953#dn7-walmart-amazonr_14791,0,0
dn7-walmart-amazonl_484#dn7-walmart-amazonr_20998,0,0
dn7-walmart-amazonl_2366#dn7-walmart-amazonr_19687,0,0
dn7-walmart-amazonl_2206#dn7-walmart-amazonr_14503,0,0
dn7-walmart-amazonl_2446#dn7-walmart-amazonr_12305,0,0
dn7-walmart-amazonl_2270#dn7-walmart-amazonr_19317,0,0
dn7-walmart-amazonl_1958#dn7-walmart-amazonr_19927,0,0
dn7-walmart-amazonl_1700#dn7-walmart-amazonr_6185,0,0
dn7-walmart-amazonl_1106#dn7-walmart-amazonr_17446,0,0
dn7-walmart-amazonl_2228#dn7-walmart-amazonr_4274,0,0
dn7-walmart-amazonl_2150#dn7-walmart-amazonr_21343,1,1
dn7-walmart-amazonl_1120#dn7-walmart-amazonr_6719,0,0
dn7-walmart-amazonl_881#dn7-walmart-amazonr_17078,0,0
dn7-walmart-amazonl_1767#dn7-walmart-amazonr_20837,0,0
dn7-walmart-amazonl_591#dn7-walmart-amazonr_19946,0,0
dn7-walmart-amazonl_2359#dn7-walmart-amazonr_6801,0,0
dn7-walmart-amazonl_2404#dn7-walmart-amazonr_17243,0,0
dn7-walmart-amazonl_1696#dn7-walmart-amazonr_20035,0,0
dn7-walmart-amazonl_2112#dn7-walmart-amazonr_4423,0,0
dn7-walmart-amazonl_2162#dn7-walmart-amazonr_17179,0,0
dn7-walmart-amazonl_1334#dn7-walmart-amazonr_6563,0,0
dn7-walmart-amazonl_2106#dn7-walmart-amazonr_13234,0,0
dn7-walmart-amazonl_2037#dn7-walmart-amazonr_6458,0,0
dn7-walmart-amazonl_912#dn7-walmart-amazonr_21109,0,0
dn7-walmart-amazonl_2346#dn7-walmart-amazonr_8689,0,0
dn7-walmart-amazonl_368#dn7-walmart-amazonr_9745,0,0
dn7-walmart-amazonl_1159#dn7-walmart-amazonr_7083,0,0
dn7-walmart-amazonl_1597#dn7-walmart-amazonr_6210,0,0
dn7-walmart-amazonl_1884#dn7-walmart-amazonr_17399,0,0
dn7-walmart-amazonl_991#dn7-walmart-amazonr_18129,0,0
dn7-walmart-amazonl_2178#dn7-walmart-amazonr_6036,0,0
dn7-walmart-amazonl_13#dn7-walmart-amazonr_12643,0,0
dn7-walmart-amazonl_340#dn7-walmart-amazonr_7158,0,0
dn7-walmart-amazonl_1771#dn7-walmart-amazonr_20675,0,0
dn7-walmart-amazonl_2034#dn7-walmart-amazonr_19585,0,0
dn7-walmart-amazonl_1584#dn7-walmart-amazonr_333,0,0
dn7-walmart-amazonl_1242#dn7-walmart-amazonr_20348,0,0
dn7-walmart-amazonl_1564#dn7-walmart-amazonr_12947,0,0
dn7-walmart-amazonl_535#dn7-walmart-amazonr_798,0,0
dn7-walmart-amazonl_2199#dn7-walmart-amazonr_5226,0,0
dn7-walmart-amazonl_295#dn7-walmart-amazonr_12589,0,0
dn7-walmart-amazonl_1076#dn7-walmart-amazonr_6391,0,0
dn7-walmart-amazonl_158#dn7-walmart-amazonr_11037,0,0
dn7-walmart-amazonl_2514#dn7-walmart-amazonr_2637,0,0
dn7-walmart-amazonl_86#dn7-walmart-amazonr_7610,0,1
dn7-walmart-amazonl_2015#dn7-walmart-amazonr_13241,0,0
dn7-walmart-amazonl_672#dn7-walmart-amazonr_2945,0,0
dn7-walmart-amazonl_641#dn7-walmart-amazonr_15118,0,0
dn7-walmart-amazonl_890#dn7-walmart-amazonr_9727,0,0
dn7-walmart-amazonl_2141#dn7-walmart-amazonr_3120,0,0
dn7-walmart-amazonl_753#dn7-walmart-amazonr_12012,0,0
dn7-walmart-amazonl_2069#dn7-walmart-amazonr_832,0,0
dn7-walmart-amazonl_2185#dn7-walmart-amazonr_12099,0,0
dn7-walmart-amazonl_1713#dn7-walmart-amazonr_9172,0,0
dn7-walmart-amazonl_2146#dn7-walmart-amazonr_10738,0,0
dn7-walmart-amazonl_1062#dn7-walmart-amazonr_12953,0,0
dn7-walmart-amazonl_1503#dn7-walmart-amazonr_16883,0,0
dn7-walmart-amazonl_2170#dn7-walmart-amazonr_17383,0,0
dn7-walmart-amazonl_1486#dn7-walmart-amazonr_8648,0,0
dn7-walmart-amazonl_2017#dn7-walmart-amazonr_17691,0,0
dn7-walmart-amazonl_980#dn7-walmart-amazonr_10148,0,0
dn7-walmart-amazonl_1087#dn7-walmart-amazonr_11987,0,0
dn7-walmart-amazonl_1807#dn7-walmart-amazonr_11099,0,0
dn7-walmart-amazonl_1400#dn7-walmart-amazonr_12997,0,0
dn7-walmart-amazonl_943#dn7-walmart-amazonr_9149,0,0
dn7-walmart-amazonl_488#dn7-walmart-amazonr_20461,0,0
dn7-walmart-amazonl_2011#dn7-walmart-amazonr_8104,0,0
dn7-walmart-amazonl_2129#dn7-walmart-amazonr_10109,0,0
dn7-walmart-amazonl_1325#dn7-walmart-amazonr_13247,0,0
dn7-walmart-amazonl_231#dn7-walmart-amazonr_18761,0,0
dn7-walmart-amazonl_678#dn7-walmart-amazonr_6936,0,0
dn7-walmart-amazonl_2260#dn7-walmart-amazonr_21629,0,0
dn7-walmart-amazonl_358#dn7-walmart-amazonr_18915,0,0
dn7-walmart-amazonl_1056#dn7-walmart-amazonr_3372,0,0
dn7-walmart-amazonl_1262#dn7-walmart-amazonr_11797,0,0
dn7-walmart-amazonl_2198#dn7-walmart-amazonr_14513,0,0
dn7-walmart-amazonl_1511#dn7-walmart-amazonr_20723,0,0
dn7-walmart-amazonl_110#dn7-walmart-amazonr_3421,0,0
dn7-walmart-amazonl_257#dn7-walmart-amazonr_14488,0,0
dn7-walmart-amazonl_1506#dn7-walmart-amazonr_16400,0,0
dn7-walmart-amazonl_2228#dn7-walmart-amazonr_1480,0,0
dn7-walmart-amazonl_1378#dn7-walmart-amazonr_15659,0,0
dn7-walmart-amazonl_732#dn7-walmart-amazonr_10306,0,0
dn7-walmart-amazonl_1954#dn7-walmart-amazonr_1626,0,0
dn7-walmart-amazonl_841#dn7-walmart-amazonr_4179,0,0
dn7-walmart-amazonl_1462#dn7-walmart-amazonr_17541,0,0
dn7-walmart-amazonl_557#dn7-walmart-amazonr_8558,0,0
dn7-walmart-amazonl_2426#dn7-walmart-amazonr_17200,0,0
dn7-walmart-amazonl_976#dn7-walmart-amazonr_15997,0,0
dn7-walmart-amazonl_2000#dn7-walmart-amazonr_11076,0,0
dn7-walmart-amazonl_257#dn7-walmart-amazonr_13912,0,0
dn7-walmart-amazonl_1597#dn7-walmart-amazonr_9381,0,0
dn7-walmart-amazonl_1893#dn7-walmart-amazonr_15075,0,0
dn7-walmart-amazonl_1738#dn7-walmart-amazonr_20007,0,0
dn7-walmart-amazonl_142#dn7-walmart-amazonr_13914,0,0
dn7-walmart-amazonl_2271#dn7-walmart-amazonr_7129,0,0
dn7-walmart-amazonl_690#dn7-walmart-amazonr_2908,0,0
dn7-walmart-amazonl_597#dn7-walmart-amazonr_8342,0,0
dn7-walmart-amazonl_71#dn7-walmart-amazonr_14185,0,0
dn7-walmart-amazonl_1407#dn7-walmart-amazonr_5417,0,0
dn7-walmart-amazonl_904#dn7-walmart-amazonr_14373,0,0
dn7-walmart-amazonl_2012#dn7-walmart-amazonr_3065,0,0
dn7-walmart-amazonl_54#dn7-walmart-amazonr_6572,1,1
dn7-walmart-amazonl_2170#dn7-walmart-amazonr_17358,0,0
dn7-walmart-amazonl_918#dn7-walmart-amazonr_3921,0,0
dn7-walmart-amazonl_250#dn7-walmart-amazonr_17250,0,0
dn7-walmart-amazonl_1919#dn7-walmart-amazonr_4415,0,0
dn7-walmart-amazonl_110#dn7-walmart-amazonr_2377,0,0
dn7-walmart-amazonl_1046#dn7-walmart-amazonr_6112,0,0
dn7-walmart-amazonl_305#dn7-walmart-amazonr_7322,0,0
dn7-walmart-amazonl_1548#dn7-walmart-amazonr_11029,0,0
dn7-walmart-amazonl_1634#dn7-walmart-amazonr_14490,0,0
dn7-walmart-amazonl_469#dn7-walmart-amazonr_20416,0,0
dn7-walmart-amazonl_906#dn7-walmart-amazonr_3469,1,1
dn7-walmart-amazonl_2308#dn7-walmart-amazonr_10170,0,0
dn7-walmart-amazonl_2429#dn7-walmart-amazonr_6262,0,0
dn7-walmart-amazonl_1115#dn7-walmart-amazonr_4280,0,0
dn7-walmart-amazonl_1351#dn7-walmart-amazonr_19691,0,0
dn7-walmart-amazonl_2341#dn7-walmart-amazonr_9089,0,0
dn7-walmart-amazonl_752#dn7-walmart-amazonr_15015,0,0
dn7-walmart-amazonl_394#dn7-walmart-amazonr_15681,0,0
dn7-walmart-amazonl_1902#dn7-walmart-amazonr_19595,0,0
dn7-walmart-amazonl_365#dn7-walmart-amazonr_17733,0,0
dn7-walmart-amazonl_1621#dn7-walmart-amazonr_17544,0,0
dn7-walmart-amazonl_853#dn7-walmart-amazonr_21780,0,0
dn7-walmart-amazonl_1932#dn7-walmart-amazonr_7025,0,0
dn7-walmart-amazonl_1173#dn7-walmart-amazonr_4783,0,0
dn7-walmart-amazonl_2169#dn7-walmart-amazonr_12092,0,0
dn7-walmart-amazonl_1013#dn7-walmart-amazonr_2908,0,0
dn7-walmart-amazonl_874#dn7-walmart-amazonr_5644,1,1
dn7-walmart-amazonl_1273#dn7-walmart-amazonr_7632,0,0
dn7-walmart-amazonl_999#dn7-walmart-amazonr_8689,0,0
dn7-walmart-amazonl_1437#dn7-walmart-amazonr_3707,0,0
dn7-walmart-amazonl_2061#dn7-walmart-amazonr_18652,0,0
dn7-walmart-amazonl_993#dn7-walmart-amazonr_10547,0,0
dn7-walmart-amazonl_126#dn7-walmart-amazonr_2362,0,0
dn7-walmart-amazonl_1775#dn7-walmart-amazonr_8909,0,0
dn7-walmart-amazonl_651#dn7-walmart-amazonr_19011,0,0
dn7-walmart-amazonl_2003#dn7-walmart-amazonr_7536,0,0
dn7-walmart-amazonl_1493#dn7-walmart-amazonr_16319,0,0
dn7-walmart-amazonl_15#dn7-walmart-amazonr_17364,0,1
dn7-walmart-amazonl_991#dn7-walmart-amazonr_2344,0,0
dn7-walmart-amazonl_1523#dn7-walmart-amazonr_18701,0,0
dn7-walmart-amazonl_2237#dn7-walmart-amazonr_19079,0,0
dn7-walmart-amazonl_1356#dn7-walmart-amazonr_6024,0,0
dn7-walmart-amazonl_2112#dn7-walmart-amazonr_63,0,0
dn7-walmart-amazonl_1801#dn7-walmart-amazonr_5846,0,0
dn7-walmart-amazonl_2279#dn7-walmart-amazonr_571,0,0
dn7-walmart-amazonl_1504#dn7-walmart-amazonr_6840,0,0
dn7-walmart-amazonl_293#dn7-walmart-amazonr_19508,0,0
dn7-walmart-amazonl_1155#dn7-walmart-amazonr_3003,0,0
dn7-walmart-amazonl_763#dn7-walmart-amazonr_1489,0,0
dn7-walmart-amazonl_1233#dn7-walmart-amazonr_18428,0,0
dn7-walmart-amazonl_1430#dn7-walmart-amazonr_8304,0,0
dn7-walmart-amazonl_261#dn7-walmart-amazonr_20324,0,0
dn7-walmart-amazonl_242#dn7-walmart-amazonr_18338,0,0
dn7-walmart-amazonl_291#dn7-walmart-amazonr_6245,0,0
dn7-walmart-amazonl_21#dn7-walmart-amazonr_14835,0,0
dn7-walmart-amazonl_1595#dn7-walmart-amazonr_6430,0,0
dn7-walmart-amazonl_1373#dn7-walmart-amazonr_13399,0,0
dn7-walmart-amazonl_1884#dn7-walmart-amazonr_16820,0,0
dn7-walmart-amazonl_2394#dn7-walmart-amazonr_30,0,0
dn7-walmart-amazonl_2208#dn7-walmart-amazonr_8407,0,0
dn7-walmart-amazonl_472#dn7-walmart-amazonr_9427,0,0
dn7-walmart-amazonl_1162#dn7-walmart-amazonr_17882,0,0
dn7-walmart-amazonl_1839#dn7-walmart-amazonr_9268,0,0
dn7-walmart-amazonl_2289#dn7-walmart-amazonr_20242,0,0
dn7-walmart-amazonl_1114#dn7-walmart-amazonr_14888,0,0
dn7-walmart-amazonl_1922#dn7-walmart-amazonr_20240,1,0
dn7-walmart-amazonl_2363#dn7-walmart-amazonr_2829,0,0
dn7-walmart-amazonl_2042#dn7-walmart-amazonr_759,0,0
dn7-walmart-amazonl_187#dn7-walmart-amazonr_891,0,0
dn7-walmart-amazonl_274#dn7-walmart-amazonr_1221,0,0
dn7-walmart-amazonl_1279#dn7-walmart-amazonr_7897,0,0
dn7-walmart-amazonl_303#dn7-walmart-amazonr_12936,0,0
dn7-walmart-amazonl_810#dn7-walmart-amazonr_1480,0,1
dn7-walmart-amazonl_1648#dn7-walmart-amazonr_12112,0,0
dn7-walmart-amazonl_883#dn7-walmart-amazonr_3840,0,0
dn7-walmart-amazonl_2438#dn7-walmart-amazonr_6783,0,0
dn7-walmart-amazonl_1211#dn7-walmart-amazonr_8947,0,0
dn7-walmart-amazonl_1413#dn7-walmart-amazonr_12771,0,0
dn7-walmart-amazonl_2543#dn7-walmart-amazonr_571,0,0
dn7-walmart-amazonl_803#dn7-walmart-amazonr_11568,0,0
dn7-walmart-amazonl_1313#dn7-walmart-amazonr_11025,0,0
dn7-walmart-amazonl_1850#dn7-walmart-amazonr_2970,0,0
dn7-walmart-amazonl_1770#dn7-walmart-amazonr_3029,0,0
dn7-walmart-amazonl_1712#dn7-walmart-amazonr_2015,0,0
dn7-walmart-amazonl_630#dn7-walmart-amazonr_6770,0,0
dn7-walmart-amazonl_2031#dn7-walmart-amazonr_19634,0,0
dn7-walmart-amazonl_487#dn7-walmart-amazonr_15499,0,0
dn7-walmart-amazonl_255#dn7-walmart-amazonr_7853,0,0
dn7-walmart-amazonl_1257#dn7-walmart-amazonr_20293,0,0
dn7-walmart-amazonl_1737#dn7-walmart-amazonr_8289,0,0
dn7-walmart-amazonl_133#dn7-walmart-amazonr_17524,0,0
dn7-walmart-amazonl_156#dn7-walmart-amazonr_8958,0,0
dn7-walmart-amazonl_253#dn7-walmart-amazonr_13716,0,0
dn7-walmart-amazonl_18#dn7-walmart-amazonr_2968,0,0
dn7-walmart-amazonl_773#dn7-walmart-amazonr_2361,0,0
dn7-walmart-amazonl_985#dn7-walmart-amazonr_10663,0,0
dn7-walmart-amazonl_2292#dn7-walmart-amazonr_1027,0,0
dn7-walmart-amazonl_2489#dn7-walmart-amazonr_21511,0,0
dn7-walmart-amazonl_490#dn7-walmart-amazonr_19276,0,0
dn7-walmart-amazonl_506#dn7-walmart-amazonr_10462,0,0
dn7-walmart-amazonl_689#dn7-walmart-amazonr_13099,0,0
dn7-walmart-amazonl_1071#dn7-walmart-amazonr_20306,0,0
dn7-walmart-amazonl_849#dn7-walmart-amazonr_5690,0,0
dn7-walmart-amazonl_215#dn7-walmart-amazonr_4580,0,0
dn7-walmart-amazonl_1500#dn7-walmart-amazonr_8249,0,0
dn7-walmart-amazonl_1976#dn7-walmart-amazonr_4399,0,0
dn7-walmart-amazonl_669#dn7-walmart-amazonr_6227,0,0
dn7-walmart-amazonl_361#dn7-walmart-amazonr_10498,0,0
dn7-walmart-amazonl_2392#dn7-walmart-amazonr_2589,0,0
dn7-walmart-amazonl_754#dn7-walmart-amazonr_12895,0,0
dn7-walmart-amazonl_488#dn7-walmart-amazonr_4273,0,0
dn7-walmart-amazonl_115#dn7-walmart-amazonr_3708,0,0
dn7-walmart-amazonl_197#dn7-walmart-amazonr_15051,0,0
dn7-walmart-amazonl_2285#dn7-walmart-amazonr_10665,0,0
dn7-walmart-amazonl_1411#dn7-walmart-amazonr_13659,0,0
dn7-walmart-amazonl_125#dn7-walmart-amazonr_5419,0,0
dn7-walmart-amazonl_2121#dn7-walmart-amazonr_9970,0,0
dn7-walmart-amazonl_1818#dn7-walmart-amazonr_19163,0,0
dn7-walmart-amazonl_713#dn7-walmart-amazonr_9651,0,0
dn7-walmart-amazonl_1621#dn7-walmart-amazonr_17873,0,0
dn7-walmart-amazonl_955#dn7-walmart-amazonr_21181,0,0
dn7-walmart-amazonl_637#dn7-walmart-amazonr_1840,0,0
dn7-walmart-amazonl_289#dn7-walmart-amazonr_12123,0,0
dn7-walmart-amazonl_1146#dn7-walmart-amazonr_20266,0,0
dn7-walmart-amazonl_1030#dn7-walmart-amazonr_10555,1,1
dn7-walmart-amazonl_2031#dn7-walmart-amazonr_5571,0,0
dn7-walmart-amazonl_2552#dn7-walmart-amazonr_408,0,0
dn7-walmart-amazonl_2430#dn7-walmart-amazonr_7939,0,0
dn7-walmart-amazonl_1189#dn7-walmart-amazonr_10706,0,0
dn7-walmart-amazonl_571#dn7-walmart-amazonr_3324,0,0
dn7-walmart-amazonl_107#dn7-walmart-amazonr_13368,0,0
dn7-walmart-amazonl_424#dn7-walmart-amazonr_6477,0,0
dn7-walmart-amazonl_1193#dn7-walmart-amazonr_1976,0,0
dn7-walmart-amazonl_702#dn7-walmart-amazonr_20752,0,0
dn7-walmart-amazonl_909#dn7-walmart-amazonr_3838,0,0
dn7-walmart-amazonl_398#dn7-walmart-amazonr_16824,0,0
dn7-walmart-amazonl_1393#dn7-walmart-amazonr_2624,0,0
dn7-walmart-amazonl_1318#dn7-walmart-amazonr_2233,0,0
dn7-walmart-amazonl_768#dn7-walmart-amazonr_6361,0,0
dn7-walmart-amazonl_1005#dn7-walmart-amazonr_2556,0,0
dn7-walmart-amazonl_471#dn7-walmart-amazonr_3106,0,0
dn7-walmart-amazonl_1817#dn7-walmart-amazonr_2013,0,0
dn7-walmart-amazonl_471#dn7-walmart-amazonr_10846,0,0
dn7-walmart-amazonl_1590#dn7-walmart-amazonr_3842,0,0
dn7-walmart-amazonl_727#dn7-walmart-amazonr_14112,0,0
dn7-walmart-amazonl_261#dn7-walmart-amazonr_21306,0,0
dn7-walmart-amazonl_106#dn7-walmart-amazonr_379,0,0
dn7-walmart-amazonl_154#dn7-walmart-amazonr_9469,0,0
dn7-walmart-amazonl_940#dn7-walmart-amazonr_3047,0,0
dn7-walmart-amazonl_418#dn7-walmart-amazonr_10746,0,0
dn7-walmart-amazonl_1656#dn7-walmart-amazonr_14169,1,1
dn7-walmart-amazonl_675#dn7-walmart-amazonr_9663,0,0
dn7-walmart-amazonl_1532#dn7-walmart-amazonr_14056,0,0
dn7-walmart-amazonl_8#dn7-walmart-amazonr_12871,0,0
dn7-walmart-amazonl_1326#dn7-walmart-amazonr_1553,0,0
dn7-walmart-amazonl_1246#dn7-walmart-amazonr_6867,0,0
dn7-walmart-amazonl_1989#dn7-walmart-amazonr_2341,0,0
dn7-walmart-amazonl_800#dn7-walmart-amazonr_12465,0,0
dn7-walmart-amazonl_582#dn7-walmart-amazonr_998,0,0
dn7-walmart-amazonl_1761#dn7-walmart-amazonr_3244,0,0
dn7-walmart-amazonl_884#dn7-walmart-amazonr_16886,0,0
dn7-walmart-amazonl_550#dn7-walmart-amazonr_8573,0,0
dn7-walmart-amazonl_2146#dn7-walmart-amazonr_1900,0,0
dn7-walmart-amazonl_2483#dn7-walmart-amazonr_15781,0,0
dn7-walmart-amazonl_412#dn7-walmart-amazonr_5850,0,0
dn7-walmart-amazonl_2227#dn7-walmart-amazonr_20499,0,0
dn7-walmart-amazonl_403#dn7-walmart-amazonr_16608,0,0
dn7-walmart-amazonl_616#dn7-walmart-amazonr_18756,0,0
dn7-walmart-amazonl_866#dn7-walmart-amazonr_20166,0,0
dn7-walmart-amazonl_1415#dn7-walmart-amazonr_7878,0,0
dn7-walmart-amazonl_2086#dn7-walmart-amazonr_20723,0,0
dn7-walmart-amazonl_156#dn7-walmart-amazonr_20445,0,0
dn7-walmart-amazonl_103#dn7-walmart-amazonr_6737,0,0
dn7-walmart-amazonl_2428#dn7-walmart-amazonr_12494,0,0
dn7-walmart-amazonl_369#dn7-walmart-amazonr_20499,0,0
dn7-walmart-amazonl_2414#dn7-walmart-amazonr_11321,0,0
dn7-walmart-amazonl_554#dn7-walmart-amazonr_335,0,0
dn7-walmart-amazonl_140#dn7-walmart-amazonr_13717,0,0
dn7-walmart-amazonl_342#dn7-walmart-amazonr_3320,0,0
dn7-walmart-amazonl_404#dn7-walmart-amazonr_17625,0,0
dn7-walmart-amazonl_892#dn7-walmart-amazonr_3369,0,0
dn7-walmart-amazonl_1210#dn7-walmart-amazonr_11279,0,0
dn7-walmart-amazonl_1243#dn7-walmart-amazonr_8193,0,0
dn7-walmart-amazonl_1296#dn7-walmart-amazonr_8328,0,0
dn7-walmart-amazonl_276#dn7-walmart-amazonr_11265,0,0
dn7-walmart-amazonl_2328#dn7-walmart-amazonr_16935,0,0
dn7-walmart-amazonl_882#dn7-walmart-amazonr_10587,0,0
dn7-walmart-amazonl_1162#dn7-walmart-amazonr_15600,0,0
dn7-walmart-amazonl_347#dn7-walmart-amazonr_9972,0,0
dn7-walmart-amazonl_2304#dn7-walmart-amazonr_4800,0,0
dn7-walmart-amazonl_2552#dn7-walmart-amazonr_2319,0,0
dn7-walmart-amazonl_416#dn7-walmart-amazonr_15925,0,0
dn7-walmart-amazonl_2377#dn7-walmart-amazonr_9588,0,0
dn7-walmart-amazonl_801#dn7-walmart-amazonr_14768,0,0
dn7-walmart-amazonl_522#dn7-walmart-amazonr_11950,0,0
dn7-walmart-amazonl_495#dn7-walmart-amazonr_15763,0,0
dn7-walmart-amazonl_399#dn7-walmart-amazonr_6635,0,0
dn7-walmart-amazonl_2450#dn7-walmart-amazonr_13619,0,0
dn7-walmart-amazonl_545#dn7-walmart-amazonr_11636,0,0
dn7-walmart-amazonl_27#dn7-walmart-amazonr_9821,0,0
dn7-walmart-amazonl_1164#dn7-walmart-amazonr_17504,0,0
dn7-walmart-amazonl_277#dn7-walmart-amazonr_11334,0,0
dn7-walmart-amazonl_1928#dn7-walmart-amazonr_21596,0,0
dn7-walmart-amazonl_168#dn7-walmart-amazonr_12344,0,0
dn7-walmart-amazonl_709#dn7-walmart-amazonr_9087,0,0
dn7-walmart-amazonl_989#dn7-walmart-amazonr_22069,0,0
dn7-walmart-amazonl_2219#dn7-walmart-amazonr_6844,0,0
dn7-walmart-amazonl_641#dn7-walmart-amazonr_15843,0,0
dn7-walmart-amazonl_657#dn7-walmart-amazonr_1189,0,0
dn7-walmart-amazonl_1831#dn7-walmart-amazonr_4724,0,0
dn7-walmart-amazonl_656#dn7-walmart-amazonr_21366,0,0
dn7-walmart-amazonl_1064#dn7-walmart-amazonr_14466,0,0
dn7-walmart-amazonl_2054#dn7-walmart-amazonr_3602,0,0
dn7-walmart-amazonl_2477#dn7-walmart-amazonr_921,0,0
dn7-walmart-amazonl_2270#dn7-walmart-amazonr_1503,0,0
dn7-walmart-amazonl_834#dn7-walmart-amazonr_12475,0,0
dn7-walmart-amazonl_2093#dn7-walmart-amazonr_20757,0,0
dn7-walmart-amazonl_408#dn7-walmart-amazonr_1595,0,0
dn7-walmart-amazonl_897#dn7-walmart-amazonr_1844,0,0
dn7-walmart-amazonl_1171#dn7-walmart-amazonr_19902,0,0
dn7-walmart-amazonl_1077#dn7-walmart-amazonr_7893,0,0
dn7-walmart-amazonl_1807#dn7-walmart-amazonr_15353,0,0
dn7-walmart-amazonl_1751#dn7-walmart-amazonr_4671,0,0
dn7-walmart-amazonl_2333#dn7-walmart-amazonr_4458,0,0
dn7-walmart-amazonl_1024#dn7-walmart-amazonr_8676,0,0
dn7-walmart-amazonl_586#dn7-walmart-amazonr_3410,0,0
dn7-walmart-amazonl_1120#dn7-walmart-amazonr_7642,0,0
dn7-walmart-amazonl_525#dn7-walmart-amazonr_13934,0,0
dn7-walmart-amazonl_107#dn7-walmart-amazonr_7407,0,0
dn7-walmart-amazonl_690#dn7-walmart-amazonr_925,0,0
dn7-walmart-amazonl_1629#dn7-walmart-amazonr_21548,0,0
dn7-walmart-amazonl_281#dn7-walmart-amazonr_60,0,0
dn7-walmart-amazonl_129#dn7-walmart-amazonr_19316,0,0
dn7-walmart-amazonl_2#dn7-walmart-amazonr_18949,0,0
dn7-walmart-amazonl_315#dn7-walmart-amazonr_9727,0,0
dn7-walmart-amazonl_2509#dn7-walmart-amazonr_7921,0,0
dn7-walmart-amazonl_199#dn7-walmart-amazonr_4501,0,0
dn7-walmart-amazonl_2386#dn7-walmart-amazonr_2723,0,0
dn7-walmart-amazonl_1247#dn7-walmart-amazonr_14623,0,0
dn7-walmart-amazonl_292#dn7-walmart-amazonr_2587,0,0
dn7-walmart-amazonl_1727#dn7-walmart-amazonr_6654,0,0
dn7-walmart-amazonl_1748#dn7-walmart-amazonr_7552,0,0
dn7-walmart-amazonl_1645#dn7-walmart-amazonr_18415,0,0
dn7-walmart-amazonl_2277#dn7-walmart-amazonr_379,0,0
dn7-walmart-amazonl_1144#dn7-walmart-amazonr_19888,0,0
dn7-walmart-amazonl_609#dn7-walmart-amazonr_4436,0,0
dn7-walmart-amazonl_1099#dn7-walmart-amazonr_19957,0,0
dn7-walmart-amazonl_763#dn7-walmart-amazonr_13303,0,0
dn7-walmart-amazonl_142#dn7-walmart-amazonr_14406,0,0
dn7-walmart-amazonl_2096#dn7-walmart-amazonr_21948,0,0
dn7-walmart-amazonl_2513#dn7-walmart-amazonr_20426,1,1
dn7-walmart-amazonl_52#dn7-walmart-amazonr_21604,0,0
dn7-walmart-amazonl_1520#dn7-walmart-amazonr_14822,0,0
dn7-walmart-amazonl_1873#dn7-walmart-amazonr_20617,0,0
dn7-walmart-amazonl_182#dn7-walmart-amazonr_13368,0,0
dn7-walmart-amazonl_1361#dn7-walmart-amazonr_13770,0,0
dn7-walmart-amazonl_1407#dn7-walmart-amazonr_15417,0,0
dn7-walmart-amazonl_1211#dn7-walmart-amazonr_21599,0,0
dn7-walmart-amazonl_1471#dn7-walmart-amazonr_960,0,0
dn7-walmart-amazonl_2021#dn7-walmart-amazonr_20404,0,0
dn7-walmart-amazonl_1564#dn7-walmart-amazonr_2981,0,0
dn7-walmart-amazonl_1814#dn7-walmart-amazonr_15033,0,0
dn7-walmart-amazonl_1390#dn7-walmart-amazonr_6219,0,0
dn7-walmart-amazonl_814#dn7-walmart-amazonr_2816,0,0
dn7-walmart-amazonl_2233#dn7-walmart-amazonr_4191,0,0
dn7-walmart-amazonl_772#dn7-walmart-amazonr_7502,0,0
dn7-walmart-amazonl_1788#dn7-walmart-amazonr_11705,0,0
dn7-walmart-amazonl_1935#dn7-walmart-amazonr_16038,0,0
dn7-walmart-amazonl_2228#dn7-walmart-amazonr_21175,0,0
dn7-walmart-amazonl_2079#dn7-walmart-amazonr_12023,0,0
dn7-walmart-amazonl_1698#dn7-walmart-amazonr_17539,0,0
dn7-walmart-amazonl_479#dn7-walmart-amazonr_7944,0,0
dn7-walmart-amazonl_1575#dn7-walmart-amazonr_14401,0,0
dn7-walmart-amazonl_1924#dn7-walmart-amazonr_10387,0,0
dn7-walmart-amazonl_37#dn7-walmart-amazonr_10048,0,0
dn7-walmart-amazonl_282#dn7-walmart-amazonr_187,0,0
dn7-walmart-amazonl_386#dn7-walmart-amazonr_3145,0,0
dn7-walmart-amazonl_1000#dn7-walmart-amazonr_19221,0,0
dn7-walmart-amazonl_2030#dn7-walmart-amazonr_13169,0,0
dn7-walmart-amazonl_1189#dn7-walmart-amazonr_8739,0,0
dn7-walmart-amazonl_1465#dn7-walmart-amazonr_7143,0,0
dn7-walmart-amazonl_49#dn7-walmart-amazonr_5361,0,0
dn7-walmart-amazonl_1080#dn7-walmart-amazonr_4454,0,0
dn7-walmart-amazonl_1186#dn7-walmart-amazonr_4352,0,0
dn7-walmart-amazonl_73#dn7-walmart-amazonr_10,0,0
dn7-walmart-amazonl_698#dn7-walmart-amazonr_17006,0,0
dn7-walmart-amazonl_263#dn7-walmart-amazonr_13138,0,0
dn7-walmart-amazonl_2099#dn7-walmart-amazonr_5422,0,0
dn7-walmart-amazonl_1161#dn7-walmart-amazonr_18817,0,0
dn7-walmart-amazonl_859#dn7-walmart-amazonr_19276,0,0
dn7-walmart-amazonl_1612#dn7-walmart-amazonr_7860,0,0
dn7-walmart-amazonl_837#dn7-walmart-amazonr_7827,0,0
dn7-walmart-amazonl_938#dn7-walmart-amazonr_9287,0,0
dn7-walmart-amazonl_2191#dn7-walmart-amazonr_2269,0,0
dn7-walmart-amazonl_1205#dn7-walmart-amazonr_14160,0,0
dn7-walmart-amazonl_384#dn7-walmart-amazonr_15282,0,0
dn7-walmart-amazonl_2417#dn7-walmart-amazonr_293,0,0
dn7-walmart-amazonl_691#dn7-walmart-amazonr_19424,0,0
dn7-walmart-amazonl_744#dn7-walmart-amazonr_10652,0,0
dn7-walmart-amazonl_1017#dn7-walmart-amazonr_12123,0,0
dn7-walmart-amazonl_714#dn7-walmart-amazonr_11263,0,0
dn7-walmart-amazonl_2302#dn7-walmart-amazonr_12643,0,0
dn7-walmart-amazonl_81#dn7-walmart-amazonr_16930,0,0
dn7-walmart-amazonl_1525#dn7-walmart-amazonr_8562,0,0
dn7-walmart-amazonl_1980#dn7-walmart-amazonr_7472,0,0
dn7-walmart-amazonl_639#dn7-walmart-amazonr_31,0,0
dn7-walmart-amazonl_379#dn7-walmart-amazonr_14485,0,0
dn7-walmart-amazonl_1177#dn7-walmart-amazonr_20811,1,1
dn7-walmart-amazonl_337#dn7-walmart-amazonr_7857,0,0
dn7-walmart-amazonl_2510#dn7-walmart-amazonr_8913,0,0
dn7-walmart-amazonl_297#dn7-walmart-amazonr_2115,0,0
dn7-walmart-amazonl_1657#dn7-walmart-amazonr_17517,0,0
dn7-walmart-amazonl_45#dn7-walmart-amazonr_5471,0,0
dn7-walmart-amazonl_679#dn7-walmart-amazonr_15348,0,0
dn7-walmart-amazonl_2475#dn7-walmart-amazonr_3975,0,0
dn7-walmart-amazonl_1747#dn7-walmart-amazonr_16180,0,0
dn7-walmart-amazonl_1399#dn7-walmart-amazonr_18149,0,0
dn7-walmart-amazonl_795#dn7-walmart-amazonr_7993,0,0
dn7-walmart-amazonl_1423#dn7-walmart-amazonr_8170,0,0
dn7-walmart-amazonl_912#dn7-walmart-amazonr_9795,0,0
dn7-walmart-amazonl_774#dn7-walmart-amazonr_1003,0,0
dn7-walmart-amazonl_307#dn7-walmart-amazonr_12195,0,0
dn7-walmart-amazonl_2546#dn7-walmart-amazonr_803,0,0
dn7-walmart-amazonl_2454#dn7-walmart-amazonr_119,0,0
dn7-walmart-amazonl_1011#dn7-walmart-amazonr_6311,0,0
dn7-walmart-amazonl_973#dn7-walmart-amazonr_21568,1,1
dn7-walmart-amazonl_1476#dn7-walmart-amazonr_3142,0,0
dn7-walmart-amazonl_698#dn7-walmart-amazonr_3983,0,0
dn7-walmart-amazonl_1647#dn7-walmart-amazonr_9336,0,0
dn7-walmart-amazonl_695#dn7-walmart-amazonr_409,0,0
dn7-walmart-amazonl_323#dn7-walmart-amazonr_20006,0,0
dn7-walmart-amazonl_2291#dn7-walmart-amazonr_21862,0,0
dn7-walmart-amazonl_2157#dn7-walmart-amazonr_9578,0,0
dn7-walmart-amazonl_2368#dn7-walmart-amazonr_1402,0,0
dn7-walmart-amazonl_111#dn7-walmart-amazonr_11163,0,0
dn7-walmart-amazonl_573#dn7-walmart-amazonr_17558,0,0
dn7-walmart-amazonl_1564#dn7-walmart-amazonr_10894,0,0
dn7-walmart-amazonl_972#dn7-walmart-amazonr_2776,0,0
dn7-walmart-amazonl_1614#dn7-walmart-amazonr_911,0,0
dn7-walmart-amazonl_1265#dn7-walmart-amazonr_10607,0,0
dn7-walmart-amazonl_475#dn7-walmart-amazonr_7310,0,0
dn7-walmart-amazonl_1235#dn7-walmart-amazonr_12202,0,0
dn7-walmart-amazonl_72#dn7-walmart-amazonr_1968,0,0
dn7-walmart-amazonl_149#dn7-walmart-amazonr_19064,0,0
dn7-walmart-amazonl_1768#dn7-walmart-amazonr_10155,0,0
dn7-walmart-amazonl_1593#dn7-walmart-amazonr_19303,0,0
dn7-walmart-amazonl_1225#dn7-walmart-amazonr_11288,0,0
dn7-walmart-amazonl_462#dn7-walmart-amazonr_15400,0,0
dn7-walmart-amazonl_548#dn7-walmart-amazonr_6409,0,0
dn7-walmart-amazonl_998#dn7-walmart-amazonr_30,0,0
dn7-walmart-amazonl_1469#dn7-walmart-amazonr_10305,0,0
dn7-walmart-amazonl_1690#dn7-walmart-amazonr_3948,0,0
dn7-walmart-amazonl_1733#dn7-walmart-amazonr_12249,0,0
dn7-walmart-amazonl_1968#dn7-walmart-amazonr_21428,0,0
dn7-walmart-amazonl_1884#dn7-walmart-amazonr_18048,0,0
dn7-walmart-amazonl_1337#dn7-walmart-amazonr_17358,0,0
dn7-walmart-amazonl_506#dn7-walmart-amazonr_61,0,0
dn7-walmart-amazonl_956#dn7-walmart-amazonr_4163,0,0
dn7-walmart-amazonl_2458#dn7-walmart-amazonr_14922,0,0
dn7-walmart-amazonl_1414#dn7-walmart-amazonr_8880,0,0
dn7-walmart-amazonl_757#dn7-walmart-amazonr_3486,0,0
dn7-walmart-amazonl_1281#dn7-walmart-amazonr_4926,0,0
dn7-walmart-amazonl_1815#dn7-walmart-amazonr_16666,0,0
dn7-walmart-amazonl_1109#dn7-walmart-amazonr_15342,0,0
dn7-walmart-amazonl_1051#dn7-walmart-amazonr_17529,0,0
dn7-walmart-amazonl_2171#dn7-walmart-amazonr_15238,0,0
dn7-walmart-amazonl_142#dn7-walmart-amazonr_536,0,0
dn7-walmart-amazonl_315#dn7-walmart-amazonr_1730,0,0
dn7-walmart-amazonl_1448#dn7-walmart-amazonr_1740,0,0
dn7-walmart-amazonl_1235#dn7-walmart-amazonr_12203,0,0
dn7-walmart-amazonl_2277#dn7-walmart-amazonr_7159,0,0
dn7-walmart-amazonl_67#dn7-walmart-amazonr_732,0,0
dn7-walmart-amazonl_1620#dn7-walmart-amazonr_5885,0,0
dn7-walmart-amazonl_1352#dn7-walmart-amazonr_6939,0,0
dn7-walmart-amazonl_780#dn7-walmart-amazonr_7295,0,0
dn7-walmart-amazonl_1821#dn7-walmart-amazonr_8745,0,0
dn7-walmart-amazonl_286#dn7-walmart-amazonr_13600,0,0
dn7-walmart-amazonl_1634#dn7-walmart-amazonr_4499,0,0
dn7-walmart-amazonl_2407#dn7-walmart-amazonr_4273,0,0
dn7-walmart-amazonl_2127#dn7-walmart-amazonr_13882,0,0
dn7-walmart-amazonl_1042#dn7-walmart-amazonr_235,0,0
dn7-walmart-amazonl_1777#dn7-walmart-amazonr_17901,0,0
dn7-walmart-amazonl_367#dn7-walmart-amazonr_5382,0,0
dn7-walmart-amazonl_2408#dn7-walmart-amazonr_15286,0,0
dn7-walmart-amazonl_1097#dn7-walmart-amazonr_12850,0,0
dn7-walmart-amazonl_1541#dn7-walmart-amazonr_19018,0,0
dn7-walmart-amazonl_1946#dn7-walmart-amazonr_5248,0,0
dn7-walmart-amazonl_1618#dn7-walmart-amazonr_488,0,0
dn7-walmart-amazonl_450#dn7-walmart-amazonr_12268,0,0
dn7-walmart-amazonl_1771#dn7-walmart-amazonr_10763,0,0
dn7-walmart-amazonl_2366#dn7-walmart-amazonr_7143,0,0
dn7-walmart-amazonl_1286#dn7-walmart-amazonr_11019,0,0
dn7-walmart-amazonl_593#dn7-walmart-amazonr_3678,0,0
dn7-walmart-amazonl_2053#dn7-walmart-amazonr_6397,0,0
dn7-walmart-amazonl_1855#dn7-walmart-amazonr_4509,0,0
dn7-walmart-amazonl_958#dn7-walmart-amazonr_15224,0,0
dn7-walmart-amazonl_651#dn7-walmart-amazonr_20159,0,0
dn7-walmart-amazonl_107#dn7-walmart-amazonr_13383,0,0
dn7-walmart-amazonl_478#dn7-walmart-amazonr_6681,0,0
dn7-walmart-amazonl_1631#dn7-walmart-amazonr_20144,0,0
dn7-walmart-amazonl_191#dn7-walmart-amazonr_8635,0,0
dn7-walmart-amazonl_448#dn7-walmart-amazonr_13174,0,0
dn7-walmart-amazonl_781#dn7-walmart-amazonr_16861,0,0
dn7-walmart-amazonl_90#dn7-walmart-amazonr_12710,0,0
dn7-walmart-amazonl_431#dn7-walmart-amazonr_10193,0,0
dn7-walmart-amazonl_1930#dn7-walmart-amazonr_9436,0,0
dn7-walmart-amazonl_2124#dn7-walmart-amazonr_9573,0,0
dn7-walmart-amazonl_1801#dn7-walmart-amazonr_4274,0,0
dn7-walmart-amazonl_1993#dn7-walmart-amazonr_21695,0,0
dn7-walmart-amazonl_212#dn7-walmart-amazonr_16120,0,0
dn7-walmart-amazonl_1003#dn7-walmart-amazonr_7566,0,0
dn7-walmart-amazonl_1248#dn7-walmart-amazonr_16298,1,1
dn7-walmart-amazonl_992#dn7-walmart-amazonr_3028,0,0
dn7-walmart-amazonl_613#dn7-walmart-amazonr_854,0,0
dn7-walmart-amazonl_2456#dn7-walmart-amazonr_9576,0,0
dn7-walmart-amazonl_1957#dn7-walmart-amazonr_16936,0,0
dn7-walmart-amazonl_746#dn7-walmart-amazonr_5533,0,0
dn7-walmart-amazonl_398#dn7-walmart-amazonr_21212,0,0
dn7-walmart-amazonl_2388#dn7-walmart-amazonr_1968,0,0
dn7-walmart-amazonl_2383#dn7-walmart-amazonr_16487,0,0
dn7-walmart-amazonl_532#dn7-walmart-amazonr_6033,0,0
dn7-walmart-amazonl_612#dn7-walmart-amazonr_2829,0,0
dn7-walmart-amazonl_1644#dn7-walmart-amazonr_14486,0,0
dn7-walmart-amazonl_1877#dn7-walmart-amazonr_946,0,0
dn7-walmart-amazonl_1209#dn7-walmart-amazonr_11697,0,0
dn7-walmart-amazonl_1663#dn7-walmart-amazonr_21814,0,0
dn7-walmart-amazonl_151#dn7-walmart-amazonr_14577,0,0
dn7-walmart-amazonl_1703#dn7-walmart-amazonr_19543,0,0
dn7-walmart-amazonl_809#dn7-walmart-amazonr_14215,0,0
dn7-walmart-amazonl_1811#dn7-walmart-amazonr_11976,0,0
dn7-walmart-amazonl_2150#dn7-walmart-amazonr_4094,0,0
dn7-walmart-amazonl_1042#dn7-walmart-amazonr_2937,0,0
dn7-walmart-amazonl_220#dn7-walmart-amazonr_6896,0,0
dn7-walmart-amazonl_967#dn7-walmart-amazonr_17837,0,0
dn7-walmart-amazonl_377#dn7-walmart-amazonr_13374,0,0
dn7-walmart-amazonl_161#dn7-walmart-amazonr_13969,0,0
dn7-walmart-amazonl_523#dn7-walmart-amazonr_3626,0,1
dn7-walmart-amazonl_1636#dn7-walmart-amazonr_21887,0,0
dn7-walmart-amazonl_1863#dn7-walmart-amazonr_840,0,0
dn7-walmart-amazonl_1856#dn7-walmart-amazonr_12268,0,0
dn7-walmart-amazonl_551#dn7-walmart-amazonr_16160,0,0
dn7-walmart-amazonl_1932#dn7-walmart-amazonr_6009,0,0
dn7-walmart-amazonl_1871#dn7-walmart-amazonr_15804,0,0
dn7-walmart-amazonl_1060#dn7-walmart-amazonr_8062,0,0
dn7-walmart-amazonl_1503#dn7-walmart-amazonr_3967,0,0
dn7-walmart-amazonl_1767#dn7-walmart-amazonr_1832,0,0
dn7-walmart-amazonl_2474#dn7-walmart-amazonr_8537,0,0
dn7-walmart-amazonl_546#dn7-walmart-amazonr_113,0,0
dn7-walmart-amazonl_1366#dn7-walmart-amazonr_5954,0,0
dn7-walmart-amazonl_700#dn7-walmart-amazonr_1674,0,0
dn7-walmart-amazonl_768#dn7-walmart-amazonr_4345,0,0
dn7-walmart-amazonl_300#dn7-walmart-amazonr_7412,0,0
dn7-walmart-amazonl_2112#dn7-walmart-amazonr_664,0,0
dn7-walmart-amazonl_463#dn7-walmart-amazonr_177,0,0
dn7-walmart-amazonl_683#dn7-walmart-amazonr_5788,0,0
dn7-walmart-amazonl_776#dn7-walmart-amazonr_7387,0,0
dn7-walmart-amazonl_2126#dn7-walmart-amazonr_9719,0,0
dn7-walmart-amazonl_448#dn7-walmart-amazonr_13248,0,0
dn7-walmart-amazonl_1940#dn7-walmart-amazonr_12337,0,0
dn7-walmart-amazonl_890#dn7-walmart-amazonr_8698,0,0
dn7-walmart-amazonl_2#dn7-walmart-amazonr_17266,0,0
dn7-walmart-amazonl_1431#dn7-walmart-amazonr_12839,0,0
dn7-walmart-amazonl_875#dn7-walmart-amazonr_3948,0,0
dn7-walmart-amazonl_631#dn7-walmart-amazonr_19989,0,0
dn7-walmart-amazonl_1982#dn7-walmart-amazonr_1769,0,0
dn7-walmart-amazonl_2483#dn7-walmart-amazonr_12092,0,0
dn7-walmart-amazonl_1703#dn7-walmart-amazonr_379,0,0
dn7-walmart-amazonl_285#dn7-walmart-amazonr_10474,0,0
dn7-walmart-amazonl_2523#dn7-walmart-amazonr_4509,0,0
dn7-walmart-amazonl_894#dn7-walmart-amazonr_19250,0,0
dn7-walmart-amazonl_1821#dn7-walmart-amazonr_9473,0,0
dn7-walmart-amazonl_1214#dn7-walmart-amazonr_13600,0,0
dn7-walmart-amazonl_385#dn7-walmart-amazonr_19456,0,0
dn7-walmart-amazonl_2465#dn7-walmart-amazonr_20924,0,0
dn7-walmart-amazonl_1939#dn7-walmart-amazonr_13855,0,0
dn7-walmart-amazonl_2225#dn7-walmart-amazonr_21791,0,0
dn7-walmart-amazonl_701#dn7-walmart-amazonr_6753,0,0
dn7-walmart-amazonl_1581#dn7-walmart-amazonr_2645,0,0
dn7-walmart-amazonl_552#dn7-walmart-amazonr_5364,0,0
dn7-walmart-amazonl_1283#dn7-walmart-amazonr_2589,0,0
dn7-walmart-amazonl_2379#dn7-walmart-amazonr_264,0,1
dn7-walmart-amazonl_627#dn7-walmart-amazonr_18165,0,0
dn7-walmart-amazonl_1135#dn7-walmart-amazonr_2689,0,0
dn7-walmart-amazonl_660#dn7-walmart-amazonr_706,0,0
dn7-walmart-amazonl_2271#dn7-walmart-amazonr_7124,0,0
dn7-walmart-amazonl_1982#dn7-walmart-amazonr_1770,0,0
dn7-walmart-amazonl_1289#dn7-walmart-amazonr_20260,0,0
dn7-walmart-amazonl_790#dn7-walmart-amazonr_6896,0,0
dn7-walmart-amazonl_993#dn7-walmart-amazonr_8072,0,0
dn7-walmart-amazonl_225#dn7-walmart-amazonr_107,0,0
dn7-walmart-amazonl_2349#dn7-walmart-amazonr_6991,0,0
dn7-walmart-amazonl_1754#dn7-walmart-amazonr_8697,0,0
dn7-walmart-amazonl_1192#dn7-walmart-amazonr_6408,0,0
dn7-walmart-amazonl_1129#dn7-walmart-amazonr_10605,0,0
dn7-walmart-amazonl_2348#dn7-walmart-amazonr_6167,0,0
dn7-walmart-amazonl_1683#dn7-walmart-amazonr_176,0,0
dn7-walmart-amazonl_281#dn7-walmart-amazonr_3631,0,0
dn7-walmart-amazonl_1006#dn7-walmart-amazonr_14570,0,0
dn7-walmart-amazonl_1796#dn7-walmart-amazonr_19517,0,0
dn7-walmart-amazonl_570#dn7-walmart-amazonr_19375,0,0
dn7-walmart-amazonl_248#dn7-walmart-amazonr_11662,0,0
dn7-walmart-amazonl_787#dn7-walmart-amazonr_21273,0,0
dn7-walmart-amazonl_1168#dn7-walmart-amazonr_18623,0,0
dn7-walmart-amazonl_1722#dn7-walmart-amazonr_16213,0,0
dn7-walmart-amazonl_1537#dn7-walmart-amazonr_9727,0,0
dn7-walmart-amazonl_325#dn7-walmart-amazonr_14531,0,0
dn7-walmart-amazonl_889#dn7-walmart-amazonr_12764,0,0
dn7-walmart-amazonl_1178#dn7-walmart-amazonr_11716,0,0
dn7-walmart-amazonl_637#dn7-walmart-amazonr_14088,0,0
dn7-walmart-amazonl_1509#dn7-walmart-amazonr_8942,0,0
dn7-walmart-amazonl_922#dn7-walmart-amazonr_21618,0,0
dn7-walmart-amazonl_942#dn7-walmart-amazonr_9928,0,0
dn7-walmart-amazonl_2487#dn7-walmart-amazonr_2997,0,0
dn7-walmart-amazonl_1269#dn7-walmart-amazonr_15509,0,0
dn7-walmart-amazonl_407#dn7-walmart-amazonr_17345,0,0
dn7-walmart-amazonl_418#dn7-walmart-amazonr_20891,0,0
dn7-walmart-amazonl_948#dn7-walmart-amazonr_15127,0,0
dn7-walmart-amazonl_1875#dn7-walmart-amazonr_10950,0,0
dn7-walmart-amazonl_1998#dn7-walmart-amazonr_2151,0,0
dn7-walmart-amazonl_1393#dn7-walmart-amazonr_17763,0,0
dn7-walmart-amazonl_1188#dn7-walmart-amazonr_731,0,0
dn7-walmart-amazonl_1881#dn7-walmart-amazonr_2864,0,0
dn7-walmart-amazonl_1742#dn7-walmart-amazonr_5548,0,0
dn7-walmart-amazonl_2277#dn7-walmart-amazonr_6960,0,0
dn7-walmart-amazonl_380#dn7-walmart-amazonr_5426,0,0
dn7-walmart-amazonl_277#dn7-walmart-amazonr_13272,0,0
dn7-walmart-amazonl_2346#dn7-walmart-amazonr_5422,0,0
dn7-walmart-amazonl_1449#dn7-walmart-amazonr_420,0,0
dn7-walmart-amazonl_2417#dn7-walmart-amazonr_13269,0,0
dn7-walmart-amazonl_2279#dn7-walmart-amazonr_4730,0,0
dn7-walmart-amazonl_1452#dn7-walmart-amazonr_17641,0,0
dn7-walmart-amazonl_2120#dn7-walmart-amazonr_4726,0,0
dn7-walmart-amazonl_2259#dn7-walmart-amazonr_14833,0,0
dn7-walmart-amazonl_2503#dn7-walmart-amazonr_11301,0,0
dn7-walmart-amazonl_867#dn7-walmart-amazonr_12367,0,0
dn7-walmart-amazonl_1241#dn7-walmart-amazonr_16633,0,0
dn7-walmart-amazonl_2494#dn7-walmart-amazonr_14244,0,0
dn7-walmart-amazonl_1898#dn7-walmart-amazonr_16040,0,0
dn7-walmart-amazonl_262#dn7-walmart-amazonr_2162,0,0
dn7-walmart-amazonl_2287#dn7-walmart-amazonr_4273,0,0
dn7-walmart-amazonl_1689#dn7-walmart-amazonr_16375,0,0
dn7-walmart-amazonl_379#dn7-walmart-amazonr_10532,0,0
dn7-walmart-amazonl_1052#dn7-walmart-amazonr_12793,0,0
dn7-walmart-amazonl_1086#dn7-walmart-amazonr_2815,0,0
dn7-walmart-amazonl_251#dn7-walmart-amazonr_9848,0,0
dn7-walmart-amazonl_1#dn7-walmart-amazonr_9043,0,0
dn7-walmart-amazonl_1593#dn7-walmart-amazonr_20741,0,0
dn7-walmart-amazonl_629#dn7-walmart-amazonr_8868,0,0
dn7-walmart-amazonl_2052#dn7-walmart-amazonr_6180,0,0
dn7-walmart-amazonl_2207#dn7-walmart-amazonr_8689,0,0
dn7-walmart-amazonl_1779#dn7-walmart-amazonr_9161,0,0
dn7-walmart-amazonl_1793#dn7-walmart-amazonr_16106,0,0
dn7-walmart-amazonl_1251#dn7-walmart-amazonr_12465,0,0
dn7-walmart-amazonl_397#dn7-walmart-amazonr_13483,0,0
dn7-walmart-amazonl_1676#dn7-walmart-amazonr_9891,0,0
dn7-walmart-amazonl_350#dn7-walmart-amazonr_2035,0,0
dn7-walmart-amazonl_2290#dn7-walmart-amazonr_13832,0,0
dn7-walmart-amazonl_204#dn7-walmart-amazonr_17672,0,0
dn7-walmart-amazonl_289#dn7-walmart-amazonr_16071,0,0
dn7-walmart-amazonl_552#dn7-walmart-amazonr_10465,0,0
dn7-walmart-amazonl_2235#dn7-walmart-amazonr_2781,0,0
dn7-walmart-amazonl_1288#dn7-walmart-amazonr_4274,0,0
dn7-walmart-amazonl_1678#dn7-walmart-amazonr_12236,0,0
dn7-walmart-amazonl_427#dn7-walmart-amazonr_3136,0,0
dn7-walmart-amazonl_1856#dn7-walmart-amazonr_21513,0,0
dn7-walmart-amazonl_49#dn7-walmart-amazonr_8096,1,1
dn7-walmart-amazonl_1867#dn7-walmart-amazonr_7015,0,0
dn7-walmart-amazonl_1108#dn7-walmart-amazonr_14189,0,0
dn7-walmart-amazonl_1783#dn7-walmart-amazonr_6321,0,0
dn7-walmart-amazonl_838#dn7-walmart-amazonr_14131,0,0
dn7-walmart-amazonl_859#dn7-walmart-amazonr_6964,0,0
dn7-walmart-amazonl_1980#dn7-walmart-amazonr_1503,0,0
dn7-walmart-amazonl_322#dn7-walmart-amazonr_9990,1,0
dn7-walmart-amazonl_480#dn7-walmart-amazonr_379,0,0
dn7-walmart-amazonl_186#dn7-walmart-amazonr_4459,0,0
dn7-walmart-amazonl_256#dn7-walmart-amazonr_10276,0,0
dn7-walmart-amazonl_536#dn7-walmart-amazonr_2725,0,0
dn7-walmart-amazonl_462#dn7-walmart-amazonr_2827,0,0
dn7-walmart-amazonl_1283#dn7-walmart-amazonr_14891,0,0
dn7-walmart-amazonl_1384#dn7-walmart-amazonr_5266,0,0
dn7-walmart-amazonl_822#dn7-walmart-amazonr_304,0,0
dn7-walmart-amazonl_63#dn7-walmart-amazonr_13383,0,0
dn7-walmart-amazonl_728#dn7-walmart-amazonr_10998,0,0
dn7-walmart-amazonl_924#dn7-walmart-amazonr_12292,0,0
dn7-walmart-amazonl_1949#dn7-walmart-amazonr_15101,0,0
dn7-walmart-amazonl_1696#dn7-walmart-amazonr_18915,0,0
dn7-walmart-amazonl_2242#dn7-walmart-amazonr_7441,0,0
dn7-walmart-amazonl_909#dn7-walmart-amazonr_18762,0,0
dn7-walmart-amazonl_1600#dn7-walmart-amazonr_17860,0,0
dn7-walmart-amazonl_1581#dn7-walmart-amazonr_16040,0,0
dn7-walmart-amazonl_260#dn7-walmart-amazonr_20572,0,0
dn7-walmart-amazonl_644#dn7-walmart-amazonr_7970,0,0
dn7-walmart-amazonl_907#dn7-walmart-amazonr_9726,0,0
dn7-walmart-amazonl_2025#dn7-walmart-amazonr_2695,0,0
dn7-walmart-amazonl_1202#dn7-walmart-amazonr_11051,0,0
dn7-walmart-amazonl_2004#dn7-walmart-amazonr_21627,0,0
dn7-walmart-amazonl_2234#dn7-walmart-amazonr_4648,0,0
dn7-walmart-amazonl_2027#dn7-walmart-amazonr_2997,0,0
dn7-walmart-amazonl_290#dn7-walmart-amazonr_19110,0,0
dn7-walmart-amazonl_621#dn7-walmart-amazonr_1838,0,0
dn7-walmart-amazonl_2479#dn7-walmart-amazonr_14615,0,0
dn7-walmart-amazonl_1430#dn7-walmart-amazonr_15353,0,0
dn7-walmart-amazonl_412#dn7-walmart-amazonr_2802,0,0
dn7-walmart-amazonl_1758#dn7-walmart-amazonr_15059,0,0
dn7-walmart-amazonl_77#dn7-walmart-amazonr_14247,0,0
dn7-walmart-amazonl_1862#dn7-walmart-amazonr_1501,0,0
dn7-walmart-amazonl_1843#dn7-walmart-amazonr_4900,0,0
dn7-walmart-amazonl_2190#dn7-walmart-amazonr_1796,0,0
dn7-walmart-amazonl_706#dn7-walmart-amazonr_18673,0,0
dn7-walmart-amazonl_1682#dn7-walmart-amazonr_21639,0,0
dn7-walmart-amazonl_675#dn7-walmart-amazonr_17319,0,0
dn7-walmart-amazonl_2480#dn7-walmart-amazonr_1769,0,0
dn7-walmart-amazonl_484#dn7-walmart-amazonr_2257,0,0
dn7-walmart-amazonl_611#dn7-walmart-amazonr_8429,1,1
dn7-walmart-amazonl_1652#dn7-walmart-amazonr_7662,0,0
dn7-walmart-amazonl_2293#dn7-walmart-amazonr_6494,0,0
dn7-walmart-amazonl_295#dn7-walmart-amazonr_2589,0,0
dn7-walmart-amazonl_1989#dn7-walmart-amazonr_8002,0,0
dn7-walmart-amazonl_2059#dn7-walmart-amazonr_21109,0,0
dn7-walmart-amazonl_610#dn7-walmart-amazonr_15810,0,0
dn7-walmart-amazonl_2072#dn7-walmart-amazonr_16105,0,0
dn7-walmart-amazonl_221#dn7-walmart-amazonr_21158,0,0
dn7-walmart-amazonl_227#dn7-walmart-amazonr_7522,0,0
dn7-walmart-amazonl_1857#dn7-walmart-amazonr_3157,0,0
dn7-walmart-amazonl_116#dn7-walmart-amazonr_5884,0,0
dn7-walmart-amazonl_1396#dn7-walmart-amazonr_5131,0,0
dn7-walmart-amazonl_1563#dn7-walmart-amazonr_2374,0,0
dn7-walmart-amazonl_515#dn7-walmart-amazonr_12207,0,0
dn7-walmart-amazonl_1587#dn7-walmart-amazonr_2356,0,0
dn7-walmart-amazonl_2546#dn7-walmart-amazonr_9036,0,0
dn7-walmart-amazonl_159#dn7-walmart-amazonr_20821,0,0
dn7-walmart-amazonl_92#dn7-walmart-amazonr_12789,0,0
dn7-walmart-amazonl_1059#dn7-walmart-amazonr_13944,0,0
dn7-walmart-amazonl_2069#dn7-walmart-amazonr_14943,0,0
dn7-walmart-amazonl_2280#dn7-walmart-amazonr_15315,0,0
dn7-walmart-amazonl_1340#dn7-walmart-amazonr_13253,0,0
dn7-walmart-amazonl_2443#dn7-walmart-amazonr_16560,0,0
dn7-walmart-amazonl_1839#dn7-walmart-amazonr_3482,0,0
dn7-walmart-amazonl_2062#dn7-walmart-amazonr_10242,0,0
dn7-walmart-amazonl_1396#dn7-walmart-amazonr_14557,0,0
dn7-walmart-amazonl_1468#dn7-walmart-amazonr_14099,0,0
dn7-walmart-amazonl_63#dn7-walmart-amazonr_16072,0,0
dn7-walmart-amazonl_2423#dn7-walmart-amazonr_8682,0,0
dn7-walmart-amazonl_1082#dn7-walmart-amazonr_1226,0,0
dn7-walmart-amazonl_1962#dn7-walmart-amazonr_19276,0,0
dn7-walmart-amazonl_1809#dn7-walmart-amazonr_17184,0,0
dn7-walmart-amazonl_646#dn7-walmart-amazonr_2897,0,0
dn7-walmart-amazonl_1104#dn7-walmart-amazonr_2725,0,0
dn7-walmart-amazonl_1907#dn7-walmart-amazonr_5486,0,0
dn7-walmart-amazonl_1797#dn7-walmart-amazonr_15258,0,0
dn7-walmart-amazonl_284#dn7-walmart-amazonr_2679,0,0
dn7-walmart-amazonl_768#dn7-walmart-amazonr_21302,0,0
dn7-walmart-amazonl_2407#dn7-walmart-amazonr_4274,0,0
dn7-walmart-amazonl_2052#dn7-walmart-amazonr_10097,0,0
dn7-walmart-amazonl_892#dn7-walmart-amazonr_20922,0,0
dn7-walmart-amazonl_278#dn7-walmart-amazonr_16320,0,0
dn7-walmart-amazonl_1833#dn7-walmart-amazonr_176,0,0
dn7-walmart-amazonl_1961#dn7-walmart-amazonr_13808,0,0
dn7-walmart-amazonl_2289#dn7-walmart-amazonr_19944,0,0
dn7-walmart-amazonl_431#dn7-walmart-amazonr_7747,0,0
dn7-walmart-amazonl_2195#dn7-walmart-amazonr_6684,0,0
dn7-walmart-amazonl_1975#dn7-walmart-amazonr_9775,0,0
dn7-walmart-amazonl_905#dn7-walmart-amazonr_36,0,0
dn7-walmart-amazonl_2520#dn7-walmart-amazonr_54,0,0
dn7-walmart-amazonl_1660#dn7-walmart-amazonr_3891,0,0
dn7-walmart-amazonl_1451#dn7-walmart-amazonr_19281,0,0
dn7-walmart-amazonl_104#dn7-walmart-amazonr_2960,0,0
dn7-walmart-amazonl_1441#dn7-walmart-amazonr_8717,0,0
dn7-walmart-amazonl_1199#dn7-walmart-amazonr_2802,0,0
dn7-walmart-amazonl_2152#dn7-walmart-amazonr_11194,0,0
dn7-walmart-amazonl_2454#dn7-walmart-amazonr_20495,0,0
dn7-walmart-amazonl_2499#dn7-walmart-amazonr_4380,0,0
dn7-walmart-amazonl_679#dn7-walmart-amazonr_14815,0,0
dn7-walmart-amazonl_2310#dn7-walmart-amazonr_13797,0,0
dn7-walmart-amazonl_2236#dn7-walmart-amazonr_11641,0,0
dn7-walmart-amazonl_251#dn7-walmart-amazonr_13080,0,0
dn7-walmart-amazonl_203#dn7-walmart-amazonr_18186,0,0
dn7-walmart-amazonl_155#dn7-walmart-amazonr_4605,0,0
dn7-walmart-amazonl_355#dn7-walmart-amazonr_19032,0,0
dn7-walmart-amazonl_1409#dn7-walmart-amazonr_15409,0,0
dn7-walmart-amazonl_1113#dn7-walmart-amazonr_3036,0,0
dn7-walmart-amazonl_105#dn7-walmart-amazonr_14305,0,0
dn7-walmart-amazonl_1998#dn7-walmart-amazonr_11889,0,0
dn7-walmart-amazonl_451#dn7-walmart-amazonr_17999,0,0
dn7-walmart-amazonl_1722#dn7-walmart-amazonr_5564,0,0
dn7-walmart-amazonl_1496#dn7-walmart-amazonr_11180,0,0
dn7-walmart-amazonl_6#dn7-walmart-amazonr_14914,0,0
dn7-walmart-amazonl_2246#dn7-walmart-amazonr_16773,0,0
dn7-walmart-amazonl_365#dn7-walmart-amazonr_21548,0,0
dn7-walmart-amazonl_445#dn7-walmart-amazonr_21068,0,0
dn7-walmart-amazonl_1491#dn7-walmart-amazonr_9487,0,0
dn7-walmart-amazonl_1403#dn7-walmart-amazonr_431,0,0
dn7-walmart-amazonl_335#dn7-walmart-amazonr_6664,0,0
dn7-walmart-amazonl_597#dn7-walmart-amazonr_12305,0,0
dn7-walmart-amazonl_2181#dn7-walmart-amazonr_250,0,0
dn7-walmart-amazonl_875#dn7-walmart-amazonr_12246,0,0
dn7-walmart-amazonl_1853#dn7-walmart-amazonr_6907,0,0
dn7-walmart-amazonl_836#dn7-walmart-amazonr_8738,0,0
dn7-walmart-amazonl_2481#dn7-walmart-amazonr_19388,0,0
dn7-walmart-amazonl_1118#dn7-walmart-amazonr_3323,0,0
dn7-walmart-amazonl_1486#dn7-walmart-amazonr_15634,0,0
dn7-walmart-amazonl_307#dn7-walmart-amazonr_21316,0,0
dn7-walmart-amazonl_677#dn7-walmart-amazonr_3667,0,0
dn7-walmart-amazonl_928#dn7-walmart-amazonr_5210,0,0
dn7-walmart-amazonl_2047#dn7-walmart-amazonr_12501,0,0
dn7-walmart-amazonl_1525#dn7-walmart-amazonr_2549,0,0
dn7-walmart-amazonl_109#dn7-walmart-amazonr_854,0,0
dn7-walmart-amazonl_2336#dn7-walmart-amazonr_8128,0,0
dn7-walmart-amazonl_2227#dn7-walmart-amazonr_4234,0,0
dn7-walmart-amazonl_428#dn7-walmart-amazonr_1023,0,0
dn7-walmart-amazonl_2284#dn7-walmart-amazonr_17238,0,0
dn7-walmart-amazonl_920#dn7-walmart-amazonr_1268,0,0
dn7-walmart-amazonl_1684#dn7-walmart-amazonr_14396,0,0
dn7-walmart-amazonl_1038#dn7-walmart-amazonr_9727,0,0
dn7-walmart-amazonl_2487#dn7-walmart-amazonr_4909,0,0
dn7-walmart-amazonl_202#dn7-walmart-amazonr_21293,0,0
dn7-walmart-amazonl_10#dn7-walmart-amazonr_6785,0,0
dn7-walmart-amazonl_440#dn7-walmart-amazonr_17984,0,0
dn7-walmart-amazonl_1489#dn7-walmart-amazonr_20961,0,0
dn7-walmart-amazonl_2461#dn7-walmart-amazonr_21056,0,0
dn7-walmart-amazonl_617#dn7-walmart-amazonr_7489,0,0
dn7-walmart-amazonl_2396#dn7-walmart-amazonr_21833,0,0
dn7-walmart-amazonl_774#dn7-walmart-amazonr_4925,0,0
dn7-walmart-amazonl_986#dn7-walmart-amazonr_4638,0,0
dn7-walmart-amazonl_1209#dn7-walmart-amazonr_7697,0,0
dn7-walmart-amazonl_23#dn7-walmart-amazonr_8339,0,0
dn7-walmart-amazonl_2279#dn7-walmart-amazonr_2126,0,0
dn7-walmart-amazonl_1573#dn7-walmart-amazonr_2109,0,0
dn7-walmart-amazonl_2369#dn7-walmart-amazonr_1366,0,0
dn7-walmart-amazonl_1060#dn7-walmart-amazonr_14707,0,0
dn7-walmart-amazonl_1821#dn7-walmart-amazonr_10713,0,0
dn7-walmart-amazonl_965#dn7-walmart-amazonr_795,0,0
dn7-walmart-amazonl_824#dn7-walmart-amazonr_6480,0,0
dn7-walmart-amazonl_126#dn7-walmart-amazonr_1555,1,1
dn7-walmart-amazonl_2209#dn7-walmart-amazonr_8318,0,0
dn7-walmart-amazonl_2338#dn7-walmart-amazonr_18611,0,0
dn7-walmart-amazonl_1250#dn7-walmart-amazonr_1654,0,0
dn7-walmart-amazonl_2461#dn7-walmart-amazonr_7240,0,1
dn7-walmart-amazonl_1875#dn7-walmart-amazonr_8452,0,0
dn7-walmart-amazonl_583#dn7-walmart-amazonr_4507,0,0
dn7-walmart-amazonl_1911#dn7-walmart-amazonr_7103,0,0
dn7-walmart-amazonl_1725#dn7-walmart-amazonr_9398,0,0
dn7-walmart-amazonl_939#dn7-walmart-amazonr_8468,0,0
dn7-walmart-amazonl_829#dn7-walmart-amazonr_5053,0,0
dn7-walmart-amazonl_142#dn7-walmart-amazonr_15665,0,0
dn7-walmart-amazonl_1818#dn7-walmart-amazonr_20728,0,0
dn7-walmart-amazonl_429#dn7-walmart-amazonr_1284,0,0
dn7-walmart-amazonl_1345#dn7-walmart-amazonr_20146,0,0
dn7-walmart-amazonl_2255#dn7-walmart-amazonr_4044,0,0
dn7-walmart-amazonl_1378#dn7-walmart-amazonr_2377,0,0
dn7-walmart-amazonl_1034#dn7-walmart-amazonr_1815,0,0
dn7-walmart-amazonl_1439#dn7-walmart-amazonr_9688,0,0
dn7-walmart-amazonl_1303#dn7-walmart-amazonr_15508,0,0
dn7-walmart-amazonl_724#dn7-walmart-amazonr_182,0,0
dn7-walmart-amazonl_1108#dn7-walmart-amazonr_6672,0,0
dn7-walmart-amazonl_681#dn7-walmart-amazonr_13735,0,0
dn7-walmart-amazonl_2066#dn7-walmart-amazonr_13099,0,0
dn7-walmart-amazonl_2177#dn7-walmart-amazonr_4079,0,0
dn7-walmart-amazonl_2504#dn7-walmart-amazonr_20440,0,0
dn7-walmart-amazonl_1935#dn7-walmart-amazonr_4596,0,0
dn7-walmart-amazonl_1622#dn7-walmart-amazonr_20874,0,0
dn7-walmart-amazonl_1807#dn7-walmart-amazonr_1483,0,0
dn7-walmart-amazonl_1149#dn7-walmart-amazonr_1530,0,0
dn7-walmart-amazonl_1673#dn7-walmart-amazonr_11275,0,0
dn7-walmart-amazonl_1148#dn7-walmart-amazonr_5709,0,0
dn7-walmart-amazonl_2386#dn7-walmart-amazonr_14497,0,0
dn7-walmart-amazonl_607#dn7-walmart-amazonr_15938,0,0
dn7-walmart-amazonl_2336#dn7-walmart-amazonr_9469,0,0
dn7-walmart-amazonl_2018#dn7-walmart-amazonr_11227,0,0
dn7-walmart-amazonl_2161#dn7-walmart-amazonr_5396,0,0
dn7-walmart-amazonl_151#dn7-walmart-amazonr_10665,0,0
dn7-walmart-amazonl_2135#dn7-walmart-amazonr_5124,0,0
dn7-walmart-amazonl_416#dn7-walmart-amazonr_8289,0,0
dn7-walmart-amazonl_750#dn7-walmart-amazonr_3611,0,0
dn7-walmart-amazonl_162#dn7-walmart-amazonr_6715,0,0
dn7-walmart-amazonl_1433#dn7-walmart-amazonr_10875,0,0
dn7-walmart-amazonl_496#dn7-walmart-amazonr_8601,0,0
dn7-walmart-amazonl_241#dn7-walmart-amazonr_20698,0,0
dn7-walmart-amazonl_1660#dn7-walmart-amazonr_21467,0,0
dn7-walmart-amazonl_17#dn7-walmart-amazonr_18440,0,0
dn7-walmart-amazonl_845#dn7-walmart-amazonr_581,0,0
dn7-walmart-amazonl_2430#dn7-walmart-amazonr_10587,0,0
dn7-walmart-amazonl_1246#dn7-walmart-amazonr_2929,0,0
dn7-walmart-amazonl_1230#dn7-walmart-amazonr_14638,0,0
dn7-walmart-amazonl_185#dn7-walmart-amazonr_15894,0,0
dn7-walmart-amazonl_1416#dn7-walmart-amazonr_13775,0,0
dn7-walmart-amazonl_384#dn7-walmart-amazonr_4581,0,0
dn7-walmart-amazonl_1780#dn7-walmart-amazonr_486,0,0
dn7-walmart-amazonl_2528#dn7-walmart-amazonr_13892,0,0
dn7-walmart-amazonl_2244#dn7-walmart-amazonr_11936,0,0
dn7-walmart-amazonl_1607#dn7-walmart-amazonr_8337,0,0
dn7-walmart-amazonl_10#dn7-walmart-amazonr_2857,0,0
dn7-walmart-amazonl_1782#dn7-walmart-amazonr_17143,0,0
dn7-walmart-amazonl_622#dn7-walmart-amazonr_2897,0,0
dn7-walmart-amazonl_713#dn7-walmart-amazonr_20699,0,0
dn7-walmart-amazonl_1681#dn7-walmart-amazonr_20776,0,0
dn7-walmart-amazonl_1011#dn7-walmart-amazonr_21659,0,0
dn7-walmart-amazonl_114#dn7-walmart-amazonr_9624,0,0
dn7-walmart-amazonl_1934#dn7-walmart-amazonr_15501,0,0
dn7-walmart-amazonl_1065#dn7-walmart-amazonr_677,0,0
dn7-walmart-amazonl_648#dn7-walmart-amazonr_21000,0,0
dn7-walmart-amazonl_2037#dn7-walmart-amazonr_18945,0,0
dn7-walmart-amazonl_237#dn7-walmart-amazonr_19276,0,0
dn7-walmart-amazonl_2337#dn7-walmart-amazonr_19492,0,0
dn7-walmart-amazonl_116#dn7-walmart-amazonr_3007,0,0
dn7-walmart-amazonl_2358#dn7-walmart-amazonr_9026,0,0
dn7-walmart-amazonl_30#dn7-walmart-amazonr_5091,0,0
dn7-walmart-amazonl_2292#dn7-walmart-amazonr_18816,0,0
dn7-walmart-amazonl_1716#dn7-walmart-amazonr_13660,0,0
dn7-walmart-amazonl_2250#dn7-walmart-amazonr_17549,0,0
dn7-walmart-amazonl_1802#dn7-walmart-amazonr_10968,0,0
dn7-walmart-amazonl_1129#dn7-walmart-amazonr_14565,0,0
dn7-walmart-amazonl_1737#dn7-walmart-amazonr_21662,0,0
dn7-walmart-amazonl_2226#dn7-walmart-amazonr_13150,0,0
dn7-walmart-amazonl_1797#dn7-walmart-amazonr_805,0,0
dn7-walmart-amazonl_1486#dn7-walmart-amazonr_5427,0,0
dn7-walmart-amazonl_35#dn7-walmart-amazonr_4060,0,0
dn7-walmart-amazonl_1759#dn7-walmart-amazonr_13873,0,0
dn7-walmart-amazonl_2228#dn7-walmart-amazonr_7957,0,0
dn7-walmart-amazonl_2466#dn7-walmart-amazonr_6344,0,0
dn7-walmart-amazonl_1702#dn7-walmart-amazonr_17095,0,0
dn7-walmart-amazonl_802#dn7-walmart-amazonr_10680,0,0
dn7-walmart-amazonl_2393#dn7-walmart-amazonr_9381,0,0
dn7-walmart-amazonl_1594#dn7-walmart-amazonr_20353,0,0
dn7-walmart-amazonl_895#dn7-walmart-amazonr_4549,0,0
dn7-walmart-amazonl_1814#dn7-walmart-amazonr_8689,0,0
dn7-walmart-amazonl_454#dn7-walmart-amazonr_2985,0,0
dn7-walmart-amazonl_1069#dn7-walmart-amazonr_2388,0,0
dn7-walmart-amazonl_1798#dn7-walmart-amazonr_19845,0,0
dn7-walmart-amazonl_55#dn7-walmart-amazonr_5837,0,0
dn7-walmart-amazonl_184#dn7-walmart-amazonr_2943,0,0
dn7-walmart-amazonl_886#dn7-walmart-amazonr_16556,0,0
dn7-walmart-amazonl_118#dn7-walmart-amazonr_9116,0,0
dn7-walmart-amazonl_1245#dn7-walmart-amazonr_30,0,0
dn7-walmart-amazonl_2252#dn7-walmart-amazonr_2458,0,0
dn7-walmart-amazonl_1126#dn7-walmart-amazonr_11930,0,0
dn7-walmart-amazonl_965#dn7-walmart-amazonr_6735,0,0
dn7-walmart-amazonl_1947#dn7-walmart-amazonr_10953,0,0
dn7-walmart-amazonl_1527#dn7-walmart-amazonr_16487,0,0
dn7-walmart-amazonl_2119#dn7-walmart-amazonr_4587,0,0
dn7-walmart-amazonl_1082#dn7-walmart-amazonr_15923,0,0
dn7-walmart-amazonl_153#dn7-walmart-amazonr_9098,0,0
dn7-walmart-amazonl_540#dn7-walmart-amazonr_2212,0,0
dn7-walmart-amazonl_910#dn7-walmart-amazonr_13404,0,0
dn7-walmart-amazonl_1130#dn7-walmart-amazonr_21144,0,0
dn7-walmart-amazonl_674#dn7-walmart-amazonr_18904,0,0
dn7-walmart-amazonl_510#dn7-walmart-amazonr_3341,0,0
dn7-walmart-amazonl_663#dn7-walmart-amazonr_5082,0,0
dn7-walmart-amazonl_879#dn7-walmart-amazonr_16388,0,0
dn7-walmart-amazonl_807#dn7-walmart-amazonr_8761,0,0
dn7-walmart-amazonl_16#dn7-walmart-amazonr_3234,0,0
dn7-walmart-amazonl_690#dn7-walmart-amazonr_4828,0,0
dn7-walmart-amazonl_1173#dn7-walmart-amazonr_9879,0,0
dn7-walmart-amazonl_871#dn7-walmart-amazonr_20288,1,1
dn7-walmart-amazonl_2080#dn7-walmart-amazonr_20626,0,0
dn7-walmart-amazonl_1018#dn7-walmart-amazonr_3599,0,0
dn7-walmart-amazonl_287#dn7-walmart-amazonr_18905,0,0
dn7-walmart-amazonl_1774#dn7-walmart-amazonr_18400,0,0
dn7-walmart-amazonl_1914#dn7-walmart-amazonr_7037,0,0
dn7-walmart-amazonl_409#dn7-walmart-amazonr_16750,0,0
dn7-walmart-amazonl_475#dn7-walmart-amazonr_12747,0,0
dn7-walmart-amazonl_1841#dn7-walmart-amazonr_20920,0,0
dn7-walmart-amazonl_835#dn7-walmart-amazonr_11967,0,0
dn7-walmart-amazonl_2187#dn7-walmart-amazonr_7037,0,0
dn7-walmart-amazonl_102#dn7-walmart-amazonr_9796,0,0
dn7-walmart-amazonl_1210#dn7-walmart-amazonr_9305,0,0
dn7-walmart-amazonl_2492#dn7-walmart-amazonr_9183,0,0
dn7-walmart-amazonl_1107#dn7-walmart-amazonr_12710,0,0
dn7-walmart-amazonl_499#dn7-walmart-amazonr_9434,0,0
dn7-walmart-amazonl_205#dn7-walmart-amazonr_11961,0,0
dn7-walmart-amazonl_2243#dn7-walmart-amazonr_6201,0,0
dn7-walmart-amazonl_1253#dn7-walmart-amazonr_12123,0,0
dn7-walmart-amazonl_1154#dn7-walmart-amazonr_4372,0,0
dn7-walmart-amazonl_2526#dn7-walmart-amazonr_10975,0,0
dn7-walmart-amazonl_918#dn7-walmart-amazonr_22055,0,0
dn7-walmart-amazonl_875#dn7-walmart-amazonr_19223,0,0
dn7-walmart-amazonl_1716#dn7-walmart-amazonr_16817,0,0
dn7-walmart-amazonl_2352#dn7-walmart-amazonr_12439,0,0
dn7-walmart-amazonl_1138#dn7-walmart-amazonr_11297,0,0
dn7-walmart-amazonl_1692#dn7-walmart-amazonr_11687,0,0
dn7-walmart-amazonl_1696#dn7-walmart-amazonr_21905,0,0
dn7-walmart-amazonl_890#dn7-walmart-amazonr_8057,0,0
dn7-walmart-amazonl_280#dn7-walmart-amazonr_8783,0,0
dn7-walmart-amazonl_48#dn7-walmart-amazonr_13934,0,0
dn7-walmart-amazonl_1881#dn7-walmart-amazonr_21801,0,0
dn7-walmart-amazonl_853#dn7-walmart-amazonr_17560,0,0
dn7-walmart-amazonl_2167#dn7-walmart-amazonr_1967,0,0
dn7-walmart-amazonl_1692#dn7-walmart-amazonr_11543,0,0
dn7-walmart-amazonl_2396#dn7-walmart-amazonr_17373,0,0
dn7-walmart-amazonl_40#dn7-walmart-amazonr_6746,0,0
dn7-walmart-amazonl_362#dn7-walmart-amazonr_9024,0,0
dn7-walmart-amazonl_947#dn7-walmart-amazonr_4094,0,0
dn7-walmart-amazonl_2006#dn7-walmart-amazonr_659,0,0
dn7-walmart-amazonl_1139#dn7-walmart-amazonr_14397,0,0
dn7-walmart-amazonl_515#dn7-walmart-amazonr_19432,0,0
dn7-walmart-amazonl_1615#dn7-walmart-amazonr_19852,0,0
dn7-walmart-amazonl_775#dn7-walmart-amazonr_5380,0,0
dn7-walmart-amazonl_439#dn7-walmart-amazonr_17860,0,0
dn7-walmart-amazonl_1659#dn7-walmart-amazonr_16611,0,0
dn7-walmart-amazonl_233#dn7-walmart-amazonr_4689,0,0
dn7-walmart-amazonl_2300#dn7-walmart-amazonr_7143,0,0
dn7-walmart-amazonl_906#dn7-walmart-amazonr_11441,0,0
dn7-walmart-amazonl_2547#dn7-walmart-amazonr_7122,0,0
dn7-walmart-amazonl_1406#dn7-walmart-amazonr_10028,0,0
dn7-walmart-amazonl_1727#dn7-walmart-amazonr_5655,0,0
dn7-walmart-amazonl_2297#dn7-walmart-amazonr_4739,0,1
dn7-walmart-amazonl_1959#dn7-walmart-amazonr_4724,0,0
dn7-walmart-amazonl_223#dn7-walmart-amazonr_11259,0,0
dn7-walmart-amazonl_58#dn7-walmart-amazonr_11556,0,0
dn7-walmart-amazonl_2115#dn7-walmart-amazonr_7357,0,0
dn7-walmart-amazonl_1451#dn7-walmart-amazonr_4709,0,0
dn7-walmart-amazonl_1567#dn7-walmart-amazonr_5755,0,0
dn7-walmart-amazonl_239#dn7-walmart-amazonr_10630,0,0
dn7-walmart-amazonl_1451#dn7-walmart-amazonr_21565,0,0
dn7-walmart-amazonl_1300#dn7-walmart-amazonr_2677,0,0
dn7-walmart-amazonl_1546#dn7-walmart-amazonr_8766,0,0
dn7-walmart-amazonl_2175#dn7-walmart-amazonr_19930,0,0
dn7-walmart-amazonl_2400#dn7-walmart-amazonr_1516,0,0
dn7-walmart-amazonl_926#dn7-walmart-amazonr_17400,0,0
dn7-walmart-amazonl_412#dn7-walmart-amazonr_7785,0,0
dn7-walmart-amazonl_101#dn7-walmart-amazonr_2588,0,0
dn7-walmart-amazonl_1472#dn7-walmart-amazonr_10755,0,0
dn7-walmart-amazonl_327#dn7-walmart-amazonr_19888,0,0
dn7-walmart-amazonl_1143#dn7-walmart-amazonr_13581,0,0
dn7-walmart-amazonl_668#dn7-walmart-amazonr_8424,0,0
dn7-walmart-amazonl_306#dn7-walmart-amazonr_6373,0,0
dn7-walmart-amazonl_2134#dn7-walmart-amazonr_1537,0,0
dn7-walmart-amazonl_1462#dn7-walmart-amazonr_15405,0,0
dn7-walmart-amazonl_2416#dn7-walmart-amazonr_14493,0,0
dn7-walmart-amazonl_605#dn7-walmart-amazonr_6624,0,0
dn7-walmart-amazonl_535#dn7-walmart-amazonr_13893,0,0
dn7-walmart-amazonl_207#dn7-walmart-amazonr_14146,0,0
dn7-walmart-amazonl_1505#dn7-walmart-amazonr_7407,0,0
dn7-walmart-amazonl_2438#dn7-walmart-amazonr_853,0,0
dn7-walmart-amazonl_2538#dn7-walmart-amazonr_14178,0,0
dn7-walmart-amazonl_2291#dn7-walmart-amazonr_10073,0,0
dn7-walmart-amazonl_5#dn7-walmart-amazonr_12420,0,0
dn7-walmart-amazonl_1902#dn7-walmart-amazonr_5627,0,0
dn7-walmart-amazonl_2522#dn7-walmart-amazonr_5268,0,0
dn7-walmart-amazonl_179#dn7-walmart-amazonr_12525,0,0
dn7-walmart-amazonl_359#dn7-walmart-amazonr_4308,0,0
dn7-walmart-amazonl_101#dn7-walmart-amazonr_14491,0,0
dn7-walmart-amazonl_2317#dn7-walmart-amazonr_6735,0,0
dn7-walmart-amazonl_2423#dn7-walmart-amazonr_1905,0,0
dn7-walmart-amazonl_1739#dn7-walmart-amazonr_4658,0,0
dn7-walmart-amazonl_970#dn7-walmart-amazonr_991,0,0
dn7-walmart-amazonl_831#dn7-walmart-amazonr_21596,0,0
dn7-walmart-amazonl_1885#dn7-walmart-amazonr_4274,0,0
dn7-walmart-amazonl_2094#dn7-walmart-amazonr_5431,0,0
dn7-walmart-amazonl_2058#dn7-walmart-amazonr_21312,0,0
dn7-walmart-amazonl_51#dn7-walmart-amazonr_16665,0,0
dn7-walmart-amazonl_1550#dn7-walmart-amazonr_1373,0,0
dn7-walmart-amazonl_1138#dn7-walmart-amazonr_9077,0,0
dn7-walmart-amazonl_1176#dn7-walmart-amazonr_17714,0,0
dn7-walmart-amazonl_962#dn7-walmart-amazonr_20866,0,0
dn7-walmart-amazonl_293#dn7-walmart-amazonr_581,0,0
dn7-walmart-amazonl_1243#dn7-walmart-amazonr_2819,0,0
dn7-walmart-amazonl_765#dn7-walmart-amazonr_20239,0,0
dn7-walmart-amazonl_1910#dn7-walmart-amazonr_2284,0,0
dn7-walmart-amazonl_938#dn7-walmart-amazonr_4039,0,0
dn7-walmart-amazonl_2031#dn7-walmart-amazonr_1792,0,0
dn7-walmart-amazonl_1960#dn7-walmart-amazonr_2514,0,0
dn7-walmart-amazonl_2375#dn7-walmart-amazonr_5930,0,0
dn7-walmart-amazonl_924#dn7-walmart-amazonr_15237,0,0
dn7-walmart-amazonl_857#dn7-walmart-amazonr_19103,0,0
dn7-walmart-amazonl_818#dn7-walmart-amazonr_20443,0,0
dn7-walmart-amazonl_2204#dn7-walmart-amazonr_21564,0,0
dn7-walmart-amazonl_122#dn7-walmart-amazonr_15662,0,0
dn7-walmart-amazonl_1585#dn7-walmart-amazonr_15034,0,0
dn7-walmart-amazonl_2479#dn7-walmart-amazonr_4645,0,0
dn7-walmart-amazonl_1026#dn7-walmart-amazonr_6026,0,0
dn7-walmart-amazonl_1295#dn7-walmart-amazonr_7810,0,0
dn7-walmart-amazonl_1660#dn7-walmart-amazonr_15142,0,0
dn7-walmart-amazonl_890#dn7-walmart-amazonr_13627,0,0
dn7-walmart-amazonl_2133#dn7-walmart-amazonr_3096,0,0
dn7-walmart-amazonl_1979#dn7-walmart-amazonr_10870,0,0
dn7-walmart-amazonl_1787#dn7-walmart-amazonr_19687,0,0
dn7-walmart-amazonl_981#dn7-walmart-amazonr_6845,0,0
dn7-walmart-amazonl_2111#dn7-walmart-amazonr_7625,0,0
dn7-walmart-amazonl_1822#dn7-walmart-amazonr_15626,0,0
dn7-walmart-amazonl_2302#dn7-walmart-amazonr_19299,0,0
dn7-walmart-amazonl_2227#dn7-walmart-amazonr_7367,0,0
dn7-walmart-amazonl_1483#dn7-walmart-amazonr_10779,0,0
dn7-walmart-amazonl_615#dn7-walmart-amazonr_4477,0,0
dn7-walmart-amazonl_1303#dn7-walmart-amazonr_14620,0,0
dn7-walmart-amazonl_375#dn7-walmart-amazonr_5042,0,0
dn7-walmart-amazonl_2480#dn7-walmart-amazonr_187,0,0
dn7-walmart-amazonl_1985#dn7-walmart-amazonr_4276,0,0
dn7-walmart-amazonl_1327#dn7-walmart-amazonr_14949,0,0
dn7-walmart-amazonl_1962#dn7-walmart-amazonr_5415,0,0
dn7-walmart-amazonl_1449#dn7-walmart-amazonr_9517,0,0
dn7-walmart-amazonl_86#dn7-walmart-amazonr_11617,0,0
dn7-walmart-amazonl_918#dn7-walmart-amazonr_19434,0,0
dn7-walmart-amazonl_2248#dn7-walmart-amazonr_6300,0,0
dn7-walmart-amazonl_205#dn7-walmart-amazonr_21061,0,0
dn7-walmart-amazonl_1744#dn7-walmart-amazonr_11716,0,0
dn7-walmart-amazonl_1466#dn7-walmart-amazonr_4416,0,0
dn7-walmart-amazonl_430#dn7-walmart-amazonr_8216,0,0
dn7-walmart-amazonl_948#dn7-walmart-amazonr_1206,0,0
dn7-walmart-amazonl_115#dn7-walmart-amazonr_13679,0,0
dn7-walmart-amazonl_714#dn7-walmart-amazonr_1298,0,0
dn7-walmart-amazonl_1874#dn7-walmart-amazonr_15377,0,0
dn7-walmart-amazonl_1000#dn7-walmart-amazonr_12383,0,0
dn7-walmart-amazonl_1557#dn7-walmart-amazonr_15303,0,0
dn7-walmart-amazonl_372#dn7-walmart-amazonr_18891,0,0
dn7-walmart-amazonl_446#dn7-walmart-amazonr_9499,0,0
dn7-walmart-amazonl_826#dn7-walmart-amazonr_13565,0,0
dn7-walmart-amazonl_1105#dn7-walmart-amazonr_5639,0,0
dn7-walmart-amazonl_379#dn7-walmart-amazonr_1054,0,0
dn7-walmart-amazonl_876#dn7-walmart-amazonr_5153,0,0
dn7-walmart-amazonl_1618#dn7-walmart-amazonr_17124,0,0
dn7-walmart-amazonl_1673#dn7-walmart-amazonr_15262,0,0
dn7-walmart-amazonl_2000#dn7-walmart-amazonr_20322,0,0
dn7-walmart-amazonl_187#dn7-walmart-amazonr_12861,0,0
dn7-walmart-amazonl_253#dn7-walmart-amazonr_3742,0,0
dn7-walmart-amazonl_298#dn7-walmart-amazonr_2864,0,0
dn7-walmart-amazonl_324#dn7-walmart-amazonr_13885,0,0
dn7-walmart-amazonl_113#dn7-walmart-amazonr_6196,0,0
dn7-walmart-amazonl_772#dn7-walmart-amazonr_21288,0,0
dn7-walmart-amazonl_1858#dn7-walmart-amazonr_1900,0,0
dn7-walmart-amazonl_1178#dn7-walmart-amazonr_18153,1,1
dn7-walmart-amazonl_2390#dn7-walmart-amazonr_12909,0,0
dn7-walmart-amazonl_131#dn7-walmart-amazonr_3217,0,0
dn7-walmart-amazonl_2443#dn7-walmart-amazonr_17996,0,0
dn7-walmart-amazonl_1728#dn7-walmart-amazonr_47,0,0
dn7-walmart-amazonl_2169#dn7-walmart-amazonr_17169,0,0
dn7-walmart-amazonl_2180#dn7-walmart-amazonr_20786,0,0
dn7-walmart-amazonl_1679#dn7-walmart-amazonr_13827,0,0
dn7-walmart-amazonl_1879#dn7-walmart-amazonr_9985,0,0
dn7-walmart-amazonl_1093#dn7-walmart-amazonr_17785,0,0
dn7-walmart-amazonl_471#dn7-walmart-amazonr_19276,0,0
dn7-walmart-amazonl_454#dn7-walmart-amazonr_2981,0,0
dn7-walmart-amazonl_587#dn7-walmart-amazonr_4463,0,0
dn7-walmart-amazonl_138#dn7-walmart-amazonr_3029,0,0
dn7-walmart-amazonl_359#dn7-walmart-amazonr_21861,0,0
dn7-walmart-amazonl_1844#dn7-walmart-amazonr_15519,0,0
dn7-walmart-amazonl_908#dn7-walmart-amazonr_8698,0,0
dn7-walmart-amazonl_1405#dn7-walmart-amazonr_4022,0,0
dn7-walmart-amazonl_1159#dn7-walmart-amazonr_19320,0,0
dn7-walmart-amazonl_228#dn7-walmart-amazonr_5916,0,0
dn7-walmart-amazonl_2152#dn7-walmart-amazonr_3220,0,0
dn7-walmart-amazonl_110#dn7-walmart-amazonr_10170,0,0
dn7-walmart-amazonl_72#dn7-walmart-amazonr_14784,0,0
dn7-walmart-amazonl_2160#dn7-walmart-amazonr_59,0,0
dn7-walmart-amazonl_1056#dn7-walmart-amazonr_10046,0,0
dn7-walmart-amazonl_1306#dn7-walmart-amazonr_16837,0,0
dn7-walmart-amazonl_775#dn7-walmart-amazonr_6353,0,0
dn7-walmart-amazonl_590#dn7-walmart-amazonr_10141,0,0
dn7-walmart-amazonl_2371#dn7-walmart-amazonr_1005,0,0
dn7-walmart-amazonl_560#dn7-walmart-amazonr_4158,0,0
dn7-walmart-amazonl_1403#dn7-walmart-amazonr_21315,1,1
dn7-walmart-amazonl_1858#dn7-walmart-amazonr_2897,0,0
dn7-walmart-amazonl_736#dn7-walmart-amazonr_14992,0,0
dn7-walmart-amazonl_630#dn7-walmart-amazonr_14727,0,0
dn7-walmart-amazonl_1586#dn7-walmart-amazonr_5941,0,0
dn7-walmart-amazonl_1706#dn7-walmart-amazonr_17095,0,0
dn7-walmart-amazonl_1342#dn7-walmart-amazonr_9324,0,0
dn7-walmart-amazonl_1763#dn7-walmart-amazonr_17406,0,0
dn7-walmart-amazonl_1665#dn7-walmart-amazonr_4840,0,0
dn7-walmart-amazonl_2335#dn7-walmart-amazonr_12039,0,0
dn7-walmart-amazonl_2510#dn7-walmart-amazonr_5593,0,0
dn7-walmart-amazonl_952#dn7-walmart-amazonr_1138,0,0
dn7-walmart-amazonl_2091#dn7-walmart-amazonr_19150,0,0
dn7-walmart-amazonl_1545#dn7-walmart-amazonr_4436,0,0
dn7-walmart-amazonl_996#dn7-walmart-amazonr_14642,0,0
dn7-walmart-amazonl_982#dn7-walmart-amazonr_2806,0,0
dn7-walmart-amazonl_522#dn7-walmart-amazonr_13297,0,0
dn7-walmart-amazonl_66#dn7-walmart-amazonr_3665,0,0
dn7-walmart-amazonl_1453#dn7-walmart-amazonr_17549,0,0
dn7-walmart-amazonl_2521#dn7-walmart-amazonr_12589,0,0
dn7-walmart-amazonl_2299#dn7-walmart-amazonr_7901,0,0
dn7-walmart-amazonl_1118#dn7-walmart-amazonr_6537,0,0
dn7-walmart-amazonl_2059#dn7-walmart-amazonr_16460,0,0
dn7-walmart-amazonl_156#dn7-walmart-amazonr_4904,0,0
dn7-walmart-amazonl_264#dn7-walmart-amazonr_16640,1,1
dn7-walmart-amazonl_1072#dn7-walmart-amazonr_10445,0,0
dn7-walmart-amazonl_94#dn7-walmart-amazonr_12997,0,0
dn7-walmart-amazonl_2216#dn7-walmart-amazonr_16912,0,0
dn7-walmart-amazonl_2409#dn7-walmart-amazonr_9545,0,0
dn7-walmart-amazonl_841#dn7-walmart-amazonr_10644,0,0
dn7-walmart-amazonl_585#dn7-walmart-amazonr_21453,0,0
dn7-walmart-amazonl_509#dn7-walmart-amazonr_19410,0,0
dn7-walmart-amazonl_915#dn7-walmart-amazonr_8689,0,0
dn7-walmart-amazonl_687#dn7-walmart-amazonr_4655,0,0
dn7-walmart-amazonl_306#dn7-walmart-amazonr_8353,0,0
dn7-walmart-amazonl_2072#dn7-walmart-amazonr_20302,0,0
dn7-walmart-amazonl_2110#dn7-walmart-amazonr_7143,0,0
dn7-walmart-amazonl_893#dn7-walmart-amazonr_882,0,0
dn7-walmart-amazonl_959#dn7-walmart-amazonr_2035,0,0
dn7-walmart-amazonl_1748#dn7-walmart-amazonr_14196,0,0
dn7-walmart-amazonl_1199#dn7-walmart-amazonr_12020,0,0
dn7-walmart-amazonl_2552#dn7-walmart-amazonr_12284,0,0
dn7-walmart-amazonl_19#dn7-walmart-amazonr_19596,0,0
dn7-walmart-amazonl_1201#dn7-walmart-amazonr_6266,0,0
dn7-walmart-amazonl_700#dn7-walmart-amazonr_21811,0,0
dn7-walmart-amazonl_1882#dn7-walmart-amazonr_5565,0,0
dn7-walmart-amazonl_2528#dn7-walmart-amazonr_20123,0,0
dn7-walmart-amazonl_29#dn7-walmart-amazonr_12060,0,0
dn7-walmart-amazonl_2189#dn7-walmart-amazonr_14722,0,0
dn7-walmart-amazonl_1752#dn7-walmart-amazonr_12163,0,0
dn7-walmart-amazonl_593#dn7-walmart-amazonr_7075,0,0
dn7-walmart-amazonl_638#dn7-walmart-amazonr_12379,0,0
dn7-walmart-amazonl_80#dn7-walmart-amazonr_298,0,0
dn7-walmart-amazonl_746#dn7-walmart-amazonr_16180,0,0
dn7-walmart-amazonl_1835#dn7-walmart-amazonr_10152,0,0
dn7-walmart-amazonl_1653#dn7-walmart-amazonr_14401,0,0
dn7-walmart-amazonl_938#dn7-walmart-amazonr_13269,0,0
dn7-walmart-amazonl_2148#dn7-walmart-amazonr_6266,0,0
dn7-walmart-amazonl_1912#dn7-walmart-amazonr_5479,0,0
dn7-walmart-amazonl_1308#dn7-walmart-amazonr_2466,0,0
dn7-walmart-amazonl_84#dn7-walmart-amazonr_14401,0,0
dn7-walmart-amazonl_2061#dn7-walmart-amazonr_5034,0,0
dn7-walmart-amazonl_806#dn7-walmart-amazonr_17170,0,0
dn7-walmart-amazonl_644#dn7-walmart-amazonr_3083,0,0
dn7-walmart-amazonl_2146#dn7-walmart-amazonr_8537,0,0
dn7-walmart-amazonl_1765#dn7-walmart-amazonr_14662,0,0
dn7-walmart-amazonl_666#dn7-walmart-amazonr_6476,0,0
dn7-walmart-amazonl_1587#dn7-walmart-amazonr_8007,0,0
dn7-walmart-amazonl_2017#dn7-walmart-amazonr_17373,0,0
dn7-walmart-amazonl_1742#dn7-walmart-amazonr_1593,0,0
dn7-walmart-amazonl_56#dn7-walmart-amazonr_18761,0,0
dn7-walmart-amazonl_175#dn7-walmart-amazonr_8795,0,0
dn7-walmart-amazonl_408#dn7-walmart-amazonr_10056,0,0
dn7-walmart-amazonl_1168#dn7-walmart-amazonr_12284,0,0
dn7-walmart-amazonl_378#dn7-walmart-amazonr_4671,0,0
dn7-walmart-amazonl_1222#dn7-walmart-amazonr_12969,0,0
dn7-walmart-amazonl_1869#dn7-walmart-amazonr_20924,0,0
dn7-walmart-amazonl_1305#dn7-walmart-amazonr_10513,0,0
dn7-walmart-amazonl_433#dn7-walmart-amazonr_13930,0,0
dn7-walmart-amazonl_2513#dn7-walmart-amazonr_6706,0,0
dn7-walmart-amazonl_671#dn7-walmart-amazonr_18800,0,0
dn7-walmart-amazonl_846#dn7-walmart-amazonr_20632,0,0
dn7-walmart-amazonl_2098#dn7-walmart-amazonr_1189,0,0
dn7-walmart-amazonl_328#dn7-walmart-amazonr_14351,0,0
dn7-walmart-amazonl_1202#dn7-walmart-amazonr_3567,0,0
dn7-walmart-amazonl_2061#dn7-walmart-amazonr_14202,0,0
dn7-walmart-amazonl_298#dn7-walmart-amazonr_53,0,0
dn7-walmart-amazonl_2464#dn7-walmart-amazonr_970,0,0
dn7-walmart-amazonl_1347#dn7-walmart-amazonr_15400,0,0
dn7-walmart-amazonl_979#dn7-walmart-amazonr_5512,0,0
dn7-walmart-amazonl_270#dn7-walmart-amazonr_5968,0,0
dn7-walmart-amazonl_1398#dn7-walmart-amazonr_2676,0,0
dn7-walmart-amazonl_380#dn7-walmart-amazonr_665,0,0
dn7-walmart-amazonl_1759#dn7-walmart-amazonr_22073,0,0
dn7-walmart-amazonl_2512#dn7-walmart-amazonr_2068,0,0
dn7-walmart-amazonl_554#dn7-walmart-amazonr_7534,0,0
dn7-walmart-amazonl_2260#dn7-walmart-amazonr_7766,0,0
dn7-walmart-amazonl_133#dn7-walmart-amazonr_2864,0,0
dn7-walmart-amazonl_1598#dn7-walmart-amazonr_14253,0,0
dn7-walmart-amazonl_311#dn7-walmart-amazonr_1652,0,0
dn7-walmart-amazonl_999#dn7-walmart-amazonr_1893,0,0
dn7-walmart-amazonl_2331#dn7-walmart-amazonr_18988,0,0
dn7-walmart-amazonl_638#dn7-walmart-amazonr_12383,0,0
dn7-walmart-amazonl_820#dn7-walmart-amazonr_10337,0,0
dn7-walmart-amazonl_783#dn7-walmart-amazonr_5011,0,0
dn7-walmart-amazonl_1842#dn7-walmart-amazonr_20442,0,0
dn7-walmart-amazonl_600#dn7-walmart-amazonr_2897,0,0
dn7-walmart-amazonl_1278#dn7-walmart-amazonr_1937,0,0
dn7-walmart-amazonl_618#dn7-walmart-amazonr_1189,0,0
dn7-walmart-amazonl_283#dn7-walmart-amazonr_6081,0,0
dn7-walmart-amazonl_637#dn7-walmart-amazonr_14175,0,0
dn7-walmart-amazonl_1256#dn7-walmart-amazonr_10630,0,0
dn7-walmart-amazonl_1528#dn7-walmart-amazonr_811,0,0
dn7-walmart-amazonl_1666#dn7-walmart-amazonr_20571,0,0
dn7-walmart-amazonl_1088#dn7-walmart-amazonr_18033,0,0
dn7-walmart-amazonl_1434#dn7-walmart-amazonr_13401,0,0
dn7-walmart-amazonl_1176#dn7-walmart-amazonr_6126,0,0
dn7-walmart-amazonl_490#dn7-walmart-amazonr_3921,0,0
dn7-walmart-amazonl_427#dn7-walmart-amazonr_19703,0,0
dn7-walmart-amazonl_257#dn7-walmart-amazonr_13909,0,0
dn7-walmart-amazonl_483#dn7-walmart-amazonr_10849,0,0
dn7-walmart-amazonl_2446#dn7-walmart-amazonr_10311,0,0
dn7-walmart-amazonl_2152#dn7-walmart-amazonr_8414,0,0
dn7-walmart-amazonl_2514#dn7-walmart-amazonr_12626,0,0
dn7-walmart-amazonl_391#dn7-walmart-amazonr_9801,0,0
dn7-walmart-amazonl_744#dn7-walmart-amazonr_4572,0,0
dn7-walmart-amazonl_850#dn7-walmart-amazonr_484,0,0
dn7-walmart-amazonl_2033#dn7-walmart-amazonr_8689,0,0
dn7-walmart-amazonl_805#dn7-walmart-amazonr_8378,0,0
dn7-walmart-amazonl_12#dn7-walmart-amazonr_5478,0,0
dn7-walmart-amazonl_1106#dn7-walmart-amazonr_18756,0,0
dn7-walmart-amazonl_869#dn7-walmart-amazonr_7468,0,0
dn7-walmart-amazonl_2285#dn7-walmart-amazonr_11326,0,0
dn7-walmart-amazonl_876#dn7-walmart-amazonr_14059,0,0
dn7-walmart-amazonl_1503#dn7-walmart-amazonr_20614,0,0
dn7-walmart-amazonl_673#dn7-walmart-amazonr_15183,0,0
dn7-walmart-amazonl_1924#dn7-walmart-amazonr_6363,0,0
dn7-walmart-amazonl_624#dn7-walmart-amazonr_19173,0,0
dn7-walmart-amazonl_1534#dn7-walmart-amazonr_5045,0,0
dn7-walmart-amazonl_1242#dn7-walmart-amazonr_6399,0,0
dn7-walmart-amazonl_500#dn7-walmart-amazonr_10640,0,0
dn7-walmart-amazonl_2337#dn7-walmart-amazonr_12299,0,0
dn7-walmart-amazonl_55#dn7-walmart-amazonr_19851,0,0
dn7-walmart-amazonl_2288#dn7-walmart-amazonr_15933,0,0
dn7-walmart-amazonl_1369#dn7-walmart-amazonr_8689,0,0
dn7-walmart-amazonl_1798#dn7-walmart-amazonr_4881,0,0
dn7-walmart-amazonl_1773#dn7-walmart-amazonr_19332,0,0
dn7-walmart-amazonl_2041#dn7-walmart-amazonr_4834,0,0
dn7-walmart-amazonl_224#dn7-walmart-amazonr_10217,0,0
dn7-walmart-amazonl_1520#dn7-walmart-amazonr_9227,0,0
dn7-walmart-amazonl_320#dn7-walmart-amazonr_2269,0,0
dn7-walmart-amazonl_1399#dn7-walmart-amazonr_1952,0,0
dn7-walmart-amazonl_1011#dn7-walmart-amazonr_11970,0,0
dn7-walmart-amazonl_2368#dn7-walmart-amazonr_6186,0,0
dn7-walmart-amazonl_1438#dn7-walmart-amazonr_492,0,0
dn7-walmart-amazonl_683#dn7-walmart-amazonr_5787,0,0
dn7-walmart-amazonl_2356#dn7-walmart-amazonr_9116,0,0
dn7-walmart-amazonl_1291#dn7-walmart-amazonr_14655,0,0
dn7-walmart-amazonl_1929#dn7-walmart-amazonr_7219,0,0
dn7-walmart-amazonl_1095#dn7-walmart-amazonr_20986,0,0
dn7-walmart-amazonl_2076#dn7-walmart-amazonr_18390,0,0
dn7-walmart-amazonl_1576#dn7-walmart-amazonr_11095,0,0
dn7-walmart-amazonl_1613#dn7-walmart-amazonr_7122,0,0
dn7-walmart-amazonl_1852#dn7-walmart-amazonr_6687,0,0
dn7-walmart-amazonl_1843#dn7-walmart-amazonr_984,0,0
dn7-walmart-amazonl_1273#dn7-walmart-amazonr_10148,0,0
dn7-walmart-amazonl_1242#dn7-walmart-amazonr_8451,0,0
dn7-walmart-amazonl_911#dn7-walmart-amazonr_3226,0,0
dn7-walmart-amazonl_1550#dn7-walmart-amazonr_5301,0,0
dn7-walmart-amazonl_1957#dn7-walmart-amazonr_17571,0,0
dn7-walmart-amazonl_2309#dn7-walmart-amazonr_38,0,0
dn7-walmart-amazonl_1099#dn7-walmart-amazonr_13829,0,0
dn7-walmart-amazonl_1925#dn7-walmart-amazonr_6354,0,0
dn7-walmart-amazonl_1222#dn7-walmart-amazonr_10445,0,0
dn7-walmart-amazonl_366#dn7-walmart-amazonr_16349,0,0
dn7-walmart-amazonl_1506#dn7-walmart-amazonr_16978,0,0
dn7-walmart-amazonl_2332#dn7-walmart-amazonr_12202,0,0
dn7-walmart-amazonl_1011#dn7-walmart-amazonr_13413,1,1
dn7-walmart-amazonl_2101#dn7-walmart-amazonr_5137,0,0
dn7-walmart-amazonl_1476#dn7-walmart-amazonr_11081,0,0
dn7-walmart-amazonl_1908#dn7-walmart-amazonr_10217,0,0
dn7-walmart-amazonl_461#dn7-walmart-amazonr_17770,0,0
dn7-walmart-amazonl_137#dn7-walmart-amazonr_13766,0,0
dn7-walmart-amazonl_1569#dn7-walmart-amazonr_19085,0,0
dn7-walmart-amazonl_2287#dn7-walmart-amazonr_74,0,0
dn7-walmart-amazonl_967#dn7-walmart-amazonr_5450,0,0
dn7-walmart-amazonl_540#dn7-walmart-amazonr_22051,0,0
dn7-walmart-amazonl_1291#dn7-walmart-amazonr_19085,0,0
dn7-walmart-amazonl_1531#dn7-walmart-amazonr_16752,0,0
dn7-walmart-amazonl_1312#dn7-walmart-amazonr_7038,0,0
dn7-walmart-amazonl_768#dn7-walmart-amazonr_148,0,0
dn7-walmart-amazonl_1554#dn7-walmart-amazonr_7934,0,0
dn7-walmart-amazonl_2057#dn7-walmart-amazonr_2319,0,0
dn7-walmart-amazonl_1255#dn7-walmart-amazonr_6279,0,0
dn7-walmart-amazonl_1526#dn7-walmart-amazonr_18495,0,0
dn7-walmart-amazonl_1961#dn7-walmart-amazonr_12342,0,0
dn7-walmart-amazonl_994#dn7-walmart-amazonr_17704,0,0
dn7-walmart-amazonl_1881#dn7-walmart-amazonr_21596,0,0
dn7-walmart-amazonl_188#dn7-walmart-amazonr_9978,0,0
dn7-walmart-amazonl_1088#dn7-walmart-amazonr_17410,0,0
dn7-walmart-amazonl_2454#dn7-walmart-amazonr_11937,0,0
dn7-walmart-amazonl_1370#dn7-walmart-amazonr_3346,0,0
dn7-walmart-amazonl_877#dn7-walmart-amazonr_8495,0,0
dn7-walmart-amazonl_513#dn7-walmart-amazonr_4552,0,0
dn7-walmart-amazonl_348#dn7-walmart-amazonr_15101,0,0
dn7-walmart-amazonl_1764#dn7-walmart-amazonr_8455,0,0
dn7-walmart-amazonl_277#dn7-walmart-amazonr_2571,0,0
dn7-walmart-amazonl_2028#dn7-walmart-amazonr_2552,0,0
dn7-walmart-amazonl_76#dn7-walmart-amazonr_5661,0,0
dn7-walmart-amazonl_1966#dn7-walmart-amazonr_4546,0,0
dn7-walmart-amazonl_1731#dn7-walmart-amazonr_2142,0,0
dn7-walmart-amazonl_900#dn7-walmart-amazonr_14887,0,0
dn7-walmart-amazonl_1268#dn7-walmart-amazonr_14744,0,0
dn7-walmart-amazonl_2262#dn7-walmart-amazonr_11445,0,0
dn7-walmart-amazonl_1240#dn7-walmart-amazonr_15813,0,0
dn7-walmart-amazonl_862#dn7-walmart-amazonr_18851,0,0
dn7-walmart-amazonl_1561#dn7-walmart-amazonr_4179,0,0
dn7-walmart-amazonl_2120#dn7-walmart-amazonr_13775,0,0
dn7-walmart-amazonl_54#dn7-walmart-amazonr_10553,0,0
dn7-walmart-amazonl_685#dn7-walmart-amazonr_7458,0,0
dn7-walmart-amazonl_1621#dn7-walmart-amazonr_17545,0,0
dn7-walmart-amazonl_1297#dn7-walmart-amazonr_5270,0,0
dn7-walmart-amazonl_387#dn7-walmart-amazonr_13148,0,0
dn7-walmart-amazonl_616#dn7-walmart-amazonr_7531,0,0
dn7-walmart-amazonl_983#dn7-walmart-amazonr_8698,0,0
dn7-walmart-amazonl_240#dn7-walmart-amazonr_15640,0,0
dn7-walmart-amazonl_2507#dn7-walmart-amazonr_15006,0,0
dn7-walmart-amazonl_1793#dn7-walmart-amazonr_10184,0,0
dn7-walmart-amazonl_2548#dn7-walmart-amazonr_4403,0,0
dn7-walmart-amazonl_2355#dn7-walmart-amazonr_20147,0,0
dn7-walmart-amazonl_2180#dn7-walmart-amazonr_9453,0,0
dn7-walmart-amazonl_1504#dn7-walmart-amazonr_14830,0,0
dn7-walmart-amazonl_258#dn7-walmart-amazonr_8675,0,0
dn7-walmart-amazonl_2273#dn7-walmart-amazonr_21187,0,0
dn7-walmart-amazonl_312#dn7-walmart-amazonr_1332,0,0
dn7-walmart-amazonl_204#dn7-walmart-amazonr_18221,0,0
dn7-walmart-amazonl_1285#dn7-walmart-amazonr_4000,0,0
dn7-walmart-amazonl_563#dn7-walmart-amazonr_7691,0,0
dn7-walmart-amazonl_2179#dn7-walmart-amazonr_17131,0,0
dn7-walmart-amazonl_1336#dn7-walmart-amazonr_3121,0,0
dn7-walmart-amazonl_191#dn7-walmart-amazonr_13334,0,0
dn7-walmart-amazonl_1628#dn7-walmart-amazonr_4285,0,0
dn7-walmart-amazonl_114#dn7-walmart-amazonr_6081,0,0
dn7-walmart-amazonl_693#dn7-walmart-amazonr_20092,0,0
dn7-walmart-amazonl_835#dn7-walmart-amazonr_16197,0,0
dn7-walmart-amazonl_1083#dn7-walmart-amazonr_6410,0,0
dn7-walmart-amazonl_2380#dn7-walmart-amazonr_19486,0,0
dn7-walmart-amazonl_578#dn7-walmart-amazonr_12087,0,0
dn7-walmart-amazonl_2286#dn7-walmart-amazonr_13036,0,0
dn7-walmart-amazonl_444#dn7-walmart-amazonr_2828,0,0
dn7-walmart-amazonl_1986#dn7-walmart-amazonr_4405,0,0
dn7-walmart-amazonl_728#dn7-walmart-amazonr_12140,0,0
dn7-walmart-amazonl_1207#dn7-walmart-amazonr_17371,0,0
dn7-walmart-amazonl_385#dn7-walmart-amazonr_11736,0,0
dn7-walmart-amazonl_524#dn7-walmart-amazonr_13867,0,0
dn7-walmart-amazonl_1223#dn7-walmart-amazonr_21596,0,0
dn7-walmart-amazonl_2038#dn7-walmart-amazonr_5696,0,0
dn7-walmart-amazonl_741#dn7-walmart-amazonr_3534,0,0
dn7-walmart-amazonl_679#dn7-walmart-amazonr_10276,0,0
dn7-walmart-amazonl_242#dn7-walmart-amazonr_16100,0,0
dn7-walmart-amazonl_1471#dn7-walmart-amazonr_14840,0,0
dn7-walmart-amazonl_2164#dn7-walmart-amazonr_8306,0,0
dn7-walmart-amazonl_89#dn7-walmart-amazonr_21158,0,0
dn7-walmart-amazonl_246#dn7-walmart-amazonr_3667,0,0
dn7-walmart-amazonl_1786#dn7-walmart-amazonr_6266,0,0
dn7-walmart-amazonl_1234#dn7-walmart-amazonr_8441,0,0
dn7-walmart-amazonl_252#dn7-walmart-amazonr_7089,0,0
dn7-walmart-amazonl_2051#dn7-walmart-amazonr_7534,0,0
dn7-walmart-amazonl_1543#dn7-walmart-amazonr_12368,0,0
dn7-walmart-amazonl_1595#dn7-walmart-amazonr_14395,0,0
dn7-walmart-amazonl_2364#dn7-walmart-amazonr_2791,0,0
dn7-walmart-amazonl_627#dn7-walmart-amazonr_12859,0,0
dn7-walmart-amazonl_1439#dn7-walmart-amazonr_15958,0,0
dn7-walmart-amazonl_934#dn7-walmart-amazonr_15075,0,0
dn7-walmart-amazonl_2437#dn7-walmart-amazonr_14435,0,0
dn7-walmart-amazonl_18#dn7-walmart-amazonr_10878,0,0
dn7-walmart-amazonl_245#dn7-walmart-amazonr_15081,0,0
dn7-walmart-amazonl_701#dn7-walmart-amazonr_9940,0,0
dn7-walmart-amazonl_1432#dn7-walmart-amazonr_10266,0,0
dn7-walmart-amazonl_519#dn7-walmart-amazonr_8341,0,0
dn7-walmart-amazonl_1737#dn7-walmart-amazonr_8747,0,0
dn7-walmart-amazonl_2489#dn7-walmart-amazonr_1342,0,0
dn7-walmart-amazonl_93#dn7-walmart-amazonr_11070,0,0
dn7-walmart-amazonl_2249#dn7-walmart-amazonr_2015,0,0
dn7-walmart-amazonl_1068#dn7-walmart-amazonr_4399,0,0
dn7-walmart-amazonl_2192#dn7-walmart-amazonr_20753,0,0
dn7-walmart-amazonl_2483#dn7-walmart-amazonr_10838,0,0
dn7-walmart-amazonl_533#dn7-walmart-amazonr_69,0,0
dn7-walmart-amazonl_1283#dn7-walmart-amazonr_20159,0,0
dn7-walmart-amazonl_1140#dn7-walmart-amazonr_6845,0,0
dn7-walmart-amazonl_379#dn7-walmart-amazonr_4492,0,0
dn7-walmart-amazonl_683#dn7-walmart-amazonr_19198,0,0
dn7-walmart-amazonl_542#dn7-walmart-amazonr_7137,0,0
dn7-walmart-amazonl_1668#dn7-walmart-amazonr_3349,0,0
dn7-walmart-amazonl_2488#dn7-walmart-amazonr_5635,1,1
dn7-walmart-amazonl_1682#dn7-walmart-amazonr_9986,0,0
dn7-walmart-amazonl_1984#dn7-walmart-amazonr_9099,0,0
dn7-walmart-amazonl_209#dn7-walmart-amazonr_18713,0,0
dn7-walmart-amazonl_1523#dn7-walmart-amazonr_1760,0,0
dn7-walmart-amazonl_1878#dn7-walmart-amazonr_2365,0,0
dn7-walmart-amazonl_2412#dn7-walmart-amazonr_7233,1,0
dn7-walmart-amazonl_1557#dn7-walmart-amazonr_652,0,0
dn7-walmart-amazonl_2012#dn7-walmart-amazonr_9484,0,0
dn7-walmart-amazonl_1451#dn7-walmart-amazonr_8773,0,0
dn7-walmart-amazonl_570#dn7-walmart-amazonr_21671,0,0
dn7-walmart-amazonl_178#dn7-walmart-amazonr_15433,0,0
dn7-walmart-amazonl_1503#dn7-walmart-amazonr_20159,0,0
dn7-walmart-amazonl_1089#dn7-walmart-amazonr_14490,0,0
dn7-walmart-amazonl_454#dn7-walmart-amazonr_14849,0,0
dn7-walmart-amazonl_2271#dn7-walmart-amazonr_13146,0,0
dn7-walmart-amazonl_1738#dn7-walmart-amazonr_9534,0,0
dn7-walmart-amazonl_1242#dn7-walmart-amazonr_13107,0,0
dn7-walmart-amazonl_1109#dn7-walmart-amazonr_14037,0,0
dn7-walmart-amazonl_1952#dn7-walmart-amazonr_6139,0,0
dn7-walmart-amazonl_1094#dn7-walmart-amazonr_17168,0,0
dn7-walmart-amazonl_294#dn7-walmart-amazonr_19936,0,0
dn7-walmart-amazonl_1468#dn7-walmart-amazonr_10254,0,0
dn7-walmart-amazonl_2014#dn7-walmart-amazonr_13939,0,0
dn7-walmart-amazonl_2087#dn7-walmart-amazonr_8112,0,0
dn7-walmart-amazonl_2351#dn7-walmart-amazonr_3418,0,0
dn7-walmart-amazonl_2531#dn7-walmart-amazonr_3797,0,0
dn7-walmart-amazonl_2416#dn7-walmart-amazonr_9963,0,0
dn7-walmart-amazonl_1104#dn7-walmart-amazonr_4060,0,0
dn7-walmart-amazonl_1829#dn7-walmart-amazonr_13269,0,0
dn7-walmart-amazonl_142#dn7-walmart-amazonr_4428,0,0
dn7-walmart-amazonl_1964#dn7-walmart-amazonr_4725,0,0
dn7-walmart-amazonl_1425#dn7-walmart-amazonr_2826,0,0
dn7-walmart-amazonl_1330#dn7-walmart-amazonr_19428,0,0
dn7-walmart-amazonl_1997#dn7-walmart-amazonr_9366,0,0
dn7-walmart-amazonl_1089#dn7-walmart-amazonr_12593,0,0
dn7-walmart-amazonl_288#dn7-walmart-amazonr_21161,0,0
dn7-walmart-amazonl_84#dn7-walmart-amazonr_5204,0,0
dn7-walmart-amazonl_705#dn7-walmart-amazonr_14800,0,0
dn7-walmart-amazonl_1807#dn7-walmart-amazonr_7075,0,0
dn7-walmart-amazonl_906#dn7-walmart-amazonr_373,0,0
dn7-walmart-amazonl_1105#dn7-walmart-amazonr_4162,0,0
dn7-walmart-amazonl_1098#dn7-walmart-amazonr_2213,0,0
dn7-walmart-amazonl_2022#dn7-walmart-amazonr_9210,0,0
dn7-walmart-amazonl_445#dn7-walmart-amazonr_3197,0,0
dn7-walmart-amazonl_1829#dn7-walmart-amazonr_10645,0,0
dn7-walmart-amazonl_1983#dn7-walmart-amazonr_2980,0,0
dn7-walmart-amazonl_2216#dn7-walmart-amazonr_20675,0,1
dn7-walmart-amazonl_2262#dn7-walmart-amazonr_21862,0,0
dn7-walmart-amazonl_321#dn7-walmart-amazonr_12689,0,0
dn7-walmart-amazonl_2082#dn7-walmart-amazonr_18601,0,0
dn7-walmart-amazonl_1548#dn7-walmart-amazonr_20194,0,0
dn7-walmart-amazonl_6#dn7-walmart-amazonr_3840,0,0
dn7-walmart-amazonl_1747#dn7-walmart-amazonr_17057,0,0
dn7-walmart-amazonl_2164#dn7-walmart-amazonr_383,0,0
dn7-walmart-amazonl_1747#dn7-walmart-amazonr_17302,0,0
dn7-walmart-amazonl_202#dn7-walmart-amazonr_357,0,0
dn7-walmart-amazonl_379#dn7-walmart-amazonr_20069,0,0
dn7-walmart-amazonl_2421#dn7-walmart-amazonr_18816,0,0
dn7-walmart-amazonl_794#dn7-walmart-amazonr_21380,0,0
dn7-walmart-amazonl_2458#dn7-walmart-amazonr_3157,0,0
dn7-walmart-amazonl_1846#dn7-walmart-amazonr_4534,0,0
dn7-walmart-amazonl_2490#dn7-walmart-amazonr_1682,0,0
dn7-walmart-amazonl_1106#dn7-walmart-amazonr_2013,0,0
dn7-walmart-amazonl_2462#dn7-walmart-amazonr_14117,0,1
dn7-walmart-amazonl_912#dn7-walmart-amazonr_189,0,0
dn7-walmart-amazonl_2315#dn7-walmart-amazonr_16438,0,0
dn7-walmart-amazonl_2028#dn7-walmart-amazonr_13261,0,0
dn7-walmart-amazonl_1376#dn7-walmart-amazonr_5959,0,0
dn7-walmart-amazonl_2141#dn7-walmart-amazonr_11048,1,1
dn7-walmart-amazonl_654#dn7-walmart-amazonr_9986,0,0
dn7-walmart-amazonl_397#dn7-walmart-amazonr_15227,0,0
dn7-walmart-amazonl_1229#dn7-walmart-amazonr_6487,0,0
dn7-walmart-amazonl_154#dn7-walmart-amazonr_13233,0,0
dn7-walmart-amazonl_1605#dn7-walmart-amazonr_16597,0,0
dn7-walmart-amazonl_2335#dn7-walmart-amazonr_3088,0,0
dn7-walmart-amazonl_184#dn7-walmart-amazonr_17736,0,0
dn7-walmart-amazonl_1272#dn7-walmart-amazonr_921,0,0
dn7-walmart-amazonl_300#dn7-walmart-amazonr_2258,0,0
dn7-walmart-amazonl_1886#dn7-walmart-amazonr_17869,0,0
dn7-walmart-amazonl_1448#dn7-walmart-amazonr_11279,0,0
dn7-walmart-amazonl_1904#dn7-walmart-amazonr_20953,0,0
dn7-walmart-amazonl_173#dn7-walmart-amazonr_7811,0,0
dn7-walmart-amazonl_1578#dn7-walmart-amazonr_1339,0,0
dn7-walmart-amazonl_1517#dn7-walmart-amazonr_11781,0,0
dn7-walmart-amazonl_1157#dn7-walmart-amazonr_8145,0,0
dn7-walmart-amazonl_2150#dn7-walmart-amazonr_3811,0,0
dn7-walmart-amazonl_1337#dn7-walmart-amazonr_7859,0,0
dn7-walmart-amazonl_273#dn7-walmart-amazonr_8793,0,0
dn7-walmart-amazonl_454#dn7-walmart-amazonr_10893,0,0
dn7-walmart-amazonl_578#dn7-walmart-amazonr_2318,0,0
dn7-walmart-amazonl_2220#dn7-walmart-amazonr_21322,0,0
dn7-walmart-amazonl_1704#dn7-walmart-amazonr_19687,0,0
dn7-walmart-amazonl_801#dn7-walmart-amazonr_4615,0,0
dn7-walmart-amazonl_1698#dn7-walmart-amazonr_2013,0,0
dn7-walmart-amazonl_2148#dn7-walmart-amazonr_13569,0,0
dn7-walmart-amazonl_957#dn7-walmart-amazonr_4915,0,0
dn7-walmart-amazonl_223#dn7-walmart-amazonr_5228,0,0
dn7-walmart-amazonl_1173#dn7-walmart-amazonr_12853,0,0
dn7-walmart-amazonl_137#dn7-walmart-amazonr_19728,0,0
dn7-walmart-amazonl_135#dn7-walmart-amazonr_9324,0,0
dn7-walmart-amazonl_1433#dn7-walmart-amazonr_13775,0,0
dn7-walmart-amazonl_1444#dn7-walmart-amazonr_1189,0,0
dn7-walmart-amazonl_1763#dn7-walmart-amazonr_14255,0,0
dn7-walmart-amazonl_848#dn7-walmart-amazonr_9501,0,0
dn7-walmart-amazonl_2324#dn7-walmart-amazonr_10616,0,0
dn7-walmart-amazonl_2387#dn7-walmart-amazonr_6194,0,0
dn7-walmart-amazonl_138#dn7-walmart-amazonr_13574,0,0
dn7-walmart-amazonl_2493#dn7-walmart-amazonr_3863,0,0
dn7-walmart-amazonl_443#dn7-walmart-amazonr_11566,0,0
dn7-walmart-amazonl_1972#dn7-walmart-amazonr_1615,0,0
dn7-walmart-amazonl_2147#dn7-walmart-amazonr_5383,0,0
dn7-walmart-amazonl_1695#dn7-walmart-amazonr_17274,1,1
dn7-walmart-amazonl_1862#dn7-walmart-amazonr_4829,0,0
dn7-walmart-amazonl_2236#dn7-walmart-amazonr_15575,0,0
dn7-walmart-amazonl_1260#dn7-walmart-amazonr_4588,0,0
dn7-walmart-amazonl_1693#dn7-walmart-amazonr_18325,0,0
dn7-walmart-amazonl_2498#dn7-walmart-amazonr_4079,0,0
dn7-walmart-amazonl_1208#dn7-walmart-amazonr_16934,0,0
dn7-walmart-amazonl_1986#dn7-walmart-amazonr_11974,0,0
dn7-walmart-amazonl_2091#dn7-walmart-amazonr_10042,0,0
dn7-walmart-amazonl_1520#dn7-walmart-amazonr_20141,0,0
dn7-walmart-amazonl_979#dn7-walmart-amazonr_11538,0,0
dn7-walmart-amazonl_2528#dn7-walmart-amazonr_1051,0,0
dn7-walmart-amazonl_1303#dn7-walmart-amazonr_9846,0,0
dn7-walmart-amazonl_1219#dn7-walmart-amazonr_8424,0,0
dn7-walmart-amazonl_2458#dn7-walmart-amazonr_6898,0,0
dn7-walmart-amazonl_75#dn7-walmart-amazonr_3191,0,0
dn7-walmart-amazonl_1869#dn7-walmart-amazonr_8591,0,0
dn7-walmart-amazonl_1497#dn7-walmart-amazonr_8471,0,0
dn7-walmart-amazonl_803#dn7-walmart-amazonr_7553,0,0
dn7-walmart-amazonl_571#dn7-walmart-amazonr_1337,0,0
dn7-walmart-amazonl_257#dn7-walmart-amazonr_4274,0,0
dn7-walmart-amazonl_1796#dn7-walmart-amazonr_12631,0,0
dn7-walmart-amazonl_709#dn7-walmart-amazonr_13312,0,0
dn7-walmart-amazonl_83#dn7-walmart-amazonr_10151,0,0
dn7-walmart-amazonl_1088#dn7-walmart-amazonr_19727,0,0
dn7-walmart-amazonl_330#dn7-walmart-amazonr_9588,0,0
dn7-walmart-amazonl_1850#dn7-walmart-amazonr_18452,0,0
dn7-walmart-amazonl_722#dn7-walmart-amazonr_18945,0,0
dn7-walmart-amazonl_324#dn7-walmart-amazonr_8516,0,0
dn7-walmart-amazonl_2224#dn7-walmart-amazonr_3520,0,0
dn7-walmart-amazonl_1903#dn7-walmart-amazonr_14672,0,0
dn7-walmart-amazonl_1620#dn7-walmart-amazonr_6210,0,0
dn7-walmart-amazonl_763#dn7-walmart-amazonr_7496,0,0
dn7-walmart-amazonl_2157#dn7-walmart-amazonr_9573,0,0
dn7-walmart-amazonl_1969#dn7-walmart-amazonr_15289,0,0
dn7-walmart-amazonl_1306#dn7-walmart-amazonr_37,0,0
dn7-walmart-amazonl_1154#dn7-walmart-amazonr_1288,0,0
dn7-walmart-amazonl_552#dn7-walmart-amazonr_1023,0,0
dn7-walmart-amazonl_2075#dn7-walmart-amazonr_4925,0,0
dn7-walmart-amazonl_2216#dn7-walmart-amazonr_10763,0,0
dn7-walmart-amazonl_1058#dn7-walmart-amazonr_19737,0,0
dn7-walmart-amazonl_579#dn7-walmart-amazonr_20456,0,0
dn7-walmart-amazonl_2481#dn7-walmart-amazonr_5585,0,0
dn7-walmart-amazonl_10#dn7-walmart-amazonr_12841,0,0
dn7-walmart-amazonl_951#dn7-walmart-amazonr_14491,0,0
dn7-walmart-amazonl_2325#dn7-walmart-amazonr_19276,0,0
dn7-walmart-amazonl_359#dn7-walmart-amazonr_12342,0,0
dn7-walmart-amazonl_870#dn7-walmart-amazonr_1041,0,0
dn7-walmart-amazonl_492#dn7-walmart-amazonr_14425,0,0
dn7-walmart-amazonl_1555#dn7-walmart-amazonr_15285,0,0
dn7-walmart-amazonl_2373#dn7-walmart-amazonr_14865,0,0
dn7-walmart-amazonl_1226#dn7-walmart-amazonr_3511,0,0
dn7-walmart-amazonl_152#dn7-walmart-amazonr_4784,0,0
dn7-walmart-amazonl_2260#dn7-walmart-amazonr_15719,0,0
dn7-walmart-amazonl_751#dn7-walmart-amazonr_2713,0,0
dn7-walmart-amazonl_1569#dn7-walmart-amazonr_14321,0,0
dn7-walmart-amazonl_2503#dn7-walmart-amazonr_14966,0,0
dn7-walmart-amazonl_1659#dn7-walmart-amazonr_17541,0,0
dn7-walmart-amazonl_717#dn7-walmart-amazonr_13141,0,0
dn7-walmart-amazonl_1554#dn7-walmart-amazonr_13195,0,0
dn7-walmart-amazonl_670#dn7-walmart-amazonr_19080,0,0
dn7-walmart-amazonl_1038#dn7-walmart-amazonr_12710,0,0
dn7-walmart-amazonl_1800#dn7-walmart-amazonr_10793,0,0
dn7-walmart-amazonl_38#dn7-walmart-amazonr_21628,0,0
dn7-walmart-amazonl_2150#dn7-walmart-amazonr_11423,0,0
dn7-walmart-amazonl_90#dn7-walmart-amazonr_8304,0,0
dn7-walmart-amazonl_100#dn7-walmart-amazonr_15572,0,0
dn7-walmart-amazonl_1050#dn7-walmart-amazonr_1919,0,0
dn7-walmart-amazonl_1630#dn7-walmart-amazonr_6860,0,0
dn7-walmart-amazonl_1095#dn7-walmart-amazonr_4607,0,0
dn7-walmart-amazonl_751#dn7-walmart-amazonr_14146,0,0
dn7-walmart-amazonl_581#dn7-walmart-amazonr_7931,0,0
dn7-walmart-amazonl_626#dn7-walmart-amazonr_8027,0,0
dn7-walmart-amazonl_1212#dn7-walmart-amazonr_4655,0,0
dn7-walmart-amazonl_1880#dn7-walmart-amazonr_4274,0,0
dn7-walmart-amazonl_2356#dn7-walmart-amazonr_5052,0,0
dn7-walmart-amazonl_2553#dn7-walmart-amazonr_10643,0,0
dn7-walmart-amazonl_1241#dn7-walmart-amazonr_19689,0,0
dn7-walmart-amazonl_446#dn7-walmart-amazonr_20615,0,0
dn7-walmart-amazonl_2163#dn7-walmart-amazonr_7433,0,0
dn7-walmart-amazonl_1019#dn7-walmart-amazonr_18881,0,0
dn7-walmart-amazonl_99#dn7-walmart-amazonr_6557,0,0
dn7-walmart-amazonl_879#dn7-walmart-amazonr_1749,0,0
dn7-walmart-amazonl_1616#dn7-walmart-amazonr_13182,0,0
dn7-walmart-amazonl_906#dn7-walmart-amazonr_19096,0,0
dn7-walmart-amazonl_1258#dn7-walmart-amazonr_12521,0,0
dn7-walmart-amazonl_1022#dn7-walmart-amazonr_21862,0,0
dn7-walmart-amazonl_716#dn7-walmart-amazonr_5228,0,0
dn7-walmart-amazonl_1411#dn7-walmart-amazonr_11404,0,0
dn7-walmart-amazonl_1124#dn7-walmart-amazonr_5679,0,0
dn7-walmart-amazonl_1145#dn7-walmart-amazonr_21448,0,0
dn7-walmart-amazonl_603#dn7-walmart-amazonr_3323,0,0
dn7-walmart-amazonl_2442#dn7-walmart-amazonr_5339,0,0
dn7-walmart-amazonl_1838#dn7-walmart-amazonr_17556,0,0
dn7-walmart-amazonl_1078#dn7-walmart-amazonr_19503,0,0
dn7-walmart-amazonl_1432#dn7-walmart-amazonr_21294,0,0
dn7-walmart-amazonl_2451#dn7-walmart-amazonr_16550,0,0
dn7-walmart-amazonl_898#dn7-walmart-amazonr_8109,0,0
dn7-walmart-amazonl_1067#dn7-walmart-amazonr_17506,0,0
dn7-walmart-amazonl_1362#dn7-walmart-amazonr_14024,0,0
dn7-walmart-amazonl_1061#dn7-walmart-amazonr_20354,0,0
dn7-walmart-amazonl_2074#dn7-walmart-amazonr_17158,0,0
dn7-walmart-amazonl_2404#dn7-walmart-amazonr_16642,0,0
dn7-walmart-amazonl_1877#dn7-walmart-amazonr_11746,0,0
dn7-walmart-amazonl_1224#dn7-walmart-amazonr_6033,0,0
dn7-walmart-amazonl_1829#dn7-walmart-amazonr_4148,0,0
dn7-walmart-amazonl_1454#dn7-walmart-amazonr_19569,0,0
dn7-walmart-amazonl_989#dn7-walmart-amazonr_4179,0,0
dn7-walmart-amazonl_2049#dn7-walmart-amazonr_2428,0,0
dn7-walmart-amazonl_1975#dn7-walmart-amazonr_187,0,0
dn7-walmart-amazonl_243#dn7-walmart-amazonr_16134,0,0
dn7-walmart-amazonl_1496#dn7-walmart-amazonr_19746,0,0
dn7-walmart-amazonl_1546#dn7-walmart-amazonr_20119,0,0
dn7-walmart-amazonl_1069#dn7-walmart-amazonr_5096,0,0
dn7-walmart-amazonl_2173#dn7-walmart-amazonr_6748,0,0
dn7-walmart-amazonl_1727#dn7-walmart-amazonr_19174,0,0
dn7-walmart-amazonl_2205#dn7-walmart-amazonr_7694,0,0
dn7-walmart-amazonl_1378#dn7-walmart-amazonr_10881,0,0
dn7-walmart-amazonl_1816#dn7-walmart-amazonr_12815,0,0
dn7-walmart-amazonl_2410#dn7-walmart-amazonr_5567,0,0
dn7-walmart-amazonl_992#dn7-walmart-amazonr_13031,0,0
dn7-walmart-amazonl_205#dn7-walmart-amazonr_4272,0,0
dn7-walmart-amazonl_56#dn7-walmart-amazonr_8160,0,0
dn7-walmart-amazonl_1797#dn7-walmart-amazonr_13824,0,0
dn7-walmart-amazonl_122#dn7-walmart-amazonr_16110,0,0
dn7-walmart-amazonl_2153#dn7-walmart-amazonr_2899,0,0
dn7-walmart-amazonl_2441#dn7-walmart-amazonr_13567,0,0
dn7-walmart-amazonl_165#dn7-walmart-amazonr_10949,0,0
dn7-walmart-amazonl_1709#dn7-walmart-amazonr_21093,0,0
dn7-walmart-amazonl_929#dn7-walmart-amazonr_13988,0,0
dn7-walmart-amazonl_1673#dn7-walmart-amazonr_17256,0,0
dn7-walmart-amazonl_2034#dn7-walmart-amazonr_10675,0,0
dn7-walmart-amazonl_1685#dn7-walmart-amazonr_6143,0,0
dn7-walmart-amazonl_2223#dn7-walmart-amazonr_19012,0,0
dn7-walmart-amazonl_1029#dn7-walmart-amazonr_15362,0,0
dn7-walmart-amazonl_443#dn7-walmart-amazonr_21040,0,0
dn7-walmart-amazonl_2048#dn7-walmart-amazonr_18601,0,0
dn7-walmart-amazonl_212#dn7-walmart-amazonr_15687,0,0
dn7-walmart-amazonl_1263#dn7-walmart-amazonr_6417,0,0
dn7-walmart-amazonl_546#dn7-walmart-amazonr_12699,0,0
dn7-walmart-amazonl_1308#dn7-walmart-amazonr_2463,0,0
dn7-walmart-amazonl_94#dn7-walmart-amazonr_1320,0,0
dn7-walmart-amazonl_666#dn7-walmart-amazonr_8537,0,0
dn7-walmart-amazonl_2430#dn7-walmart-amazonr_14687,0,0
dn7-walmart-amazonl_98#dn7-walmart-amazonr_20339,0,0
dn7-walmart-amazonl_1112#dn7-walmart-amazonr_8499,0,0
dn7-walmart-amazonl_448#dn7-walmart-amazonr_2450,0,0
dn7-walmart-amazonl_1871#dn7-walmart-amazonr_1000,0,0
dn7-walmart-amazonl_343#dn7-walmart-amazonr_11070,0,0
dn7-walmart-amazonl_1169#dn7-walmart-amazonr_15294,0,0
dn7-walmart-amazonl_2119#dn7-walmart-amazonr_20315,0,0
dn7-walmart-amazonl_1318#dn7-walmart-amazonr_20111,0,0
dn7-walmart-amazonl_866#dn7-walmart-amazonr_18747,0,0
dn7-walmart-amazonl_1884#dn7-walmart-amazonr_16223,0,0
dn7-walmart-amazonl_87#dn7-walmart-amazonr_10040,0,0
dn7-walmart-amazonl_180#dn7-walmart-amazonr_15205,0,0
dn7-walmart-amazonl_2020#dn7-walmart-amazonr_4352,0,0
dn7-walmart-amazonl_746#dn7-walmart-amazonr_19880,0,0
dn7-walmart-amazonl_1791#dn7-walmart-amazonr_16194,0,0
dn7-walmart-amazonl_1670#dn7-walmart-amazonr_11205,0,0
dn7-walmart-amazonl_1548#dn7-walmart-amazonr_13246,0,0
dn7-walmart-amazonl_865#dn7-walmart-amazonr_11015,0,0
dn7-walmart-amazonl_2056#dn7-walmart-amazonr_14938,0,0
dn7-walmart-amazonl_1277#dn7-walmart-amazonr_17530,0,0
dn7-walmart-amazonl_2047#dn7-walmart-amazonr_552,0,0
dn7-walmart-amazonl_1561#dn7-walmart-amazonr_7592,0,0
dn7-walmart-amazonl_1707#dn7-walmart-amazonr_21189,0,0
dn7-walmart-amazonl_1361#dn7-walmart-amazonr_14084,0,0
dn7-walmart-amazonl_1220#dn7-walmart-amazonr_9419,0,0
dn7-walmart-amazonl_693#dn7-walmart-amazonr_15937,0,0
dn7-walmart-amazonl_65#dn7-walmart-amazonr_20757,0,0
dn7-walmart-amazonl_1882#dn7-walmart-amazonr_7904,0,0
dn7-walmart-amazonl_1240#dn7-walmart-amazonr_10665,0,0
dn7-walmart-amazonl_1998#dn7-walmart-amazonr_15551,0,0
dn7-walmart-amazonl_1813#dn7-walmart-amazonr_13240,0,0
dn7-walmart-amazonl_34#dn7-walmart-amazonr_3105,0,0
dn7-walmart-amazonl_181#dn7-walmart-amazonr_3981,0,0
dn7-walmart-amazonl_1619#dn7-walmart-amazonr_13544,0,0
dn7-walmart-amazonl_241#dn7-walmart-amazonr_12266,0,0
dn7-walmart-amazonl_83#dn7-walmart-amazonr_605,0,0
dn7-walmart-amazonl_716#dn7-walmart-amazonr_15715,0,0
dn7-walmart-amazonl_183#dn7-walmart-amazonr_14436,0,0
dn7-walmart-amazonl_388#dn7-walmart-amazonr_10587,0,0
dn7-walmart-amazonl_2100#dn7-walmart-amazonr_19030,0,0
dn7-walmart-amazonl_68#dn7-walmart-amazonr_19620,0,0
dn7-walmart-amazonl_1687#dn7-walmart-amazonr_19451,0,0
dn7-walmart-amazonl_1884#dn7-walmart-amazonr_6211,0,0
dn7-walmart-amazonl_698#dn7-walmart-amazonr_16693,0,0
dn7-walmart-amazonl_1353#dn7-walmart-amazonr_12871,0,0
dn7-walmart-amazonl_2363#dn7-walmart-amazonr_14686,0,0
dn7-walmart-amazonl_748#dn7-walmart-amazonr_16349,0,0
dn7-walmart-amazonl_1467#dn7-walmart-amazonr_2344,0,0
dn7-walmart-amazonl_1463#dn7-walmart-amazonr_18645,0,0
dn7-walmart-amazonl_1522#dn7-walmart-amazonr_8698,0,0
dn7-walmart-amazonl_2320#dn7-walmart-amazonr_1579,0,0
dn7-walmart-amazonl_2362#dn7-walmart-amazonr_18529,0,0
dn7-walmart-amazonl_1870#dn7-walmart-amazonr_15782,0,0
dn7-walmart-amazonl_2396#dn7-walmart-amazonr_21175,0,0
dn7-walmart-amazonl_1368#dn7-walmart-amazonr_9166,0,0
dn7-walmart-amazonl_2533#dn7-walmart-amazonr_14699,0,0
dn7-walmart-amazonl_710#dn7-walmart-amazonr_4855,0,0
dn7-walmart-amazonl_2335#dn7-walmart-amazonr_13325,0,0
dn7-walmart-amazonl_683#dn7-walmart-amazonr_19975,0,0
dn7-walmart-amazonl_1286#dn7-walmart-amazonr_11205,0,0
dn7-walmart-amazonl_1286#dn7-walmart-amazonr_16839,0,0
dn7-walmart-amazonl_329#dn7-walmart-amazonr_7306,0,0
dn7-walmart-amazonl_1666#dn7-walmart-amazonr_94,0,0
dn7-walmart-amazonl_865#dn7-walmart-amazonr_4767,0,0
dn7-walmart-amazonl_1879#dn7-walmart-amazonr_2594,0,0
dn7-walmart-amazonl_34#dn7-walmart-amazonr_9009,0,0
dn7-walmart-amazonl_2277#dn7-walmart-amazonr_6095,0,0
dn7-walmart-amazonl_1173#dn7-walmart-amazonr_8903,0,0
dn7-walmart-amazonl_1476#dn7-walmart-amazonr_3866,0,0
dn7-walmart-amazonl_603#dn7-walmart-amazonr_6537,0,0
dn7-walmart-amazonl_1410#dn7-walmart-amazonr_20830,0,0
dn7-walmart-amazonl_329#dn7-walmart-amazonr_7314,1,1
dn7-walmart-amazonl_352#dn7-walmart-amazonr_6661,0,0
dn7-walmart-amazonl_2495#dn7-walmart-amazonr_14992,0,0
dn7-walmart-amazonl_637#dn7-walmart-amazonr_5366,0,0
dn7-walmart-amazonl_1246#dn7-walmart-amazonr_2930,0,0
dn7-walmart-amazonl_2496#dn7-walmart-amazonr_10045,0,0
dn7-walmart-amazonl_626#dn7-walmart-amazonr_4643,0,0
dn7-walmart-amazonl_2327#dn7-walmart-amazonr_7843,0,0
dn7-walmart-amazonl_2228#dn7-walmart-amazonr_3033,0,0
dn7-walmart-amazonl_1954#dn7-walmart-amazonr_12928,0,0
dn7-walmart-amazonl_282#dn7-walmart-amazonr_5708,0,0
dn7-walmart-amazonl_2382#dn7-walmart-amazonr_19300,0,0
dn7-walmart-amazonl_2514#dn7-walmart-amazonr_660,0,0
dn7-walmart-amazonl_2524#dn7-walmart-amazonr_13481,0,0
dn7-walmart-amazonl_1819#dn7-walmart-amazonr_19596,0,0
dn7-walmart-amazonl_263#dn7-walmart-amazonr_9128,0,0
dn7-walmart-amazonl_1932#dn7-walmart-amazonr_3105,0,0
dn7-walmart-amazonl_1440#dn7-walmart-amazonr_4562,0,0
dn7-walmart-amazonl_510#dn7-walmart-amazonr_19916,0,0
dn7-walmart-amazonl_2422#dn7-walmart-amazonr_20984,0,0
dn7-walmart-amazonl_2334#dn7-walmart-amazonr_3408,0,0
dn7-walmart-amazonl_1257#dn7-walmart-amazonr_13715,0,0
dn7-walmart-amazonl_560#dn7-walmart-amazonr_14247,0,0
dn7-walmart-amazonl_1661#dn7-walmart-amazonr_20760,0,0
dn7-walmart-amazonl_2309#dn7-walmart-amazonr_9442,0,0
dn7-walmart-amazonl_305#dn7-walmart-amazonr_13307,0,0
dn7-walmart-amazonl_94#dn7-walmart-amazonr_13286,0,0
dn7-walmart-amazonl_1482#dn7-walmart-amazonr_4462,0,0
dn7-walmart-amazonl_1652#dn7-walmart-amazonr_14384,1,1
dn7-walmart-amazonl_606#dn7-walmart-amazonr_1494,0,0
dn7-walmart-amazonl_470#dn7-walmart-amazonr_14836,0,0
dn7-walmart-amazonl_1507#dn7-walmart-amazonr_6690,0,0
dn7-walmart-amazonl_680#dn7-walmart-amazonr_842,0,0
dn7-walmart-amazonl_297#dn7-walmart-amazonr_13673,0,0
dn7-walmart-amazonl_702#dn7-walmart-amazonr_3158,0,0
dn7-walmart-amazonl_1151#dn7-walmart-amazonr_18828,0,0
dn7-walmart-amazonl_1258#dn7-walmart-amazonr_6803,0,0
dn7-walmart-amazonl_987#dn7-walmart-amazonr_12885,0,0
dn7-walmart-amazonl_2282#dn7-walmart-amazonr_21848,0,0
dn7-walmart-amazonl_2199#dn7-walmart-amazonr_3082,0,0
dn7-walmart-amazonl_1711#dn7-walmart-amazonr_20219,0,0
dn7-walmart-amazonl_1735#dn7-walmart-amazonr_9457,0,0
dn7-walmart-amazonl_450#dn7-walmart-amazonr_6235,0,0
dn7-walmart-amazonl_2026#dn7-walmart-amazonr_6081,0,0
dn7-walmart-amazonl_2534#dn7-walmart-amazonr_7188,0,0
dn7-walmart-amazonl_1859#dn7-walmart-amazonr_7504,0,0
dn7-walmart-amazonl_139#dn7-walmart-amazonr_22036,0,0
dn7-walmart-amazonl_2150#dn7-walmart-amazonr_20273,0,0
dn7-walmart-amazonl_995#dn7-walmart-amazonr_12185,0,0
dn7-walmart-amazonl_2019#dn7-walmart-amazonr_18081,0,0
dn7-walmart-amazonl_625#dn7-walmart-amazonr_2819,0,0
dn7-walmart-amazonl_2254#dn7-walmart-amazonr_9297,0,0
dn7-walmart-amazonl_719#dn7-walmart-amazonr_4979,0,0
dn7-walmart-amazonl_1871#dn7-walmart-amazonr_14876,0,0
dn7-walmart-amazonl_1564#dn7-walmart-amazonr_2980,0,0
dn7-walmart-amazonl_2455#dn7-walmart-amazonr_9914,0,0
dn7-walmart-amazonl_290#dn7-walmart-amazonr_15477,0,0
dn7-walmart-amazonl_1203#dn7-walmart-amazonr_15155,0,0
dn7-walmart-amazonl_2018#dn7-walmart-amazonr_21729,0,0
dn7-walmart-amazonl_1496#dn7-walmart-amazonr_18915,0,0
dn7-walmart-amazonl_1455#dn7-walmart-amazonr_7608,0,0
dn7-walmart-amazonl_2185#dn7-walmart-amazonr_9314,0,0
dn7-walmart-amazonl_1748#dn7-walmart-amazonr_12572,0,0
dn7-walmart-amazonl_487#dn7-walmart-amazonr_1525,0,0
dn7-walmart-amazonl_1848#dn7-walmart-amazonr_13453,0,0
dn7-walmart-amazonl_140#dn7-walmart-amazonr_11758,0,0
dn7-walmart-amazonl_457#dn7-walmart-amazonr_2035,0,0
dn7-walmart-amazonl_678#dn7-walmart-amazonr_4916,0,0
dn7-walmart-amazonl_1059#dn7-walmart-amazonr_18837,0,0
dn7-walmart-amazonl_615#dn7-walmart-amazonr_14351,0,0
dn7-walmart-amazonl_1298#dn7-walmart-amazonr_1400,0,0
dn7-walmart-amazonl_1607#dn7-walmart-amazonr_12155,0,0
dn7-walmart-amazonl_1574#dn7-walmart-amazonr_4715,0,0
dn7-walmart-amazonl_1472#dn7-walmart-amazonr_408,0,0
dn7-walmart-amazonl_2180#dn7-walmart-amazonr_4157,0,0
dn7-walmart-amazonl_2178#dn7-walmart-amazonr_15297,0,0
dn7-walmart-amazonl_496#dn7-walmart-amazonr_2589,0,0
dn7-walmart-amazonl_1172#dn7-walmart-amazonr_16781,0,0
dn7-walmart-amazonl_584#dn7-walmart-amazonr_8915,0,0
dn7-walmart-amazonl_163#dn7-walmart-amazonr_20784,0,0
dn7-walmart-amazonl_2425#dn7-walmart-amazonr_10841,0,0
dn7-walmart-amazonl_2387#dn7-walmart-amazonr_7002,0,0
dn7-walmart-amazonl_2301#dn7-walmart-amazonr_19492,0,0
dn7-walmart-amazonl_2432#dn7-walmart-amazonr_9973,0,0
dn7-walmart-amazonl_2249#dn7-walmart-amazonr_18645,0,0
dn7-walmart-amazonl_1109#dn7-walmart-amazonr_19182,0,0
dn7-walmart-amazonl_1323#dn7-walmart-amazonr_15266,0,0
dn7-walmart-amazonl_1661#dn7-walmart-amazonr_4372,0,0
dn7-walmart-amazonl_68#dn7-walmart-amazonr_19621,0,0
dn7-walmart-amazonl_2423#dn7-walmart-amazonr_6081,0,0
dn7-walmart-amazonl_544#dn7-walmart-amazonr_9724,0,0
dn7-walmart-amazonl_1626#dn7-walmart-amazonr_1315,0,0
dn7-walmart-amazonl_2132#dn7-walmart-amazonr_21069,0,0
dn7-walmart-amazonl_1915#dn7-walmart-amazonr_2096,0,1
dn7-walmart-amazonl_1407#dn7-walmart-amazonr_14048,0,0
dn7-walmart-amazonl_2468#dn7-walmart-amazonr_690,0,0
dn7-walmart-amazonl_507#dn7-walmart-amazonr_14191,0,0
dn7-walmart-amazonl_728#dn7-walmart-amazonr_7623,0,0
dn7-walmart-amazonl_2142#dn7-walmart-amazonr_5920,0,1
dn7-walmart-amazonl_1881#dn7-walmart-amazonr_13199,0,0
dn7-walmart-amazonl_301#dn7-walmart-amazonr_7576,0,0
dn7-walmart-amazonl_371#dn7-walmart-amazonr_4629,0,0
dn7-walmart-amazonl_2092#dn7-walmart-amazonr_20309,0,0
dn7-walmart-amazonl_429#dn7-walmart-amazonr_7262,0,0
dn7-walmart-amazonl_2136#dn7-walmart-amazonr_12757,0,0
dn7-walmart-amazonl_430#dn7-walmart-amazonr_16149,0,0
dn7-walmart-amazonl_2375#dn7-walmart-amazonr_9229,0,0
dn7-walmart-amazonl_2290#dn7-walmart-amazonr_20953,0,0
dn7-walmart-amazonl_1743#dn7-walmart-amazonr_6005,0,0
dn7-walmart-amazonl_1745#dn7-walmart-amazonr_13205,0,0
dn7-walmart-amazonl_2544#dn7-walmart-amazonr_10793,0,0
dn7-walmart-amazonl_729#dn7-walmart-amazonr_19426,0,0
dn7-walmart-amazonl_329#dn7-walmart-amazonr_13281,0,0
dn7-walmart-amazonl_897#dn7-walmart-amazonr_6736,0,0
dn7-walmart-amazonl_2289#dn7-walmart-amazonr_14521,0,0
dn7-walmart-amazonl_1039#dn7-walmart-amazonr_3626,0,0
dn7-walmart-amazonl_2488#dn7-walmart-amazonr_20582,0,0
dn7-walmart-amazonl_2207#dn7-walmart-amazonr_6070,0,0
dn7-walmart-amazonl_1714#dn7-walmart-amazonr_16392,0,0
dn7-walmart-amazonl_1340#dn7-walmart-amazonr_12477,0,0
dn7-walmart-amazonl_165#dn7-walmart-amazonr_7917,0,0
dn7-walmart-amazonl_1556#dn7-walmart-amazonr_2781,0,0
dn7-walmart-amazonl_412#dn7-walmart-amazonr_10299,0,0
dn7-walmart-amazonl_2405#dn7-walmart-amazonr_14634,0,0
dn7-walmart-amazonl_1209#dn7-walmart-amazonr_873,0,0
dn7-walmart-amazonl_642#dn7-walmart-amazonr_4157,0,0
dn7-walmart-amazonl_884#dn7-walmart-amazonr_16551,0,0
dn7-walmart-amazonl_1010#dn7-walmart-amazonr_3116,0,0
dn7-walmart-amazonl_2294#dn7-walmart-amazonr_6388,0,0
dn7-walmart-amazonl_1292#dn7-walmart-amazonr_3725,0,0
dn7-walmart-amazonl_1765#dn7-walmart-amazonr_37,0,0
dn7-walmart-amazonl_2036#dn7-walmart-amazonr_13580,0,0
dn7-walmart-amazonl_549#dn7-walmart-amazonr_1537,0,0
dn7-walmart-amazonl_1599#dn7-walmart-amazonr_18591,0,0
dn7-walmart-amazonl_1921#dn7-walmart-amazonr_1899,0,0
dn7-walmart-amazonl_366#dn7-walmart-amazonr_18761,0,0
dn7-walmart-amazonl_1939#dn7-walmart-amazonr_16315,0,0
dn7-walmart-amazonl_736#dn7-walmart-amazonr_19624,0,0
dn7-walmart-amazonl_438#dn7-walmart-amazonr_19911,0,0
dn7-walmart-amazonl_2413#dn7-walmart-amazonr_14569,0,0
dn7-walmart-amazonl_1501#dn7-walmart-amazonr_8133,0,0
dn7-walmart-amazonl_975#dn7-walmart-amazonr_21697,0,0
dn7-walmart-amazonl_1176#dn7-walmart-amazonr_18262,0,0
dn7-walmart-amazonl_570#dn7-walmart-amazonr_9470,0,0
dn7-walmart-amazonl_828#dn7-walmart-amazonr_3353,0,0
dn7-walmart-amazonl_2146#dn7-walmart-amazonr_19276,0,0
dn7-walmart-amazonl_125#dn7-walmart-amazonr_4998,0,0
dn7-walmart-amazonl_1054#dn7-walmart-amazonr_8924,0,0
dn7-walmart-amazonl_2503#dn7-walmart-amazonr_11541,0,0
dn7-walmart-amazonl_188#dn7-walmart-amazonr_18577,0,0
dn7-walmart-amazonl_2336#dn7-walmart-amazonr_19096,0,0
dn7-walmart-amazonl_1196#dn7-walmart-amazonr_776,0,0
dn7-walmart-amazonl_2050#dn7-walmart-amazonr_12990,0,0
dn7-walmart-amazonl_1936#dn7-walmart-amazonr_6036,0,0
dn7-walmart-amazonl_133#dn7-walmart-amazonr_290,0,0
dn7-walmart-amazonl_419#dn7-walmart-amazonr_7366,0,0
dn7-walmart-amazonl_499#dn7-walmart-amazonr_4075,0,0
dn7-walmart-amazonl_1326#dn7-walmart-amazonr_4274,0,0
dn7-walmart-amazonl_96#dn7-walmart-amazonr_20074,0,0
dn7-walmart-amazonl_1125#dn7-walmart-amazonr_4231,0,0
dn7-walmart-amazonl_11#dn7-walmart-amazonr_1915,0,0
dn7-walmart-amazonl_373#dn7-walmart-amazonr_11034,0,0
dn7-walmart-amazonl_1430#dn7-walmart-amazonr_10194,0,0
dn7-walmart-amazonl_502#dn7-walmart-amazonr_13422,0,0
dn7-walmart-amazonl_2362#dn7-walmart-amazonr_3944,0,0
dn7-walmart-amazonl_846#dn7-walmart-amazonr_6360,0,0
dn7-walmart-amazonl_2431#dn7-walmart-amazonr_13681,0,0
dn7-walmart-amazonl_67#dn7-walmart-amazonr_20699,0,0
dn7-walmart-amazonl_1576#dn7-walmart-amazonr_4352,0,0
dn7-walmart-amazonl_1726#dn7-walmart-amazonr_4690,0,0
dn7-walmart-amazonl_843#dn7-walmart-amazonr_6390,0,0
dn7-walmart-amazonl_1800#dn7-walmart-amazonr_12931,0,0
dn7-walmart-amazonl_1460#dn7-walmart-amazonr_20377,0,0
dn7-walmart-amazonl_592#dn7-walmart-amazonr_19238,0,0
dn7-walmart-amazonl_179#dn7-walmart-amazonr_12197,0,0
dn7-walmart-amazonl_939#dn7-walmart-amazonr_15563,0,0
dn7-walmart-amazonl_1366#dn7-walmart-amazonr_2472,0,0
dn7-walmart-amazonl_200#dn7-walmart-amazonr_10512,0,0
dn7-walmart-amazonl_2351#dn7-walmart-amazonr_4079,0,0
dn7-walmart-amazonl_1922#dn7-walmart-amazonr_4276,0,0
dn7-walmart-amazonl_2089#dn7-walmart-amazonr_12657,0,0
dn7-walmart-amazonl_2444#dn7-walmart-amazonr_3293,0,0
dn7-walmart-amazonl_1925#dn7-walmart-amazonr_10372,0,0
dn7-walmart-amazonl_444#dn7-walmart-amazonr_21933,0,0
dn7-walmart-amazonl_201#dn7-walmart-amazonr_5535,0,0
dn7-walmart-amazonl_1851#dn7-walmart-amazonr_12434,0,0
dn7-walmart-amazonl_1095#dn7-walmart-amazonr_6162,0,0
dn7-walmart-amazonl_1178#dn7-walmart-amazonr_18444,0,0
dn7-walmart-amazonl_1258#dn7-walmart-amazonr_5439,0,0
dn7-walmart-amazonl_230#dn7-walmart-amazonr_13413,0,0
dn7-walmart-amazonl_224#dn7-walmart-amazonr_9772,0,0
dn7-walmart-amazonl_2447#dn7-walmart-amazonr_14436,0,0
dn7-walmart-amazonl_421#dn7-walmart-amazonr_17399,0,0
dn7-walmart-amazonl_1840#dn7-walmart-amazonr_6961,0,0
dn7-walmart-amazonl_1036#dn7-walmart-amazonr_16907,0,0
dn7-walmart-amazonl_279#dn7-walmart-amazonr_5976,0,0
dn7-walmart-amazonl_921#dn7-walmart-amazonr_20322,0,0
dn7-walmart-amazonl_1163#dn7-walmart-amazonr_13530,0,0
dn7-walmart-amazonl_958#dn7-walmart-amazonr_6186,0,0
dn7-walmart-amazonl_1917#dn7-walmart-amazonr_14966,0,0
dn7-walmart-amazonl_187#dn7-walmart-amazonr_10801,0,0
dn7-walmart-amazonl_1564#dn7-walmart-amazonr_4890,0,0
dn7-walmart-amazonl_2412#dn7-walmart-amazonr_837,0,0
dn7-walmart-amazonl_2#dn7-walmart-amazonr_13312,0,0
dn7-walmart-amazonl_898#dn7-walmart-amazonr_7375,0,0
dn7-walmart-amazonl_894#dn7-walmart-amazonr_2202,0,0
dn7-walmart-amazonl_2088#dn7-walmart-amazonr_3414,0,0
dn7-walmart-amazonl_85#dn7-walmart-amazonr_15438,0,0
dn7-walmart-amazonl_1680#dn7-walmart-amazonr_2827,0,0
dn7-walmart-amazonl_6#dn7-walmart-amazonr_3031,0,0
dn7-walmart-amazonl_100#dn7-walmart-amazonr_2129,0,0
dn7-walmart-amazonl_659#dn7-walmart-amazonr_12548,0,0
dn7-walmart-amazonl_1322#dn7-walmart-amazonr_14670,0,0
dn7-walmart-amazonl_1699#dn7-walmart-amazonr_17616,0,0
dn7-walmart-amazonl_821#dn7-walmart-amazonr_13312,0,0
dn7-walmart-amazonl_2453#dn7-walmart-amazonr_1655,0,0
dn7-walmart-amazonl_1668#dn7-walmart-amazonr_10622,0,0
dn7-walmart-amazonl_2546#dn7-walmart-amazonr_20428,0,0
dn7-walmart-amazonl_1492#dn7-walmart-amazonr_9865,0,0
dn7-walmart-amazonl_1734#dn7-walmart-amazonr_3836,0,0
dn7-walmart-amazonl_1900#dn7-walmart-amazonr_14079,0,0
dn7-walmart-amazonl_1114#dn7-walmart-amazonr_14890,0,0
dn7-walmart-amazonl_550#dn7-walmart-amazonr_19539,0,1
dn7-walmart-amazonl_1752#dn7-walmart-amazonr_14050,0,0
dn7-walmart-amazonl_280#dn7-walmart-amazonr_4724,0,0
dn7-walmart-amazonl_1461#dn7-walmart-amazonr_7811,0,0
dn7-walmart-amazonl_1175#dn7-walmart-amazonr_12342,0,0
dn7-walmart-amazonl_2147#dn7-walmart-amazonr_12284,0,0
dn7-walmart-amazonl_588#dn7-walmart-amazonr_4999,0,0
dn7-walmart-amazonl_268#dn7-walmart-amazonr_19557,0,0
dn7-walmart-amazonl_442#dn7-walmart-amazonr_2623,0,0
dn7-walmart-amazonl_1304#dn7-walmart-amazonr_10396,0,0
dn7-walmart-amazonl_709#dn7-walmart-amazonr_14076,0,0
dn7-walmart-amazonl_2164#dn7-walmart-amazonr_3694,1,1
dn7-walmart-amazonl_893#dn7-walmart-amazonr_11610,0,0
dn7-walmart-amazonl_904#dn7-walmart-amazonr_7167,0,0
dn7-walmart-amazonl_1634#dn7-walmart-amazonr_2589,0,0
dn7-walmart-amazonl_428#dn7-walmart-amazonr_12576,0,0
dn7-walmart-amazonl_1638#dn7-walmart-amazonr_20311,0,0
dn7-walmart-amazonl_995#dn7-walmart-amazonr_2673,0,0
dn7-walmart-amazonl_1346#dn7-walmart-amazonr_14247,0,0
dn7-walmart-amazonl_1135#dn7-walmart-amazonr_12789,0,0
dn7-walmart-amazonl_598#dn7-walmart-amazonr_1657,0,0
dn7-walmart-amazonl_2216#dn7-walmart-amazonr_838,0,0
dn7-walmart-amazonl_1544#dn7-walmart-amazonr_3202,0,0
dn7-walmart-amazonl_1869#dn7-walmart-amazonr_20162,0,0
dn7-walmart-amazonl_2205#dn7-walmart-amazonr_12244,0,0
dn7-walmart-amazonl_1711#dn7-walmart-amazonr_17206,0,0
dn7-walmart-amazonl_327#dn7-walmart-amazonr_15969,0,0
dn7-walmart-amazonl_2208#dn7-walmart-amazonr_1941,0,0
dn7-walmart-amazonl_409#dn7-walmart-amazonr_8921,0,0
dn7-walmart-amazonl_2545#dn7-walmart-amazonr_6513,0,0
dn7-walmart-amazonl_1811#dn7-walmart-amazonr_9099,0,0
dn7-walmart-amazonl_1260#dn7-walmart-amazonr_2684,0,0
dn7-walmart-amazonl_869#dn7-walmart-amazonr_4083,0,0
dn7-walmart-amazonl_2405#dn7-walmart-amazonr_5319,0,0
dn7-walmart-amazonl_93#dn7-walmart-amazonr_2361,0,0
dn7-walmart-amazonl_2042#dn7-walmart-amazonr_3902,0,0
dn7-walmart-amazonl_624#dn7-walmart-amazonr_6024,0,0
dn7-walmart-amazonl_499#dn7-walmart-amazonr_21076,0,0
dn7-walmart-amazonl_1707#dn7-walmart-amazonr_9216,0,0
dn7-walmart-amazonl_117#dn7-walmart-amazonr_1337,0,0
dn7-walmart-amazonl_888#dn7-walmart-amazonr_7566,0,0
dn7-walmart-amazonl_1777#dn7-walmart-amazonr_6411,0,0
dn7-walmart-amazonl_803#dn7-walmart-amazonr_11572,0,0
dn7-walmart-amazonl_1225#dn7-walmart-amazonr_12060,0,0
dn7-walmart-amazonl_2196#dn7-walmart-amazonr_10617,0,0
dn7-walmart-amazonl_1078#dn7-walmart-amazonr_8722,0,0
dn7-walmart-amazonl_2060#dn7-walmart-amazonr_19557,0,0
dn7-walmart-amazonl_2078#dn7-walmart-amazonr_3894,1,1
dn7-walmart-amazonl_1747#dn7-walmart-amazonr_8103,0,0
dn7-walmart-amazonl_2345#dn7-walmart-amazonr_5101,0,0
dn7-walmart-amazonl_72#dn7-walmart-amazonr_915,0,0
dn7-walmart-amazonl_470#dn7-walmart-amazonr_12920,0,0
dn7-walmart-amazonl_289#dn7-walmart-amazonr_17620,0,0
dn7-walmart-amazonl_1668#dn7-walmart-amazonr_686,0,0
dn7-walmart-amazonl_1973#dn7-walmart-amazonr_13276,0,0
dn7-walmart-amazonl_2025#dn7-walmart-amazonr_10638,0,0
dn7-walmart-amazonl_279#dn7-walmart-amazonr_5366,0,0
dn7-walmart-amazonl_33#dn7-walmart-amazonr_13399,0,0
dn7-walmart-amazonl_1166#dn7-walmart-amazonr_14397,0,0
dn7-walmart-amazonl_2006#dn7-walmart-amazonr_13921,1,1
dn7-walmart-amazonl_1519#dn7-walmart-amazonr_7446,0,0
dn7-walmart-amazonl_1294#dn7-walmart-amazonr_13944,0,0
dn7-walmart-amazonl_1617#dn7-walmart-amazonr_8728,0,0
dn7-walmart-amazonl_2225#dn7-walmart-amazonr_21985,0,0
dn7-walmart-amazonl_2397#dn7-walmart-amazonr_21833,0,0
dn7-walmart-amazonl_2240#dn7-walmart-amazonr_12635,0,0
dn7-walmart-amazonl_950#dn7-walmart-amazonr_4136,0,0
dn7-walmart-amazonl_115#dn7-walmart-amazonr_12174,0,0
dn7-walmart-amazonl_1705#dn7-walmart-amazonr_4676,0,0
dn7-walmart-amazonl_1088#dn7-walmart-amazonr_16731,0,0
dn7-walmart-amazonl_1871#dn7-walmart-amazonr_12973,0,0
dn7-walmart-amazonl_1323#dn7-walmart-amazonr_13276,0,0
dn7-walmart-amazonl_886#dn7-walmart-amazonr_17141,0,0
dn7-walmart-amazonl_2073#dn7-walmart-amazonr_5689,0,0
dn7-walmart-amazonl_2449#dn7-walmart-amazonr_8109,0,0
dn7-walmart-amazonl_357#dn7-walmart-amazonr_14595,0,0
dn7-walmart-amazonl_65#dn7-walmart-amazonr_7137,0,0
dn7-walmart-amazonl_1362#dn7-walmart-amazonr_18484,0,0
dn7-walmart-amazonl_2435#dn7-walmart-amazonr_7809,0,0
dn7-walmart-amazonl_1661#dn7-walmart-amazonr_21626,0,0
dn7-walmart-amazonl_484#dn7-walmart-amazonr_7620,0,0
dn7-walmart-amazonl_512#dn7-walmart-amazonr_6274,0,0
dn7-walmart-amazonl_2452#dn7-walmart-amazonr_11559,0,0
dn7-walmart-amazonl_1100#dn7-walmart-amazonr_2468,0,0
dn7-walmart-amazonl_1098#dn7-walmart-amazonr_8180,0,0
dn7-walmart-amazonl_1396#dn7-walmart-amazonr_5728,0,0
dn7-walmart-amazonl_1242#dn7-walmart-amazonr_7082,0,0
dn7-walmart-amazonl_2479#dn7-walmart-amazonr_20698,0,0
dn7-walmart-amazonl_1905#dn7-walmart-amazonr_2224,0,0
dn7-walmart-amazonl_10#dn7-walmart-amazonr_2863,0,0
dn7-walmart-amazonl_741#dn7-walmart-amazonr_5512,0,0
dn7-walmart-amazonl_527#dn7-walmart-amazonr_3486,0,0
dn7-walmart-amazonl_2093#dn7-walmart-amazonr_7153,0,0
dn7-walmart-amazonl_1703#dn7-walmart-amazonr_14244,0,0
dn7-walmart-amazonl_1176#dn7-walmart-amazonr_7918,0,0
dn7-walmart-amazonl_722#dn7-walmart-amazonr_13885,0,0
dn7-walmart-amazonl_1452#dn7-walmart-amazonr_18197,0,0
dn7-walmart-amazonl_2456#dn7-walmart-amazonr_3555,0,0
dn7-walmart-amazonl_169#dn7-walmart-amazonr_11180,0,0
dn7-walmart-amazonl_638#dn7-walmart-amazonr_6333,0,0
dn7-walmart-amazonl_1493#dn7-walmart-amazonr_13812,0,0
dn7-walmart-amazonl_1490#dn7-walmart-amazonr_19756,0,0
dn7-walmart-amazonl_1705#dn7-walmart-amazonr_4675,0,0
dn7-walmart-amazonl_916#dn7-walmart-amazonr_14836,0,0
dn7-walmart-amazonl_92#dn7-walmart-amazonr_2689,0,0
dn7-walmart-amazonl_2390#dn7-walmart-amazonr_7674,0,0
dn7-walmart-amazonl_806#dn7-walmart-amazonr_8005,0,0
dn7-walmart-amazonl_2272#dn7-walmart-amazonr_10417,0,0
dn7-walmart-amazonl_2317#dn7-walmart-amazonr_8767,0,0
dn7-walmart-amazonl_111#dn7-walmart-amazonr_5143,0,0
dn7-walmart-amazonl_1934#dn7-walmart-amazonr_18819,0,0
dn7-walmart-amazonl_193#dn7-walmart-amazonr_6203,0,0
dn7-walmart-amazonl_436#dn7-walmart-amazonr_13099,0,0
dn7-walmart-amazonl_918#dn7-walmart-amazonr_12537,0,0
dn7-walmart-amazonl_272#dn7-walmart-amazonr_14138,0,0
dn7-walmart-amazonl_1794#dn7-walmart-amazonr_10194,0,0
dn7-walmart-amazonl_2217#dn7-walmart-amazonr_6081,0,0
dn7-walmart-amazonl_345#dn7-walmart-amazonr_8384,0,0
dn7-walmart-amazonl_1964#dn7-walmart-amazonr_14804,0,0
dn7-walmart-amazonl_1212#dn7-walmart-amazonr_5276,0,0
dn7-walmart-amazonl_1242#dn7-walmart-amazonr_1113,0,0
dn7-walmart-amazonl_834#dn7-walmart-amazonr_1023,0,0
dn7-walmart-amazonl_299#dn7-walmart-amazonr_738,0,0
dn7-walmart-amazonl_795#dn7-walmart-amazonr_17056,0,0
dn7-walmart-amazonl_188#dn7-walmart-amazonr_2233,0,0
dn7-walmart-amazonl_1192#dn7-walmart-amazonr_5309,0,0
dn7-walmart-amazonl_1126#dn7-walmart-amazonr_14451,0,0
dn7-walmart-amazonl_1278#dn7-walmart-amazonr_20034,0,0
dn7-walmart-amazonl_970#dn7-walmart-amazonr_1275,0,0
dn7-walmart-amazonl_2426#dn7-walmart-amazonr_17991,0,0
dn7-walmart-amazonl_671#dn7-walmart-amazonr_18850,0,0
dn7-walmart-amazonl_1072#dn7-walmart-amazonr_21555,0,0
dn7-walmart-amazonl_2382#dn7-walmart-amazonr_1723,0,0
dn7-walmart-amazonl_605#dn7-walmart-amazonr_10749,0,0
dn7-walmart-amazonl_2295#dn7-walmart-amazonr_824,0,0
dn7-walmart-amazonl_850#dn7-walmart-amazonr_13988,0,0
dn7-walmart-amazonl_1545#dn7-walmart-amazonr_18190,0,0
dn7-walmart-amazonl_1612#dn7-walmart-amazonr_8044,0,0
dn7-walmart-amazonl_2264#dn7-walmart-amazonr_8750,0,0
dn7-walmart-amazonl_2388#dn7-walmart-amazonr_20061,0,0
dn7-walmart-amazonl_940#dn7-walmart-amazonr_9294,0,0
dn7-walmart-amazonl_1090#dn7-walmart-amazonr_14141,0,0
dn7-walmart-amazonl_923#dn7-walmart-amazonr_17556,0,0
dn7-walmart-amazonl_1214#dn7-walmart-amazonr_2240,0,0
dn7-walmart-amazonl_1724#dn7-walmart-amazonr_2083,0,0
dn7-walmart-amazonl_719#dn7-walmart-amazonr_8006,0,0
dn7-walmart-amazonl_2022#dn7-walmart-amazonr_12171,0,0
dn7-walmart-amazonl_2479#dn7-walmart-amazonr_728,0,0
dn7-walmart-amazonl_606#dn7-walmart-amazonr_9171,0,0
dn7-walmart-amazonl_704#dn7-walmart-amazonr_19670,0,0
dn7-walmart-amazonl_685#dn7-walmart-amazonr_9436,0,0
dn7-walmart-amazonl_2028#dn7-walmart-amazonr_12027,0,0
dn7-walmart-amazonl_1009#dn7-walmart-amazonr_780,1,1
dn7-walmart-amazonl_1004#dn7-walmart-amazonr_15028,0,0
dn7-walmart-amazonl_1988#dn7-walmart-amazonr_16778,0,0
dn7-walmart-amazonl_149#dn7-walmart-amazonr_984,0,0
dn7-walmart-amazonl_2450#dn7-walmart-amazonr_12998,0,0
dn7-walmart-amazonl_1003#dn7-walmart-amazonr_10152,0,0
dn7-walmart-amazonl_780#dn7-walmart-amazonr_20239,0,0
dn7-walmart-amazonl_1460#dn7-walmart-amazonr_1273,0,0
dn7-walmart-amazonl_1310#dn7-walmart-amazonr_17675,0,0
dn7-walmart-amazonl_1246#dn7-walmart-amazonr_3083,0,0
dn7-walmart-amazonl_499#dn7-walmart-amazonr_7407,0,0
dn7-walmart-amazonl_688#dn7-walmart-amazonr_8482,0,0
dn7-walmart-amazonl_1717#dn7-walmart-amazonr_17261,1,1
dn7-walmart-amazonl_1649#dn7-walmart-amazonr_10925,0,0
dn7-walmart-amazonl_2383#dn7-walmart-amazonr_17049,0,0
dn7-walmart-amazonl_2149#dn7-walmart-amazonr_18670,0,0
dn7-walmart-amazonl_1438#dn7-walmart-amazonr_20210,0,0
dn7-walmart-amazonl_1784#dn7-walmart-amazonr_1441,0,0
dn7-walmart-amazonl_2040#dn7-walmart-amazonr_4109,0,0
dn7-walmart-amazonl_386#dn7-walmart-amazonr_3375,0,0
dn7-walmart-amazonl_742#dn7-walmart-amazonr_10730,0,0
dn7-walmart-amazonl_1363#dn7-walmart-amazonr_9792,0,0
dn7-walmart-amazonl_1947#dn7-walmart-amazonr_19995,0,0
dn7-walmart-amazonl_505#dn7-walmart-amazonr_18716,0,0
dn7-walmart-amazonl_426#dn7-walmart-amazonr_6145,0,0
dn7-walmart-amazonl_1771#dn7-walmart-amazonr_12812,0,0
dn7-walmart-amazonl_1308#dn7-walmart-amazonr_21037,0,0
dn7-walmart-amazonl_1954#dn7-walmart-amazonr_7942,0,0
dn7-walmart-amazonl_89#dn7-walmart-amazonr_5319,0,0
dn7-walmart-amazonl_1862#dn7-walmart-amazonr_20516,0,0
dn7-walmart-amazonl_223#dn7-walmart-amazonr_20889,0,0
dn7-walmart-amazonl_1130#dn7-walmart-amazonr_101,0,0
dn7-walmart-amazonl_1068#dn7-walmart-amazonr_17983,0,0
dn7-walmart-amazonl_450#dn7-walmart-amazonr_17345,0,0
dn7-walmart-amazonl_499#dn7-walmart-amazonr_3418,0,0
dn7-walmart-amazonl_156#dn7-walmart-amazonr_12969,0,0
dn7-walmart-amazonl_674#dn7-walmart-amazonr_21787,0,0
dn7-walmart-amazonl_2243#dn7-walmart-amazonr_20384,0,0
dn7-walmart-amazonl_849#dn7-walmart-amazonr_3158,0,0
dn7-walmart-amazonl_645#dn7-walmart-amazonr_10763,0,0
dn7-walmart-amazonl_101#dn7-walmart-amazonr_15891,0,0
dn7-walmart-amazonl_1645#dn7-walmart-amazonr_2987,0,0
dn7-walmart-amazonl_1965#dn7-walmart-amazonr_7860,0,0
dn7-walmart-amazonl_1124#dn7-walmart-amazonr_7701,0,0
dn7-walmart-amazonl_1223#dn7-walmart-amazonr_21862,0,0
dn7-walmart-amazonl_1351#dn7-walmart-amazonr_22073,0,0
dn7-walmart-amazonl_1238#dn7-walmart-amazonr_20112,0,0
dn7-walmart-amazonl_1340#dn7-walmart-amazonr_8496,1,1
dn7-walmart-amazonl_720#dn7-walmart-amazonr_13398,1,1
dn7-walmart-amazonl_218#dn7-walmart-amazonr_7055,0,0
dn7-walmart-amazonl_139#dn7-walmart-amazonr_21778,0,0
dn7-walmart-amazonl_1776#dn7-walmart-amazonr_8065,0,0
dn7-walmart-amazonl_453#dn7-walmart-amazonr_983,0,0
dn7-walmart-amazonl_1557#dn7-walmart-amazonr_4655,0,0
dn7-walmart-amazonl_840#dn7-walmart-amazonr_496,0,0
dn7-walmart-amazonl_334#dn7-walmart-amazonr_2721,0,0
dn7-walmart-amazonl_1046#dn7-walmart-amazonr_2198,0,0
dn7-walmart-amazonl_1838#dn7-walmart-amazonr_8424,0,0
dn7-walmart-amazonl_1627#dn7-walmart-amazonr_2212,0,0
dn7-walmart-amazonl_2183#dn7-walmart-amazonr_14421,0,0
dn7-walmart-amazonl_2421#dn7-walmart-amazonr_18891,0,0
dn7-walmart-amazonl_2097#dn7-walmart-amazonr_4963,0,0
dn7-walmart-amazonl_2354#dn7-walmart-amazonr_9027,0,0
dn7-walmart-amazonl_618#dn7-walmart-amazonr_9151,0,0
dn7-walmart-amazonl_657#dn7-walmart-amazonr_8422,0,0
dn7-walmart-amazonl_422#dn7-walmart-amazonr_20532,0,0
dn7-walmart-amazonl_1828#dn7-walmart-amazonr_8574,0,0
dn7-walmart-amazonl_1686#dn7-walmart-amazonr_16123,0,0
dn7-walmart-amazonl_1928#dn7-walmart-amazonr_11178,0,0
dn7-walmart-amazonl_1496#dn7-walmart-amazonr_7691,0,0
dn7-walmart-amazonl_727#dn7-walmart-amazonr_562,0,0
dn7-walmart-amazonl_1146#dn7-walmart-amazonr_1401,0,0
dn7-walmart-amazonl_517#dn7-walmart-amazonr_13370,0,0
dn7-walmart-amazonl_879#dn7-walmart-amazonr_7032,0,0
dn7-walmart-amazonl_361#dn7-walmart-amazonr_4813,0,0
dn7-walmart-amazonl_531#dn7-walmart-amazonr_12694,0,0
dn7-walmart-amazonl_1526#dn7-walmart-amazonr_18085,0,0
dn7-walmart-amazonl_329#dn7-walmart-amazonr_21480,0,0
dn7-walmart-amazonl_1410#dn7-walmart-amazonr_495,0,0
dn7-walmart-amazonl_1432#dn7-walmart-amazonr_15919,0,0
dn7-walmart-amazonl_1918#dn7-walmart-amazonr_3462,0,0
dn7-walmart-amazonl_385#dn7-walmart-amazonr_11730,0,0
dn7-walmart-amazonl_2497#dn7-walmart-amazonr_9639,0,0
dn7-walmart-amazonl_1549#dn7-walmart-amazonr_7953,0,0
dn7-walmart-amazonl_1157#dn7-walmart-amazonr_18881,0,0
dn7-walmart-amazonl_1550#dn7-walmart-amazonr_3348,0,0
dn7-walmart-amazonl_2197#dn7-walmart-amazonr_5085,0,0
dn7-walmart-amazonl_4#dn7-walmart-amazonr_8430,0,0
dn7-walmart-amazonl_1422#dn7-walmart-amazonr_2341,0,0
dn7-walmart-amazonl_530#dn7-walmart-amazonr_18225,0,0
dn7-walmart-amazonl_1740#dn7-walmart-amazonr_18028,0,0
dn7-walmart-amazonl_1484#dn7-walmart-amazonr_11492,0,0
dn7-walmart-amazonl_686#dn7-walmart-amazonr_3527,0,0
dn7-walmart-amazonl_252#dn7-walmart-amazonr_7771,0,0
dn7-walmart-amazonl_2491#dn7-walmart-amazonr_8689,0,0
dn7-walmart-amazonl_1753#dn7-walmart-amazonr_17315,0,0
dn7-walmart-amazonl_522#dn7-walmart-amazonr_7394,0,0
dn7-walmart-amazonl_841#dn7-walmart-amazonr_737,0,0
dn7-walmart-amazonl_2194#dn7-walmart-amazonr_5102,0,0
dn7-walmart-amazonl_1953#dn7-walmart-amazonr_13414,0,0
dn7-walmart-amazonl_2451#dn7-walmart-amazonr_8356,0,0
dn7-walmart-amazonl_175#dn7-walmart-amazonr_14520,0,0
dn7-walmart-amazonl_1277#dn7-walmart-amazonr_19580,0,0
dn7-walmart-amazonl_1398#dn7-walmart-amazonr_8652,0,0
dn7-walmart-amazonl_1688#dn7-walmart-amazonr_17098,0,0
dn7-walmart-amazonl_1222#dn7-walmart-amazonr_20949,0,0
dn7-walmart-amazonl_1234#dn7-walmart-amazonr_12032,0,0
dn7-walmart-amazonl_676#dn7-walmart-amazonr_18284,0,0
dn7-walmart-amazonl_1386#dn7-walmart-amazonr_5958,0,0
dn7-walmart-amazonl_1366#dn7-walmart-amazonr_8489,0,0
dn7-walmart-amazonl_237#dn7-walmart-amazonr_19758,0,0
dn7-walmart-amazonl_2140#dn7-walmart-amazonr_10033,0,0
dn7-walmart-amazonl_1645#dn7-walmart-amazonr_299,0,0
dn7-walmart-amazonl_1496#dn7-walmart-amazonr_21513,0,0
dn7-walmart-amazonl_1642#dn7-walmart-amazonr_20924,0,0
dn7-walmart-amazonl_1740#dn7-walmart-amazonr_17377,0,0
dn7-walmart-amazonl_438#dn7-walmart-amazonr_4932,0,0
dn7-walmart-amazonl_1263#dn7-walmart-amazonr_12955,0,0
dn7-walmart-amazonl_894#dn7-walmart-amazonr_15056,0,0
dn7-walmart-amazonl_1911#dn7-walmart-amazonr_13387,0,0
dn7-walmart-amazonl_920#dn7-walmart-amazonr_20188,0,0
dn7-walmart-amazonl_1023#dn7-walmart-amazonr_12801,0,0
dn7-walmart-amazonl_594#dn7-walmart-amazonr_12069,0,0
dn7-walmart-amazonl_803#dn7-walmart-amazonr_15519,0,0
dn7-walmart-amazonl_2288#dn7-walmart-amazonr_8353,0,0
dn7-walmart-amazonl_1522#dn7-walmart-amazonr_16817,0,0
dn7-walmart-amazonl_850#dn7-walmart-amazonr_6386,0,0
dn7-walmart-amazonl_1073#dn7-walmart-amazonr_2524,0,0
dn7-walmart-amazonl_2552#dn7-walmart-amazonr_384,0,0
dn7-walmart-amazonl_1197#dn7-walmart-amazonr_915,0,0
dn7-walmart-amazonl_363#dn7-walmart-amazonr_18850,0,0
dn7-walmart-amazonl_2333#dn7-walmart-amazonr_582,0,0
dn7-walmart-amazonl_1909#dn7-walmart-amazonr_8602,0,0
dn7-walmart-amazonl_1268#dn7-walmart-amazonr_5425,0,0
dn7-walmart-amazonl_2132#dn7-walmart-amazonr_13338,0,0
dn7-walmart-amazonl_2354#dn7-walmart-amazonr_14043,0,0
dn7-walmart-amazonl_59#dn7-walmart-amazonr_1634,0,0
dn7-walmart-amazonl_123#dn7-walmart-amazonr_12802,0,0
dn7-walmart-amazonl_2487#dn7-walmart-amazonr_2322,0,0
dn7-walmart-amazonl_2166#dn7-walmart-amazonr_15246,0,0
dn7-walmart-amazonl_807#dn7-walmart-amazonr_10731,0,0
dn7-walmart-amazonl_2511#dn7-walmart-amazonr_20266,0,0
dn7-walmart-amazonl_1877#dn7-walmart-amazonr_6302,0,0
dn7-walmart-amazonl_689#dn7-walmart-amazonr_1660,0,0
dn7-walmart-amazonl_663#dn7-walmart-amazonr_6572,0,0
dn7-walmart-amazonl_1727#dn7-walmart-amazonr_9260,0,0
dn7-walmart-amazonl_2376#dn7-walmart-amazonr_9890,0,0
dn7-walmart-amazonl_2375#dn7-walmart-amazonr_11953,0,0
dn7-walmart-amazonl_323#dn7-walmart-amazonr_1060,0,0
dn7-walmart-amazonl_2490#dn7-walmart-amazonr_10987,0,0
dn7-walmart-amazonl_1521#dn7-walmart-amazonr_16750,0,0
dn7-walmart-amazonl_696#dn7-walmart-amazonr_2349,0,0
dn7-walmart-amazonl_1347#dn7-walmart-amazonr_5272,0,0
dn7-walmart-amazonl_1485#dn7-walmart-amazonr_1377,0,0
dn7-walmart-amazonl_1470#dn7-walmart-amazonr_9921,0,0
dn7-walmart-amazonl_1951#dn7-walmart-amazonr_6914,0,0
dn7-walmart-amazonl_2056#dn7-walmart-amazonr_21458,0,0
dn7-walmart-amazonl_423#dn7-walmart-amazonr_16071,0,0
dn7-walmart-amazonl_1324#dn7-walmart-amazonr_4,0,0
dn7-walmart-amazonl_1203#dn7-walmart-amazonr_18655,0,0
dn7-walmart-amazonl_728#dn7-walmart-amazonr_3624,0,0
dn7-walmart-amazonl_1129#dn7-walmart-amazonr_8643,0,0
dn7-walmart-amazonl_1605#dn7-walmart-amazonr_12998,0,0
dn7-walmart-amazonl_902#dn7-walmart-amazonr_21377,0,0
dn7-walmart-amazonl_966#dn7-walmart-amazonr_10279,0,0
dn7-walmart-amazonl_485#dn7-walmart-amazonr_20002,0,0
dn7-walmart-amazonl_1268#dn7-walmart-amazonr_4380,1,1
dn7-walmart-amazonl_980#dn7-walmart-amazonr_6079,0,0
dn7-walmart-amazonl_407#dn7-walmart-amazonr_17302,0,0
dn7-walmart-amazonl_2354#dn7-walmart-amazonr_6218,0,0
dn7-walmart-amazonl_2140#dn7-walmart-amazonr_10221,0,0
dn7-walmart-amazonl_2373#dn7-walmart-amazonr_13613,0,0
dn7-walmart-amazonl_1267#dn7-walmart-amazonr_10238,0,0
dn7-walmart-amazonl_1846#dn7-walmart-amazonr_4520,0,0
dn7-walmart-amazonl_2485#dn7-walmart-amazonr_8095,1,1
dn7-walmart-amazonl_308#dn7-walmart-amazonr_20127,0,0
dn7-walmart-amazonl_1286#dn7-walmart-amazonr_9409,0,0
dn7-walmart-amazonl_400#dn7-walmart-amazonr_5471,0,0
dn7-walmart-amazonl_2261#dn7-walmart-amazonr_2468,0,0
dn7-walmart-amazonl_2468#dn7-walmart-amazonr_10812,0,0
dn7-walmart-amazonl_550#dn7-walmart-amazonr_12558,0,0
dn7-walmart-amazonl_1703#dn7-walmart-amazonr_16386,0,0
dn7-walmart-amazonl_172#dn7-walmart-amazonr_13230,0,0
dn7-walmart-amazonl_780#dn7-walmart-amazonr_19908,0,0
dn7-walmart-amazonl_2166#dn7-walmart-amazonr_18645,0,0
dn7-walmart-amazonl_2113#dn7-walmart-amazonr_20542,0,0
dn7-walmart-amazonl_651#dn7-walmart-amazonr_14331,0,0
dn7-walmart-amazonl_2474#dn7-walmart-amazonr_12518,0,0
dn7-walmart-amazonl_779#dn7-walmart-amazonr_12032,0,0
dn7-walmart-amazonl_2234#dn7-walmart-amazonr_3830,0,0
dn7-walmart-amazonl_2440#dn7-walmart-amazonr_3414,0,0
dn7-walmart-amazonl_1753#dn7-walmart-amazonr_18203,0,0
dn7-walmart-amazonl_1480#dn7-walmart-amazonr_8336,0,0
dn7-walmart-amazonl_1435#dn7-walmart-amazonr_12968,0,0
dn7-walmart-amazonl_942#dn7-walmart-amazonr_15035,0,0
dn7-walmart-amazonl_403#dn7-walmart-amazonr_16316,0,0
dn7-walmart-amazonl_1479#dn7-walmart-amazonr_10837,0,0
dn7-walmart-amazonl_1131#dn7-walmart-amazonr_12165,0,0
dn7-walmart-amazonl_594#dn7-walmart-amazonr_19084,0,0
dn7-walmart-amazonl_1800#dn7-walmart-amazonr_19279,0,0
dn7-walmart-amazonl_1468#dn7-walmart-amazonr_10591,0,0
dn7-walmart-amazonl_470#dn7-walmart-amazonr_960,0,0
dn7-walmart-amazonl_173#dn7-walmart-amazonr_17034,0,0
dn7-walmart-amazonl_1879#dn7-walmart-amazonr_21639,0,0
dn7-walmart-amazonl_1435#dn7-walmart-amazonr_21978,0,0
dn7-walmart-amazonl_10#dn7-walmart-amazonr_12836,0,0
dn7-walmart-amazonl_412#dn7-walmart-amazonr_20239,0,0
dn7-walmart-amazonl_144#dn7-walmart-amazonr_4499,0,0
dn7-walmart-amazonl_700#dn7-walmart-amazonr_14707,0,0
dn7-walmart-amazonl_2458#dn7-walmart-amazonr_18252,0,0
dn7-walmart-amazonl_1270#dn7-walmart-amazonr_5253,0,0
dn7-walmart-amazonl_1059#dn7-walmart-amazonr_2060,0,0
dn7-walmart-amazonl_537#dn7-walmart-amazonr_8768,0,0
dn7-walmart-amazonl_689#dn7-walmart-amazonr_14865,0,0
dn7-walmart-amazonl_388#dn7-walmart-amazonr_1928,0,0
dn7-walmart-amazonl_1922#dn7-walmart-amazonr_14255,0,0
dn7-walmart-amazonl_383#dn7-walmart-amazonr_3728,0,0
dn7-walmart-amazonl_1170#dn7-walmart-amazonr_14175,0,0
dn7-walmart-amazonl_2048#dn7-walmart-amazonr_20752,0,0
dn7-walmart-amazonl_131#dn7-walmart-amazonr_9640,0,0
dn7-walmart-amazonl_1909#dn7-walmart-amazonr_6025,0,0
dn7-walmart-amazonl_565#dn7-walmart-amazonr_20903,0,0
dn7-walmart-amazonl_236#dn7-walmart-amazonr_8454,0,0
dn7-walmart-amazonl_688#dn7-walmart-amazonr_6799,0,1
dn7-walmart-amazonl_578#dn7-walmart-amazonr_3405,0,0
dn7-walmart-amazonl_1470#dn7-walmart-amazonr_3739,0,0
dn7-walmart-amazonl_74#dn7-walmart-amazonr_8002,0,0
dn7-walmart-amazonl_1307#dn7-walmart-amazonr_12032,0,0
dn7-walmart-amazonl_330#dn7-walmart-amazonr_7592,0,0
dn7-walmart-amazonl_733#dn7-walmart-amazonr_14247,0,0
dn7-walmart-amazonl_2129#dn7-walmart-amazonr_14146,0,0
dn7-walmart-amazonl_959#dn7-walmart-amazonr_10026,0,0
dn7-walmart-amazonl_1753#dn7-walmart-amazonr_16968,0,0
dn7-walmart-amazonl_1522#dn7-walmart-amazonr_13312,0,0
dn7-walmart-amazonl_1638#dn7-walmart-amazonr_16739,0,0
dn7-walmart-amazonl_2544#dn7-walmart-amazonr_16194,0,0
dn7-walmart-amazonl_2044#dn7-walmart-amazonr_14860,0,0
dn7-walmart-amazonl_848#dn7-walmart-amazonr_602,0,1
dn7-walmart-amazonl_225#dn7-walmart-amazonr_12631,0,0
dn7-walmart-amazonl_1686#dn7-walmart-amazonr_16233,0,0
dn7-walmart-amazonl_2381#dn7-walmart-amazonr_15428,0,0
dn7-walmart-amazonl_1608#dn7-walmart-amazonr_13252,0,0
dn7-walmart-amazonl_2524#dn7-walmart-amazonr_13988,0,0
dn7-walmart-amazonl_1205#dn7-walmart-amazonr_11930,0,0
dn7-walmart-amazonl_1061#dn7-walmart-amazonr_6201,0,0
dn7-walmart-amazonl_1285#dn7-walmart-amazonr_8715,0,0
dn7-walmart-amazonl_756#dn7-walmart-amazonr_9297,0,0
dn7-walmart-amazonl_177#dn7-walmart-amazonr_6960,0,0
dn7-walmart-amazonl_1926#dn7-walmart-amazonr_2377,0,0
dn7-walmart-amazonl_2099#dn7-walmart-amazonr_2157,0,0
dn7-walmart-amazonl_2424#dn7-walmart-amazonr_3720,0,0
dn7-walmart-amazonl_786#dn7-walmart-amazonr_14644,0,0
dn7-walmart-amazonl_504#dn7-walmart-amazonr_6746,0,0
dn7-walmart-amazonl_1455#dn7-walmart-amazonr_110,0,0
dn7-walmart-amazonl_113#dn7-walmart-amazonr_15442,0,0
dn7-walmart-amazonl_2055#dn7-walmart-amazonr_5126,0,0
dn7-walmart-amazonl_1373#dn7-walmart-amazonr_11408,0,0
dn7-walmart-amazonl_649#dn7-walmart-amazonr_13380,0,0
dn7-walmart-amazonl_2351#dn7-walmart-amazonr_15377,0,0
dn7-walmart-amazonl_517#dn7-walmart-amazonr_21403,0,0
dn7-walmart-amazonl_835#dn7-walmart-amazonr_15482,0,0
dn7-walmart-amazonl_135#dn7-walmart-amazonr_1340,0,0
dn7-walmart-amazonl_471#dn7-walmart-amazonr_11622,0,0
dn7-walmart-amazonl_2003#dn7-walmart-amazonr_9558,0,0
dn7-walmart-amazonl_917#dn7-walmart-amazonr_16882,0,0
dn7-walmart-amazonl_338#dn7-walmart-amazonr_12928,0,0
dn7-walmart-amazonl_2484#dn7-walmart-amazonr_14253,0,0
dn7-walmart-amazonl_520#dn7-walmart-amazonr_11404,0,0
dn7-walmart-amazonl_697#dn7-walmart-amazonr_16650,0,0
dn7-walmart-amazonl_1418#dn7-walmart-amazonr_6761,0,0
dn7-walmart-amazonl_2124#dn7-walmart-amazonr_21085,0,0
dn7-walmart-amazonl_716#dn7-walmart-amazonr_21629,0,0
dn7-walmart-amazonl_1344#dn7-walmart-amazonr_2654,0,0
dn7-walmart-amazonl_569#dn7-walmart-amazonr_9956,0,0
dn7-walmart-amazonl_2357#dn7-walmart-amazonr_10506,0,0
dn7-walmart-amazonl_1751#dn7-walmart-amazonr_2751,0,0
dn7-walmart-amazonl_2070#dn7-walmart-amazonr_2589,0,0
dn7-walmart-amazonl_2038#dn7-walmart-amazonr_13930,0,0
dn7-walmart-amazonl_1365#dn7-walmart-amazonr_5431,0,0
dn7-walmart-amazonl_984#dn7-walmart-amazonr_395,0,0
dn7-walmart-amazonl_2385#dn7-walmart-amazonr_3523,0,0
dn7-walmart-amazonl_1809#dn7-walmart-amazonr_16316,0,0
dn7-walmart-amazonl_1442#dn7-walmart-amazonr_21420,0,0
dn7-walmart-amazonl_207#dn7-walmart-amazonr_16759,0,0
dn7-walmart-amazonl_2055#dn7-walmart-amazonr_16932,0,0
dn7-walmart-amazonl_1426#dn7-walmart-amazonr_5136,0,0
dn7-walmart-amazonl_1781#dn7-walmart-amazonr_21791,0,0
dn7-walmart-amazonl_475#dn7-walmart-amazonr_12751,0,0
dn7-walmart-amazonl_0#dn7-walmart-amazonr_5360,0,0
dn7-walmart-amazonl_1563#dn7-walmart-amazonr_14839,0,0
dn7-walmart-amazonl_606#dn7-walmart-amazonr_7184,0,0
dn7-walmart-amazonl_1974#dn7-walmart-amazonr_10343,0,0
dn7-walmart-amazonl_1886#dn7-walmart-amazonr_13387,0,0
dn7-walmart-amazonl_639#dn7-walmart-amazonr_19330,0,0
dn7-walmart-amazonl_1247#dn7-walmart-amazonr_10,0,0
dn7-walmart-amazonl_1690#dn7-walmart-amazonr_17013,0,0
dn7-walmart-amazonl_1254#dn7-walmart-amazonr_15900,0,0
dn7-walmart-amazonl_251#dn7-walmart-amazonr_7812,0,0
dn7-walmart-amazonl_1715#dn7-walmart-amazonr_15096,0,0
dn7-walmart-amazonl_889#dn7-walmart-amazonr_17904,0,1
dn7-walmart-amazonl_1474#dn7-walmart-amazonr_14226,0,0
dn7-walmart-amazonl_1796#dn7-walmart-amazonr_107,0,0
dn7-walmart-amazonl_108#dn7-walmart-amazonr_19300,0,0
dn7-walmart-amazonl_1162#dn7-walmart-amazonr_16458,0,0
dn7-walmart-amazonl_594#dn7-walmart-amazonr_7334,0,0
dn7-walmart-amazonl_1239#dn7-walmart-amazonr_422,0,0
dn7-walmart-amazonl_1251#dn7-walmart-amazonr_10991,0,0
dn7-walmart-amazonl_1921#dn7-walmart-amazonr_5559,0,0
dn7-walmart-amazonl_2267#dn7-walmart-amazonr_6477,0,0
dn7-walmart-amazonl_1850#dn7-walmart-amazonr_11148,0,0
dn7-walmart-amazonl_469#dn7-walmart-amazonr_18996,0,0
dn7-walmart-amazonl_454#dn7-walmart-amazonr_12950,0,0
dn7-walmart-amazonl_763#dn7-walmart-amazonr_20920,0,0
dn7-walmart-amazonl_2420#dn7-walmart-amazonr_5910,0,0
dn7-walmart-amazonl_441#dn7-walmart-amazonr_7122,0,0
dn7-walmart-amazonl_2516#dn7-walmart-amazonr_1863,0,0
dn7-walmart-amazonl_1488#dn7-walmart-amazonr_9545,0,0
dn7-walmart-amazonl_2367#dn7-walmart-amazonr_22026,0,0
dn7-walmart-amazonl_423#dn7-walmart-amazonr_18101,0,0
dn7-walmart-amazonl_73#dn7-walmart-amazonr_1283,0,0
dn7-walmart-amazonl_2408#dn7-walmart-amazonr_12997,0,0
dn7-walmart-amazonl_915#dn7-walmart-amazonr_9955,0,0
dn7-walmart-amazonl_965#dn7-walmart-amazonr_793,0,0
dn7-walmart-amazonl_1446#dn7-walmart-amazonr_15923,0,0
dn7-walmart-amazonl_1023#dn7-walmart-amazonr_21695,0,0
dn7-walmart-amazonl_1455#dn7-walmart-amazonr_21202,0,0
dn7-walmart-amazonl_1546#dn7-walmart-amazonr_6736,0,0
dn7-walmart-amazonl_372#dn7-walmart-amazonr_6383,0,0
dn7-walmart-amazonl_1425#dn7-walmart-amazonr_2754,0,0
dn7-walmart-amazonl_2084#dn7-walmart-amazonr_3228,0,0
dn7-walmart-amazonl_595#dn7-walmart-amazonr_7231,0,0
dn7-walmart-amazonl_824#dn7-walmart-amazonr_6472,0,0
dn7-walmart-amazonl_792#dn7-walmart-amazonr_10806,0,0
dn7-walmart-amazonl_1702#dn7-walmart-amazonr_16823,0,1
dn7-walmart-amazonl_1295#dn7-walmart-amazonr_6606,0,0
dn7-walmart-amazonl_2046#dn7-walmart-amazonr_17529,0,0
dn7-walmart-amazonl_1821#dn7-walmart-amazonr_4683,0,0
dn7-walmart-amazonl_791#dn7-walmart-amazonr_12445,0,0
dn7-walmart-amazonl_535#dn7-walmart-amazonr_13767,0,0
dn7-walmart-amazonl_450#dn7-walmart-amazonr_21887,0,0
dn7-walmart-amazonl_533#dn7-walmart-amazonr_5021,0,0
dn7-walmart-amazonl_324#dn7-walmart-amazonr_19238,0,0
dn7-walmart-amazonl_148#dn7-walmart-amazonr_155,0,0
dn7-walmart-amazonl_1009#dn7-walmart-amazonr_1098,0,0
dn7-walmart-amazonl_1121#dn7-walmart-amazonr_22003,0,0
dn7-walmart-amazonl_2537#dn7-walmart-amazonr_12501,0,0
dn7-walmart-amazonl_2109#dn7-walmart-amazonr_11387,0,0
dn7-walmart-amazonl_288#dn7-walmart-amazonr_16040,0,0
dn7-walmart-amazonl_1193#dn7-walmart-amazonr_3065,0,0
dn7-walmart-amazonl_1973#dn7-walmart-amazonr_2944,0,0
dn7-walmart-amazonl_1099#dn7-walmart-amazonr_12957,0,0
dn7-walmart-amazonl_733#dn7-walmart-amazonr_5428,0,0
dn7-walmart-amazonl_1730#dn7-walmart-amazonr_2749,0,0
dn7-walmart-amazonl_43#dn7-walmart-amazonr_21161,0,0
dn7-walmart-amazonl_2422#dn7-walmart-amazonr_421,0,0
dn7-walmart-amazonl_800#dn7-walmart-amazonr_14278,0,0
dn7-walmart-amazonl_2545#dn7-walmart-amazonr_235,0,0
dn7-walmart-amazonl_1122#dn7-walmart-amazonr_21987,0,0
dn7-walmart-amazonl_2019#dn7-walmart-amazonr_17755,0,0
dn7-walmart-amazonl_639#dn7-walmart-amazonr_379,0,0
dn7-walmart-amazonl_927#dn7-walmart-amazonr_14735,0,0
dn7-walmart-amazonl_1045#dn7-walmart-amazonr_15415,0,0
dn7-walmart-amazonl_1977#dn7-walmart-amazonr_2963,0,0
dn7-walmart-amazonl_2502#dn7-walmart-amazonr_14045,0,0
dn7-walmart-amazonl_1474#dn7-walmart-amazonr_7707,0,0
dn7-walmart-amazonl_1876#dn7-walmart-amazonr_18653,0,0
dn7-walmart-amazonl_1155#dn7-walmart-amazonr_4917,0,0
dn7-walmart-amazonl_1655#dn7-walmart-amazonr_10355,0,0
dn7-walmart-amazonl_366#dn7-walmart-amazonr_12876,0,0
dn7-walmart-amazonl_1511#dn7-walmart-amazonr_20519,0,0
dn7-walmart-amazonl_623#dn7-walmart-amazonr_2858,0,0
dn7-walmart-amazonl_715#dn7-walmart-amazonr_15121,0,0
dn7-walmart-amazonl_1164#dn7-walmart-amazonr_14663,0,0
dn7-walmart-amazonl_2114#dn7-walmart-amazonr_6753,0,0
dn7-walmart-amazonl_45#dn7-walmart-amazonr_7488,0,0
dn7-walmart-amazonl_1059#dn7-walmart-amazonr_9040,0,0
dn7-walmart-amazonl_2118#dn7-walmart-amazonr_10370,0,0
dn7-walmart-amazonl_245#dn7-walmart-amazonr_4655,0,0
dn7-walmart-amazonl_1419#dn7-walmart-amazonr_10052,0,0
dn7-walmart-amazonl_2434#dn7-walmart-amazonr_2896,0,0
dn7-walmart-amazonl_629#dn7-walmart-amazonr_9151,0,0
dn7-walmart-amazonl_2386#dn7-walmart-amazonr_14189,0,0
dn7-walmart-amazonl_2155#dn7-walmart-amazonr_13251,0,0
dn7-walmart-amazonl_385#dn7-walmart-amazonr_11729,0,0
dn7-walmart-amazonl_944#dn7-walmart-amazonr_14177,1,1
dn7-walmart-amazonl_258#dn7-walmart-amazonr_10646,1,1
dn7-walmart-amazonl_1063#dn7-walmart-amazonr_3145,1,0
dn7-walmart-amazonl_649#dn7-walmart-amazonr_1427,1,1
dn7-walmart-amazonl_2106#dn7-walmart-amazonr_1253,1,1
dn7-walmart-amazonl_955#dn7-walmart-amazonr_4702,1,1
dn7-walmart-amazonl_1753#dn7-walmart-amazonr_16220,1,1
dn7-walmart-amazonl_2471#dn7-walmart-amazonr_19283,1,1
dn7-walmart-amazonl_939#dn7-walmart-amazonr_3615,1,1
dn7-walmart-amazonl_2231#dn7-walmart-amazonr_17839,1,1
dn7-walmart-amazonl_428#dn7-walmart-amazonr_6990,1,1
