{
  "n_pairs": 4500,
  "agents": {
    "precision": "Precision Sentinel",
    "balanced": "Balanced Resolver",
    "recall": "Recall Scout"
  },
  "metrics": {
    "precision": {
      "precision": 0.832392,
      "recall": 0.884,
      "f1": 0.85742,
      "accuracy": 0.967333,
      "tp": 442,
      "fp": 89,
      "fn": 58,
      "tn": 3911
    },
    "balanced": {
      "precision": 0.790894,
      "recall": 0.938,
      "f1": 0.858188,
      "accuracy": 0.965556,
      "tp": 469,
      "fp": 124,
      "fn": 31,
      "tn": 3876
    },
    "recall": {
      "precision": 0.685997,
      "recall": 0.97,
      "f1": 0.803645,
      "accuracy": 0.947333,
      "tp": 485,
      "fp": 222,
      "fn": 15,
      "tn": 3778
    },
    "vote": {
      "precision": 0.792929,
      "recall": 0.942,
      "f1": 0.86106,
      "accuracy": 0.966222,
      "tp": 471,
      "fp": 123,
      "fn": 29,
      "tn": 3877
    }
  }
}