pair_id,gold,pred,label_raw
dblp_1133#scholar_19588,0,0,FALSE
dblp_1829#scholar_59186,0,0,FALSE
dblp_1953#scholar_5130,0,0,FALSE
dblp_2310#scholar_28595,0,0,FALSE
dblp_1845#scholar_48451,0,0,FALSE
dblp_211#scholar_2457,0,0,FALSE
dblp_1360#scholar_11549,1,1,TRUE
dblp_652#scholar_31280,0,0,FALSE
dblp_1532#scholar_60672,0,0,FALSE
dblp_1991#scholar_30712,0,0,FALSE
dblp_1712#scholar_41920,0,0,FALSE
dblp_709#scholar_45026,0,0,FALSE
dblp_2295#scholar_8559,0,0,FALSE
dblp_2579#scholar_42314,0,0,FALSE
dblp_696#scholar_46108,0,0,FALSE
dblp_659#scholar_12273,0,0,FALSE
dblp_612#scholar_42439,0,0,FALSE
dblp_2185#scholar_10241,0,0,FALSE
dblp_980#scholar_58492,0,0,FALSE
dblp_603#scholar_1832,0,0,FALSE
dblp_2310#scholar_35508,0,0,FALSE
dblp_1381#scholar_47050,1,1,TRUE
dblp_1084#scholar_26734,0,0,FALSE
dblp_1883#scholar_15003,0,0,FALSE
dblp_2036#scholar_47255,0,0,FALSE
dblp_2588#scholar_7916,0,0,FALSE
dblp_1435#scholar_59475,0,0,FALSE
dblp_800#scholar_29677,0,0,FALSE
dblp_806#scholar_6887,0,0,FALSE
dblp_925#scholar_52718,0,0,FALSE
dblp_1856#scholar_43531,0,0,FALSE
dblp_74#scholar_40649,0,0,FALSE
dblp_2538#scholar_15659,0,0,FALSE
dblp_19#scholar_6261,0,0,FALSE
dblp_1391#scholar_10963,0,0,FALSE
dblp_2113#scholar_4298,0,0,FALSE
dblp_997#scholar_53122,0,0,FALSE
dblp_667#scholar_8795,0,1,TRUE
dblp_2076#scholar_38242,0,0,FALSE
dblp_425#scholar_50887,0,0,FALSE
dblp_1487#scholar_16499,0,0,FALSE
dblp_846#scholar_53598,1,1,TRUE
dblp_1785#scholar_42348,0,0,FALSE
dblp_1357#scholar_50278,0,0,FALSE
dblp_1640#scholar_55264,0,0,FALSE
dblp_2213#scholar_26608,0,0,FALSE
dblp_2388#scholar_27440,0,0,FALSE
dblp_2510#scholar_18329,0,0,FALSE
dblp_479#scholar_14191,0,1,TRUE
dblp_670#scholar_2835,1,1,TRUE
dblp_1501#scholar_51650,0,0,FALSE
dblp_2383#scholar_37650,0,0,FALSE
dblp_1337#scholar_43035,0,0,FALSE
dblp_203#scholar_52821,0,0,FALSE
dblp_40#scholar_38927,1,1,TRUE
dblp_2208#scholar_9513,0,0,FALSE
dblp_1845#scholar_2444,0,0,FALSE
dblp_925#scholar_40801,0,0,FALSE
dblp_1358#scholar_43932,0,0,FALSE
dblp_772#scholar_34715,0,0,FALSE
dblp_763#scholar_37838,1,1,TRUE
dblp_303#scholar_62491,0,0,FALSE
dblp_1909#scholar_19919,1,1,TRUE
dblp_1609#scholar_7292,1,1,TRUE
dblp_807#scholar_571,0,0,FALSE
dblp_1689#scholar_15842,1,1,TRUE
dblp_2101#scholar_42537,0,0,FALSE
dblp_166#scholar_52163,1,1,TRUE
dblp_1979#scholar_54689,0,0,FALSE
dblp_1235#scholar_2066,1,1,TRUE
dblp_2558#scholar_27953,0,0,FALSE
dblp_2449#scholar_64146,0,0,FALSE
dblp_2561#scholar_8206,0,0,FALSE
dblp_1754#scholar_40665,1,1,TRUE
dblp_2367#scholar_4594,0,0,FALSE
dblp_2212#scholar_42372,0,0,FALSE
dblp_219#scholar_54938,0,0,FALSE
dblp_2260#scholar_28652,0,0,FALSE
dblp_1188#scholar_19222,0,0,FALSE
dblp_2588#scholar_46326,0,0,FALSE
dblp_240#scholar_32713,0,0,FALSE
dblp_228#scholar_2170,0,0,FALSE
dblp_1090#scholar_6805,1,1,TRUE
dblp_1299#scholar_46506,0,1,TRUE
dblp_40#scholar_45113,0,0,FALSE
dblp_2270#scholar_18974,0,0,FALSE
dblp_432#scholar_45548,0,0,FALSE
dblp_758#scholar_35934,0,0,FALSE
dblp_2611#scholar_35409,0,0,FALSE
dblp_886#scholar_43210,0,0,FALSE
dblp_228#scholar_18281,0,0,FALSE
dblp_1760#scholar_60720,0,0,FALSE
dblp_1865#scholar_42063,0,0,FALSE
dblp_178#scholar_23243,1,1,TRUE
dblp_1712#scholar_20743,0,0,FALSE
dblp_224#scholar_14191,0,1,TRUE
dblp_758#scholar_3916,0,0,FALSE
dblp_876#scholar_50041,1,1,TRUE
dblp_1375#scholar_43836,0,0,FALSE
dblp_26#scholar_54864,1,1,TRUE
dblp_227#scholar_40509,1,1,TRUE
dblp_2350#scholar_16813,0,0,FALSE
dblp_1841#scholar_45703,0,0,FALSE
dblp_74#scholar_16274,0,0,FALSE
dblp_2351#scholar_38886,1,1,TRUE
dblp_2518#scholar_1082,1,1,TRUE
dblp_1944#scholar_20713,0,0,FALSE
dblp_1840#scholar_26880,0,0,FALSE
dblp_1374#scholar_43268,1,1,TRUE
dblp_1033#scholar_3849,1,1,TRUE
dblp_238#scholar_59034,0,0,FALSE
dblp_2562#scholar_43978,0,0,FALSE
dblp_1404#scholar_46704,0,0,FALSE
dblp_277#scholar_36689,0,0,FALSE
dblp_1133#scholar_53754,0,0,FALSE
dblp_1491#scholar_34481,0,0,FALSE
dblp_1518#scholar_50416,0,0,FALSE
dblp_1612#scholar_1832,0,0,FALSE
dblp_2420#scholar_51681,0,0,FALSE
dblp_581#scholar_27329,0,0,FALSE
dblp_1739#scholar_58598,0,1,TRUE
dblp_226#scholar_11556,1,1,TRUE
dblp_1211#scholar_36319,1,1,TRUE
dblp_1049#scholar_36236,0,0,FALSE
dblp_184#scholar_49763,1,1,TRUE
dblp_1462#scholar_12173,0,0,FALSE
dblp_1051#scholar_44372,0,0,FALSE
dblp_1920#scholar_1043,0,0,FALSE
dblp_1133#scholar_19568,0,0,FALSE
dblp_707#scholar_47930,0,0,FALSE
dblp_65#scholar_41516,1,1,TRUE
dblp_1683#scholar_52821,0,0,FALSE
dblp_1484#scholar_54987,0,0,FALSE
dblp_1264#scholar_33952,0,0,FALSE
dblp_1796#scholar_61859,0,0,FALSE
dblp_2460#scholar_35060,1,1,TRUE
dblp_1750#scholar_22090,1,1,TRUE
dblp_821#scholar_46374,0,0,FALSE
dblp_2549#scholar_21744,1,1,TRUE
dblp_1657#scholar_11076,1,1,TRUE
dblp_1772#scholar_13051,1,1,TRUE
dblp_1023#scholar_59825,0,0,FALSE
dblp_1264#scholar_41762,0,0,FALSE
dblp_1981#scholar_31079,0,0,FALSE
dblp_2425#scholar_43312,0,0,FALSE
dblp_703#scholar_19707,0,0,FALSE
dblp_1138#scholar_59359,1,1,TRUE
dblp_1264#scholar_39381,0,0,FALSE
dblp_783#scholar_6685,0,0,FALSE
dblp_2343#scholar_18362,0,0,FALSE
dblp_563#scholar_18926,1,1,TRUE
dblp_1060#scholar_45746,0,0,FALSE
dblp_2256#scholar_50898,0,0,FALSE
dblp_1834#scholar_52657,0,0,FALSE
dblp_659#scholar_34018,1,1,TRUE
dblp_2443#scholar_13004,0,0,FALSE
dblp_212#scholar_51230,0,0,FALSE
dblp_2566#scholar_55313,0,0,FALSE
dblp_1173#scholar_14822,0,0,FALSE
dblp_1213#scholar_3210,0,0,FALSE
dblp_1736#scholar_49048,0,0,FALSE
dblp_1120#scholar_7046,0,0,FALSE
dblp_178#scholar_43123,0,0,FALSE
dblp_1772#scholar_36528,0,0,FALSE
dblp_1944#scholar_53319,0,0,FALSE
dblp_19#scholar_22071,0,0,FALSE
dblp_227#scholar_36901,1,1,TRUE
dblp_797#scholar_50620,0,0,FALSE
dblp_800#scholar_21161,0,0,FALSE
dblp_1288#scholar_62336,0,0,FALSE
dblp_996#scholar_60693,0,0,FALSE
dblp_2220#scholar_36009,0,0,FALSE
dblp_900#scholar_20499,0,0,FALSE
dblp_1883#scholar_24560,0,0,FALSE
dblp_496#scholar_3822,0,0,FALSE
dblp_657#scholar_59246,0,0,FALSE
dblp_1074#scholar_46289,0,0,FALSE
dblp_996#scholar_3916,0,0,FALSE
dblp_649#scholar_31493,0,0,FALSE
dblp_2383#scholar_8305,0,0,FALSE
dblp_1172#scholar_26333,0,0,FALSE
dblp_813#scholar_9979,0,0,FALSE
dblp_483#scholar_25469,0,0,FALSE
dblp_2463#scholar_20985,0,0,FALSE
dblp_1293#scholar_31631,0,0,FALSE
dblp_683#scholar_61944,1,1,TRUE
dblp_132#scholar_42029,0,0,FALSE
dblp_2338#scholar_55639,0,0,FALSE
dblp_2359#scholar_28648,0,0,FALSE
dblp_2368#scholar_45299,0,0,FALSE
dblp_228#scholar_30332,0,0,FALSE
dblp_1901#scholar_58481,0,0,FALSE
dblp_1367#scholar_54979,0,0,FALSE
dblp_800#scholar_19658,0,0,FALSE
dblp_2542#scholar_32568,1,1,TRUE
dblp_1785#scholar_61103,0,0,FALSE
dblp_2125#scholar_59643,0,0,FALSE
dblp_1929#scholar_53731,0,0,FALSE
dblp_1236#scholar_55464,0,0,FALSE
dblp_2431#scholar_28688,0,0,FALSE
dblp_1487#scholar_37539,0,0,FALSE
dblp_1401#scholar_42782,0,0,FALSE
dblp_1742#scholar_28165,0,0,FALSE
dblp_703#scholar_55139,0,0,FALSE
dblp_1944#scholar_46640,0,0,FALSE
dblp_1811#scholar_60946,0,0,FALSE
dblp_86#scholar_20055,1,1,TRUE
dblp_2451#scholar_23851,0,0,FALSE
dblp_1023#scholar_63738,0,0,FALSE
dblp_2400#scholar_36967,0,0,FALSE
dblp_954#scholar_60533,0,0,FALSE
dblp_2330#scholar_5805,0,0,FALSE
dblp_963#scholar_14474,0,0,FALSE
dblp_1811#scholar_20719,0,0,FALSE
dblp_746#scholar_16106,0,0,FALSE
dblp_228#scholar_33577,0,0,FALSE
dblp_1122#scholar_47061,0,0,FALSE
dblp_23#scholar_3251,0,0,FALSE
dblp_2608#scholar_24422,0,0,FALSE
dblp_2272#scholar_33801,0,0,FALSE
dblp_1641#scholar_40754,0,0,FALSE
dblp_1454#scholar_18533,0,0,FALSE
dblp_1334#scholar_56891,1,1,TRUE
dblp_659#scholar_3973,0,0,FALSE
dblp_1341#scholar_5935,0,0,FALSE
dblp_1536#scholar_43213,0,0,FALSE
dblp_2040#scholar_32599,0,0,FALSE
dblp_2082#scholar_4146,0,0,FALSE
dblp_903#scholar_51361,0,0,FALSE
dblp_617#scholar_31624,0,0,FALSE
dblp_1529#scholar_1845,0,0,FALSE
dblp_448#scholar_36059,0,0,FALSE
dblp_1082#scholar_8206,0,0,FALSE
dblp_1803#scholar_21365,1,1,TRUE
dblp_1288#scholar_53442,0,0,FALSE
dblp_168#scholar_41823,1,1,TRUE
dblp_2226#scholar_28740,1,1,TRUE
dblp_49#scholar_50019,1,1,TRUE
dblp_288#scholar_54595,0,0,FALSE
dblp_395#scholar_60823,0,1,TRUE
dblp_682#scholar_9709,0,0,FALSE
dblp_659#scholar_41277,0,0,FALSE
dblp_1105#scholar_48864,0,0,FALSE
dblp_1821#scholar_11310,0,0,FALSE
dblp_883#scholar_13629,0,0,FALSE
dblp_1584#scholar_28111,1,1,TRUE
dblp_2125#scholar_45010,0,0,FALSE
dblp_1474#scholar_5717,1,1,TRUE
dblp_2554#scholar_19619,0,0,FALSE
dblp_615#scholar_60354,0,0,FALSE
dblp_1024#scholar_41738,0,0,FALSE
dblp_1977#scholar_49415,0,0,FALSE
dblp_1363#scholar_26840,1,1,TRUE
dblp_2466#scholar_13004,0,0,FALSE
dblp_1793#scholar_5296,0,0,FALSE
dblp_2211#scholar_36529,0,0,FALSE
dblp_2568#scholar_60370,0,0,FALSE
dblp_1944#scholar_9742,0,0,FALSE
dblp_1296#scholar_13782,0,0,FALSE
dblp_1593#scholar_50779,0,0,FALSE
dblp_1679#scholar_58247,0,0,FALSE
dblp_733#scholar_39107,0,0,FALSE
dblp_773#scholar_50416,0,0,FALSE
dblp_1884#scholar_55688,1,1,TRUE
dblp_151#scholar_7564,0,0,FALSE
dblp_474#scholar_9151,0,0,FALSE
dblp_1428#scholar_51759,1,1,TRUE
dblp_277#scholar_19222,0,0,FALSE
dblp_2298#scholar_25211,0,0,FALSE
dblp_1842#scholar_53356,0,0,FALSE
dblp_750#scholar_20967,1,1,TRUE
dblp_2604#scholar_15730,0,0,FALSE
dblp_2029#scholar_50687,0,0,FALSE
dblp_1750#scholar_3330,1,1,TRUE
dblp_4#scholar_1055,0,0,FALSE
dblp_583#scholar_56967,0,0,FALSE
dblp_1958#scholar_63899,0,0,FALSE
dblp_1543#scholar_53201,1,1,TRUE
dblp_2565#scholar_45055,0,0,FALSE
dblp_1404#scholar_46289,0,0,FALSE
dblp_519#scholar_50886,1,1,TRUE
dblp_785#scholar_61057,0,0,FALSE
dblp_1626#scholar_26734,0,0,FALSE
dblp_2272#scholar_52652,0,0,FALSE
dblp_329#scholar_38677,0,0,FALSE
dblp_1554#scholar_33169,0,0,FALSE
dblp_72#scholar_435,0,0,FALSE
dblp_280#scholar_3191,0,0,FALSE
dblp_288#scholar_49835,0,0,FALSE
dblp_1431#scholar_39935,0,0,FALSE
dblp_1871#scholar_1111,0,0,FALSE
dblp_2118#scholar_2389,0,0,FALSE
dblp_66#scholar_31469,0,0,FALSE
dblp_1670#scholar_42082,1,1,TRUE
dblp_1840#scholar_9742,0,0,FALSE
dblp_2372#scholar_4334,0,0,FALSE
dblp_1531#scholar_55962,0,0,FALSE
dblp_367#scholar_2845,0,0,FALSE
dblp_1060#scholar_34845,0,0,FALSE
dblp_2372#scholar_27585,1,1,TRUE
dblp_1148#scholar_63200,0,0,FALSE
dblp_1365#scholar_31822,0,0,FALSE
dblp_562#scholar_51174,0,0,FALSE
dblp_1893#scholar_3858,0,0,FALSE
dblp_713#scholar_13521,0,0,FALSE
dblp_229#scholar_25454,0,0,FALSE
dblp_2005#scholar_22313,0,0,FALSE
dblp_2005#scholar_63588,0,0,FALSE
dblp_2208#scholar_31328,0,0,FALSE
dblp_2183#scholar_7945,0,0,FALSE
dblp_825#scholar_41560,1,1,TRUE
dblp_1883#scholar_20626,0,0,FALSE
dblp_955#scholar_10288,0,1,TRUE
dblp_2524#scholar_44406,0,0,FALSE
dblp_2594#scholar_14733,0,0,FALSE
dblp_998#scholar_50637,0,0,FALSE
dblp_1781#scholar_54682,0,0,FALSE
dblp_2249#scholar_53584,0,0,FALSE
dblp_2288#scholar_9536,0,0,FALSE
dblp_468#scholar_9979,0,0,FALSE
dblp_2459#scholar_9402,1,1,TRUE
dblp_2126#scholar_61022,0,0,FALSE
dblp_1735#scholar_12007,0,1,TRUE
dblp_1143#scholar_43811,0,0,FALSE
dblp_19#scholar_64215,0,0,FALSE
dblp_1431#scholar_23894,0,0,FALSE
dblp_1639#scholar_16392,0,0,FALSE
dblp_2220#scholar_40040,0,0,FALSE
dblp_2212#scholar_50155,0,0,FALSE
dblp_1206#scholar_53961,0,0,FALSE
dblp_2067#scholar_28827,0,0,FALSE
dblp_2123#scholar_55124,0,0,FALSE
dblp_182#scholar_32436,0,0,FALSE
dblp_2314#scholar_20011,0,0,FALSE
dblp_2359#scholar_19226,0,0,FALSE
dblp_259#scholar_28828,0,0,FALSE
dblp_1392#scholar_49415,0,0,FALSE
dblp_1954#scholar_63847,1,1,TRUE
dblp_1012#scholar_45525,0,0,FALSE
dblp_1546#scholar_13481,1,1,TRUE
dblp_1037#scholar_37687,0,1,TRUE
dblp_527#scholar_9099,0,0,FALSE
dblp_1099#scholar_15969,0,0,FALSE
dblp_65#scholar_36513,1,1,TRUE
dblp_1840#scholar_3336,0,0,FALSE
dblp_1922#scholar_33904,0,0,FALSE
dblp_1692#scholar_2576,0,0,FALSE
dblp_2507#scholar_42082,0,0,FALSE
dblp_938#scholar_59976,0,0,FALSE
dblp_2554#scholar_27667,0,0,FALSE
dblp_1407#scholar_24023,1,1,TRUE
dblp_2416#scholar_22778,0,0,FALSE
dblp_1841#scholar_51042,0,0,FALSE
dblp_2470#scholar_45553,0,0,FALSE
dblp_805#scholar_33175,0,0,FALSE
dblp_1953#scholar_17648,1,1,TRUE
dblp_1023#scholar_37994,0,0,FALSE
dblp_2300#scholar_39694,0,0,FALSE
dblp_366#scholar_60843,1,1,TRUE
dblp_1873#scholar_55905,0,0,FALSE
dblp_2449#scholar_39001,0,0,FALSE
dblp_2515#scholar_41656,1,0,FALSE
dblp_612#scholar_39185,0,0,FALSE
dblp_2425#scholar_38137,0,0,FALSE
dblp_708#scholar_55219,0,0,FALSE
dblp_1488#scholar_6159,0,0,FALSE
dblp_1749#scholar_36009,0,0,FALSE
dblp_229#scholar_9846,0,0,FALSE
dblp_1855#scholar_3558,0,0,FALSE
dblp_1268#scholar_16473,1,0,FALSE
dblp_1290#scholar_56826,0,0,FALSE
dblp_713#scholar_59307,0,0,FALSE
dblp_2361#scholar_51347,0,0,FALSE
dblp_1953#scholar_61384,0,0,FALSE
dblp_2327#scholar_27852,0,0,FALSE
dblp_2581#scholar_33044,0,0,FALSE
dblp_1288#scholar_55098,0,0,FALSE
dblp_536#scholar_57831,0,0,FALSE
dblp_2579#scholar_58809,0,0,FALSE
dblp_1146#scholar_38879,0,0,FALSE
dblp_1217#scholar_31398,0,0,FALSE
dblp_795#scholar_34699,0,0,FALSE
dblp_1151#scholar_55360,0,0,FALSE
dblp_1122#scholar_22890,1,1,TRUE
dblp_2320#scholar_63650,0,0,FALSE
dblp_407#scholar_54379,0,0,FALSE
dblp_2241#scholar_13469,0,0,FALSE
dblp_1766#scholar_54303,0,0,FALSE
dblp_1680#scholar_17038,1,1,TRUE
dblp_708#scholar_50858,0,0,FALSE
dblp_2538#scholar_40040,0,0,FALSE
dblp_2552#scholar_36461,1,1,TRUE
dblp_1435#scholar_53218,1,1,TRUE
dblp_1172#scholar_22744,0,0,FALSE
dblp_2467#scholar_48047,0,0,FALSE
dblp_1182#scholar_11362,1,1,TRUE
dblp_433#scholar_17320,1,1,TRUE
dblp_645#scholar_11170,0,0,FALSE
dblp_5#scholar_30234,0,0,FALSE
dblp_2345#scholar_56441,1,1,TRUE
dblp_2581#scholar_15868,0,0,FALSE
dblp_2005#scholar_1506,0,0,FALSE
dblp_2447#scholar_37936,0,0,FALSE
dblp_95#scholar_42525,0,0,FALSE
dblp_1543#scholar_33382,0,0,FALSE
dblp_2113#scholar_60992,0,0,FALSE
dblp_2564#scholar_7564,0,0,FALSE
dblp_682#scholar_40093,0,0,FALSE
dblp_1326#scholar_18044,0,0,FALSE
dblp_1975#scholar_23440,0,0,FALSE
dblp_1612#scholar_34235,0,0,FALSE
dblp_1397#scholar_38487,0,0,FALSE
dblp_96#scholar_32794,0,0,FALSE
dblp_2449#scholar_3476,0,0,FALSE
dblp_1365#scholar_967,0,0,FALSE
dblp_811#scholar_60072,0,0,FALSE
dblp_1916#scholar_27784,1,1,TRUE
dblp_2080#scholar_15267,0,0,FALSE
dblp_2492#scholar_33729,0,0,FALSE
dblp_320#scholar_4073,0,0,FALSE
dblp_736#scholar_20020,0,0,FALSE
dblp_959#scholar_36631,0,0,FALSE
dblp_899#scholar_53104,0,0,FALSE
dblp_1578#scholar_21476,1,1,TRUE
dblp_291#scholar_21586,0,0,FALSE
dblp_1400#scholar_21236,0,0,FALSE
dblp_628#scholar_31216,0,0,FALSE
dblp_98#scholar_29073,0,0,FALSE
dblp_2023#scholar_10429,0,0,FALSE
dblp_749#scholar_10923,0,1,TRUE
dblp_1282#scholar_41794,0,1,TRUE
dblp_2380#scholar_59315,0,0,FALSE
dblp_2577#scholar_3722,0,0,FALSE
dblp_2185#scholar_52851,0,0,FALSE
dblp_2521#scholar_30107,0,0,FALSE
dblp_1771#scholar_29289,0,0,FALSE
dblp_1256#scholar_54340,1,1,TRUE
dblp_1296#scholar_13622,0,0,FALSE
dblp_1200#scholar_43278,0,0,FALSE
dblp_1875#scholar_62707,0,0,FALSE
dblp_89#scholar_55462,1,0,FALSE
dblp_1916#scholar_25761,0,0,FALSE
dblp_2527#scholar_31674,0,0,FALSE
dblp_2208#scholar_45010,0,0,FALSE
dblp_2338#scholar_61304,0,0,FALSE
dblp_612#scholar_41465,0,0,FALSE
dblp_1145#scholar_44526,0,0,FALSE
dblp_1532#scholar_14381,1,1,TRUE
dblp_2437#scholar_2127,0,0,FALSE
dblp_2310#scholar_610,0,0,FALSE
dblp_1383#scholar_2968,0,0,FALSE
dblp_1796#scholar_4146,0,0,FALSE
dblp_1185#scholar_57193,0,0,FALSE
dblp_935#scholar_20775,0,0,FALSE
dblp_2418#scholar_22913,0,0,FALSE
dblp_1665#scholar_21236,1,1,TRUE
dblp_1792#scholar_22591,0,0,FALSE
dblp_1129#scholar_8555,0,0,FALSE
dblp_2272#scholar_26355,0,0,FALSE
dblp_2489#scholar_28636,1,0,FALSE
dblp_253#scholar_32171,0,0,FALSE
dblp_2483#scholar_6003,0,1,TRUE
dblp_406#scholar_56172,0,0,FALSE
dblp_1982#scholar_42818,1,1,TRUE
dblp_167#scholar_5647,0,0,FALSE
dblp_1049#scholar_4615,0,0,FALSE
dblp_1560#scholar_22693,0,0,FALSE
dblp_986#scholar_16748,1,1,TRUE
dblp_476#scholar_54131,1,1,TRUE
dblp_2579#scholar_43401,1,1,TRUE
dblp_758#scholar_45703,0,0,FALSE
dblp_570#scholar_16348,0,0,FALSE
dblp_336#scholar_7510,0,0,FALSE
dblp_2272#scholar_35825,0,0,FALSE
dblp_178#scholar_9558,0,0,FALSE
dblp_2538#scholar_52757,0,0,FALSE
dblp_2203#scholar_33379,0,0,FALSE
dblp_1433#scholar_29409,0,0,FALSE
dblp_2307#scholar_27726,0,1,TRUE
dblp_1841#scholar_32362,0,0,FALSE
dblp_1135#scholar_28892,1,1,TRUE
dblp_271#scholar_58415,0,0,FALSE
dblp_1348#scholar_10564,0,0,FALSE
dblp_574#scholar_57581,0,0,FALSE
dblp_141#scholar_20944,0,0,FALSE
dblp_804#scholar_38608,0,0,FALSE
dblp_153#scholar_36667,0,0,FALSE
dblp_1680#scholar_60423,0,0,FALSE
dblp_2577#scholar_21929,1,1,TRUE
dblp_920#scholar_33967,1,1,TRUE
dblp_1082#scholar_1506,0,0,FALSE
dblp_1431#scholar_60919,0,0,FALSE
dblp_774#scholar_6255,0,0,FALSE
dblp_2354#scholar_38853,0,0,FALSE
dblp_1437#scholar_17210,0,0,FALSE
dblp_1188#scholar_927,1,1,TRUE
dblp_697#scholar_46009,1,1,TRUE
dblp_859#scholar_25371,0,0,FALSE
dblp_604#scholar_36000,0,0,FALSE
dblp_703#scholar_33240,0,0,FALSE
dblp_2422#scholar_23774,0,0,FALSE
dblp_228#scholar_7916,0,0,FALSE
dblp_1811#scholar_63261,0,0,FALSE
dblp_2543#scholar_27459,0,0,FALSE
dblp_2610#scholar_39339,0,1,TRUE
dblp_1313#scholar_50395,0,0,FALSE
dblp_1792#scholar_12376,0,0,FALSE
dblp_519#scholar_4751,0,0,FALSE
dblp_1244#scholar_8129,0,0,FALSE
dblp_1439#scholar_6262,1,1,TRUE
dblp_1114#scholar_41111,0,0,FALSE
dblp_1082#scholar_12185,0,0,FALSE
dblp_17#scholar_10483,0,0,FALSE
dblp_1742#scholar_24885,0,0,FALSE
dblp_1145#scholar_61429,0,0,FALSE
dblp_93#scholar_31083,0,0,FALSE
dblp_1048#scholar_43868,0,0,FALSE
dblp_842#scholar_29504,1,1,TRUE
dblp_1826#scholar_38339,0,0,FALSE
dblp_2609#scholar_47112,0,0,FALSE
dblp_1852#scholar_41920,0,0,FALSE
dblp_2336#scholar_25396,0,0,FALSE
dblp_2581#scholar_25334,0,0,FALSE
dblp_767#scholar_43210,0,0,FALSE
dblp_842#scholar_28305,0,0,FALSE
dblp_1133#scholar_38853,0,0,FALSE
dblp_2280#scholar_21895,0,0,FALSE
dblp_1925#scholar_38608,0,0,FALSE
dblp_1438#scholar_5659,0,1,TRUE
dblp_399#scholar_9493,0,0,FALSE
dblp_1341#scholar_47632,0,0,FALSE
dblp_2255#scholar_13790,0,0,FALSE
dblp_758#scholar_16272,0,0,FALSE
dblp_2280#scholar_57739,0,0,FALSE
dblp_1377#scholar_50973,1,1,TRUE
dblp_1679#scholar_15014,0,0,FALSE
dblp_107#scholar_41647,1,1,TRUE
dblp_806#scholar_666,0,1,TRUE
dblp_748#scholar_37261,1,1,TRUE
dblp_646#scholar_42946,1,1,TRUE
dblp_2571#scholar_45850,0,0,FALSE
dblp_182#scholar_18837,0,0,FALSE
dblp_1458#scholar_13975,1,1,TRUE
dblp_659#scholar_45010,0,0,FALSE
dblp_842#scholar_2150,0,0,FALSE
dblp_1748#scholar_29134,1,1,TRUE
dblp_196#scholar_48505,0,0,FALSE
dblp_1792#scholar_20149,0,0,FALSE
dblp_140#scholar_571,0,0,FALSE
dblp_1172#scholar_16644,0,0,FALSE
dblp_1702#scholar_28510,1,1,TRUE
dblp_595#scholar_46545,0,0,FALSE
dblp_2342#scholar_37915,0,1,TRUE
dblp_2289#scholar_41072,0,0,FALSE
dblp_1529#scholar_13968,0,0,FALSE
dblp_2025#scholar_14305,1,1,TRUE
dblp_2220#scholar_35490,0,0,FALSE
dblp_452#scholar_2629,0,0,FALSE
dblp_2399#scholar_28097,0,0,FALSE
dblp_1540#scholar_33582,1,1,TRUE
dblp_2374#scholar_29605,0,0,FALSE
dblp_123#scholar_8319,0,0,FALSE
dblp_1131#scholar_34174,0,0,FALSE
dblp_2355#scholar_54333,0,0,FALSE
dblp_2541#scholar_17156,0,0,FALSE
dblp_1841#scholar_58228,0,0,FALSE
dblp_384#scholar_56300,1,1,TRUE
dblp_1665#scholar_866,0,0,FALSE
dblp_1651#scholar_15112,0,0,FALSE
dblp_2003#scholar_60455,0,0,FALSE
dblp_288#scholar_60693,0,0,FALSE
dblp_1133#scholar_9322,1,1,TRUE
dblp_657#scholar_5087,0,0,FALSE
dblp_1625#scholar_47847,0,0,FALSE
dblp_1892#scholar_46250,1,1,TRUE
dblp_1857#scholar_7977,1,1,TRUE
dblp_1547#scholar_52886,0,0,FALSE
dblp_212#scholar_60183,0,0,FALSE
dblp_1445#scholar_17279,0,0,FALSE
dblp_720#scholar_45902,0,0,FALSE
dblp_625#scholar_30677,1,1,TRUE
dblp_1817#scholar_1334,0,0,FALSE
dblp_2255#scholar_49440,0,0,FALSE
dblp_1913#scholar_47532,1,1,TRUE
dblp_937#scholar_5595,0,0,FALSE
dblp_1794#scholar_47615,0,0,FALSE
dblp_359#scholar_3858,0,0,FALSE
dblp_2468#scholar_50005,0,0,FALSE
dblp_2295#scholar_2961,0,0,FALSE
dblp_1849#scholar_11498,0,0,FALSE
dblp_1815#scholar_30305,0,0,FALSE
dblp_2495#scholar_42348,0,0,FALSE
dblp_291#scholar_23243,0,0,FALSE
dblp_562#scholar_40722,0,0,FALSE
dblp_2277#scholar_15845,1,1,TRUE
dblp_2437#scholar_51982,0,0,FALSE
dblp_911#scholar_30077,0,0,FALSE
dblp_2383#scholar_571,0,0,FALSE
dblp_1365#scholar_55595,0,1,TRUE
dblp_938#scholar_25298,0,0,FALSE
dblp_336#scholar_56291,0,1,TRUE
dblp_643#scholar_53319,0,0,FALSE
dblp_2563#scholar_14309,0,0,FALSE
dblp_2020#scholar_61292,0,0,FALSE
dblp_2333#scholar_60224,0,0,FALSE
dblp_1288#scholar_26660,0,0,FALSE
dblp_368#scholar_47248,0,0,FALSE
dblp_1977#scholar_43176,0,0,FALSE
dblp_1421#scholar_31339,0,0,FALSE
dblp_679#scholar_38053,1,1,TRUE
dblp_2002#scholar_12256,1,1,TRUE
dblp_2168#scholar_2576,0,0,FALSE
dblp_631#scholar_50901,0,0,FALSE
dblp_288#scholar_4370,0,0,FALSE
dblp_364#scholar_49287,0,0,FALSE
dblp_852#scholar_26380,0,0,FALSE
dblp_1939#scholar_39708,1,1,TRUE
dblp_227#scholar_60537,1,1,TRUE
dblp_1049#scholar_41920,0,0,FALSE
dblp_1981#scholar_11426,0,0,FALSE
dblp_1012#scholar_18988,0,0,FALSE
dblp_1200#scholar_51065,0,0,FALSE
dblp_2254#scholar_45238,0,1,TRUE
dblp_280#scholar_57675,0,0,FALSE
dblp_1953#scholar_4376,0,0,FALSE
dblp_758#scholar_26775,0,0,FALSE
dblp_595#scholar_8986,0,0,FALSE
dblp_1065#scholar_25396,1,1,TRUE
dblp_177#scholar_29676,0,0,FALSE
dblp_40#scholar_48283,0,0,FALSE
dblp_518#scholar_44986,0,0,FALSE
dblp_2432#scholar_47847,0,0,FALSE
dblp_1671#scholar_14259,0,0,FALSE
dblp_2353#scholar_55740,1,1,TRUE
dblp_1992#scholar_62382,1,1,TRUE
dblp_1768#scholar_29450,0,1,TRUE
dblp_1079#scholar_4040,0,0,FALSE
dblp_17#scholar_35922,1,1,TRUE
dblp_527#scholar_31706,0,0,FALSE
dblp_1239#scholar_30966,0,0,FALSE
dblp_1491#scholar_15622,0,0,FALSE
dblp_1264#scholar_57774,0,0,FALSE
dblp_2564#scholar_41405,0,0,FALSE
dblp_1644#scholar_19778,1,1,TRUE
dblp_2226#scholar_10856,1,1,TRUE
dblp_2294#scholar_11270,0,0,FALSE
dblp_506#scholar_54637,0,0,FALSE
dblp_204#scholar_12708,0,0,FALSE
dblp_299#scholar_58227,0,0,FALSE
dblp_1200#scholar_27440,0,0,FALSE
dblp_2521#scholar_27048,0,0,FALSE
dblp_2554#scholar_27270,0,0,FALSE
dblp_2059#scholar_33890,1,1,TRUE
dblp_420#scholar_16431,1,1,TRUE
dblp_1133#scholar_41109,0,0,FALSE
dblp_2192#scholar_14584,0,0,FALSE
dblp_2307#scholar_7563,0,0,FALSE
dblp_1536#scholar_46675,0,0,FALSE
dblp_2226#scholar_57630,0,0,FALSE
dblp_1270#scholar_7522,0,0,FALSE
dblp_1842#scholar_34427,0,0,FALSE
dblp_1158#scholar_34850,0,0,FALSE
dblp_46#scholar_9485,1,1,TRUE
dblp_2213#scholar_56371,0,0,FALSE
dblp_2383#scholar_4931,0,0,FALSE
dblp_807#scholar_23457,0,0,FALSE
dblp_1969#scholar_43607,0,0,FALSE
dblp_1683#scholar_40350,0,0,FALSE
dblp_534#scholar_38677,0,0,FALSE
dblp_2120#scholar_20147,0,0,FALSE
dblp_2380#scholar_33970,0,0,FALSE
dblp_2125#scholar_6288,0,0,FALSE
dblp_2568#scholar_17648,0,0,FALSE
dblp_1944#scholar_41278,0,0,FALSE
dblp_1949#scholar_45271,0,0,FALSE
dblp_959#scholar_12426,1,1,TRUE
dblp_1288#scholar_25559,0,0,FALSE
dblp_2418#scholar_63201,0,0,FALSE
dblp_2219#scholar_22006,1,1,TRUE
dblp_708#scholar_41445,0,0,FALSE
dblp_1955#scholar_14191,0,1,TRUE
dblp_773#scholar_28305,0,0,FALSE
dblp_1172#scholar_17154,0,0,FALSE
dblp_63#scholar_47245,1,1,TRUE
dblp_859#scholar_23777,0,0,FALSE
dblp_1221#scholar_17097,0,0,FALSE
dblp_2500#scholar_55852,0,0,FALSE
dblp_1752#scholar_19889,1,1,TRUE
dblp_277#scholar_16649,0,0,FALSE
dblp_365#scholar_37172,0,0,FALSE
dblp_1837#scholar_22256,0,0,FALSE
dblp_1986#scholar_468,1,1,TRUE
dblp_801#scholar_18133,0,0,FALSE
dblp_910#scholar_61536,0,0,FALSE
dblp_1288#scholar_30305,0,0,FALSE
dblp_204#scholar_6179,0,0,FALSE
dblp_1180#scholar_10641,1,1,TRUE
dblp_1913#scholar_24414,0,0,FALSE
dblp_642#scholar_9565,0,0,FALSE
dblp_2295#scholar_34299,0,0,FALSE
dblp_2368#scholar_40808,0,0,FALSE
dblp_215#scholar_35664,0,0,FALSE
dblp_2113#scholar_20967,0,0,FALSE
dblp_632#scholar_17250,1,1,TRUE
dblp_853#scholar_13559,1,1,TRUE
dblp_2111#scholar_27532,1,1,TRUE
dblp_136#scholar_25415,1,1,TRUE
dblp_2333#scholar_30150,0,0,FALSE
dblp_2419#scholar_33213,0,0,FALSE
dblp_1853#scholar_9762,0,0,FALSE
dblp_351#scholar_59360,0,0,FALSE
dblp_1368#scholar_26608,0,0,FALSE
dblp_1953#scholar_17315,0,0,FALSE
dblp_277#scholar_6288,0,0,FALSE
dblp_2093#scholar_22068,0,0,FALSE
dblp_714#scholar_37773,0,0,FALSE
dblp_1829#scholar_26880,0,0,FALSE
dblp_562#scholar_47315,0,0,FALSE
dblp_343#scholar_19518,0,0,FALSE
dblp_1428#scholar_2602,0,0,FALSE
dblp_452#scholar_33090,0,0,FALSE
dblp_267#scholar_32584,0,0,FALSE
dblp_19#scholar_48814,1,1,TRUE
dblp_330#scholar_52266,0,0,FALSE
dblp_1401#scholar_34097,0,0,FALSE
dblp_2284#scholar_55464,0,0,FALSE
dblp_1151#scholar_51001,0,0,FALSE
dblp_1480#scholar_39812,1,1,TRUE
dblp_95#scholar_40688,0,0,FALSE
dblp_410#scholar_45743,0,0,FALSE
dblp_45#scholar_36653,0,0,FALSE
dblp_958#scholar_29082,1,1,TRUE
dblp_2468#scholar_9595,0,0,FALSE
dblp_1263#scholar_56771,0,0,FALSE
dblp_1864#scholar_39339,0,0,FALSE
dblp_519#scholar_44664,0,0,FALSE
dblp_1855#scholar_38752,0,0,FALSE
dblp_2468#scholar_6326,0,0,FALSE
dblp_1944#scholar_538,0,0,FALSE
dblp_2277#scholar_44574,0,0,FALSE
dblp_1564#scholar_14799,1,1,TRUE
dblp_1094#scholar_16351,0,0,FALSE
dblp_1603#scholar_55639,0,0,FALSE
dblp_1533#scholar_32852,0,0,FALSE
dblp_2556#scholar_37261,0,0,FALSE
dblp_32#scholar_61220,1,1,TRUE
dblp_2188#scholar_13443,0,0,FALSE
dblp_528#scholar_60742,0,0,FALSE
dblp_2367#scholar_22118,1,1,TRUE
dblp_1082#scholar_59643,0,0,FALSE
dblp_1659#scholar_46567,0,0,FALSE
dblp_2044#scholar_51487,0,1,TRUE
dblp_496#scholar_12112,0,0,FALSE
dblp_1100#scholar_40507,1,1,TRUE
dblp_2275#scholar_35860,0,0,FALSE
dblp_1397#scholar_60186,0,0,FALSE
dblp_703#scholar_57383,0,0,FALSE
dblp_1437#scholar_56896,0,0,FALSE
dblp_1543#scholar_47147,0,0,FALSE
dblp_1283#scholar_54474,0,0,FALSE
dblp_2330#scholar_27909,0,0,FALSE
dblp_104#scholar_46640,0,0,FALSE
dblp_1665#scholar_61774,0,0,FALSE
dblp_1963#scholar_41208,1,1,TRUE
dblp_2049#scholar_1950,0,0,FALSE
dblp_2338#scholar_38338,0,0,FALSE
dblp_466#scholar_1753,1,1,TRUE
dblp_1560#scholar_22065,0,0,FALSE
dblp_2466#scholar_62150,0,0,FALSE
dblp_2169#scholar_50474,0,0,FALSE
dblp_661#scholar_22839,0,0,FALSE
dblp_900#scholar_6982,0,0,FALSE
dblp_137#scholar_24673,1,1,TRUE
dblp_1375#scholar_64160,0,1,TRUE
dblp_2496#scholar_44361,0,0,FALSE
dblp_671#scholar_5733,0,0,FALSE
dblp_183#scholar_35892,0,0,FALSE
dblp_2544#scholar_7983,0,0,FALSE
dblp_502#scholar_28249,0,0,FALSE
dblp_721#scholar_49310,0,0,FALSE
dblp_543#scholar_34040,0,0,FALSE
dblp_1212#scholar_37872,1,1,TRUE
dblp_1907#scholar_7419,1,1,TRUE
dblp_689#scholar_1055,0,0,FALSE
dblp_1023#scholar_18003,0,0,FALSE
dblp_2152#scholar_3375,0,0,FALSE
dblp_1680#scholar_11864,0,0,FALSE
dblp_872#scholar_44664,0,0,FALSE
dblp_338#scholar_48343,0,0,FALSE
dblp_1749#scholar_17832,0,0,FALSE
dblp_1566#scholar_60918,1,1,TRUE
dblp_745#scholar_41147,1,1,TRUE
dblp_956#scholar_12558,1,1,TRUE
dblp_2330#scholar_58464,0,0,FALSE
dblp_2560#scholar_36030,0,0,FALSE
dblp_758#scholar_35978,0,0,FALSE
dblp_1752#scholar_26181,0,0,FALSE
dblp_231#scholar_26180,0,0,FALSE
dblp_2568#scholar_26107,0,0,FALSE
dblp_2203#scholar_11015,0,0,FALSE
dblp_1841#scholar_32987,0,0,FALSE
dblp_2425#scholar_62484,0,0,FALSE
dblp_1264#scholar_57065,0,0,FALSE
dblp_2301#scholar_50407,1,1,TRUE
dblp_965#scholar_7535,1,1,TRUE
dblp_2087#scholar_44956,1,1,TRUE
dblp_1247#scholar_15883,0,0,FALSE
dblp_1914#scholar_50887,0,0,FALSE
dblp_1145#scholar_19222,0,0,FALSE
dblp_1944#scholar_37229,0,0,FALSE
dblp_2114#scholar_640,1,1,TRUE
dblp_2421#scholar_17242,0,0,FALSE
dblp_2432#scholar_47811,0,0,FALSE
dblp_1580#scholar_63271,1,1,TRUE
dblp_1855#scholar_12356,0,0,FALSE
dblp_2277#scholar_45623,0,0,FALSE
dblp_2468#scholar_44406,0,0,FALSE
dblp_2295#scholar_28097,0,1,TRUE
dblp_960#scholar_34408,0,0,FALSE
dblp_104#scholar_57488,0,0,FALSE
dblp_1982#scholar_18057,1,1,TRUE
dblp_166#scholar_51879,0,0,FALSE
dblp_333#scholar_15695,0,0,FALSE
dblp_2539#scholar_28456,0,0,FALSE
dblp_1645#scholar_36620,0,0,FALSE
dblp_961#scholar_31216,0,0,FALSE
dblp_2216#scholar_44600,0,0,FALSE
dblp_2272#scholar_4809,0,0,FALSE
dblp_2527#scholar_42858,0,0,FALSE
dblp_1494#scholar_34871,1,1,TRUE
dblp_1060#scholar_33580,0,0,FALSE
dblp_2207#scholar_56141,1,1,TRUE
dblp_229#scholar_58948,1,1,TRUE
dblp_1760#scholar_35854,0,0,FALSE
dblp_566#scholar_51674,0,0,FALSE
dblp_2443#scholar_50755,1,1,TRUE
dblp_758#scholar_46239,0,0,FALSE
dblp_1916#scholar_7548,0,0,FALSE
dblp_2209#scholar_33175,0,0,FALSE
dblp_2362#scholar_12060,1,1,TRUE
dblp_788#scholar_48374,0,0,FALSE
dblp_2338#scholar_42063,0,0,FALSE
dblp_758#scholar_52517,0,0,FALSE
dblp_1012#scholar_41841,1,1,TRUE
dblp_515#scholar_55673,0,0,FALSE
dblp_2421#scholar_753,1,1,TRUE
dblp_26#scholar_3907,0,0,FALSE
dblp_2301#scholar_27184,0,0,FALSE
dblp_39#scholar_48392,0,0,FALSE
dblp_1369#scholar_42063,0,0,FALSE
dblp_1439#scholar_51985,0,0,FALSE
dblp_595#scholar_33959,0,0,FALSE
dblp_2328#scholar_57461,0,0,FALSE
dblp_2327#scholar_7274,0,0,FALSE
dblp_2265#scholar_5146,1,1,TRUE
dblp_1580#scholar_57158,0,0,FALSE
dblp_2249#scholar_18794,0,0,FALSE
dblp_178#scholar_20155,0,0,FALSE
dblp_19#scholar_21223,1,0,FALSE
dblp_1829#scholar_43088,0,0,FALSE
dblp_2568#scholar_55055,0,0,FALSE
dblp_2559#scholar_52385,0,0,FALSE
dblp_1850#scholar_43054,1,1,TRUE
dblp_581#scholar_57667,0,0,FALSE
dblp_721#scholar_62901,1,1,TRUE
dblp_758#scholar_30919,0,0,FALSE
dblp_2418#scholar_50871,0,0,FALSE
dblp_1829#scholar_29825,0,0,FALSE
dblp_2374#scholar_33407,0,0,FALSE
dblp_2375#scholar_58679,0,0,FALSE
dblp_886#scholar_31216,0,0,FALSE
dblp_2562#scholar_9154,0,0,FALSE
dblp_52#scholar_339,0,1,TRUE
dblp_2422#scholar_18476,0,0,FALSE
dblp_1694#scholar_47928,0,0,FALSE
dblp_1431#scholar_47846,0,0,FALSE
dblp_1108#scholar_38842,1,1,TRUE
dblp_1525#scholar_31396,1,1,TRUE
dblp_430#scholar_35208,1,1,TRUE
dblp_2232#scholar_38075,0,0,FALSE
dblp_115#scholar_16311,0,0,FALSE
dblp_1173#scholar_50041,0,0,FALSE
dblp_2001#scholar_932,0,0,FALSE
dblp_1938#scholar_23632,0,0,FALSE
dblp_631#scholar_25654,0,0,FALSE
dblp_1770#scholar_23677,0,0,FALSE
dblp_1802#scholar_28547,1,1,TRUE
dblp_485#scholar_63164,0,0,FALSE
dblp_56#scholar_8069,0,0,FALSE
dblp_2554#scholar_40895,0,0,FALSE
dblp_1968#scholar_61642,0,0,FALSE
dblp_1764#scholar_18026,1,1,TRUE
dblp_2556#scholar_12297,0,0,FALSE
dblp_2049#scholar_44449,0,0,FALSE
dblp_1856#scholar_6947,0,0,FALSE
dblp_2181#scholar_23684,1,1,TRUE
dblp_1953#scholar_11770,0,0,FALSE
dblp_282#scholar_33963,0,0,FALSE
dblp_1840#scholar_12676,0,0,FALSE
dblp_2001#scholar_43487,0,0,FALSE
dblp_2572#scholar_34181,0,0,FALSE
dblp_298#scholar_2914,1,1,TRUE
dblp_2401#scholar_46967,0,1,TRUE
dblp_1826#scholar_9565,0,0,FALSE
dblp_964#scholar_14928,0,0,FALSE
dblp_1808#scholar_14934,0,0,FALSE
dblp_1479#scholar_17976,0,0,FALSE
dblp_2170#scholar_31654,0,1,TRUE
dblp_746#scholar_57991,0,0,FALSE
dblp_582#scholar_10487,0,0,FALSE
dblp_969#scholar_4334,0,0,FALSE
dblp_1842#scholar_11839,0,0,FALSE
dblp_1358#scholar_31519,1,1,TRUE
dblp_1840#scholar_19343,0,0,FALSE
dblp_2527#scholar_60128,1,1,TRUE
dblp_1842#scholar_38567,0,0,FALSE
dblp_2581#scholar_23585,0,0,FALSE
dblp_3#scholar_29979,0,0,FALSE
dblp_2432#scholar_18727,0,0,FALSE
dblp_696#scholar_53129,0,0,FALSE
dblp_2564#scholar_2706,0,0,FALSE
dblp_645#scholar_42063,0,0,FALSE
dblp_635#scholar_14601,0,1,TRUE
dblp_1158#scholar_46862,0,0,FALSE
dblp_2188#scholar_20318,0,0,FALSE
dblp_1288#scholar_54076,0,0,FALSE
dblp_184#scholar_26884,1,1,TRUE
dblp_1081#scholar_57125,0,0,FALSE
dblp_2277#scholar_28690,1,1,TRUE
dblp_2249#scholar_52870,0,0,FALSE
dblp_2603#scholar_50551,0,0,FALSE
dblp_242#scholar_63899,0,0,FALSE
dblp_1640#scholar_14087,0,0,FALSE
dblp_1361#scholar_26389,1,1,TRUE
dblp_457#scholar_59852,0,0,FALSE
dblp_2120#scholar_21476,0,0,FALSE
dblp_682#scholar_28491,0,0,FALSE
dblp_1519#scholar_38879,0,0,FALSE
dblp_441#scholar_39342,1,1,TRUE
dblp_842#scholar_16511,0,0,FALSE
dblp_280#scholar_9742,0,0,FALSE
dblp_288#scholar_52851,0,0,FALSE
dblp_1518#scholar_28437,0,0,FALSE
dblp_2515#scholar_22048,0,0,FALSE
dblp_2185#scholar_7560,0,0,FALSE
dblp_115#scholar_29979,0,0,FALSE
dblp_791#scholar_9493,1,1,TRUE
dblp_178#scholar_11813,0,0,FALSE
dblp_2269#scholar_2895,0,0,FALSE
dblp_626#scholar_32541,1,1,TRUE
dblp_2565#scholar_22349,0,0,FALSE
dblp_1203#scholar_6275,0,0,FALSE
dblp_1749#scholar_51481,0,0,FALSE
dblp_995#scholar_24050,1,1,TRUE
dblp_2562#scholar_13998,0,0,FALSE
dblp_2064#scholar_41494,0,0,FALSE
dblp_1365#scholar_6741,0,0,FALSE
dblp_2572#scholar_34845,0,0,FALSE
dblp_1802#scholar_64062,0,0,FALSE
dblp_2140#scholar_20958,0,0,FALSE
dblp_1431#scholar_43607,0,0,FALSE
dblp_2295#scholar_8159,0,0,FALSE
dblp_1504#scholar_58663,0,1,TRUE
dblp_658#scholar_60299,0,0,FALSE
dblp_2360#scholar_58868,1,1,TRUE
dblp_1981#scholar_53378,0,0,FALSE
dblp_1454#scholar_3722,1,1,TRUE
dblp_2186#scholar_277,0,0,FALSE
dblp_987#scholar_26552,0,0,FALSE
dblp_1807#scholar_39292,0,0,FALSE
dblp_2144#scholar_63411,0,0,FALSE
dblp_1762#scholar_7305,0,0,FALSE
dblp_901#scholar_34639,0,0,FALSE
dblp_1829#scholar_15738,0,0,FALSE
dblp_1407#scholar_5733,0,0,FALSE
dblp_852#scholar_21924,0,0,FALSE
dblp_1439#scholar_17171,0,0,FALSE
dblp_612#scholar_45648,0,0,FALSE
dblp_2513#scholar_62297,0,0,FALSE
dblp_996#scholar_6685,0,0,FALSE
dblp_1145#scholar_1314,0,0,FALSE
dblp_696#scholar_5737,0,0,FALSE
dblp_1639#scholar_58415,0,0,FALSE
dblp_1020#scholar_41849,1,1,TRUE
dblp_1520#scholar_51676,0,0,FALSE
dblp_703#scholar_57488,0,0,FALSE
dblp_2492#scholar_21895,0,0,FALSE
dblp_2568#scholar_47851,0,0,FALSE
dblp_2367#scholar_47739,0,0,FALSE
dblp_1350#scholar_27850,0,0,FALSE
dblp_1095#scholar_40586,1,1,TRUE
dblp_2509#scholar_33308,0,0,FALSE
dblp_1833#scholar_39164,0,0,FALSE
dblp_1712#scholar_43237,0,0,FALSE
dblp_2086#scholar_30817,0,0,FALSE
dblp_1065#scholar_27230,0,0,FALSE
dblp_1240#scholar_48100,1,1,TRUE
dblp_2253#scholar_19808,0,0,FALSE
dblp_1944#scholar_17331,0,0,FALSE
dblp_1322#scholar_31822,1,1,TRUE
dblp_968#scholar_19657,0,0,FALSE
dblp_526#scholar_54103,0,0,FALSE
dblp_2564#scholar_43278,0,0,FALSE
dblp_2538#scholar_51510,0,0,FALSE
dblp_772#scholar_8511,0,0,FALSE
dblp_1200#scholar_56760,0,0,FALSE
dblp_155#scholar_6348,0,0,FALSE
dblp_72#scholar_41109,0,0,FALSE
dblp_1480#scholar_17231,1,1,TRUE
dblp_2081#scholar_37204,1,1,TRUE
dblp_2306#scholar_24599,1,1,TRUE
dblp_2272#scholar_52056,1,1,TRUE
dblp_659#scholar_6067,0,0,FALSE
dblp_750#scholar_61473,0,0,FALSE
dblp_1640#scholar_25994,0,0,FALSE
dblp_1571#scholar_42492,0,0,FALSE
dblp_2208#scholar_49953,0,0,FALSE
dblp_1532#scholar_18373,1,1,TRUE
dblp_2036#scholar_26113,0,0,FALSE
dblp_1341#scholar_43035,0,0,FALSE
dblp_40#scholar_52549,0,0,FALSE
dblp_1307#scholar_23100,0,0,FALSE
dblp_1192#scholar_42492,0,0,FALSE
dblp_2222#scholar_41966,0,0,FALSE
dblp_336#scholar_41755,0,0,FALSE
dblp_470#scholar_27009,0,0,FALSE
dblp_2561#scholar_18926,0,0,FALSE
dblp_337#scholar_32480,1,1,TRUE
dblp_2203#scholar_9739,0,0,FALSE
dblp_603#scholar_8669,0,0,FALSE
dblp_379#scholar_23193,0,0,FALSE
dblp_1543#scholar_30305,0,0,FALSE
dblp_2368#scholar_47172,0,0,FALSE
dblp_2320#scholar_5341,1,1,TRUE
dblp_63#scholar_50151,0,0,FALSE
dblp_147#scholar_17682,1,1,TRUE
dblp_1467#scholar_41149,0,0,FALSE
dblp_1760#scholar_42378,0,0,FALSE
dblp_1466#scholar_30493,0,0,FALSE
dblp_95#scholar_26305,0,0,FALSE
dblp_45#scholar_19262,1,1,TRUE
dblp_75#scholar_247,0,0,FALSE
dblp_960#scholar_7529,0,0,FALSE
dblp_1770#scholar_21618,0,0,FALSE
dblp_767#scholar_44766,0,0,FALSE
dblp_19#scholar_42336,0,0,FALSE
dblp_1356#scholar_19813,1,1,TRUE
dblp_987#scholar_915,1,1,TRUE
dblp_1622#scholar_46963,0,0,FALSE
dblp_151#scholar_5970,0,0,FALSE
dblp_842#scholar_53970,0,0,FALSE
dblp_746#scholar_11508,1,0,FALSE
dblp_2466#scholar_28097,0,0,FALSE
dblp_470#scholar_45743,0,0,FALSE
dblp_2125#scholar_8133,0,0,FALSE
dblp_2428#scholar_1043,0,0,FALSE
dblp_1464#scholar_40898,1,1,TRUE
dblp_297#scholar_10963,0,0,FALSE
dblp_1049#scholar_13025,0,0,FALSE
dblp_1099#scholar_18689,0,0,FALSE
dblp_1016#scholar_28778,0,0,FALSE
dblp_855#scholar_57581,0,0,FALSE
dblp_861#scholar_43210,0,0,FALSE
dblp_1380#scholar_9805,1,1,TRUE
dblp_1679#scholar_37400,0,0,FALSE
dblp_729#scholar_46522,0,0,FALSE
dblp_721#scholar_58895,0,0,FALSE
dblp_2372#scholar_2464,0,0,FALSE
dblp_1341#scholar_62192,0,0,FALSE
dblp_2485#scholar_53728,0,1,TRUE
dblp_967#scholar_46374,0,0,FALSE
dblp_598#scholar_38677,0,0,FALSE
dblp_24#scholar_44994,1,1,TRUE
dblp_2005#scholar_6890,0,0,FALSE
dblp_944#scholar_43088,0,0,FALSE
dblp_2263#scholar_1848,1,1,TRUE
dblp_1526#scholar_44697,0,0,FALSE
dblp_758#scholar_60418,0,0,FALSE
dblp_1935#scholar_34045,0,1,TRUE
dblp_1129#scholar_21614,1,1,TRUE
dblp_336#scholar_31853,0,0,FALSE
dblp_1169#scholar_16628,0,0,FALSE
dblp_2161#scholar_26483,0,0,FALSE
dblp_492#scholar_18404,0,0,FALSE
dblp_667#scholar_26191,0,0,FALSE
dblp_1049#scholar_34902,0,0,FALSE
dblp_228#scholar_58481,0,0,FALSE
dblp_535#scholar_41055,0,0,FALSE
dblp_1639#scholar_33055,0,0,FALSE
dblp_2478#scholar_63386,0,0,FALSE
dblp_1969#scholar_31084,0,0,FALSE
dblp_2388#scholar_40008,0,0,FALSE
dblp_347#scholar_46637,0,0,FALSE
dblp_1636#scholar_11068,1,0,FALSE
dblp_1397#scholar_26019,0,0,FALSE
dblp_2212#scholar_4298,0,0,FALSE
dblp_1585#scholar_6091,1,1,TRUE
dblp_1749#scholar_19055,0,0,FALSE
dblp_2354#scholar_2849,0,0,FALSE
dblp_1022#scholar_45665,1,1,TRUE
dblp_855#scholar_24034,0,0,FALSE
dblp_1785#scholar_59379,0,0,FALSE
dblp_1850#scholar_10483,0,0,FALSE
dblp_2519#scholar_17062,0,0,FALSE
dblp_1413#scholar_34793,1,1,TRUE
dblp_942#scholar_33641,0,0,FALSE
dblp_2564#scholar_11426,0,0,FALSE
dblp_2211#scholar_56912,0,0,FALSE
dblp_515#scholar_18615,0,0,FALSE
dblp_1610#scholar_7509,0,0,FALSE
dblp_1433#scholar_34282,0,0,FALSE
dblp_858#scholar_14575,0,0,FALSE
dblp_771#scholar_38677,0,0,FALSE
dblp_1749#scholar_54243,0,0,FALSE
dblp_2226#scholar_60992,0,0,FALSE
dblp_2028#scholar_23440,1,1,TRUE
dblp_2505#scholar_39514,0,0,FALSE
dblp_2372#scholar_56745,0,0,FALSE
dblp_284#scholar_64013,0,0,FALSE
dblp_997#scholar_31614,1,1,TRUE
dblp_1571#scholar_55794,0,0,FALSE
dblp_570#scholar_55822,0,0,FALSE
dblp_960#scholar_24302,0,0,FALSE
dblp_2388#scholar_15386,0,0,FALSE
dblp_2082#scholar_16499,0,0,FALSE
dblp_503#scholar_43422,0,0,FALSE
dblp_973#scholar_26380,0,0,FALSE
dblp_2505#scholar_14266,0,0,FALSE
dblp_1145#scholar_49730,0,0,FALSE
dblp_1272#scholar_35962,0,0,FALSE
dblp_464#scholar_21047,0,0,FALSE
dblp_2169#scholar_55562,0,0,FALSE
dblp_1957#scholar_4146,0,0,FALSE
dblp_446#scholar_51699,0,0,FALSE
dblp_2381#scholar_15249,1,1,TRUE
dblp_554#scholar_44119,0,0,FALSE
dblp_2079#scholar_42348,0,0,FALSE
dblp_1259#scholar_26406,0,0,FALSE
dblp_1102#scholar_48213,0,0,FALSE
dblp_1818#scholar_7386,1,1,TRUE
dblp_703#scholar_24884,0,0,FALSE
dblp_1148#scholar_3386,0,0,FALSE
dblp_612#scholar_38749,0,0,FALSE
dblp_2381#scholar_50488,1,1,TRUE
dblp_1944#scholar_6551,0,0,FALSE
dblp_2583#scholar_38767,1,1,TRUE
dblp_1153#scholar_7006,0,0,FALSE
dblp_960#scholar_22975,0,0,FALSE
dblp_151#scholar_22288,0,0,FALSE
dblp_750#scholar_29784,0,0,FALSE
dblp_2345#scholar_3613,0,0,FALSE
dblp_758#scholar_57065,0,0,FALSE
dblp_223#scholar_44980,0,0,FALSE
dblp_971#scholar_16714,1,1,TRUE
dblp_2431#scholar_22336,0,0,FALSE
dblp_1491#scholar_47930,0,0,FALSE
dblp_2361#scholar_63889,0,0,FALSE
dblp_464#scholar_5789,0,0,FALSE
dblp_1429#scholar_4900,0,0,FALSE
dblp_2505#scholar_1001,0,0,FALSE
dblp_882#scholar_29569,0,0,FALSE
dblp_558#scholar_59728,0,0,FALSE
dblp_95#scholar_31138,0,0,FALSE
dblp_537#scholar_25824,1,1,TRUE
dblp_655#scholar_6269,1,1,TRUE
dblp_1525#scholar_52678,0,0,FALSE
dblp_1466#scholar_43586,1,1,TRUE
dblp_2256#scholar_38303,0,0,FALSE
dblp_611#scholar_5209,0,0,FALSE
dblp_543#scholar_30725,0,0,FALSE
dblp_2611#scholar_15730,1,1,TRUE
dblp_772#scholar_28116,0,0,FALSE
dblp_524#scholar_51493,1,1,TRUE
dblp_280#scholar_42091,0,0,FALSE
dblp_406#scholar_50897,0,1,TRUE
dblp_1407#scholar_55410,0,0,FALSE
dblp_824#scholar_33580,0,0,FALSE
dblp_104#scholar_33508,0,0,FALSE
dblp_973#scholar_10984,0,0,FALSE
dblp_615#scholar_28422,0,0,FALSE
dblp_837#scholar_51500,0,0,FALSE
dblp_2248#scholar_56285,1,1,TRUE
dblp_1826#scholar_30836,1,1,TRUE
dblp_2280#scholar_18281,0,0,FALSE
dblp_1288#scholar_18988,0,0,FALSE
dblp_1841#scholar_53791,0,0,FALSE
dblp_1200#scholar_24963,0,0,FALSE
dblp_938#scholar_48572,0,0,FALSE
dblp_501#scholar_25436,0,0,FALSE
dblp_2294#scholar_22170,0,0,FALSE
dblp_1944#scholar_5776,0,0,FALSE
dblp_1600#scholar_21619,0,0,FALSE
dblp_773#scholar_55072,0,0,FALSE
dblp_1542#scholar_23585,0,0,FALSE
dblp_1419#scholar_42678,1,1,TRUE
dblp_2265#scholar_1197,0,0,FALSE
dblp_2531#scholar_48623,0,0,FALSE
dblp_1705#scholar_15690,0,0,FALSE
dblp_227#scholar_57281,0,0,FALSE
dblp_1143#scholar_26181,0,0,FALSE
dblp_277#scholar_41210,0,0,FALSE
dblp_1030#scholar_30033,0,0,FALSE
dblp_1949#scholar_34481,0,0,FALSE
dblp_2195#scholar_37724,0,0,FALSE
dblp_2388#scholar_61078,1,1,TRUE
dblp_2560#scholar_5987,0,0,FALSE
dblp_2215#scholar_50140,1,1,TRUE
dblp_758#scholar_15339,0,0,FALSE
dblp_1362#scholar_58432,0,0,FALSE
dblp_1000#scholar_50551,0,0,FALSE
dblp_2508#scholar_63240,0,0,FALSE
dblp_1963#scholar_16881,0,0,FALSE
dblp_2249#scholar_40102,0,0,FALSE
dblp_1631#scholar_54537,0,1,TRUE
dblp_1573#scholar_30121,1,1,TRUE
dblp_2561#scholar_19950,0,0,FALSE
dblp_1400#scholar_1582,0,0,FALSE
dblp_163#scholar_18836,0,0,FALSE
dblp_1616#scholar_43018,0,0,FALSE
dblp_1692#scholar_61006,0,0,FALSE
dblp_1015#scholar_9659,0,0,FALSE
dblp_773#scholar_29378,0,0,FALSE
dblp_277#scholar_41277,0,0,FALSE
dblp_24#scholar_32476,1,1,TRUE
dblp_2431#scholar_10124,0,0,FALSE
dblp_749#scholar_49264,1,0,FALSE
dblp_2272#scholar_15611,0,0,FALSE
dblp_956#scholar_20499,1,1,TRUE
dblp_703#scholar_10195,0,0,FALSE
dblp_1459#scholar_23676,0,1,TRUE
dblp_1356#scholar_41722,0,0,FALSE
dblp_1712#scholar_9716,0,0,FALSE
dblp_652#scholar_22913,0,0,FALSE
dblp_619#scholar_44550,0,0,FALSE
dblp_492#scholar_2094,0,0,FALSE
dblp_2256#scholar_23585,0,0,FALSE
dblp_1283#scholar_24050,0,0,FALSE
dblp_352#scholar_16129,0,0,FALSE
dblp_2505#scholar_2587,0,0,FALSE
dblp_2552#scholar_3692,0,0,FALSE
dblp_797#scholar_45911,1,1,TRUE
dblp_1419#scholar_15801,0,0,FALSE
dblp_2001#scholar_8329,0,0,FALSE
dblp_2246#scholar_30130,1,1,TRUE
dblp_1151#scholar_47391,1,1,TRUE
dblp_140#scholar_2799,0,0,FALSE
dblp_1084#scholar_46678,0,0,FALSE
dblp_1407#scholar_58249,0,0,FALSE
dblp_2003#scholar_52989,1,1,TRUE
dblp_1302#scholar_43387,0,0,FALSE
dblp_1122#scholar_32323,1,1,TRUE
dblp_570#scholar_37494,0,0,FALSE
dblp_1518#scholar_59605,0,0,FALSE
dblp_2565#scholar_55249,0,0,FALSE
dblp_1531#scholar_137,0,0,FALSE
dblp_2428#scholar_43934,1,1,TRUE
dblp_2310#scholar_3311,0,0,FALSE
dblp_405#scholar_31511,0,0,FALSE
dblp_1419#scholar_38853,1,1,TRUE
dblp_56#scholar_62379,0,0,FALSE
dblp_2567#scholar_50494,0,0,FALSE
dblp_104#scholar_22693,0,0,FALSE
dblp_72#scholar_28641,0,1,TRUE
dblp_912#scholar_45999,0,0,FALSE
dblp_352#scholar_48123,0,0,FALSE
dblp_2506#scholar_1043,0,0,FALSE
dblp_2050#scholar_18987,1,1,TRUE
dblp_518#scholar_30033,0,0,FALSE
dblp_122#scholar_38562,0,1,TRUE
dblp_2249#scholar_39926,0,0,FALSE
dblp_1240#scholar_45137,0,0,FALSE
dblp_2403#scholar_9731,1,1,TRUE
dblp_2515#scholar_35922,0,0,FALSE
dblp_735#scholar_26633,1,1,TRUE
dblp_1683#scholar_19307,0,0,FALSE
dblp_1492#scholar_22917,0,0,FALSE
dblp_1006#scholar_53773,0,0,FALSE
dblp_2069#scholar_54035,0,0,FALSE
dblp_2513#scholar_16272,0,0,FALSE
dblp_2563#scholar_21668,0,0,FALSE
dblp_1442#scholar_41147,0,0,FALSE
dblp_2208#scholar_46920,0,0,FALSE
dblp_1760#scholar_18238,0,0,FALSE
dblp_563#scholar_18640,0,0,FALSE
dblp_886#scholar_50887,0,0,FALSE
dblp_2359#scholar_24188,0,0,FALSE
dblp_1349#scholar_40801,0,0,FALSE
dblp_1401#scholar_38803,0,0,FALSE
dblp_1377#scholar_46661,0,0,FALSE
dblp_657#scholar_52056,0,0,FALSE
dblp_1030#scholar_33143,1,1,TRUE
dblp_1788#scholar_55797,0,0,FALSE
dblp_468#scholar_36689,0,0,FALSE
dblp_1920#scholar_1845,0,0,FALSE
dblp_1683#scholar_8742,0,0,FALSE
dblp_107#scholar_33199,1,1,TRUE
dblp_2483#scholar_58131,0,0,FALSE
dblp_1888#scholar_40666,1,1,TRUE
dblp_1481#scholar_60967,0,0,FALSE
dblp_1718#scholar_32654,1,1,TRUE
dblp_231#scholar_26471,0,0,FALSE
dblp_45#scholar_19423,0,0,FALSE
dblp_718#scholar_45464,0,0,FALSE
dblp_151#scholar_63938,0,0,FALSE
dblp_797#scholar_19065,0,0,FALSE
dblp_2604#scholar_59088,0,0,FALSE
dblp_506#scholar_13873,0,0,FALSE
dblp_662#scholar_64072,0,0,FALSE
dblp_554#scholar_61463,0,0,FALSE
dblp_2418#scholar_4107,0,0,FALSE
dblp_1214#scholar_2064,1,1,TRUE
dblp_1530#scholar_27962,0,1,TRUE
dblp_2249#scholar_14336,0,0,FALSE
dblp_1633#scholar_21231,0,0,FALSE
dblp_626#scholar_44117,0,0,FALSE
dblp_95#scholar_63071,0,0,FALSE
dblp_2281#scholar_45693,0,0,FALSE
dblp_2293#scholar_11270,0,0,FALSE
dblp_1263#scholar_53481,0,0,FALSE
dblp_2188#scholar_15253,0,0,FALSE
dblp_2390#scholar_12426,0,0,FALSE
dblp_2385#scholar_24826,0,0,FALSE
dblp_1203#scholar_45999,0,0,FALSE
dblp_2491#scholar_18487,0,0,FALSE
dblp_280#scholar_23948,0,0,FALSE
dblp_829#scholar_38705,0,0,FALSE
dblp_2329#scholar_45917,0,0,FALSE
dblp_2275#scholar_54856,0,0,FALSE
dblp_492#scholar_31371,0,0,FALSE
dblp_2028#scholar_1129,0,0,FALSE
dblp_1172#scholar_49327,0,0,FALSE
dblp_2126#scholar_50395,0,0,FALSE
dblp_895#scholar_13007,0,0,FALSE
dblp_2420#scholar_11699,0,0,FALSE
dblp_40#scholar_30776,0,0,FALSE
dblp_212#scholar_42916,1,1,TRUE
dblp_1618#scholar_32904,0,0,FALSE
dblp_1513#scholar_34287,0,1,TRUE
dblp_962#scholar_9716,0,0,FALSE
dblp_90#scholar_18727,0,0,FALSE
dblp_1888#scholar_62152,1,1,TRUE
dblp_399#scholar_5174,0,0,FALSE
dblp_497#scholar_589,0,0,FALSE
dblp_2375#scholar_52227,1,1,TRUE
dblp_515#scholar_48824,0,0,FALSE
dblp_2263#scholar_6026,0,0,FALSE
dblp_203#scholar_63938,0,0,FALSE
dblp_1239#scholar_32362,0,0,FALSE
dblp_2359#scholar_39606,0,0,FALSE
dblp_667#scholar_35088,0,0,FALSE
dblp_2359#scholar_36953,0,0,FALSE
dblp_1326#scholar_48165,1,1,TRUE
dblp_2554#scholar_46239,0,0,FALSE
dblp_612#scholar_30264,0,0,FALSE
dblp_915#scholar_13443,1,1,TRUE
dblp_632#scholar_25586,0,0,FALSE
dblp_1350#scholar_19950,0,0,FALSE
dblp_2204#scholar_25042,1,1,TRUE
dblp_1773#scholar_1794,1,1,TRUE
dblp_2361#scholar_16650,0,0,FALSE
dblp_726#scholar_53592,1,1,TRUE
dblp_1842#scholar_29092,0,0,FALSE
dblp_1518#scholar_16634,0,0,FALSE
dblp_1239#scholar_47913,0,0,FALSE
dblp_1500#scholar_38615,1,1,TRUE
dblp_2#scholar_21187,1,1,TRUE
dblp_1358#scholar_4650,0,0,FALSE
dblp_1049#scholar_52385,0,0,FALSE
dblp_1431#scholar_35979,0,0,FALSE
dblp_2508#scholar_62942,1,1,TRUE
dblp_2354#scholar_35798,0,0,FALSE
dblp_563#scholar_62155,0,0,FALSE
dblp_982#scholar_26744,0,0,FALSE
dblp_563#scholar_36009,0,0,FALSE
dblp_2139#scholar_59537,0,0,FALSE
dblp_1491#scholar_15455,0,0,FALSE
dblp_1872#scholar_49247,0,0,FALSE
dblp_19#scholar_11770,0,0,FALSE
dblp_736#scholar_56249,1,1,TRUE
dblp_44#scholar_51641,0,0,FALSE
dblp_1534#scholar_11256,1,1,TRUE
dblp_1542#scholar_17062,0,0,FALSE
dblp_1834#scholar_16776,1,1,TRUE
dblp_603#scholar_62192,0,0,FALSE
dblp_1953#scholar_13394,0,0,FALSE
dblp_1288#scholar_49039,0,0,FALSE
dblp_184#scholar_14605,0,0,FALSE
dblp_1706#scholar_3590,1,1,TRUE
dblp_1936#scholar_51490,1,1,TRUE
dblp_1529#scholar_36937,0,0,FALSE
dblp_253#scholar_12789,0,0,FALSE
dblp_28#scholar_41396,0,0,FALSE
dblp_194#scholar_33904,0,0,FALSE
dblp_9#scholar_51737,1,1,TRUE
dblp_2466#scholar_14605,0,0,FALSE
dblp_1840#scholar_11056,0,0,FALSE
dblp_2509#scholar_9449,1,1,TRUE
dblp_2581#scholar_11030,1,1,TRUE
dblp_2609#scholar_29378,0,0,FALSE
dblp_1747#scholar_18896,1,1,TRUE
dblp_1717#scholar_589,1,1,TRUE
dblp_1865#scholar_64210,0,0,FALSE
dblp_1547#scholar_59332,0,0,FALSE
dblp_2525#scholar_27709,0,0,FALSE
dblp_1557#scholar_35156,1,1,TRUE
dblp_1980#scholar_47245,0,0,FALSE
dblp_1457#scholar_54156,1,1,TRUE
dblp_562#scholar_1506,0,0,FALSE
dblp_2179#scholar_10947,0,0,FALSE
dblp_788#scholar_61078,0,0,FALSE
dblp_688#scholar_21830,1,1,TRUE
dblp_1559#scholar_6969,0,0,FALSE
dblp_2432#scholar_46596,0,0,FALSE
dblp_277#scholar_8206,0,0,FALSE
dblp_1737#scholar_59924,1,1,TRUE
dblp_1167#scholar_8509,0,0,FALSE
dblp_707#scholar_50516,0,0,FALSE
dblp_1518#scholar_59808,0,0,FALSE
dblp_352#scholar_57630,0,0,FALSE
dblp_2125#scholar_64083,0,0,FALSE
dblp_1662#scholar_42565,1,1,TRUE
dblp_1188#scholar_14995,0,0,FALSE
dblp_960#scholar_38470,0,0,FALSE
dblp_1514#scholar_14264,0,0,FALSE
dblp_19#scholar_5072,1,1,TRUE
dblp_1456#scholar_33530,0,0,FALSE
dblp_492#scholar_57094,0,0,FALSE
dblp_2113#scholar_50593,0,0,FALSE
dblp_2564#scholar_62259,0,0,FALSE
dblp_2512#scholar_46130,1,1,TRUE
dblp_1148#scholar_10163,0,0,FALSE
dblp_2560#scholar_33962,0,0,FALSE
dblp_2272#scholar_30814,0,0,FALSE
dblp_2560#scholar_35778,0,0,FALSE
dblp_1929#scholar_20944,0,0,FALSE
dblp_806#scholar_56846,0,0,FALSE
dblp_1526#scholar_35409,0,0,FALSE
dblp_787#scholar_27585,0,0,FALSE
dblp_1216#scholar_43648,0,0,FALSE
dblp_1041#scholar_48370,1,1,TRUE
dblp_844#scholar_49415,0,0,FALSE
dblp_2008#scholar_9829,1,1,TRUE
dblp_40#scholar_57384,0,0,FALSE
dblp_1314#scholar_51010,0,0,FALSE
dblp_1120#scholar_8823,1,1,TRUE
dblp_387#scholar_9000,1,1,TRUE
dblp_1821#scholar_50293,0,0,FALSE
dblp_647#scholar_12731,0,0,FALSE
dblp_527#scholar_6915,0,0,FALSE
dblp_243#scholar_16346,0,0,FALSE
dblp_566#scholar_57996,0,0,FALSE
dblp_2500#scholar_1839,0,0,FALSE
dblp_1832#scholar_7560,0,0,FALSE
dblp_204#scholar_62412,0,0,FALSE
dblp_1840#scholar_538,0,0,FALSE
dblp_2372#scholar_932,1,1,TRUE
dblp_741#scholar_50551,0,0,FALSE
dblp_2420#scholar_1930,0,0,FALSE
dblp_1785#scholar_42215,0,0,FALSE
dblp_2492#scholar_34733,0,0,FALSE
dblp_211#scholar_10180,0,0,FALSE
dblp_2604#scholar_55464,1,1,TRUE
dblp_1146#scholar_23214,0,0,FALSE
dblp_1425#scholar_12875,1,1,TRUE
dblp_1049#scholar_6409,0,0,FALSE
dblp_739#scholar_64108,0,0,FALSE
dblp_1401#scholar_45879,0,0,FALSE
dblp_1712#scholar_40895,0,0,FALSE
dblp_1826#scholar_37892,0,0,FALSE
dblp_1963#scholar_20743,0,0,FALSE
dblp_2558#scholar_38405,0,0,FALSE
dblp_204#scholar_56249,0,0,FALSE
dblp_562#scholar_40102,0,0,FALSE
dblp_1712#scholar_34075,0,0,FALSE
dblp_1288#scholar_10458,0,0,FALSE
dblp_2251#scholar_33814,0,0,FALSE
dblp_963#scholar_27232,1,1,TRUE
dblp_280#scholar_28876,0,0,FALSE
dblp_2005#scholar_59643,0,0,FALSE
dblp_1319#scholar_50731,0,0,FALSE
dblp_2514#scholar_47765,0,1,TRUE
dblp_1664#scholar_37724,0,0,FALSE
dblp_603#scholar_41786,1,1,TRUE
dblp_1707#scholar_20303,1,1,TRUE
dblp_424#scholar_21087,0,0,FALSE
dblp_268#scholar_37511,0,0,FALSE
dblp_238#scholar_36201,0,0,FALSE
dblp_2429#scholar_22625,1,1,TRUE
dblp_95#scholar_43625,0,0,FALSE
dblp_44#scholar_16604,0,0,FALSE
dblp_1351#scholar_29154,0,1,TRUE
dblp_49#scholar_19397,1,1,TRUE
dblp_1859#scholar_37724,0,0,FALSE
dblp_1375#scholar_32114,0,0,FALSE
dblp_2588#scholar_14876,0,0,FALSE
dblp_1680#scholar_22175,0,0,FALSE
dblp_2125#scholar_27021,0,0,FALSE
dblp_2492#scholar_32063,0,0,FALSE
dblp_1834#scholar_62603,0,0,FALSE
dblp_1497#scholar_38470,0,0,FALSE
dblp_1082#scholar_939,0,0,FALSE
dblp_2208#scholar_56484,0,0,FALSE
dblp_1549#scholar_38092,0,0,FALSE
dblp_519#scholar_8178,0,0,FALSE
dblp_423#scholar_60866,1,1,TRUE
dblp_1829#scholar_15876,0,0,FALSE
dblp_758#scholar_5087,0,0,FALSE
dblp_1605#scholar_27703,1,1,TRUE
dblp_990#scholar_47739,0,0,FALSE
dblp_1558#scholar_39437,0,0,FALSE
dblp_1746#scholar_42063,0,0,FALSE
dblp_2491#scholar_26355,0,0,FALSE
dblp_19#scholar_43415,0,0,FALSE
dblp_1981#scholar_32338,0,0,FALSE
dblp_2361#scholar_28351,0,0,FALSE
dblp_892#scholar_52129,1,1,TRUE
dblp_1120#scholar_61868,1,1,TRUE
dblp_807#scholar_53791,0,0,FALSE
dblp_1842#scholar_20657,0,0,FALSE
dblp_2336#scholar_8178,0,0,FALSE
dblp_1842#scholar_8072,0,0,FALSE
dblp_713#scholar_59246,0,0,FALSE
dblp_1571#scholar_7374,0,0,FALSE
dblp_1946#scholar_7654,1,1,TRUE
dblp_1953#scholar_19238,0,0,FALSE
dblp_895#scholar_57628,0,0,FALSE
dblp_807#scholar_32033,0,0,FALSE
dblp_1953#scholar_54367,0,0,FALSE
dblp_56#scholar_37777,0,0,FALSE
dblp_1815#scholar_36651,0,0,FALSE
dblp_562#scholar_42029,0,0,FALSE
dblp_1146#scholar_15622,1,1,TRUE
dblp_1105#scholar_9039,0,0,FALSE
dblp_1519#scholar_30833,0,0,FALSE
dblp_522#scholar_2754,0,0,FALSE
dblp_1883#scholar_37100,0,0,FALSE
dblp_1852#scholar_62096,0,0,FALSE
dblp_758#scholar_48864,0,0,FALSE
dblp_707#scholar_20987,0,0,FALSE
dblp_1760#scholar_22411,0,0,FALSE
dblp_708#scholar_9086,0,0,FALSE
dblp_563#scholar_26155,0,0,FALSE
dblp_306#scholar_45347,0,0,FALSE
dblp_2030#scholar_20709,0,0,FALSE
dblp_1092#scholar_9774,1,1,TRUE
dblp_1473#scholar_59894,0,0,FALSE
dblp_682#scholar_57982,0,0,FALSE
dblp_1834#scholar_28828,0,0,FALSE
dblp_2570#scholar_16311,0,0,FALSE
dblp_1816#scholar_37039,0,0,FALSE
dblp_1518#scholar_42022,0,0,FALSE
dblp_708#scholar_52854,1,1,TRUE
dblp_900#scholar_53261,1,1,TRUE
dblp_384#scholar_28597,0,1,TRUE
dblp_1283#scholar_48549,1,1,TRUE
dblp_595#scholar_12789,0,0,FALSE
dblp_1005#scholar_53218,0,0,FALSE
dblp_15#scholar_16001,0,0,FALSE
dblp_576#scholar_56790,0,0,FALSE
dblp_1498#scholar_10438,0,1,TRUE
dblp_1953#scholar_52263,0,0,FALSE
dblp_612#scholar_15843,0,0,FALSE
dblp_1786#scholar_256,1,1,TRUE
dblp_1953#scholar_18988,0,0,FALSE
dblp_408#scholar_27909,0,0,FALSE
dblp_56#scholar_19504,1,0,FALSE
dblp_293#scholar_6260,0,0,FALSE
dblp_1829#scholar_41920,0,0,FALSE
dblp_1865#scholar_19781,0,0,FALSE
dblp_1160#scholar_45864,0,0,FALSE
dblp_527#scholar_4751,0,0,FALSE
dblp_842#scholar_36461,0,0,FALSE
dblp_2541#scholar_27304,0,0,FALSE
dblp_1353#scholar_60746,1,1,TRUE
dblp_1829#scholar_30325,0,0,FALSE
dblp_551#scholar_49155,1,1,TRUE
dblp_95#scholar_59548,0,0,FALSE
dblp_2431#scholar_48258,0,0,FALSE
dblp_947#scholar_5398,0,0,FALSE
dblp_859#scholar_34485,0,0,FALSE
dblp_449#scholar_33238,1,1,TRUE
dblp_1288#scholar_3210,0,0,FALSE
dblp_1840#scholar_6677,0,0,FALSE
dblp_1557#scholar_35259,0,0,FALSE
dblp_95#scholar_1140,0,0,FALSE
dblp_1616#scholar_2988,0,0,FALSE
dblp_1431#scholar_50973,0,0,FALSE
dblp_758#scholar_60693,0,0,FALSE
dblp_1518#scholar_2245,0,0,FALSE
dblp_532#scholar_45959,0,0,FALSE
dblp_515#scholar_16435,0,0,FALSE
dblp_859#scholar_24023,0,0,FALSE
dblp_203#scholar_38475,0,0,FALSE
dblp_238#scholar_38340,0,0,FALSE
dblp_2538#scholar_22731,0,0,FALSE
dblp_1065#scholar_58607,0,0,FALSE
dblp_238#scholar_25660,0,0,FALSE
dblp_2050#scholar_49402,0,0,FALSE
dblp_1749#scholar_59307,0,0,FALSE
dblp_669#scholar_41515,0,0,FALSE
dblp_2554#scholar_63364,0,0,FALSE
dblp_2556#scholar_17987,0,0,FALSE
dblp_1815#scholar_42426,0,0,FALSE
dblp_1712#scholar_36236,0,0,FALSE
dblp_2001#scholar_38794,0,0,FALSE
dblp_1072#scholar_14104,1,1,TRUE
dblp_2505#scholar_52137,0,0,FALSE
dblp_286#scholar_57451,0,0,FALSE
dblp_452#scholar_58252,0,0,FALSE
dblp_2530#scholar_6199,0,0,FALSE
dblp_2310#scholar_37511,0,0,FALSE
dblp_2159#scholar_26476,0,0,FALSE
dblp_1863#scholar_5251,1,1,TRUE
dblp_1236#scholar_56521,0,0,FALSE
dblp_603#scholar_11678,0,0,FALSE
dblp_2506#scholar_28305,0,0,FALSE
dblp_1146#scholar_63440,0,0,FALSE
dblp_1595#scholar_29811,1,1,TRUE
dblp_2272#scholar_58812,0,0,FALSE
dblp_2176#scholar_4633,1,1,TRUE
dblp_555#scholar_60526,0,0,FALSE
dblp_2491#scholar_33801,0,0,FALSE
dblp_2310#scholar_56256,0,0,FALSE
dblp_95#scholar_18122,0,0,FALSE
dblp_645#scholar_28322,0,0,FALSE
dblp_1961#scholar_40093,0,0,FALSE
dblp_1431#scholar_29138,0,1,TRUE
dblp_1012#scholar_32724,0,0,FALSE
dblp_2483#scholar_33577,0,0,FALSE
dblp_336#scholar_6706,0,0,FALSE
dblp_1975#scholar_29106,0,0,FALSE
dblp_2579#scholar_47928,0,0,FALSE
dblp_1442#scholar_41586,0,0,FALSE
dblp_2300#scholar_22722,0,0,FALSE
dblp_1082#scholar_45579,0,0,FALSE
dblp_330#scholar_59206,0,0,FALSE
dblp_1131#scholar_60308,1,1,TRUE
dblp_1405#scholar_39265,0,1,TRUE
dblp_1829#scholar_53104,0,0,FALSE
dblp_1826#scholar_60116,0,0,FALSE
dblp_2431#scholar_1043,0,0,FALSE
dblp_1873#scholar_6097,1,1,TRUE
dblp_969#scholar_16558,1,1,TRUE
dblp_1508#scholar_47512,0,0,FALSE
dblp_2428#scholar_47874,1,1,TRUE
dblp_1621#scholar_16277,1,1,TRUE
dblp_2538#scholar_36009,0,0,FALSE
dblp_1456#scholar_9753,0,0,FALSE
dblp_2177#scholar_28067,1,1,TRUE
dblp_1005#scholar_49765,0,0,FALSE
dblp_767#scholar_33904,0,0,FALSE
dblp_349#scholar_31232,0,0,FALSE
dblp_304#scholar_50617,0,0,FALSE
dblp_2185#scholar_31511,0,0,FALSE
dblp_1840#scholar_17297,0,0,FALSE
dblp_779#scholar_45777,1,1,TRUE
dblp_1610#scholar_50881,0,0,FALSE
dblp_1529#scholar_27863,1,1,TRUE
dblp_1825#scholar_31210,0,0,FALSE
dblp_120#scholar_60594,0,0,FALSE
dblp_1912#scholar_45491,0,0,FALSE
dblp_2581#scholar_43645,0,1,TRUE
dblp_280#scholar_45703,0,0,FALSE
dblp_1294#scholar_5597,1,1,TRUE
dblp_804#scholar_30845,0,0,FALSE
dblp_1049#scholar_47811,0,0,FALSE
dblp_570#scholar_39381,0,0,FALSE
dblp_294#scholar_42513,1,1,TRUE
dblp_1256#scholar_45010,1,1,TRUE
dblp_464#scholar_12485,0,0,FALSE
dblp_598#scholar_57406,0,0,FALSE
dblp_2386#scholar_5774,1,1,TRUE
dblp_277#scholar_16650,0,0,FALSE
dblp_1794#scholar_36937,0,0,FALSE
dblp_1665#scholar_55382,0,0,FALSE
dblp_1401#scholar_38794,0,0,FALSE
dblp_1827#scholar_32584,0,0,FALSE
dblp_1336#scholar_27459,0,0,FALSE
dblp_1256#scholar_6889,0,0,FALSE
dblp_1971#scholar_19201,1,1,TRUE
dblp_1518#scholar_42631,0,0,FALSE
dblp_1133#scholar_38426,0,0,FALSE
dblp_1894#scholar_60118,0,0,FALSE
dblp_1953#scholar_631,0,0,FALSE
dblp_478#scholar_56694,1,1,TRUE
dblp_2432#scholar_40350,0,0,FALSE
dblp_2396#scholar_58774,0,0,FALSE
dblp_1712#scholar_2444,0,0,FALSE
dblp_2221#scholar_10429,0,0,FALSE
dblp_1618#scholar_3272,1,1,TRUE
dblp_2086#scholar_10005,0,0,FALSE
dblp_75#scholar_8603,0,0,FALSE
dblp_1732#scholar_51162,0,0,FALSE
dblp_139#scholar_41345,1,1,TRUE
dblp_2005#scholar_19222,0,0,FALSE
dblp_658#scholar_33912,0,0,FALSE
dblp_1100#scholar_55482,1,1,TRUE
dblp_996#scholar_39381,0,0,FALSE
dblp_1178#scholar_7528,0,0,FALSE
dblp_519#scholar_17415,0,0,FALSE
dblp_1408#scholar_1958,0,0,FALSE
dblp_568#scholar_38677,0,0,FALSE
dblp_2588#scholar_28097,0,0,FALSE
dblp_2521#scholar_9513,0,0,FALSE
dblp_1749#scholar_54103,0,0,FALSE
dblp_1811#scholar_2681,0,0,FALSE
dblp_1247#scholar_22693,0,0,FALSE
dblp_19#scholar_2064,0,0,FALSE
dblp_1167#scholar_12196,0,0,FALSE
dblp_1792#scholar_20528,0,0,FALSE
dblp_1669#scholar_3662,0,0,FALSE
dblp_1214#scholar_58009,0,0,FALSE
dblp_1213#scholar_26107,0,0,FALSE
dblp_1834#scholar_36030,1,1,TRUE
dblp_2615#scholar_3822,0,0,FALSE
dblp_291#scholar_5755,0,0,FALSE
dblp_2195#scholar_10297,0,0,FALSE
dblp_944#scholar_16348,1,1,TRUE
dblp_1162#scholar_14732,1,1,TRUE
dblp_2027#scholar_9859,1,1,TRUE
dblp_2552#scholar_48548,0,0,FALSE
dblp_56#scholar_4742,0,0,FALSE
dblp_300#scholar_26481,1,1,TRUE
dblp_1578#scholar_22022,0,0,FALSE
dblp_1944#scholar_33801,0,0,FALSE
dblp_2443#scholar_18281,0,0,FALSE
dblp_2396#scholar_24966,0,0,FALSE
dblp_1792#scholar_55822,0,0,FALSE
dblp_1419#scholar_15289,0,0,FALSE
dblp_612#scholar_32587,0,0,FALSE
dblp_2558#scholar_63987,0,0,FALSE
dblp_1082#scholar_54237,0,0,FALSE
dblp_2212#scholar_52956,0,0,FALSE
dblp_1792#scholar_47486,0,0,FALSE
dblp_1336#scholar_52662,0,0,FALSE
dblp_1926#scholar_22885,0,0,FALSE
dblp_767#scholar_31216,0,0,FALSE
dblp_1488#scholar_26575,1,1,TRUE
dblp_2260#scholar_47476,0,1,TRUE
dblp_2403#scholar_15289,0,0,FALSE
dblp_574#scholar_1386,0,0,FALSE
dblp_1105#scholar_23948,0,0,FALSE
dblp_1683#scholar_51042,0,0,FALSE
dblp_813#scholar_42034,0,0,FALSE
dblp_570#scholar_50005,0,0,FALSE
dblp_2275#scholar_61335,1,1,TRUE
dblp_1770#scholar_57991,0,0,FALSE
dblp_1298#scholar_25507,1,1,TRUE
dblp_1770#scholar_39706,0,0,FALSE
dblp_336#scholar_37532,0,0,FALSE
dblp_779#scholar_2968,0,0,FALSE
dblp_1589#scholar_40790,1,1,TRUE
dblp_45#scholar_43919,0,0,FALSE
dblp_1105#scholar_6551,0,0,FALSE
dblp_277#scholar_56777,0,0,FALSE
dblp_1244#scholar_15611,0,0,FALSE
dblp_718#scholar_44720,0,0,FALSE
dblp_457#scholar_56739,1,1,TRUE
dblp_56#scholar_11365,0,0,FALSE
dblp_2411#scholar_51297,0,0,FALSE
dblp_736#scholar_4751,0,0,FALSE
dblp_2564#scholar_56760,0,0,FALSE
dblp_376#scholar_3858,0,0,FALSE
dblp_1561#scholar_8669,0,0,FALSE
dblp_1829#scholar_35151,0,0,FALSE
dblp_1973#scholar_64197,1,1,TRUE
dblp_2575#scholar_32362,0,0,FALSE
dblp_653#scholar_16443,1,1,TRUE
dblp_36#scholar_49272,0,0,FALSE
dblp_86#scholar_44630,1,1,TRUE
dblp_90#scholar_59202,0,0,FALSE
dblp_2198#scholar_37168,1,1,TRUE
dblp_451#scholar_13314,0,0,FALSE
dblp_1607#scholar_60567,1,1,TRUE
dblp_506#scholar_8511,0,0,FALSE
dblp_772#scholar_7844,0,0,FALSE
dblp_66#scholar_33220,0,1,TRUE
dblp_1343#scholar_61970,1,1,TRUE
dblp_537#scholar_56771,0,0,FALSE
dblp_2338#scholar_22975,0,0,FALSE
dblp_146#scholar_36509,0,0,FALSE
dblp_2070#scholar_49730,0,0,FALSE
dblp_1010#scholar_2891,0,0,FALSE
dblp_703#scholar_45540,0,0,FALSE
dblp_2086#scholar_9544,0,0,FALSE
dblp_2217#scholar_36862,1,1,TRUE
dblp_1200#scholar_17255,0,0,FALSE
dblp_206#scholar_9906,0,0,FALSE
dblp_527#scholar_15463,0,0,FALSE
dblp_805#scholar_53281,0,0,FALSE
dblp_1148#scholar_8178,0,0,FALSE
dblp_1148#scholar_38879,0,0,FALSE
dblp_4#scholar_39402,0,0,FALSE
dblp_648#scholar_21696,1,1,TRUE
dblp_570#scholar_12676,0,0,FALSE
dblp_612#scholar_9970,0,0,FALSE
dblp_1801#scholar_4615,0,0,FALSE
dblp_246#scholar_37373,0,0,FALSE
dblp_809#scholar_42688,0,0,FALSE
dblp_1404#scholar_29504,0,0,FALSE
dblp_2166#scholar_22493,0,0,FALSE
dblp_2418#scholar_30776,0,0,FALSE
dblp_2194#scholar_14781,0,0,FALSE
dblp_2094#scholar_56225,0,0,FALSE
dblp_1527#scholar_3340,0,0,FALSE
dblp_1841#scholar_16714,0,0,FALSE
dblp_2505#scholar_27709,0,0,FALSE
dblp_537#scholar_3573,0,0,FALSE
dblp_1394#scholar_19657,0,0,FALSE
dblp_1815#scholar_31232,0,0,FALSE
dblp_1448#scholar_39117,0,0,FALSE
dblp_2554#scholar_7729,0,0,FALSE
dblp_1638#scholar_64017,1,1,TRUE
dblp_360#scholar_10265,1,1,TRUE
dblp_1856#scholar_35883,1,1,TRUE
dblp_1478#scholar_57310,1,1,TRUE
dblp_1700#scholar_25031,0,0,FALSE
dblp_824#scholar_38579,0,0,FALSE
dblp_389#scholar_39369,0,0,FALSE
dblp_1643#scholar_13790,0,0,FALSE
dblp_1855#scholar_22756,0,0,FALSE
dblp_117#scholar_12712,0,0,FALSE
dblp_749#scholar_8719,0,0,FALSE
dblp_2300#scholar_55580,0,0,FALSE
dblp_570#scholar_3191,0,0,FALSE
dblp_2200#scholar_22510,0,0,FALSE
dblp_2505#scholar_36240,0,0,FALSE
dblp_3#scholar_29717,0,0,FALSE
dblp_1244#scholar_6067,0,0,FALSE
dblp_581#scholar_21047,1,1,TRUE
dblp_1805#scholar_45887,0,0,FALSE
dblp_19#scholar_27684,1,1,TRUE
dblp_2298#scholar_46920,0,0,FALSE
dblp_713#scholar_41278,0,0,FALSE
dblp_883#scholar_16085,0,0,FALSE
dblp_1656#scholar_4547,1,0,FALSE
dblp_1478#scholar_15095,1,1,TRUE
dblp_151#scholar_41920,0,0,FALSE
dblp_1158#scholar_14811,0,0,FALSE
dblp_406#scholar_59503,0,0,FALSE
dblp_2437#scholar_9815,0,0,FALSE
dblp_709#scholar_19882,0,0,FALSE
dblp_1049#scholar_44135,0,0,FALSE
dblp_1925#scholar_43953,0,0,FALSE
dblp_1283#scholar_852,0,0,FALSE
dblp_844#scholar_19433,0,0,FALSE
dblp_2333#scholar_42885,0,0,FALSE
dblp_420#scholar_56347,0,0,FALSE
dblp_1826#scholar_57193,0,0,FALSE
dblp_1981#scholar_1043,0,0,FALSE
dblp_495#scholar_42109,1,1,TRUE
dblp_2355#scholar_59348,0,0,FALSE
dblp_1722#scholar_14240,1,1,TRUE
dblp_736#scholar_1268,0,0,FALSE
dblp_542#scholar_14413,0,0,FALSE
dblp_2568#scholar_2198,0,0,FALSE
dblp_2338#scholar_1043,0,0,FALSE
dblp_2400#scholar_47087,0,0,FALSE
dblp_2370#scholar_45276,0,0,FALSE
dblp_1679#scholar_1376,1,1,TRUE
dblp_2528#scholar_52741,1,1,TRUE
dblp_2058#scholar_21740,0,0,FALSE
dblp_682#scholar_35088,0,0,FALSE
dblp_457#scholar_12119,0,0,FALSE
dblp_1969#scholar_38927,0,0,FALSE
dblp_805#scholar_27702,1,1,TRUE
dblp_1096#scholar_49774,1,1,TRUE
dblp_2027#scholar_50977,0,0,FALSE
dblp_157#scholar_26290,0,0,FALSE
dblp_443#scholar_7307,0,0,FALSE
dblp_369#scholar_47475,0,0,FALSE
dblp_1673#scholar_15079,0,0,FALSE
dblp_2492#scholar_56451,0,0,FALSE
dblp_1350#scholar_59643,0,0,FALSE
dblp_659#scholar_50731,0,0,FALSE
dblp_610#scholar_14824,0,0,FALSE
dblp_953#scholar_52025,0,0,FALSE
dblp_1566#scholar_25869,0,0,FALSE
dblp_1594#scholar_4305,0,0,FALSE
dblp_72#scholar_37940,0,0,FALSE
dblp_1329#scholar_5072,0,0,FALSE
dblp_1214#scholar_53442,0,0,FALSE
dblp_425#scholar_29717,0,0,FALSE
dblp_2185#scholar_53356,0,0,FALSE
dblp_201#scholar_29422,0,0,FALSE
dblp_1225#scholar_61596,0,0,FALSE
dblp_345#scholar_7039,0,1,TRUE
dblp_1158#scholar_42381,0,0,FALSE
dblp_2487#scholar_42356,1,1,TRUE
dblp_2420#scholar_16806,0,0,FALSE
dblp_1780#scholar_24902,0,0,FALSE
dblp_2418#scholar_180,0,0,FALSE
dblp_376#scholar_27009,0,0,FALSE
dblp_1906#scholar_43304,0,0,FALSE
dblp_1953#scholar_48702,0,0,FALSE
dblp_1179#scholar_25913,1,1,TRUE
dblp_1049#scholar_3679,0,0,FALSE
dblp_1510#scholar_45648,0,0,FALSE
dblp_821#scholar_53778,0,0,FALSE
dblp_859#scholar_13782,0,0,FALSE
dblp_1130#scholar_18709,0,0,FALSE
dblp_1043#scholar_48208,0,0,FALSE
dblp_1404#scholar_2681,0,0,FALSE
dblp_2284#scholar_59976,0,0,FALSE
dblp_562#scholar_19860,0,0,FALSE
dblp_247#scholar_55054,0,0,FALSE
dblp_1883#scholar_28385,0,0,FALSE
dblp_2236#scholar_21750,1,1,TRUE
dblp_649#scholar_61844,0,0,FALSE
dblp_1179#scholar_53122,0,0,FALSE
dblp_1065#scholar_34481,0,0,FALSE
dblp_2218#scholar_15622,0,0,FALSE
dblp_1953#scholar_59480,0,0,FALSE
dblp_23#scholar_33742,0,0,FALSE
dblp_452#scholar_23825,1,1,TRUE
dblp_2010#scholar_13472,0,0,FALSE
dblp_645#scholar_35330,0,0,FALSE
dblp_63#scholar_63910,0,0,FALSE
dblp_2256#scholar_18727,0,0,FALSE
dblp_739#scholar_53354,0,0,FALSE
dblp_562#scholar_9536,0,0,FALSE
dblp_1339#scholar_26886,1,1,TRUE
dblp_2403#scholar_48115,0,0,FALSE
dblp_295#scholar_43210,0,0,FALSE
dblp_1830#scholar_25298,1,1,TRUE
dblp_979#scholar_42139,0,0,FALSE
dblp_618#scholar_35592,0,0,FALSE
dblp_2388#scholar_50245,0,0,FALSE
dblp_1164#scholar_17056,1,1,TRUE
dblp_68#scholar_26251,0,0,FALSE
dblp_1288#scholar_11823,0,0,FALSE
dblp_729#scholar_55260,0,0,FALSE
dblp_1200#scholar_2892,0,0,FALSE
dblp_1912#scholar_17811,0,0,FALSE
dblp_2483#scholar_48536,0,0,FALSE
dblp_17#scholar_11745,0,0,FALSE
dblp_1418#scholar_25529,0,0,FALSE
dblp_2030#scholar_29523,0,0,FALSE
dblp_793#scholar_54571,1,1,TRUE
dblp_371#scholar_25539,0,0,FALSE
dblp_2432#scholar_9988,0,0,FALSE
dblp_1050#scholar_50805,0,0,FALSE
dblp_647#scholar_17566,0,0,FALSE
dblp_2350#scholar_18272,0,0,FALSE
dblp_507#scholar_34045,0,1,TRUE
dblp_540#scholar_34083,0,0,FALSE
dblp_1133#scholar_15801,1,1,TRUE
dblp_2096#scholar_32114,0,0,FALSE
dblp_1057#scholar_11030,0,0,FALSE
dblp_1449#scholar_43629,1,1,TRUE
dblp_2526#scholar_55260,0,0,FALSE
dblp_459#scholar_4062,0,0,FALSE
dblp_1012#scholar_10458,0,0,FALSE
dblp_1867#scholar_27844,0,1,TRUE
dblp_182#scholar_33250,0,0,FALSE
dblp_2332#scholar_33382,0,0,FALSE
dblp_120#scholar_4938,0,0,FALSE
dblp_2295#scholar_1839,0,0,FALSE
dblp_1793#scholar_13622,0,0,FALSE
dblp_1849#scholar_25264,0,0,FALSE
dblp_960#scholar_27759,0,0,FALSE
dblp_2521#scholar_39606,0,0,FALSE
dblp_33#scholar_21119,0,0,FALSE
dblp_1505#scholar_59644,1,1,TRUE
dblp_95#scholar_25353,0,0,FALSE
dblp_2263#scholar_53098,0,0,FALSE
dblp_201#scholar_57577,0,0,FALSE
dblp_1811#scholar_16650,0,0,FALSE
dblp_1977#scholar_4305,0,0,FALSE
dblp_621#scholar_41227,1,1,TRUE
dblp_562#scholar_60473,0,0,FALSE
dblp_773#scholar_29870,0,0,FALSE
dblp_1691#scholar_10293,1,1,TRUE
dblp_132#scholar_1183,0,0,FALSE
dblp_288#scholar_29850,0,0,FALSE
dblp_1200#scholar_7529,0,0,FALSE
dblp_1828#scholar_49792,1,1,TRUE
dblp_703#scholar_8825,0,0,FALSE
dblp_1177#scholar_28184,0,0,FALSE
dblp_1324#scholar_46906,0,0,FALSE
dblp_1172#scholar_54255,0,0,FALSE
dblp_562#scholar_19864,0,0,FALSE
dblp_183#scholar_60124,0,0,FALSE
dblp_1652#scholar_28751,0,0,FALSE
dblp_1355#scholar_10606,1,1,TRUE
dblp_696#scholar_38585,0,0,FALSE
dblp_1155#scholar_9692,1,1,TRUE
dblp_1068#scholar_15622,0,0,FALSE
dblp_2309#scholar_25486,0,0,FALSE
dblp_707#scholar_59362,0,0,FALSE
dblp_2400#scholar_8795,0,0,FALSE
dblp_2561#scholar_19222,0,0,FALSE
dblp_667#scholar_24023,0,0,FALSE
dblp_1621#scholar_30211,1,1,TRUE
dblp_2232#scholar_18968,0,0,FALSE
dblp_1619#scholar_45980,0,0,FALSE
dblp_1424#scholar_54237,0,0,FALSE
dblp_1953#scholar_20026,0,0,FALSE
dblp_2139#scholar_45844,0,0,FALSE
dblp_376#scholar_45743,0,0,FALSE
dblp_1431#scholar_29409,0,0,FALSE
dblp_899#scholar_40686,0,0,FALSE
dblp_1605#scholar_42356,0,1,TRUE
dblp_1478#scholar_6647,1,1,TRUE
dblp_1239#scholar_11215,0,0,FALSE
dblp_2300#scholar_18264,0,0,FALSE
dblp_580#scholar_3858,0,0,FALSE
dblp_521#scholar_25737,1,1,TRUE
dblp_1431#scholar_23585,0,0,FALSE
dblp_1239#scholar_682,0,0,FALSE
dblp_1888#scholar_57319,0,0,FALSE
dblp_10#scholar_16046,1,1,TRUE
dblp_250#scholar_36917,0,0,FALSE
dblp_120#scholar_61650,0,0,FALSE
dblp_1837#scholar_39396,0,0,FALSE
dblp_1671#scholar_55320,0,0,FALSE
dblp_2253#scholar_24979,1,1,TRUE
dblp_2400#scholar_37777,0,0,FALSE
dblp_2161#scholar_45579,0,0,FALSE
dblp_2396#scholar_11036,1,1,TRUE
dblp_1603#scholar_3018,0,0,FALSE
dblp_1027#scholar_18388,1,1,TRUE
dblp_147#scholar_7328,0,0,FALSE
dblp_1005#scholar_38987,0,0,FALSE
dblp_996#scholar_48864,0,0,FALSE
dblp_752#scholar_44504,1,1,TRUE
dblp_2391#scholar_25581,0,0,FALSE
dblp_563#scholar_18727,0,0,FALSE
dblp_1829#scholar_22975,0,0,FALSE
dblp_2212#scholar_53137,0,0,FALSE
dblp_2483#scholar_6312,0,0,FALSE
dblp_657#scholar_35023,0,0,FALSE
dblp_1314#scholar_41811,1,1,TRUE
dblp_1057#scholar_30533,0,0,FALSE
dblp_781#scholar_38387,0,0,FALSE
dblp_839#scholar_26954,0,0,FALSE
dblp_845#scholar_13769,1,1,TRUE
dblp_1401#scholar_32020,0,0,FALSE
dblp_1466#scholar_52063,1,1,TRUE
dblp_2226#scholar_55673,0,0,FALSE
dblp_2235#scholar_29897,1,1,TRUE
dblp_468#scholar_28180,0,0,FALSE
dblp_2188#scholar_8511,0,0,FALSE
dblp_1560#scholar_14915,1,1,TRUE
dblp_1543#scholar_27198,0,0,FALSE
dblp_1944#scholar_16272,0,0,FALSE
dblp_2443#scholar_25433,0,0,FALSE
dblp_1826#scholar_61717,0,0,FALSE
dblp_1133#scholar_21423,0,0,FALSE
dblp_1439#scholar_21223,0,0,FALSE
dblp_1288#scholar_47707,0,0,FALSE
dblp_258#scholar_46984,0,0,FALSE
dblp_40#scholar_35979,0,0,FALSE
dblp_1648#scholar_50898,1,1,TRUE
dblp_2328#scholar_60216,0,0,FALSE
dblp_2492#scholar_28097,0,0,FALSE
dblp_146#scholar_36351,1,1,TRUE
dblp_1421#scholar_47160,0,0,FALSE
dblp_960#scholar_9988,0,0,FALSE
dblp_1701#scholar_34940,0,0,FALSE
dblp_288#scholar_13738,0,0,FALSE
dblp_1993#scholar_29396,0,0,FALSE
dblp_649#scholar_41168,0,0,FALSE
dblp_1583#scholar_39994,0,0,FALSE
dblp_1060#scholar_33669,0,0,FALSE
dblp_234#scholar_30616,0,0,FALSE
dblp_254#scholar_27863,0,0,FALSE
dblp_2125#scholar_42659,0,0,FALSE
dblp_832#scholar_42380,1,0,FALSE
dblp_1120#scholar_3053,0,0,FALSE
dblp_1917#scholar_13602,1,1,TRUE
dblp_2312#scholar_34235,0,0,FALSE
dblp_2394#scholar_3722,0,0,FALSE
dblp_1826#scholar_38141,0,0,FALSE
dblp_537#scholar_22336,0,0,FALSE
dblp_156#scholar_23320,0,0,FALSE
dblp_2328#scholar_36628,0,0,FALSE
dblp_1794#scholar_2354,0,0,FALSE
dblp_1206#scholar_55388,1,1,TRUE
dblp_1380#scholar_44245,0,0,FALSE
dblp_1447#scholar_53446,0,1,TRUE
dblp_2558#scholar_56458,0,0,FALSE
dblp_1223#scholar_41489,0,0,FALSE
dblp_669#scholar_16431,0,0,FALSE
dblp_598#scholar_31216,0,0,FALSE
dblp_876#scholar_59269,1,1,TRUE
dblp_2443#scholar_37915,0,0,FALSE
dblp_1770#scholar_52660,0,0,FALSE
dblp_76#scholar_44226,0,0,FALSE
dblp_116#scholar_34199,1,1,TRUE
dblp_1640#scholar_47315,0,0,FALSE
dblp_441#scholar_7908,0,0,FALSE
dblp_460#scholar_45743,0,0,FALSE
dblp_964#scholar_35459,0,0,FALSE
dblp_2030#scholar_41758,0,0,FALSE
dblp_408#scholar_13325,0,0,FALSE
dblp_2126#scholar_34173,0,0,FALSE
dblp_1397#scholar_39349,0,0,FALSE
dblp_1562#scholar_59287,1,1,TRUE
dblp_2280#scholar_14557,0,0,FALSE
dblp_661#scholar_33904,0,0,FALSE
dblp_1643#scholar_11823,0,0,FALSE
dblp_1138#scholar_18595,0,0,FALSE
dblp_883#scholar_4040,0,0,FALSE
dblp_1578#scholar_4193,0,0,FALSE
dblp_1741#scholar_61844,0,0,FALSE
dblp_295#scholar_53053,0,0,FALSE
dblp_1501#scholar_34913,1,1,TRUE
dblp_1082#scholar_19222,0,0,FALSE
dblp_542#scholar_7469,0,0,FALSE
dblp_2257#scholar_27759,0,0,FALSE
dblp_2196#scholar_5245,0,0,FALSE
dblp_45#scholar_13025,0,0,FALSE
dblp_2022#scholar_48213,0,0,FALSE
dblp_2230#scholar_42176,0,0,FALSE
dblp_2515#scholar_8329,0,0,FALSE
dblp_2495#scholar_45289,0,0,FALSE
dblp_657#scholar_30325,0,0,FALSE
dblp_713#scholar_29092,0,0,FALSE
dblp_2225#scholar_48857,1,1,TRUE
dblp_2338#scholar_23774,0,0,FALSE
dblp_2558#scholar_11348,0,0,FALSE
dblp_1424#scholar_51976,1,1,TRUE
dblp_819#scholar_37877,1,1,TRUE
dblp_1561#scholar_48427,0,0,FALSE
dblp_1051#scholar_19527,0,0,FALSE
dblp_526#scholar_56576,0,0,FALSE
dblp_393#scholar_6348,0,0,FALSE
dblp_2055#scholar_51699,1,1,TRUE
dblp_945#scholar_58243,0,0,FALSE
dblp_2295#scholar_10637,0,0,FALSE
dblp_1046#scholar_48574,0,0,FALSE
dblp_1023#scholar_41460,0,0,FALSE
dblp_95#scholar_15038,0,0,FALSE
dblp_1382#scholar_35832,0,0,FALSE
dblp_288#scholar_37494,0,0,FALSE
dblp_960#scholar_17377,0,0,FALSE
dblp_1683#scholar_56131,0,0,FALSE
dblp_1841#scholar_33952,0,0,FALSE
dblp_807#scholar_6154,0,0,FALSE
dblp_2099#scholar_8466,0,0,FALSE
dblp_2515#scholar_17353,0,0,FALSE
dblp_1960#scholar_13974,1,1,TRUE
dblp_1200#scholar_40801,0,0,FALSE
dblp_840#scholar_12112,0,0,FALSE
dblp_2514#scholar_9845,0,1,TRUE
dblp_2570#scholar_29717,0,0,FALSE
dblp_1127#scholar_45703,0,0,FALSE
dblp_1668#scholar_26082,1,1,TRUE
dblp_2411#scholar_34514,0,0,FALSE
dblp_2093#scholar_10429,0,0,FALSE
dblp_414#scholar_61986,1,1,TRUE
dblp_798#scholar_48928,1,1,TRUE
dblp_2220#scholar_6442,0,0,FALSE
dblp_115#scholar_25469,0,0,FALSE
dblp_1407#scholar_47913,0,0,FALSE
dblp_2338#scholar_32963,0,0,FALSE
dblp_2272#scholar_63389,0,0,FALSE
dblp_343#scholar_33096,1,1,TRUE
dblp_1261#scholar_60997,0,0,FALSE
dblp_813#scholar_29378,0,0,FALSE
dblp_1049#scholar_38470,0,0,FALSE
dblp_295#scholar_44766,0,0,FALSE
dblp_1049#scholar_60772,0,0,FALSE
dblp_1138#scholar_20106,0,0,FALSE
dblp_1147#scholar_50578,1,1,TRUE
dblp_1826#scholar_63588,0,0,FALSE
dblp_2533#scholar_57869,0,0,FALSE
dblp_95#scholar_3210,1,1,TRUE
dblp_2338#scholar_22295,0,0,FALSE
dblp_2363#scholar_37616,1,0,FALSE
dblp_1556#scholar_63610,1,1,TRUE
dblp_1437#scholar_12441,1,1,TRUE
dblp_1386#scholar_51417,1,1,TRUE
dblp_786#scholar_9358,1,1,TRUE
dblp_1954#scholar_7844,0,0,FALSE
dblp_169#scholar_29979,0,0,FALSE
dblp_2573#scholar_51719,0,0,FALSE
dblp_1173#scholar_10603,0,0,FALSE
dblp_1826#scholar_49830,0,0,FALSE
dblp_818#scholar_36983,0,0,FALSE
dblp_207#scholar_33048,0,0,FALSE
dblp_2310#scholar_7476,0,0,FALSE
dblp_399#scholar_13962,0,0,FALSE
dblp_713#scholar_32783,0,0,FALSE
dblp_1583#scholar_38545,0,0,FALSE
dblp_240#scholar_26324,0,0,FALSE
dblp_1419#scholar_25767,1,1,TRUE
dblp_454#scholar_52060,0,0,FALSE
dblp_2506#scholar_36937,0,0,FALSE
dblp_996#scholar_22885,0,0,FALSE
dblp_1549#scholar_34485,0,0,FALSE
dblp_2538#scholar_36573,0,0,FALSE
dblp_1581#scholar_48945,1,1,TRUE
dblp_960#scholar_29569,0,0,FALSE
dblp_2528#scholar_4938,0,0,FALSE
dblp_1465#scholar_51643,1,1,TRUE
dblp_1408#scholar_19205,0,0,FALSE
dblp_1724#scholar_28335,0,0,FALSE
dblp_2476#scholar_3997,0,1,TRUE
dblp_1156#scholar_2055,0,0,FALSE
dblp_511#scholar_60250,0,0,FALSE
dblp_31#scholar_28931,1,1,TRUE
dblp_1593#scholar_50688,0,0,FALSE
dblp_2280#scholar_58481,0,0,FALSE
dblp_2443#scholar_52778,0,0,FALSE
dblp_758#scholar_57877,0,0,FALSE
dblp_1432#scholar_36711,1,1,TRUE
dblp_502#scholar_26363,0,0,FALSE
dblp_2506#scholar_26155,0,0,FALSE
dblp_410#scholar_27009,0,0,FALSE
dblp_194#scholar_29717,0,0,FALSE
dblp_669#scholar_21028,0,0,FALSE
dblp_512#scholar_16224,1,1,TRUE
dblp_846#scholar_50222,1,1,TRUE
dblp_1212#scholar_3228,1,1,TRUE
dblp_2595#scholar_2853,0,0,FALSE
dblp_606#scholar_11014,0,0,FALSE
dblp_1842#scholar_9742,0,0,FALSE
dblp_120#scholar_17562,0,0,FALSE
dblp_1049#scholar_49235,0,0,FALSE
dblp_1796#scholar_19019,0,0,FALSE
dblp_1981#scholar_18264,0,0,FALSE
dblp_1808#scholar_26463,0,0,FALSE
dblp_1200#scholar_28460,0,0,FALSE
dblp_2294#scholar_1950,0,0,FALSE
dblp_798#scholar_37539,0,0,FALSE
dblp_1068#scholar_8178,0,0,FALSE
dblp_2394#scholar_47410,0,0,FALSE
dblp_2338#scholar_49648,0,0,FALSE
dblp_2268#scholar_15204,1,1,TRUE
dblp_1811#scholar_59643,0,0,FALSE
dblp_1840#scholar_7560,0,0,FALSE
dblp_277#scholar_61072,0,0,FALSE
dblp_288#scholar_28876,0,0,FALSE
dblp_1708#scholar_17039,0,0,FALSE
dblp_2300#scholar_22975,0,0,FALSE
dblp_604#scholar_3034,0,0,FALSE
dblp_663#scholar_46785,1,1,TRUE
dblp_2468#scholar_568,0,0,FALSE
dblp_177#scholar_41445,0,0,FALSE
dblp_1543#scholar_29603,1,1,TRUE
dblp_1840#scholar_50108,0,0,FALSE
dblp_2180#scholar_56834,0,0,FALSE
dblp_779#scholar_16205,0,0,FALSE
dblp_1364#scholar_22725,0,0,FALSE
dblp_1962#scholar_53821,0,0,FALSE
dblp_642#scholar_7751,0,1,TRUE
dblp_882#scholar_58460,0,0,FALSE
dblp_2284#scholar_39437,0,0,FALSE
dblp_755#scholar_435,0,0,FALSE
dblp_2533#scholar_5879,1,0,FALSE
dblp_798#scholar_39878,0,0,FALSE
dblp_1954#scholar_60614,0,0,FALSE
dblp_1742#scholar_32903,0,0,FALSE
dblp_2420#scholar_28491,0,0,FALSE
dblp_707#scholar_32020,0,0,FALSE
dblp_1148#scholar_61582,0,0,FALSE
dblp_1454#scholar_23079,1,1,TRUE
dblp_176#scholar_44815,0,0,FALSE
dblp_1302#scholar_2013,1,1,TRUE
dblp_2065#scholar_24961,1,1,TRUE
dblp_2071#scholar_42070,1,1,TRUE
dblp_1808#scholar_2807,0,0,FALSE
dblp_707#scholar_23457,0,0,FALSE
dblp_140#scholar_45879,0,0,FALSE
dblp_1617#scholar_61772,0,0,FALSE
dblp_2561#scholar_44984,0,0,FALSE
dblp_832#scholar_34289,0,0,FALSE
dblp_559#scholar_26503,0,0,FALSE
dblp_1338#scholar_35755,0,0,FALSE
dblp_562#scholar_2518,0,0,FALSE
dblp_2144#scholar_59206,0,0,FALSE
dblp_1099#scholar_28650,0,0,FALSE
dblp_2370#scholar_58060,0,0,FALSE
dblp_2076#scholar_61103,0,0,FALSE
dblp_115#scholar_31216,0,0,FALSE
dblp_45#scholar_63938,0,0,FALSE
dblp_1362#scholar_27054,0,0,FALSE
dblp_139#scholar_4701,0,0,FALSE
dblp_1771#scholar_19885,1,1,TRUE
dblp_2338#scholar_18264,0,0,FALSE
dblp_1485#scholar_2139,0,0,FALSE
dblp_1200#scholar_18476,0,0,FALSE
dblp_543#scholar_55500,0,0,FALSE
dblp_902#scholar_28709,0,0,FALSE
dblp_1518#scholar_56907,0,0,FALSE
dblp_9#scholar_35567,1,1,TRUE
dblp_1815#scholar_55055,0,0,FALSE
dblp_2398#scholar_38582,1,1,TRUE
dblp_2125#scholar_45579,0,0,FALSE
dblp_42#scholar_43210,0,0,FALSE
dblp_527#scholar_33681,0,0,FALSE
dblp_2460#scholar_940,1,1,TRUE
dblp_1015#scholar_53408,0,0,FALSE
dblp_1794#scholar_43919,0,0,FALSE
dblp_45#scholar_26155,0,0,FALSE
dblp_2565#scholar_7729,1,1,TRUE
dblp_972#scholar_44334,1,1,TRUE
dblp_713#scholar_36009,0,0,FALSE
dblp_1571#scholar_57831,0,0,FALSE
dblp_2420#scholar_35088,0,0,FALSE
dblp_2487#scholar_55010,0,0,FALSE
dblp_1632#scholar_24829,0,0,FALSE
dblp_1543#scholar_22605,0,0,FALSE
dblp_2355#scholar_13700,0,0,FALSE
dblp_1890#scholar_48665,1,1,TRUE
dblp_18#scholar_41055,1,0,FALSE
dblp_1583#scholar_19262,0,0,FALSE
dblp_1953#scholar_50764,0,0,FALSE
dblp_713#scholar_52056,0,0,FALSE
dblp_2361#scholar_16392,0,0,FALSE
dblp_1953#scholar_60614,0,0,FALSE
dblp_1594#scholar_27855,0,0,FALSE
dblp_2229#scholar_19182,1,1,TRUE
dblp_953#scholar_48623,0,0,FALSE
dblp_199#scholar_48998,1,1,TRUE
dblp_662#scholar_51781,0,0,FALSE
dblp_809#scholar_18583,0,0,FALSE
dblp_1152#scholar_64210,1,1,TRUE
dblp_2394#scholar_35777,0,0,FALSE
dblp_1006#scholar_8031,1,1,TRUE
dblp_642#scholar_11056,0,0,FALSE
dblp_1977#scholar_4021,0,0,FALSE
dblp_1272#scholar_7518,0,0,FALSE
dblp_1662#scholar_22384,0,0,FALSE
dblp_798#scholar_53791,0,0,FALSE
dblp_2126#scholar_7065,0,0,FALSE
dblp_537#scholar_38626,0,0,FALSE
dblp_669#scholar_14348,0,0,FALSE
dblp_1829#scholar_51042,0,0,FALSE
dblp_1039#scholar_43371,1,1,TRUE
dblp_2081#scholar_59135,0,1,TRUE
dblp_1901#scholar_4198,0,1,TRUE
dblp_1324#scholar_26746,0,0,FALSE
dblp_302#scholar_17365,0,1,TRUE
dblp_772#scholar_436,0,0,FALSE
dblp_1529#scholar_42022,0,0,FALSE
dblp_1741#scholar_40093,0,0,FALSE
dblp_2293#scholar_36656,0,0,FALSE
dblp_628#scholar_29979,0,0,FALSE
dblp_2558#scholar_52192,0,0,FALSE
dblp_1631#scholar_11864,0,0,FALSE
dblp_425#scholar_33904,0,0,FALSE
dblp_1818#scholar_39813,0,0,FALSE
dblp_2581#scholar_38215,0,0,FALSE
dblp_1049#scholar_42029,0,0,FALSE
dblp_858#scholar_25095,0,0,FALSE
dblp_1105#scholar_11056,0,0,FALSE
dblp_527#scholar_5245,0,0,FALSE
dblp_234#scholar_26184,0,0,FALSE
dblp_1342#scholar_6899,0,0,FALSE
dblp_146#scholar_29848,0,0,FALSE
dblp_40#scholar_51552,0,0,FALSE
dblp_2526#scholar_42858,1,1,TRUE
dblp_1845#scholar_682,1,1,TRUE
dblp_840#scholar_35097,0,0,FALSE
dblp_1487#scholar_6239,0,0,FALSE
dblp_713#scholar_3191,0,0,FALSE
dblp_1756#scholar_16644,0,0,FALSE
dblp_1821#scholar_51481,0,0,FALSE
dblp_1811#scholar_28382,0,0,FALSE
dblp_562#scholar_22975,0,0,FALSE
dblp_2422#scholar_23316,0,0,FALSE
dblp_188#scholar_19241,1,1,TRUE
dblp_95#scholar_57396,0,0,FALSE
dblp_277#scholar_45662,0,0,FALSE
dblp_2249#scholar_19950,0,0,FALSE
dblp_74#scholar_7548,0,0,FALSE
dblp_1957#scholar_47707,0,0,FALSE
dblp_2183#scholar_35371,0,0,FALSE
dblp_1258#scholar_59925,1,1,TRUE
dblp_2249#scholar_22336,0,0,FALSE
dblp_99#scholar_58830,0,0,FALSE
dblp_115#scholar_5278,0,0,FALSE
dblp_2575#scholar_56612,0,0,FALSE
dblp_1367#scholar_6239,0,0,FALSE
dblp_570#scholar_34481,1,1,TRUE
dblp_1629#scholar_31147,1,1,TRUE
dblp_1531#scholar_23070,1,1,TRUE
dblp_1930#scholar_46568,1,1,TRUE
dblp_2168#scholar_18817,0,0,FALSE
dblp_1485#scholar_26321,0,1,TRUE
dblp_221#scholar_38412,1,1,TRUE
dblp_1747#scholar_22549,1,1,TRUE
dblp_2448#scholar_24439,0,0,FALSE
dblp_160#scholar_13096,0,0,FALSE
dblp_1074#scholar_22314,0,0,FALSE
dblp_807#scholar_60153,0,0,FALSE
dblp_1557#scholar_4643,0,0,FALSE
dblp_51#scholar_10872,1,1,TRUE
dblp_2594#scholar_26132,0,0,FALSE
dblp_1953#scholar_26554,0,0,FALSE
dblp_2187#scholar_36059,1,1,TRUE
dblp_2300#scholar_41920,0,0,FALSE
dblp_1913#scholar_17474,0,0,FALSE
dblp_2208#scholar_16392,0,0,FALSE
dblp_2483#scholar_37915,0,0,FALSE
dblp_855#scholar_27920,0,0,FALSE
dblp_1643#scholar_38408,0,0,FALSE
dblp_1953#scholar_43190,0,0,FALSE
dblp_1741#scholar_19504,0,0,FALSE
dblp_1838#scholar_45371,1,1,TRUE
dblp_2581#scholar_30533,1,1,TRUE
dblp_1671#scholar_43176,0,0,FALSE
dblp_2564#scholar_1043,0,0,FALSE
dblp_423#scholar_32603,0,0,FALSE
dblp_607#scholar_56649,0,0,FALSE
dblp_1348#scholar_39706,0,0,FALSE
dblp_2562#scholar_52192,0,0,FALSE
dblp_660#scholar_51481,0,0,FALSE
dblp_1554#scholar_60731,0,0,FALSE
dblp_1086#scholar_51804,1,1,TRUE
dblp_1256#scholar_18206,0,0,FALSE
dblp_2538#scholar_12263,0,0,FALSE
dblp_1821#scholar_36236,0,0,FALSE
dblp_934#scholar_12240,0,0,FALSE
dblp_140#scholar_29523,0,0,FALSE
dblp_1051#scholar_27822,0,0,FALSE
dblp_1498#scholar_35710,0,0,FALSE
dblp_1832#scholar_44162,1,1,TRUE
dblp_506#scholar_20318,0,0,FALSE
dblp_414#scholar_39651,1,1,TRUE
dblp_2030#scholar_6677,0,0,FALSE
dblp_221#scholar_27486,0,0,FALSE
dblp_1554#scholar_50828,1,1,TRUE
dblp_1761#scholar_17220,0,0,FALSE
dblp_295#scholar_42156,0,0,FALSE
dblp_758#scholar_26880,0,0,FALSE
dblp_755#scholar_28641,0,0,FALSE
dblp_783#scholar_16258,1,1,TRUE
dblp_132#scholar_4615,0,0,FALSE
dblp_1092#scholar_16420,1,1,TRUE
dblp_524#scholar_39342,0,0,FALSE
dblp_1656#scholar_13933,0,0,FALSE
dblp_2220#scholar_21323,0,0,FALSE
dblp_2560#scholar_63432,0,0,FALSE
dblp_1668#scholar_23207,0,0,FALSE
dblp_1436#scholar_20629,0,0,FALSE
dblp_832#scholar_59034,1,0,FALSE
dblp_171#scholar_49002,1,1,TRUE
dblp_1788#scholar_35232,0,0,FALSE
dblp_1975#scholar_23672,1,1,TRUE
dblp_488#scholar_36069,0,0,FALSE
dblp_659#scholar_15201,0,0,FALSE
dblp_2443#scholar_8159,0,0,FALSE
dblp_2476#scholar_59797,0,0,FALSE
dblp_1502#scholar_40741,1,1,TRUE
dblp_1392#scholar_62311,0,0,FALSE
dblp_2456#scholar_36401,0,1,TRUE
dblp_1953#scholar_22308,0,0,FALSE
dblp_1841#scholar_39128,0,0,FALSE
dblp_2039#scholar_18616,1,1,TRUE
dblp_95#scholar_3053,0,0,FALSE
dblp_2598#scholar_38975,0,0,FALSE
dblp_1773#scholar_62135,0,0,FALSE
dblp_1826#scholar_51347,0,0,FALSE
dblp_2575#scholar_35825,0,0,FALSE
dblp_659#scholar_55684,0,0,FALSE
dblp_288#scholar_538,1,1,TRUE
dblp_95#scholar_17325,1,1,TRUE
dblp_1943#scholar_31572,1,1,TRUE
dblp_1341#scholar_55124,0,0,FALSE
dblp_2300#scholar_7564,0,0,FALSE
dblp_1564#scholar_1045,1,1,TRUE
dblp_2405#scholar_54357,0,0,FALSE
dblp_1252#scholar_27004,1,1,TRUE
dblp_1580#scholar_7776,0,0,FALSE
dblp_2324#scholar_7606,0,0,FALSE
dblp_2330#scholar_55852,0,0,FALSE
dblp_1954#scholar_52263,0,0,FALSE
dblp_1792#scholar_36689,0,0,FALSE
dblp_1368#scholar_8133,0,0,FALSE
dblp_537#scholar_39815,0,0,FALSE
dblp_506#scholar_49375,0,0,FALSE
dblp_1944#scholar_23948,0,0,FALSE
dblp_1829#scholar_54277,0,0,FALSE
dblp_1749#scholar_52056,0,0,FALSE
dblp_1049#scholar_24092,0,0,FALSE
dblp_1618#scholar_33123,0,0,FALSE
dblp_1637#scholar_19587,0,0,FALSE
dblp_107#scholar_29313,1,1,TRUE
dblp_884#scholar_47811,0,0,FALSE
dblp_741#scholar_12540,0,0,FALSE
dblp_365#scholar_24268,1,1,TRUE
dblp_464#scholar_21924,0,0,FALSE
dblp_44#scholar_40018,0,0,FALSE
dblp_1288#scholar_61384,0,0,FALSE
dblp_1401#scholar_31339,0,0,FALSE
dblp_2332#scholar_35246,0,0,FALSE
dblp_1565#scholar_25992,0,0,FALSE
dblp_1127#scholar_58264,1,1,TRUE
dblp_2065#scholar_24289,0,0,FALSE
dblp_1520#scholar_47068,1,1,TRUE
dblp_1454#scholar_56419,0,0,FALSE
dblp_2561#scholar_34174,1,1,TRUE
dblp_1099#scholar_30050,0,0,FALSE
dblp_1012#scholar_54367,0,0,FALSE
dblp_566#scholar_22434,1,1,TRUE
dblp_758#scholar_45879,0,0,FALSE
dblp_1953#scholar_56664,0,0,FALSE
dblp_288#scholar_20657,1,0,FALSE
dblp_1808#scholar_37268,0,0,FALSE
dblp_2240#scholar_4021,0,0,FALSE
dblp_574#scholar_51653,0,0,FALSE
dblp_708#scholar_49351,0,0,FALSE
dblp_1885#scholar_60676,0,0,FALSE
dblp_56#scholar_7115,0,0,FALSE
dblp_1146#scholar_5838,0,0,FALSE
dblp_1219#scholar_9565,0,0,FALSE
dblp_2120#scholar_24023,0,0,FALSE
dblp_2471#scholar_18311,0,0,FALSE
dblp_961#scholar_32584,0,0,FALSE
dblp_528#scholar_56249,0,0,FALSE
dblp_1679#scholar_25621,0,0,FALSE
dblp_1376#scholar_50152,1,1,TRUE
dblp_467#scholar_54995,0,0,FALSE
dblp_280#scholar_5087,0,0,FALSE
dblp_631#scholar_868,0,0,FALSE
dblp_1410#scholar_37921,1,1,TRUE
dblp_1617#scholar_32353,0,1,TRUE
dblp_681#scholar_24472,1,1,TRUE
dblp_2449#scholar_34650,0,0,FALSE
dblp_1981#scholar_41920,0,0,FALSE
dblp_562#scholar_13025,0,0,FALSE
dblp_713#scholar_23818,0,0,FALSE
dblp_882#scholar_34097,0,0,FALSE
dblp_1005#scholar_50281,0,0,FALSE
dblp_1205#scholar_60458,1,1,TRUE
dblp_960#scholar_31248,0,0,FALSE
dblp_226#scholar_7934,1,1,TRUE
dblp_1981#scholar_2849,0,0,FALSE
dblp_1264#scholar_57675,0,0,FALSE
dblp_632#scholar_1043,0,0,FALSE
dblp_360#scholar_19786,0,0,FALSE
dblp_1431#scholar_25395,0,0,FALSE
dblp_1992#scholar_12080,0,0,FALSE
dblp_1953#scholar_61955,0,0,FALSE
dblp_2300#scholar_63240,0,0,FALSE
dblp_2312#scholar_39532,0,0,FALSE
dblp_317#scholar_5616,1,1,TRUE
dblp_2126#scholar_42336,0,0,FALSE
dblp_1558#scholar_37842,0,0,FALSE
dblp_1737#scholar_45262,0,0,FALSE
dblp_1456#scholar_28180,0,0,FALSE
dblp_2195#scholar_46922,0,0,FALSE
dblp_1401#scholar_24132,0,0,FALSE
dblp_2125#scholar_28688,0,0,FALSE
dblp_75#scholar_25703,1,1,TRUE
dblp_496#scholar_41168,0,0,FALSE
dblp_499#scholar_43124,1,1,TRUE
dblp_2069#scholar_57141,0,0,FALSE
dblp_750#scholar_4298,0,0,FALSE
dblp_277#scholar_54322,0,0,FALSE
dblp_2466#scholar_31343,0,0,FALSE
dblp_1172#scholar_42603,0,0,FALSE
dblp_1829#scholar_44406,0,0,FALSE
dblp_399#scholar_56118,0,1,TRUE
dblp_1337#scholar_53417,0,0,FALSE
dblp_1213#scholar_7065,0,0,FALSE
dblp_277#scholar_55822,0,0,FALSE
dblp_757#scholar_47088,0,0,FALSE
dblp_1841#scholar_20243,0,0,FALSE
dblp_654#scholar_28670,0,0,FALSE
dblp_288#scholar_41445,0,0,FALSE
dblp_1821#scholar_3034,0,0,FALSE
dblp_612#scholar_19238,0,0,FALSE
dblp_5#scholar_35628,1,1,TRUE
dblp_228#scholar_31343,0,0,FALSE
dblp_2295#scholar_56443,0,0,FALSE
dblp_151#scholar_9786,0,0,FALSE
dblp_939#scholar_19697,1,1,TRUE
dblp_370#scholar_7797,0,0,FALSE
dblp_1160#scholar_45952,0,0,FALSE
dblp_284#scholar_54393,0,0,FALSE
dblp_104#scholar_8329,0,0,FALSE
dblp_2310#scholar_16029,0,0,FALSE
dblp_1200#scholar_31960,0,0,FALSE
dblp_968#scholar_30736,0,0,FALSE
dblp_1161#scholar_30533,0,0,FALSE
dblp_277#scholar_15491,0,0,FALSE
dblp_2558#scholar_13061,0,0,FALSE
dblp_277#scholar_494,0,0,FALSE
dblp_67#scholar_36693,0,0,FALSE
dblp_2168#scholar_14640,0,0,FALSE
dblp_703#scholar_45490,0,0,FALSE
dblp_549#scholar_39878,0,0,FALSE
dblp_2609#scholar_30240,0,0,FALSE
dblp_1533#scholar_49034,0,0,FALSE
dblp_791#scholar_63430,0,0,FALSE
dblp_1419#scholar_28488,0,0,FALSE
dblp_1625#scholar_51065,0,0,FALSE
dblp_1383#scholar_47463,0,0,FALSE
dblp_1368#scholar_61585,0,0,FALSE
dblp_2185#scholar_58262,0,0,FALSE
dblp_1821#scholar_50416,0,0,FALSE
dblp_1534#scholar_14197,1,1,TRUE
dblp_670#scholar_56828,0,0,FALSE
dblp_2330#scholar_31468,0,0,FALSE
dblp_1527#scholar_13472,0,0,FALSE
dblp_612#scholar_17325,0,0,FALSE
dblp_1976#scholar_27009,0,0,FALSE
dblp_1981#scholar_38470,0,0,FALSE
dblp_2280#scholar_56451,0,0,FALSE
dblp_1559#scholar_42485,1,1,TRUE
dblp_929#scholar_30322,0,0,FALSE
dblp_1816#scholar_16056,0,0,FALSE
dblp_1068#scholar_38879,0,0,FALSE
dblp_1421#scholar_45582,0,0,FALSE
dblp_1669#scholar_57143,1,1,TRUE
dblp_562#scholar_9979,0,0,FALSE
dblp_305#scholar_48564,0,0,FALSE
dblp_1770#scholar_26389,0,0,FALSE
dblp_1159#scholar_57016,1,1,TRUE
dblp_1666#scholar_18835,0,0,FALSE
dblp_458#scholar_17976,0,0,FALSE
dblp_936#scholar_40729,0,0,FALSE
dblp_1842#scholar_60693,0,0,FALSE
dblp_1283#scholar_50420,0,0,FALSE
dblp_475#scholar_24530,1,1,TRUE
dblp_787#scholar_48578,0,0,FALSE
dblp_185#scholar_9728,0,0,FALSE
dblp_938#scholar_25031,0,0,FALSE
dblp_282#scholar_20396,1,1,TRUE
dblp_177#scholar_22411,0,0,FALSE
dblp_1456#scholar_10812,0,0,FALSE
dblp_1704#scholar_54837,0,0,FALSE
dblp_1841#scholar_12485,0,0,FALSE
dblp_2575#scholar_11675,0,0,FALSE
dblp_1856#scholar_32900,0,0,FALSE
dblp_2500#scholar_37915,0,1,TRUE
dblp_758#scholar_20987,0,0,FALSE
dblp_1578#scholar_58600,0,0,FALSE
dblp_126#scholar_55382,0,0,FALSE
dblp_2527#scholar_30655,1,1,TRUE
dblp_2513#scholar_931,0,0,FALSE
dblp_2111#scholar_22591,0,0,FALSE
dblp_78#scholar_39715,0,0,FALSE
dblp_1469#scholar_57451,0,0,FALSE
dblp_1770#scholar_4540,0,0,FALSE
dblp_295#scholar_25469,0,0,FALSE
dblp_2185#scholar_26355,0,0,FALSE
dblp_2320#scholar_30053,1,1,TRUE
dblp_2280#scholar_42797,0,0,FALSE
dblp_2568#scholar_1903,0,0,FALSE
dblp_1012#scholar_52988,0,0,FALSE
dblp_1606#scholar_21335,0,0,FALSE
dblp_1976#scholar_3858,0,0,FALSE
dblp_647#scholar_33268,0,1,TRUE
dblp_2468#scholar_3916,0,0,FALSE
dblp_1373#scholar_9164,1,1,TRUE
dblp_1979#scholar_4905,1,1,TRUE
dblp_1875#scholar_27560,0,0,FALSE
dblp_1828#scholar_29409,0,0,FALSE
dblp_1914#scholar_22839,0,0,FALSE
dblp_1618#scholar_30790,0,0,FALSE
dblp_1484#scholar_6229,0,0,FALSE
dblp_56#scholar_23109,0,0,FALSE
dblp_1202#scholar_37426,1,1,TRUE
dblp_813#scholar_42580,0,0,FALSE
dblp_2310#scholar_2988,0,0,FALSE
dblp_1368#scholar_22065,0,0,FALSE
dblp_1821#scholar_17377,0,0,FALSE
dblp_2538#scholar_15491,0,0,FALSE
dblp_624#scholar_9182,1,1,TRUE
dblp_1926#scholar_26109,0,0,FALSE
dblp_1842#scholar_58317,0,0,FALSE
dblp_2464#scholar_37102,1,1,TRUE
dblp_2005#scholar_18794,0,0,FALSE
dblp_1840#scholar_50005,0,0,FALSE
dblp_2336#scholar_18085,0,0,FALSE
dblp_2588#scholar_56451,0,0,FALSE
dblp_657#scholar_51481,0,0,FALSE
dblp_2126#scholar_11368,0,0,FALSE
dblp_1953#scholar_30360,0,0,FALSE
dblp_1045#scholar_16348,0,0,FALSE
dblp_1324#scholar_19024,1,1,TRUE
dblp_858#scholar_45495,0,0,FALSE
dblp_1875#scholar_15443,0,0,FALSE
dblp_2506#scholar_32338,0,0,FALSE
dblp_2396#scholar_37797,0,0,FALSE
dblp_2380#scholar_47694,0,0,FALSE
dblp_2528#scholar_41758,0,0,FALSE
dblp_2308#scholar_57579,0,0,FALSE
dblp_2080#scholar_20011,0,0,FALSE
dblp_2232#scholar_57991,0,0,FALSE
dblp_2351#scholar_59732,0,0,FALSE
dblp_2155#scholar_31430,1,1,TRUE
dblp_1313#scholar_52988,0,0,FALSE
dblp_1523#scholar_5033,1,1,TRUE
dblp_1387#scholar_25484,1,1,TRUE
dblp_99#scholar_5144,0,1,TRUE
dblp_2500#scholar_58464,0,0,FALSE
dblp_164#scholar_62770,1,1,TRUE
dblp_2562#scholar_59584,0,0,FALSE
dblp_703#scholar_24344,0,0,FALSE
dblp_1293#scholar_60672,1,1,TRUE
dblp_1792#scholar_32825,0,0,FALSE
dblp_2232#scholar_15425,0,0,FALSE
dblp_1681#scholar_22890,0,0,FALSE
dblp_2114#scholar_4843,0,0,FALSE
dblp_1302#scholar_6159,0,1,TRUE
dblp_1826#scholar_36814,0,0,FALSE
dblp_513#scholar_8027,0,0,FALSE
dblp_2329#scholar_16813,0,0,FALSE
dblp_1821#scholar_28988,0,0,FALSE
dblp_1084#scholar_45926,0,0,FALSE
dblp_1742#scholar_3090,0,0,FALSE
dblp_1953#scholar_25353,0,0,FALSE
dblp_2564#scholar_51422,0,0,FALSE
dblp_2005#scholar_12376,0,0,FALSE
dblp_1845#scholar_27270,0,0,FALSE
dblp_2317#scholar_47668,0,0,FALSE
dblp_1734#scholar_44561,0,0,FALSE
dblp_562#scholar_56760,0,0,FALSE
dblp_1037#scholar_22341,0,0,FALSE
dblp_1639#scholar_16650,0,0,FALSE
dblp_632#scholar_55580,0,0,FALSE
dblp_2364#scholar_30048,0,0,FALSE
dblp_350#scholar_61191,0,0,FALSE
dblp_326#scholar_45743,0,0,FALSE
dblp_543#scholar_8019,1,1,TRUE
dblp_1068#scholar_3386,0,0,FALSE
dblp_1049#scholar_19619,0,0,FALSE
dblp_2521#scholar_32193,0,0,FALSE
dblp_146#scholar_53772,0,0,FALSE
dblp_2453#scholar_52393,1,1,TRUE
dblp_176#scholar_29775,0,0,FALSE
dblp_997#scholar_2968,1,1,TRUE
dblp_45#scholar_58147,0,0,FALSE
dblp_709#scholar_8555,0,0,FALSE
dblp_1732#scholar_14737,0,0,FALSE
dblp_2502#scholar_26685,0,0,FALSE
dblp_448#scholar_28005,1,1,TRUE
dblp_2483#scholar_33729,0,0,FALSE
dblp_204#scholar_33681,0,0,FALSE
dblp_1975#scholar_31100,0,0,FALSE
dblp_631#scholar_30305,0,0,FALSE
dblp_696#scholar_29631,0,0,FALSE
dblp_444#scholar_3342,1,1,TRUE
dblp_2333#scholar_38593,0,0,FALSE
dblp_193#scholar_22885,0,0,FALSE
dblp_2007#scholar_54772,0,0,FALSE
dblp_207#scholar_6853,1,1,TRUE
dblp_1121#scholar_32695,0,1,TRUE
dblp_2125#scholar_40109,0,0,FALSE
dblp_1903#scholar_28909,1,1,TRUE
dblp_2310#scholar_28180,0,0,FALSE
dblp_1350#scholar_45579,0,0,FALSE
dblp_960#scholar_38545,0,0,FALSE
dblp_2568#scholar_3591,0,0,FALSE
dblp_1028#scholar_38191,0,0,FALSE
dblp_2579#scholar_52408,0,0,FALSE
dblp_95#scholar_50310,1,1,TRUE
dblp_842#scholar_13096,0,0,FALSE
dblp_844#scholar_15940,0,0,FALSE
dblp_1640#scholar_20258,0,0,FALSE
dblp_515#scholar_20967,0,0,FALSE
dblp_1362#scholar_40852,0,0,FALSE
dblp_1780#scholar_4275,1,1,TRUE
dblp_26#scholar_37139,0,0,FALSE
dblp_2385#scholar_35012,0,0,FALSE
dblp_713#scholar_26880,0,0,FALSE
dblp_2519#scholar_51709,1,1,TRUE
dblp_1986#scholar_22336,0,0,FALSE
dblp_41#scholar_43474,0,0,FALSE
dblp_277#scholar_1506,0,0,FALSE
dblp_472#scholar_28022,0,0,FALSE
dblp_1747#scholar_31695,1,1,TRUE
dblp_95#scholar_22635,0,0,FALSE
dblp_2502#scholar_42976,0,0,FALSE
dblp_2541#scholar_23781,0,0,FALSE
dblp_2312#scholar_16923,0,0,FALSE
dblp_202#scholar_6703,1,0,FALSE
dblp_2072#scholar_14974,0,1,TRUE
dblp_1244#scholar_61833,0,0,FALSE
dblp_525#scholar_22082,0,0,FALSE
dblp_1784#scholar_53455,1,1,TRUE
dblp_458#scholar_36845,1,1,TRUE
dblp_535#scholar_21924,0,0,FALSE
dblp_657#scholar_44406,0,0,FALSE
dblp_1213#scholar_24667,0,0,FALSE
dblp_1023#scholar_23049,0,0,FALSE
dblp_1749#scholar_41278,0,0,FALSE
dblp_1973#scholar_2856,1,1,TRUE
dblp_920#scholar_37967,1,1,TRUE
dblp_696#scholar_27784,0,0,FALSE
dblp_1734#scholar_43486,0,0,FALSE
dblp_773#scholar_7529,0,0,FALSE
dblp_210#scholar_33203,0,0,FALSE
dblp_1200#scholar_19278,0,0,FALSE
dblp_2029#scholar_5591,0,0,FALSE
dblp_947#scholar_22725,0,0,FALSE
dblp_2443#scholar_33542,0,0,FALSE
dblp_1815#scholar_53442,0,0,FALSE
dblp_2405#scholar_30360,0,0,FALSE
dblp_1009#scholar_61585,0,0,FALSE
dblp_1441#scholar_29741,0,0,FALSE
dblp_2294#scholar_40696,0,0,FALSE
dblp_368#scholar_25847,0,0,FALSE
dblp_1375#scholar_6601,0,0,FALSE
dblp_1981#scholar_41942,0,0,FALSE
dblp_19#scholar_53442,0,0,FALSE
dblp_121#scholar_17433,1,1,TRUE
dblp_1942#scholar_63573,1,1,TRUE
dblp_949#scholar_14517,1,1,TRUE
dblp_1444#scholar_4040,0,0,FALSE
dblp_765#scholar_3412,1,1,TRUE
dblp_95#scholar_1903,0,0,FALSE
dblp_177#scholar_36410,0,0,FALSE
dblp_329#scholar_2235,0,0,FALSE
dblp_2584#scholar_35587,1,1,TRUE
dblp_183#scholar_55968,0,0,FALSE
dblp_1953#scholar_46078,0,0,FALSE
dblp_2588#scholar_9936,0,0,FALSE
dblp_210#scholar_33696,1,1,TRUE
dblp_1807#scholar_29313,0,0,FALSE
dblp_1405#scholar_35082,0,0,FALSE
dblp_2295#scholar_31580,0,0,FALSE
dblp_1288#scholar_52988,0,0,FALSE
dblp_1126#scholar_18595,0,0,FALSE
dblp_28#scholar_40146,0,0,FALSE
dblp_1401#scholar_33391,0,0,FALSE
dblp_2473#scholar_27311,0,0,FALSE
dblp_2280#scholar_58131,0,0,FALSE
dblp_1292#scholar_7528,1,1,TRUE
dblp_1815#scholar_20258,0,0,FALSE
dblp_1198#scholar_53717,1,1,TRUE
dblp_399#scholar_27237,0,0,FALSE
dblp_515#scholar_18910,0,0,FALSE
dblp_1099#scholar_29657,0,0,FALSE
dblp_2602#scholar_61661,1,1,TRUE
dblp_167#scholar_35097,0,0,FALSE
dblp_1024#scholar_62668,0,0,FALSE
dblp_42#scholar_31216,0,0,FALSE
dblp_1767#scholar_45496,1,1,TRUE
dblp_608#scholar_13506,0,0,FALSE
dblp_576#scholar_45324,0,0,FALSE
dblp_708#scholar_54028,0,0,FALSE
dblp_797#scholar_30082,0,0,FALSE
dblp_1901#scholar_31468,0,0,FALSE
dblp_1602#scholar_12040,0,0,FALSE
dblp_1826#scholar_47521,0,0,FALSE
dblp_1316#scholar_976,0,1,TRUE
dblp_1840#scholar_19667,0,0,FALSE
dblp_1561#scholar_17865,0,0,FALSE
dblp_1291#scholar_42166,1,1,TRUE
dblp_708#scholar_32776,0,0,FALSE
dblp_1998#scholar_53129,0,0,FALSE
dblp_211#scholar_7572,0,0,FALSE
dblp_1288#scholar_24387,0,0,FALSE
dblp_408#scholar_30332,0,1,TRUE
dblp_1749#scholar_13482,0,0,FALSE
dblp_853#scholar_36064,0,1,TRUE
dblp_931#scholar_43366,1,1,TRUE
dblp_1213#scholar_25994,0,0,FALSE
dblp_1821#scholar_42210,0,0,FALSE
dblp_1239#scholar_51692,0,0,FALSE
dblp_1263#scholar_46289,0,0,FALSE
dblp_556#scholar_35137,1,1,TRUE
dblp_506#scholar_55296,0,0,FALSE
dblp_140#scholar_942,0,0,FALSE
dblp_2355#scholar_42537,1,1,TRUE
dblp_1043#scholar_11588,0,0,FALSE
dblp_1145#scholar_10179,0,0,FALSE
dblp_2522#scholar_12433,1,1,TRUE
dblp_1684#scholar_29577,0,0,FALSE
dblp_373#scholar_39339,0,1,TRUE
dblp_580#scholar_45743,0,0,FALSE
dblp_2194#scholar_770,0,0,FALSE
dblp_2419#scholar_29289,0,0,FALSE
dblp_2126#scholar_33027,0,0,FALSE
dblp_986#scholar_31404,0,0,FALSE
dblp_2572#scholar_38120,0,0,FALSE
dblp_19#scholar_11409,0,0,FALSE
dblp_394#scholar_6480,1,1,TRUE
dblp_487#scholar_22947,0,0,FALSE
dblp_2251#scholar_33728,0,0,FALSE
dblp_2374#scholar_59439,0,0,FALSE
dblp_830#scholar_475,0,0,FALSE
dblp_598#scholar_12540,0,0,FALSE
dblp_1999#scholar_3680,0,0,FALSE
dblp_2537#scholar_49843,1,1,TRUE
dblp_1147#scholar_44781,0,0,FALSE
dblp_169#scholar_29717,0,0,FALSE
dblp_667#scholar_45111,0,0,FALSE
dblp_687#scholar_42643,0,0,FALSE
dblp_1960#scholar_64108,0,0,FALSE
dblp_1830#scholar_15128,0,0,FALSE
dblp_797#scholar_18275,0,0,FALSE
dblp_2336#scholar_31706,1,1,TRUE
dblp_1776#scholar_50005,0,0,FALSE
dblp_1869#scholar_31560,0,1,TRUE
dblp_256#scholar_8551,0,1,TRUE
dblp_455#scholar_29697,0,0,FALSE
dblp_938#scholar_35961,0,1,TRUE
dblp_291#scholar_4332,1,1,TRUE
dblp_1131#scholar_62999,0,0,FALSE
dblp_2468#scholar_8742,0,0,FALSE
dblp_1108#scholar_34498,0,0,FALSE
dblp_2125#scholar_23788,0,0,FALSE
dblp_2012#scholar_45419,1,1,TRUE
dblp_545#scholar_45743,0,0,FALSE
dblp_156#scholar_33731,0,0,FALSE
dblp_338#scholar_31826,0,0,FALSE
dblp_156#scholar_27863,0,0,FALSE
dblp_349#scholar_30305,0,0,FALSE
dblp_1971#scholar_59791,0,0,FALSE
dblp_1016#scholar_17886,0,0,FALSE
dblp_2570#scholar_38677,0,0,FALSE
dblp_1065#scholar_35533,0,0,FALSE
dblp_1314#scholar_63581,1,1,TRUE
dblp_659#scholar_21779,0,0,FALSE
dblp_2338#scholar_19278,0,0,FALSE
dblp_2289#scholar_1302,0,0,FALSE
dblp_569#scholar_21780,0,0,FALSE
dblp_1292#scholar_40653,0,0,FALSE
dblp_1407#scholar_13782,0,0,FALSE
dblp_1217#scholar_58482,1,1,TRUE
dblp_611#scholar_135,0,0,FALSE
dblp_92#scholar_38562,0,1,TRUE
dblp_1421#scholar_55398,0,0,FALSE
dblp_1539#scholar_16388,0,0,FALSE
dblp_708#scholar_37976,0,0,FALSE
dblp_1815#scholar_59896,0,0,FALSE
dblp_1679#scholar_26007,1,1,TRUE
dblp_2354#scholar_34736,0,0,FALSE
dblp_1171#scholar_48629,1,1,TRUE
dblp_1705#scholar_37544,1,1,TRUE
dblp_2564#scholar_3284,0,0,FALSE
dblp_628#scholar_42156,0,0,FALSE
dblp_1127#scholar_9742,0,0,FALSE
dblp_645#scholar_37797,0,0,FALSE
dblp_384#scholar_31289,0,0,FALSE
dblp_739#scholar_24483,1,1,TRUE
dblp_1811#scholar_13534,0,0,FALSE
dblp_525#scholar_54903,0,0,FALSE
dblp_211#scholar_52100,0,0,FALSE
dblp_2431#scholar_8852,0,0,FALSE
dblp_1298#scholar_3136,1,1,TRUE
dblp_911#scholar_59463,0,0,FALSE
dblp_604#scholar_19864,0,0,FALSE
dblp_1618#scholar_39437,1,1,TRUE
dblp_563#scholar_36172,0,0,FALSE
dblp_2203#scholar_41813,0,0,FALSE
dblp_652#scholar_12140,0,0,FALSE
dblp_767#scholar_12540,0,0,FALSE
dblp_562#scholar_18727,0,0,FALSE
dblp_2449#scholar_30020,1,1,TRUE
dblp_545#scholar_339,0,1,TRUE
dblp_2614#scholar_11727,1,1,TRUE
dblp_1554#scholar_39113,0,0,FALSE
dblp_657#scholar_41223,0,0,FALSE
dblp_618#scholar_63567,0,0,FALSE
dblp_2380#scholar_29988,0,0,FALSE
dblp_1944#scholar_41857,0,0,FALSE
dblp_1811#scholar_58415,0,0,FALSE
dblp_1944#scholar_59246,0,0,FALSE
dblp_520#scholar_44226,0,0,FALSE
dblp_580#scholar_39715,0,0,FALSE
dblp_1016#scholar_15249,0,0,FALSE
dblp_486#scholar_7006,0,0,FALSE
dblp_1296#scholar_8069,0,0,FALSE
dblp_1348#scholar_23677,0,0,FALSE
dblp_936#scholar_55483,1,1,TRUE
dblp_1429#scholar_22917,0,0,FALSE
dblp_2468#scholar_60693,0,0,FALSE
dblp_2568#scholar_18752,0,0,FALSE
dblp_1807#scholar_47255,0,0,FALSE
dblp_2556#scholar_18003,0,0,FALSE
dblp_2497#scholar_29134,0,0,FALSE
dblp_1738#scholar_7894,1,0,FALSE
dblp_2361#scholar_41813,0,0,FALSE
dblp_1160#scholar_38668,0,0,FALSE
dblp_1469#scholar_59069,1,1,TRUE
dblp_778#scholar_61887,0,0,FALSE
dblp_708#scholar_6628,0,0,FALSE
dblp_654#scholar_43998,0,0,FALSE
dblp_2576#scholar_26129,0,0,FALSE
dblp_572#scholar_27652,1,1,TRUE
dblp_1840#scholar_57065,0,0,FALSE
dblp_1945#scholar_43419,0,0,FALSE
dblp_1496#scholar_57154,1,1,TRUE
dblp_588#scholar_6128,1,1,TRUE
dblp_1596#scholar_57725,1,1,TRUE
dblp_1039#scholar_829,0,0,FALSE
dblp_2255#scholar_15825,0,0,FALSE
dblp_2431#scholar_42659,0,0,FALSE
dblp_45#scholar_41942,0,0,FALSE
dblp_746#scholar_56011,0,0,FALSE
dblp_1261#scholar_25504,1,1,TRUE
dblp_968#scholar_64165,0,1,TRUE
dblp_632#scholar_23818,0,0,FALSE
dblp_1120#scholar_5095,1,1,TRUE
dblp_2342#scholar_21895,0,0,FALSE
dblp_2258#scholar_1383,0,0,FALSE
dblp_1407#scholar_18285,0,0,FALSE
dblp_628#scholar_6348,0,0,FALSE
dblp_480#scholar_47943,1,1,TRUE
dblp_2542#scholar_61465,1,1,TRUE
dblp_329#scholar_42156,0,0,FALSE
dblp_2100#scholar_43200,0,0,FALSE
dblp_1787#scholar_19303,0,0,FALSE
dblp_526#scholar_30724,0,0,FALSE
dblp_1176#scholar_17922,1,1,TRUE
dblp_1443#scholar_43351,0,0,FALSE
dblp_1835#scholar_40747,1,1,TRUE
dblp_1012#scholar_50395,0,0,FALSE
dblp_1714#scholar_45906,0,0,FALSE
dblp_519#scholar_25396,0,0,FALSE
dblp_600#scholar_6775,0,0,FALSE
dblp_1347#scholar_44336,1,1,TRUE
dblp_1689#scholar_11046,1,1,TRUE
dblp_2372#scholar_28051,0,0,FALSE
dblp_563#scholar_49918,0,0,FALSE
dblp_1815#scholar_3210,0,0,FALSE
dblp_642#scholar_51042,0,0,FALSE
dblp_1942#scholar_46922,0,0,FALSE
dblp_536#scholar_7374,0,0,FALSE
dblp_1456#scholar_43569,0,0,FALSE
dblp_2185#scholar_54243,0,0,FALSE
dblp_1200#scholar_40737,0,0,FALSE
dblp_2340#scholar_31631,0,0,FALSE
dblp_1519#scholar_62412,0,0,FALSE
dblp_2208#scholar_18206,0,0,FALSE
dblp_526#scholar_41392,0,0,FALSE
dblp_967#scholar_53778,0,0,FALSE
dblp_1010#scholar_10586,0,0,FALSE
dblp_1526#scholar_45890,0,0,FALSE
dblp_1962#scholar_37238,0,0,FALSE
dblp_2563#scholar_4967,0,0,FALSE
dblp_2492#scholar_33542,0,0,FALSE
dblp_1264#scholar_43836,0,0,FALSE
dblp_2418#scholar_58948,0,0,FALSE
dblp_2005#scholar_28180,0,0,FALSE
dblp_904#scholar_29204,0,0,FALSE
dblp_562#scholar_7529,0,0,FALSE
dblp_1821#scholar_48726,0,0,FALSE
dblp_1476#scholar_9534,1,1,TRUE
dblp_18#scholar_41738,0,0,FALSE
dblp_467#scholar_57439,1,1,TRUE
dblp_95#scholar_13790,0,0,FALSE
dblp_148#scholar_14191,0,0,FALSE
dblp_2564#scholar_53286,0,0,FALSE
dblp_183#scholar_11154,0,0,FALSE
dblp_28#scholar_60479,0,0,FALSE
dblp_1518#scholar_52942,0,0,FALSE
dblp_1954#scholar_13240,0,0,FALSE
dblp_1213#scholar_59896,0,0,FALSE
dblp_1365#scholar_32302,0,0,FALSE
dblp_1731#scholar_46217,1,1,TRUE
dblp_922#scholar_58041,0,0,FALSE
dblp_468#scholar_47255,0,0,FALSE
dblp_2581#scholar_22454,0,0,FALSE
dblp_1456#scholar_2518,0,0,FALSE
dblp_1148#scholar_4751,0,0,FALSE
dblp_1883#scholar_42287,0,0,FALSE
dblp_1172#scholar_62901,0,0,FALSE
dblp_659#scholar_61919,0,0,FALSE
dblp_1741#scholar_58249,1,1,TRUE
dblp_2562#scholar_62857,0,0,FALSE
dblp_2168#scholar_54205,0,0,FALSE
dblp_612#scholar_55098,0,0,FALSE
dblp_2338#scholar_7564,0,0,FALSE
dblp_2257#scholar_43278,0,0,FALSE
dblp_563#scholar_2706,0,0,FALSE
dblp_393#scholar_38677,0,0,FALSE
dblp_2521#scholar_7669,0,0,FALSE
dblp_971#scholar_17079,1,1,TRUE
dblp_1633#scholar_1596,0,0,FALSE
dblp_2505#scholar_17905,0,0,FALSE
dblp_703#scholar_13096,0,0,FALSE
dblp_506#scholar_6596,0,0,FALSE
dblp_1368#scholar_7806,0,0,FALSE
dblp_961#scholar_29717,0,0,FALSE
dblp_1755#scholar_5879,1,1,TRUE
dblp_661#scholar_29717,0,0,FALSE
dblp_2568#scholar_33576,0,1,TRUE
dblp_580#scholar_27009,0,0,FALSE
dblp_1788#scholar_32188,0,0,FALSE
dblp_2427#scholar_24733,0,0,FALSE
dblp_2220#scholar_35877,0,0,FALSE
dblp_1543#scholar_19718,1,1,TRUE
dblp_503#scholar_36059,0,0,FALSE
dblp_1539#scholar_23711,0,0,FALSE
dblp_2161#scholar_6688,0,0,FALSE
dblp_2445#scholar_61126,0,0,FALSE
dblp_2310#scholar_46920,0,0,FALSE
dblp_1185#scholar_10046,0,0,FALSE
dblp_1161#scholar_4215,0,0,FALSE
dblp_2342#scholar_26417,0,0,FALSE
dblp_813#scholar_53493,1,1,TRUE
dblp_754#scholar_3484,0,0,FALSE
dblp_1792#scholar_18727,0,0,FALSE
dblp_2109#scholar_10195,0,0,FALSE
dblp_2264#scholar_61650,0,0,FALSE
dblp_1123#scholar_23664,0,0,FALSE
dblp_1872#scholar_51905,0,0,FALSE
dblp_396#scholar_47199,0,0,FALSE
dblp_104#scholar_45850,1,1,TRUE
dblp_2208#scholar_34940,0,0,FALSE
dblp_1953#scholar_26863,0,0,FALSE
dblp_2280#scholar_34163,0,0,FALSE
dblp_515#scholar_61103,0,0,FALSE
dblp_241#scholar_3284,0,0,FALSE
dblp_1790#scholar_49828,1,1,TRUE
dblp_1432#scholar_1877,0,0,FALSE
dblp_1616#scholar_24884,0,0,FALSE
dblp_2579#scholar_15862,1,1,TRUE
dblp_2392#scholar_29708,0,0,FALSE
dblp_45#scholar_12349,0,0,FALSE
dblp_2496#scholar_49288,1,1,TRUE
dblp_2332#scholar_1334,0,0,FALSE
dblp_2338#scholar_55775,0,0,FALSE
dblp_398#scholar_59265,0,0,FALSE
dblp_143#scholar_28064,1,1,TRUE
dblp_1431#scholar_45113,0,0,FALSE
dblp_45#scholar_50416,0,0,FALSE
dblp_1392#scholar_23461,0,0,FALSE
dblp_95#scholar_8771,0,0,FALSE
dblp_2521#scholar_39514,0,0,FALSE
dblp_2208#scholar_28688,0,0,FALSE
dblp_513#scholar_5245,0,0,FALSE
dblp_1794#scholar_41942,0,0,FALSE
dblp_1239#scholar_63951,0,0,FALSE
dblp_1922#scholar_5278,0,0,FALSE
dblp_1151#scholar_39733,0,0,FALSE
dblp_604#scholar_11426,0,0,FALSE
dblp_773#scholar_15386,0,0,FALSE
dblp_682#scholar_58249,0,0,FALSE
dblp_2437#scholar_17115,0,0,FALSE
dblp_784#scholar_50396,0,0,FALSE
dblp_211#scholar_34112,0,0,FALSE
dblp_1006#scholar_46834,0,0,FALSE
dblp_1593#scholar_42453,0,0,FALSE
dblp_2208#scholar_16366,1,0,FALSE
dblp_1829#scholar_20243,0,0,FALSE
dblp_2179#scholar_46688,1,1,TRUE
dblp_1337#scholar_52706,0,0,FALSE
dblp_1520#scholar_61241,0,0,FALSE
dblp_1792#scholar_63483,0,0,FALSE
dblp_807#scholar_45879,0,0,FALSE
dblp_1518#scholar_9988,0,0,FALSE
dblp_1807#scholar_12344,0,0,FALSE
dblp_290#scholar_42776,0,1,TRUE
dblp_2166#scholar_55962,0,0,FALSE
dblp_203#scholar_46004,0,0,FALSE
dblp_1322#scholar_36720,0,0,FALSE
dblp_1302#scholar_7987,0,1,TRUE
dblp_570#scholar_37080,0,0,FALSE
dblp_840#scholar_15006,0,0,FALSE
dblp_2086#scholar_16106,0,0,FALSE
dblp_2513#scholar_63178,0,0,FALSE
dblp_1785#scholar_6795,0,0,FALSE
dblp_2513#scholar_6390,0,0,FALSE
dblp_1005#scholar_978,0,0,FALSE
dblp_1829#scholar_53356,0,0,FALSE
dblp_234#scholar_49923,0,0,FALSE
dblp_2027#scholar_21785,0,0,FALSE
dblp_900#scholar_1626,0,0,FALSE
dblp_1282#scholar_34040,1,1,TRUE
dblp_2513#scholar_28431,0,0,FALSE
dblp_841#scholar_27075,0,0,FALSE
dblp_1431#scholar_25494,0,0,FALSE
dblp_45#scholar_39474,0,0,FALSE
dblp_1439#scholar_631,0,0,FALSE
dblp_1326#scholar_33305,0,0,FALSE
dblp_842#scholar_37039,0,0,FALSE
dblp_2385#scholar_16030,0,0,FALSE
dblp_2001#scholar_40054,0,0,FALSE
dblp_1619#scholar_44385,0,0,FALSE
dblp_277#scholar_32041,1,1,TRUE
dblp_1593#scholar_37171,1,1,TRUE
dblp_1214#scholar_49039,0,0,FALSE
dblp_2249#scholar_33055,0,0,FALSE
dblp_1000#scholar_6348,0,0,FALSE
dblp_811#scholar_16662,0,0,FALSE
dblp_228#scholar_37254,0,1,TRUE
dblp_118#scholar_50151,0,0,FALSE
dblp_1773#scholar_53280,0,0,FALSE
dblp_1953#scholar_24183,1,1,TRUE
dblp_194#scholar_12540,0,0,FALSE
dblp_1185#scholar_37720,0,0,FALSE
dblp_1299#scholar_52946,0,0,FALSE
dblp_57#scholar_48058,1,1,TRUE
dblp_2564#scholar_1845,0,0,FALSE
dblp_1386#scholar_29479,1,1,TRUE
dblp_1834#scholar_34498,1,1,TRUE
dblp_1046#scholar_64253,0,1,TRUE
dblp_783#scholar_33952,0,0,FALSE
dblp_1953#scholar_20274,1,1,TRUE
dblp_1424#scholar_52875,0,0,FALSE
dblp_1562#scholar_55149,1,1,TRUE
dblp_708#scholar_3990,0,0,FALSE
dblp_280#scholar_63411,0,0,FALSE
dblp_2211#scholar_41409,0,0,FALSE
dblp_845#scholar_10155,1,1,TRUE
dblp_2302#scholar_55100,0,1,TRUE
dblp_130#scholar_56580,1,1,TRUE
dblp_2437#scholar_55719,0,0,FALSE
dblp_2005#scholar_28688,0,0,FALSE
dblp_322#scholar_41586,0,0,FALSE
dblp_1953#scholar_13240,0,0,FALSE
dblp_844#scholar_62192,0,0,FALSE
dblp_2083#scholar_47913,0,0,FALSE
dblp_1313#scholar_51231,1,1,TRUE
dblp_2587#scholar_50293,0,0,FALSE
dblp_1762#scholar_25954,0,0,FALSE
dblp_1531#scholar_32794,0,0,FALSE
dblp_40#scholar_43607,1,1,TRUE
dblp_562#scholar_40726,0,0,FALSE
dblp_1292#scholar_10241,0,0,FALSE
dblp_2303#scholar_35151,0,0,FALSE
dblp_2451#scholar_38990,0,0,FALSE
dblp_1985#scholar_33646,0,1,TRUE
dblp_996#scholar_5087,0,0,FALSE
dblp_21#scholar_38815,0,0,FALSE
dblp_494#scholar_62393,0,1,TRUE
dblp_1986#scholar_45579,0,0,FALSE
dblp_2541#scholar_29557,0,0,FALSE
dblp_568#scholar_43210,0,1,TRUE
dblp_1999#scholar_27368,0,0,FALSE
dblp_477#scholar_50887,0,0,FALSE
dblp_1635#scholar_12097,0,0,FALSE
dblp_1348#scholar_17474,1,1,TRUE
dblp_2220#scholar_16881,0,0,FALSE
dblp_2265#scholar_44445,0,0,FALSE
dblp_1363#scholar_46234,0,0,FALSE
dblp_140#scholar_58925,0,0,FALSE
dblp_348#scholar_1375,0,0,FALSE
dblp_2147#scholar_46922,0,0,FALSE
dblp_1401#scholar_41362,0,0,FALSE
dblp_1340#scholar_8593,0,0,FALSE
dblp_1060#scholar_10635,0,0,FALSE
dblp_1600#scholar_24074,0,0,FALSE
dblp_1829#scholar_15339,0,0,FALSE
dblp_789#scholar_17578,1,1,TRUE
dblp_1968#scholar_41358,1,1,TRUE
dblp_2354#scholar_19371,0,0,FALSE
dblp_197#scholar_28740,0,0,FALSE
dblp_837#scholar_55244,0,0,FALSE
dblp_1610#scholar_3716,0,0,FALSE
dblp_1749#scholar_39926,0,0,FALSE
dblp_570#scholar_57982,0,0,FALSE
dblp_2005#scholar_6343,0,0,FALSE
dblp_2188#scholar_51162,0,0,FALSE
dblp_1829#scholar_8072,0,0,FALSE
dblp_1739#scholar_16155,0,0,FALSE
dblp_203#scholar_12466,1,1,TRUE
dblp_1728#scholar_2552,0,0,FALSE
dblp_329#scholar_6348,0,0,FALSE
dblp_1974#scholar_30440,1,1,TRUE
dblp_1692#scholar_57702,0,0,FALSE
dblp_1829#scholar_57982,0,0,FALSE
dblp_1736#scholar_28022,0,0,FALSE
dblp_797#scholar_9722,0,0,FALSE
dblp_2117#scholar_63233,1,1,TRUE
dblp_703#scholar_5159,0,0,FALSE
dblp_1826#scholar_19973,0,0,FALSE
dblp_1431#scholar_29762,0,0,FALSE
dblp_1826#scholar_53772,0,0,FALSE
dblp_534#scholar_50551,0,0,FALSE
dblp_2284#scholar_14556,0,0,FALSE
dblp_485#scholar_40597,1,1,TRUE
dblp_1684#scholar_48695,0,0,FALSE
dblp_98#scholar_44365,0,0,FALSE
dblp_581#scholar_53129,1,1,TRUE
dblp_1912#scholar_40663,0,0,FALSE
dblp_1914#scholar_38677,0,0,FALSE
dblp_1829#scholar_60244,0,0,FALSE
dblp_1125#scholar_817,0,1,TRUE
dblp_1986#scholar_27470,0,0,FALSE
dblp_1616#scholar_57689,0,0,FALSE
dblp_645#scholar_13262,0,0,FALSE
dblp_1158#scholar_46922,0,0,FALSE
dblp_467#scholar_37653,0,0,FALSE
dblp_1821#scholar_1043,0,0,FALSE
dblp_184#scholar_31343,0,0,FALSE
dblp_75#scholar_47112,0,0,FALSE
dblp_464#scholar_38585,0,0,FALSE
dblp_1200#scholar_1845,0,0,FALSE
dblp_1464#scholar_43941,1,1,TRUE
dblp_1240#scholar_3595,0,0,FALSE
dblp_2161#scholar_36689,0,0,FALSE
dblp_930#scholar_41457,0,0,FALSE
dblp_667#scholar_12485,0,0,FALSE
dblp_1742#scholar_24254,0,0,FALSE
dblp_716#scholar_2065,0,0,FALSE
dblp_1212#scholar_38944,0,0,FALSE
dblp_19#scholar_19231,1,1,TRUE
dblp_42#scholar_57406,0,0,FALSE
dblp_515#scholar_23243,0,0,FALSE
dblp_598#scholar_43210,0,0,FALSE
dblp_40#scholar_10535,0,0,FALSE
dblp_755#scholar_13770,0,0,FALSE
dblp_2432#scholar_10343,0,0,FALSE
dblp_423#scholar_49104,1,1,TRUE
dblp_1829#scholar_45703,0,0,FALSE
dblp_1735#scholar_42678,0,0,FALSE
dblp_2093#scholar_15201,0,0,FALSE
dblp_95#scholar_48702,0,0,FALSE
dblp_1561#scholar_31146,0,0,FALSE
dblp_1841#scholar_8276,0,0,FALSE
dblp_886#scholar_12540,0,0,FALSE
dblp_570#scholar_43474,1,1,TRUE
dblp_1816#scholar_38567,0,0,FALSE
dblp_1815#scholar_61742,0,0,FALSE
dblp_2538#scholar_29067,0,0,FALSE
dblp_2554#scholar_41920,0,0,FALSE
dblp_519#scholar_48165,0,0,FALSE
dblp_132#scholar_3034,0,0,FALSE
dblp_1593#scholar_4338,1,1,TRUE
dblp_1986#scholar_6889,0,0,FALSE
dblp_1145#scholar_15683,0,0,FALSE
dblp_1815#scholar_13394,1,1,TRUE
dblp_1678#scholar_32262,1,1,TRUE
dblp_1428#scholar_23498,0,0,FALSE
dblp_827#scholar_14915,0,0,FALSE
dblp_77#scholar_59833,1,1,TRUE
dblp_1770#scholar_38682,0,0,FALSE
dblp_2168#scholar_14781,0,0,FALSE
dblp_95#scholar_15825,0,0,FALSE
dblp_644#scholar_31381,0,0,FALSE
dblp_1313#scholar_6179,0,0,FALSE
dblp_1462#scholar_57842,1,1,TRUE
dblp_2375#scholar_25974,0,0,FALSE
dblp_2368#scholar_30105,0,0,FALSE
dblp_1079#scholar_55751,1,1,TRUE
dblp_428#scholar_5159,0,0,FALSE
dblp_1105#scholar_20243,0,0,FALSE
dblp_2186#scholar_11257,1,1,TRUE
dblp_2362#scholar_14211,0,0,FALSE
dblp_628#scholar_32584,0,0,FALSE
dblp_708#scholar_21487,0,0,FALSE
dblp_2490#scholar_24708,1,1,TRUE
dblp_2466#scholar_35760,0,0,FALSE
dblp_425#scholar_44766,0,0,FALSE
dblp_2491#scholar_11794,0,0,FALSE
dblp_857#scholar_58154,0,0,FALSE
dblp_1768#scholar_34418,1,1,TRUE
dblp_1133#scholar_27311,1,1,TRUE
dblp_1792#scholar_53977,1,1,TRUE
dblp_615#scholar_59193,0,0,FALSE
dblp_1534#scholar_34614,0,0,FALSE
dblp_2338#scholar_42022,0,0,FALSE
dblp_1131#scholar_52362,1,1,TRUE
dblp_758#scholar_26919,0,0,FALSE
dblp_288#scholar_23948,0,0,FALSE
dblp_2203#scholar_1043,0,0,FALSE
dblp_773#scholar_55580,0,0,FALSE
dblp_1786#scholar_49843,0,0,FALSE
dblp_1401#scholar_37777,0,0,FALSE
dblp_883#scholar_10644,0,0,FALSE
dblp_711#scholar_46761,0,0,FALSE
dblp_345#scholar_54693,1,0,FALSE
dblp_1560#scholar_23369,0,0,FALSE
dblp_45#scholar_29378,0,0,FALSE
dblp_126#scholar_24066,0,0,FALSE
dblp_1683#scholar_3034,0,0,FALSE
dblp_899#scholar_53378,0,0,FALSE
dblp_1728#scholar_37777,0,0,FALSE
dblp_1424#scholar_23224,1,1,TRUE
dblp_1776#scholar_828,0,0,FALSE
dblp_1418#scholar_14294,0,0,FALSE
dblp_1539#scholar_41701,1,1,TRUE
dblp_2169#scholar_28743,0,0,FALSE
dblp_1363#scholar_39413,0,0,FALSE
dblp_1565#scholar_58156,1,1,TRUE
dblp_1749#scholar_4663,0,0,FALSE
dblp_227#scholar_11892,0,0,FALSE
dblp_2288#scholar_43501,1,1,TRUE
dblp_1935#scholar_62491,0,0,FALSE
dblp_2300#scholar_61117,0,0,FALSE
dblp_464#scholar_29631,0,0,FALSE
dblp_770#scholar_10959,1,1,TRUE
dblp_2076#scholar_55794,0,0,FALSE
dblp_2188#scholar_16223,0,0,FALSE
dblp_1990#scholar_48524,1,1,TRUE
dblp_1203#scholar_61772,0,0,FALSE
dblp_2500#scholar_18281,0,0,FALSE
dblp_615#scholar_32571,0,0,FALSE
dblp_1603#scholar_60996,0,0,FALSE
dblp_1841#scholar_9742,0,0,FALSE
dblp_615#scholar_2629,1,1,TRUE
dblp_1872#scholar_23342,0,0,FALSE
dblp_658#scholar_59379,0,0,FALSE
dblp_2290#scholar_47386,1,1,TRUE
dblp_1408#scholar_37720,0,0,FALSE
dblp_1464#scholar_19269,1,1,TRUE
dblp_1188#scholar_27021,0,0,FALSE
dblp_1558#scholar_33123,1,1,TRUE
dblp_2338#scholar_36653,0,0,FALSE
dblp_1694#scholar_41168,0,0,FALSE
dblp_1473#scholar_1823,0,0,FALSE
dblp_1953#scholar_16835,0,0,FALSE
dblp_1944#scholar_63049,0,0,FALSE
dblp_2048#scholar_12798,0,0,FALSE
dblp_625#scholar_23844,0,0,FALSE
dblp_1840#scholar_56771,0,0,FALSE
dblp_1815#scholar_1459,0,0,FALSE
dblp_467#scholar_15599,0,0,FALSE
dblp_2383#scholar_35679,0,0,FALSE
dblp_457#scholar_36738,0,0,FALSE
dblp_163#scholar_29670,0,0,FALSE
dblp_2443#scholar_6003,0,0,FALSE
dblp_1944#scholar_48864,0,0,FALSE
dblp_2564#scholar_16634,0,0,FALSE
dblp_2086#scholar_35135,0,0,FALSE
dblp_566#scholar_27927,1,1,TRUE
dblp_763#scholar_44754,0,0,FALSE
dblp_467#scholar_26556,0,0,FALSE
dblp_2256#scholar_27759,0,0,FALSE
dblp_734#scholar_29250,1,1,TRUE
dblp_2563#scholar_571,0,0,FALSE
dblp_659#scholar_61833,0,0,FALSE
dblp_1953#scholar_43739,0,0,FALSE
dblp_2312#scholar_29125,1,1,TRUE
dblp_146#scholar_34614,0,0,FALSE
dblp_1760#scholar_50156,0,0,FALSE
dblp_1288#scholar_23531,0,0,FALSE
dblp_841#scholar_49711,0,0,FALSE
dblp_598#scholar_6348,0,0,FALSE
dblp_1841#scholar_6677,0,0,FALSE
dblp_2498#scholar_52647,0,0,FALSE
dblp_998#scholar_58223,0,0,FALSE
dblp_1060#scholar_37291,1,1,TRUE
dblp_831#scholar_33337,1,0,FALSE
dblp_2257#scholar_31130,1,1,TRUE
dblp_1921#scholar_43468,0,0,FALSE
dblp_19#scholar_49039,0,0,FALSE
dblp_1725#scholar_608,1,1,TRUE
dblp_785#scholar_51046,1,1,TRUE
dblp_2180#scholar_26853,0,0,FALSE
dblp_852#scholar_33318,0,0,FALSE
dblp_1840#scholar_59186,0,0,FALSE
dblp_1543#scholar_11823,0,0,FALSE
dblp_2450#scholar_56645,1,0,FALSE
dblp_1213#scholar_3053,0,0,FALSE
dblp_1401#scholar_60992,0,0,FALSE
dblp_2304#scholar_29245,0,0,FALSE
dblp_928#scholar_55527,1,1,TRUE
dblp_2506#scholar_51065,0,0,FALSE
dblp_100#scholar_5608,0,0,FALSE
dblp_183#scholar_24124,0,0,FALSE
dblp_1788#scholar_18629,0,0,FALSE
dblp_1016#scholar_15073,0,0,FALSE
dblp_2115#scholar_26796,1,1,TRUE
dblp_417#scholar_11746,1,1,TRUE
dblp_1560#scholar_4334,0,0,FALSE
dblp_1247#scholar_1114,0,0,FALSE
dblp_670#scholar_35490,0,0,FALSE
dblp_842#scholar_34720,0,0,FALSE
dblp_1783#scholar_40540,1,1,TRUE
dblp_526#scholar_46479,0,0,FALSE
dblp_1912#scholar_61759,0,0,FALSE
dblp_632#scholar_50062,0,0,FALSE
dblp_1829#scholar_12109,0,0,FALSE
dblp_1816#scholar_62619,0,0,FALSE
dblp_762#scholar_32503,1,1,TRUE
dblp_329#scholar_50551,0,0,FALSE
dblp_1122#scholar_17247,0,0,FALSE
dblp_1969#scholar_45113,0,0,FALSE
dblp_930#scholar_47099,0,0,FALSE
dblp_201#scholar_48505,0,0,FALSE
dblp_282#scholar_58223,0,0,FALSE
dblp_2510#scholar_34197,0,0,FALSE
dblp_1811#scholar_42885,1,1,TRUE
dblp_840#scholar_42347,0,0,FALSE
dblp_1518#scholar_704,0,0,FALSE
dblp_2330#scholar_1113,0,0,FALSE
dblp_1133#scholar_56536,0,0,FALSE
dblp_1023#scholar_47385,0,0,FALSE
dblp_1624#scholar_32852,0,0,FALSE
dblp_451#scholar_45902,0,0,FALSE
dblp_1840#scholar_43016,0,0,FALSE
dblp_1066#scholar_30605,0,0,FALSE
dblp_810#scholar_33610,1,1,TRUE
dblp_1167#scholar_25781,1,1,TRUE
dblp_1723#scholar_31637,1,1,TRUE
dblp_1815#scholar_1047,0,0,FALSE
dblp_527#scholar_42998,0,0,FALSE
dblp_713#scholar_5186,0,0,FALSE
dblp_1477#scholar_28958,1,1,TRUE
dblp_2249#scholar_10812,0,0,FALSE
dblp_842#scholar_53772,0,0,FALSE
dblp_1814#scholar_51723,1,1,TRUE
dblp_1749#scholar_41589,0,0,FALSE
dblp_1818#scholar_40801,0,0,FALSE
dblp_535#scholar_18704,0,0,FALSE
dblp_1651#scholar_5889,1,1,TRUE
dblp_323#scholar_31052,0,0,FALSE
dblp_2562#scholar_24944,0,0,FALSE
dblp_562#scholar_53275,0,0,FALSE
dblp_2513#scholar_3126,0,0,FALSE
dblp_2188#scholar_50877,0,0,FALSE
dblp_1105#scholar_16974,0,0,FALSE
dblp_227#scholar_53071,0,0,FALSE
dblp_2133#scholar_47551,0,0,FALSE
dblp_1948#scholar_13533,0,0,FALSE
dblp_794#scholar_26568,0,0,FALSE
dblp_19#scholar_24667,0,0,FALSE
dblp_2031#scholar_41575,1,1,TRUE
dblp_107#scholar_24084,0,0,FALSE
dblp_251#scholar_53359,1,1,TRUE
dblp_193#scholar_1986,0,0,FALSE
dblp_729#scholar_21029,1,1,TRUE
dblp_2222#scholar_35803,0,0,FALSE
dblp_1762#scholar_23454,0,0,FALSE
dblp_1057#scholar_47627,0,0,FALSE
dblp_2312#scholar_50550,0,0,FALSE
dblp_2466#scholar_50006,0,0,FALSE
dblp_2125#scholar_39994,0,0,FALSE
dblp_713#scholar_50005,0,0,FALSE
dblp_574#scholar_42391,0,0,FALSE
dblp_293#scholar_30651,0,0,FALSE
dblp_758#scholar_36236,0,0,FALSE
dblp_853#scholar_26084,1,1,TRUE
dblp_2125#scholar_4334,0,0,FALSE
dblp_2078#scholar_17611,0,0,FALSE
dblp_954#scholar_34720,0,0,FALSE
dblp_2046#scholar_5536,0,0,FALSE
dblp_1560#scholar_41704,0,0,FALSE
dblp_973#scholar_13533,0,0,FALSE
dblp_953#scholar_32701,0,0,FALSE
dblp_604#scholar_60777,0,0,FALSE
dblp_188#scholar_19065,0,0,FALSE
dblp_2577#scholar_51241,0,0,FALSE
dblp_1853#scholar_17524,1,1,TRUE
dblp_1530#scholar_27496,1,1,TRUE
dblp_1288#scholar_7844,0,0,FALSE
dblp_505#scholar_62246,1,1,TRUE
dblp_2033#scholar_25924,1,1,TRUE
dblp_1734#scholar_25386,1,1,TRUE
dblp_1244#scholar_46131,0,0,FALSE
dblp_1005#scholar_61601,0,0,FALSE
dblp_2188#scholar_51624,0,0,FALSE
dblp_1829#scholar_40231,0,0,FALSE
dblp_2489#scholar_53022,1,1,TRUE
dblp_2317#scholar_44825,1,1,TRUE
dblp_2467#scholar_52029,1,1,TRUE
dblp_1913#scholar_32323,0,0,FALSE
dblp_1301#scholar_31188,0,0,FALSE
dblp_1441#scholar_39063,1,1,TRUE
dblp_2075#scholar_61263,1,1,TRUE
dblp_1916#scholar_40018,0,0,FALSE
dblp_699#scholar_51028,1,1,TRUE
dblp_799#scholar_30556,0,1,TRUE
dblp_1361#scholar_38075,0,0,FALSE
dblp_228#scholar_10507,0,0,FALSE
dblp_1023#scholar_27667,0,0,FALSE
dblp_240#scholar_27365,0,0,FALSE
dblp_2388#scholar_14264,0,0,FALSE
dblp_1610#scholar_49235,0,1,TRUE
dblp_2272#scholar_47928,0,0,FALSE
dblp_1397#scholar_61429,0,0,FALSE
dblp_2332#scholar_42751,1,1,TRUE
dblp_2175#scholar_9229,1,1,TRUE
dblp_2132#scholar_26538,1,1,TRUE
dblp_288#scholar_57774,0,0,FALSE
dblp_1404#scholar_1033,0,0,FALSE
dblp_1129#scholar_12119,1,1,TRUE
dblp_1826#scholar_17562,0,0,FALSE
dblp_1840#scholar_15876,0,0,FALSE
dblp_2588#scholar_27909,0,0,FALSE
dblp_2375#scholar_10350,0,0,FALSE
dblp_1188#scholar_4810,0,0,FALSE
dblp_406#scholar_45543,0,0,FALSE
dblp_1348#scholar_5774,0,0,FALSE
dblp_867#scholar_54843,1,1,TRUE
dblp_2126#scholar_46127,0,0,FALSE
dblp_2552#scholar_28988,0,0,FALSE
dblp_2280#scholar_46326,0,0,FALSE
dblp_406#scholar_996,0,0,FALSE
dblp_1841#scholar_53663,0,0,FALSE
dblp_1098#scholar_60270,1,1,TRUE
dblp_204#scholar_38879,0,0,FALSE
dblp_1749#scholar_58812,0,0,FALSE
dblp_2218#scholar_52285,0,0,FALSE
dblp_1842#scholar_41762,0,0,FALSE
dblp_1681#scholar_58077,0,0,FALSE
dblp_714#scholar_60479,0,0,FALSE
dblp_1068#scholar_17214,1,1,TRUE
dblp_360#scholar_10586,0,0,FALSE
dblp_537#scholar_49918,0,0,FALSE
dblp_50#scholar_40490,0,0,FALSE
dblp_234#scholar_3020,0,0,FALSE
dblp_526#scholar_8129,0,0,FALSE
dblp_803#scholar_17201,1,1,TRUE
dblp_2420#scholar_51023,0,0,FALSE
dblp_1065#scholar_31823,0,0,FALSE
dblp_2001#scholar_20147,0,0,FALSE
dblp_1749#scholar_8936,0,0,FALSE
dblp_355#scholar_37114,1,1,TRUE
dblp_1581#scholar_2570,0,1,TRUE
dblp_1821#scholar_41821,0,0,FALSE
dblp_506#scholar_59316,1,1,TRUE
dblp_1953#scholar_22605,0,0,FALSE
dblp_8#scholar_972,0,0,FALSE
dblp_2469#scholar_30817,0,1,TRUE
dblp_574#scholar_4370,0,0,FALSE
dblp_1811#scholar_15845,0,0,FALSE
dblp_533#scholar_31646,0,0,FALSE
dblp_343#scholar_18964,0,0,FALSE
dblp_827#scholar_59122,0,0,FALSE
dblp_1908#scholar_4991,0,0,FALSE
dblp_2336#scholar_64072,0,0,FALSE
dblp_1852#scholar_1845,0,0,FALSE
dblp_2513#scholar_37437,0,0,FALSE
dblp_1440#scholar_19950,0,0,FALSE
dblp_2183#scholar_41494,0,0,FALSE
dblp_2577#scholar_17005,0,0,FALSE
dblp_2564#scholar_42029,0,0,FALSE
dblp_405#scholar_39923,0,0,FALSE
dblp_1587#scholar_39306,0,0,FALSE
dblp_776#scholar_10794,0,0,FALSE
dblp_1694#scholar_33240,0,0,FALSE
dblp_1986#scholar_16392,0,0,FALSE
dblp_194#scholar_2235,0,0,FALSE
dblp_2515#scholar_60594,0,0,FALSE
dblp_2572#scholar_37291,0,0,FALSE
dblp_2588#scholar_10507,0,0,FALSE
dblp_2466#scholar_41580,0,0,FALSE
dblp_2194#scholar_14640,0,0,FALSE
dblp_65#scholar_45828,0,0,FALSE
dblp_95#scholar_33382,0,0,FALSE
dblp_581#scholar_6153,0,0,FALSE
dblp_1391#scholar_36855,0,0,FALSE
dblp_1103#scholar_51939,0,0,FALSE
dblp_632#scholar_40726,0,0,FALSE
dblp_499#scholar_17509,1,1,TRUE
dblp_794#scholar_46289,0,0,FALSE
dblp_1953#scholar_22542,0,0,FALSE
dblp_2420#scholar_11365,0,0,FALSE
dblp_1734#scholar_52100,0,0,FALSE
dblp_14#scholar_11014,0,0,FALSE
dblp_2343#scholar_630,0,0,FALSE
dblp_19#scholar_30895,0,0,FALSE
dblp_1450#scholar_48121,1,1,TRUE
dblp_772#scholar_20258,0,0,FALSE
dblp_2565#scholar_49400,0,0,FALSE
dblp_1288#scholar_11368,0,0,FALSE
dblp_1179#scholar_59665,0,0,FALSE
dblp_2280#scholar_50755,0,0,FALSE
dblp_2454#scholar_50182,0,0,FALSE
dblp_1016#scholar_35405,0,0,FALSE
dblp_962#scholar_30966,0,0,FALSE
dblp_483#scholar_38677,0,0,FALSE
dblp_661#scholar_2235,0,0,FALSE
dblp_649#scholar_18704,0,0,FALSE
dblp_2443#scholar_58464,0,0,FALSE
dblp_1981#scholar_22288,0,0,FALSE
dblp_688#scholar_8189,0,0,FALSE
dblp_1794#scholar_22136,1,1,TRUE
dblp_1407#scholar_11699,0,0,FALSE
dblp_2005#scholar_36069,0,0,FALSE
dblp_294#scholar_59546,1,1,TRUE
dblp_1192#scholar_49249,0,0,FALSE
dblp_178#scholar_25084,0,0,FALSE
dblp_1683#scholar_44760,0,0,FALSE
dblp_598#scholar_44766,0,0,FALSE
dblp_713#scholar_32362,0,0,FALSE
dblp_1375#scholar_33639,0,1,TRUE
dblp_1106#scholar_38,1,1,TRUE
dblp_528#scholar_2030,0,0,FALSE
dblp_1510#scholar_46319,0,0,FALSE
dblp_1724#scholar_50634,0,0,FALSE
dblp_2280#scholar_27161,0,0,FALSE
dblp_2588#scholar_33577,0,0,FALSE
dblp_940#scholar_16731,1,1,TRUE
dblp_2562#scholar_40330,0,0,FALSE
dblp_1145#scholar_52285,1,1,TRUE
dblp_2581#scholar_21049,0,0,FALSE
dblp_278#scholar_3858,0,0,FALSE
dblp_454#scholar_26483,0,0,FALSE
dblp_859#scholar_58249,0,0,FALSE
dblp_1501#scholar_52985,0,0,FALSE
dblp_2395#scholar_17372,0,0,FALSE
dblp_2564#scholar_27362,0,0,FALSE
dblp_1012#scholar_25978,0,0,FALSE
dblp_2245#scholar_34903,0,0,FALSE
dblp_890#scholar_25667,1,1,TRUE
dblp_1049#scholar_32514,0,0,FALSE
dblp_1737#scholar_10073,0,0,FALSE
dblp_1342#scholar_39349,0,0,FALSE
dblp_1969#scholar_36529,0,0,FALSE
dblp_1821#scholar_15065,0,0,FALSE
dblp_797#scholar_35131,0,0,FALSE
dblp_1051#scholar_11267,0,0,FALSE
dblp_735#scholar_22565,1,1,TRUE
dblp_856#scholar_25777,0,0,FALSE
dblp_2383#scholar_53408,0,0,FALSE
dblp_651#scholar_63251,1,1,TRUE
dblp_2528#scholar_23457,0,0,FALSE
dblp_212#scholar_2754,0,0,FALSE
dblp_1159#scholar_57857,1,1,TRUE
dblp_2530#scholar_21888,0,0,FALSE
dblp_1435#scholar_62901,0,0,FALSE
dblp_1841#scholar_44406,0,0,FALSE
dblp_1637#scholar_46231,0,0,FALSE
dblp_128#scholar_24343,1,1,TRUE
dblp_203#scholar_61117,0,0,FALSE
dblp_2155#scholar_39984,1,1,TRUE
dblp_1356#scholar_61063,1,1,TRUE
dblp_2483#scholar_55852,0,0,FALSE
dblp_151#scholar_19619,0,0,FALSE
dblp_686#scholar_7074,1,1,TRUE
dblp_1760#scholar_10150,1,1,TRUE
dblp_652#scholar_38927,0,0,FALSE
dblp_2570#scholar_57406,0,0,FALSE
dblp_758#scholar_15455,0,0,FALSE
dblp_464#scholar_41865,0,0,FALSE
dblp_1796#scholar_45,0,0,FALSE
dblp_750#scholar_57630,0,0,FALSE
dblp_1968#scholar_4334,0,0,FALSE
dblp_1816#scholar_50313,0,0,FALSE
dblp_2266#scholar_32193,0,0,FALSE
dblp_1341#scholar_16880,0,0,FALSE
dblp_1338#scholar_59217,0,0,FALSE
dblp_12#scholar_50005,0,0,FALSE
dblp_643#scholar_57488,0,0,FALSE
dblp_203#scholar_50846,0,0,FALSE
dblp_104#scholar_57889,1,1,TRUE
dblp_2403#scholar_38853,0,0,FALSE
dblp_2338#scholar_43933,0,0,FALSE
dblp_1998#scholar_21047,0,0,FALSE
dblp_2185#scholar_16272,0,0,FALSE
dblp_1235#scholar_41317,1,1,TRUE
dblp_1397#scholar_13183,1,1,TRUE
dblp_1409#scholar_19684,1,1,TRUE
dblp_1275#scholar_25692,1,1,TRUE
dblp_661#scholar_16311,0,0,FALSE
dblp_1433#scholar_10005,0,0,FALSE
dblp_519#scholar_8027,0,0,FALSE
dblp_604#scholar_33230,0,0,FALSE
dblp_1314#scholar_17835,0,0,FALSE
dblp_2483#scholar_10637,0,0,FALSE
dblp_1852#scholar_14741,0,0,FALSE
dblp_840#scholar_43195,0,0,FALSE
dblp_1433#scholar_30817,0,0,FALSE
dblp_1258#scholar_51633,0,0,FALSE
dblp_19#scholar_62091,0,0,FALSE
dblp_209#scholar_35962,1,1,TRUE
dblp_1527#scholar_14162,1,1,TRUE
dblp_449#scholar_35387,1,1,TRUE
dblp_2220#scholar_19214,0,0,FALSE
dblp_612#scholar_22635,0,0,FALSE
dblp_2565#scholar_62171,0,0,FALSE
dblp_170#scholar_2296,0,0,FALSE
dblp_1842#scholar_32362,0,0,FALSE
dblp_1578#scholar_32642,0,0,FALSE
dblp_976#scholar_43661,1,1,TRUE
dblp_612#scholar_10458,0,0,FALSE
dblp_1095#scholar_25320,1,1,TRUE
dblp_1309#scholar_5730,0,0,FALSE
dblp_632#scholar_2892,1,1,TRUE
dblp_1963#scholar_27014,0,0,FALSE
dblp_760#scholar_52833,0,0,FALSE
dblp_853#scholar_10574,1,1,TRUE
dblp_151#scholar_19423,0,0,FALSE
dblp_1912#scholar_29186,0,0,FALSE
dblp_882#scholar_41952,1,1,TRUE
dblp_1792#scholar_5937,0,0,FALSE
dblp_87#scholar_51668,0,0,FALSE
dblp_1828#scholar_54772,0,0,FALSE
dblp_45#scholar_1043,0,0,FALSE
dblp_2002#scholar_802,1,1,TRUE
dblp_1958#scholar_30712,0,0,FALSE
dblp_959#scholar_21649,0,0,FALSE
dblp_541#scholar_30650,0,0,FALSE
dblp_650#scholar_56184,1,1,TRUE
dblp_108#scholar_23449,1,1,TRUE
dblp_1322#scholar_9917,0,0,FALSE
dblp_228#scholar_31468,0,0,FALSE
dblp_0#scholar_10247,1,1,TRUE
dblp_2431#scholar_26331,0,0,FALSE
dblp_155#scholar_29717,0,0,FALSE
dblp_2538#scholar_571,0,0,FALSE
dblp_1239#scholar_22433,0,0,FALSE
dblp_411#scholar_7702,0,0,FALSE
dblp_2432#scholar_27827,0,0,FALSE
dblp_1035#scholar_28054,1,1,TRUE
dblp_1312#scholar_5795,1,1,TRUE
dblp_1901#scholar_33048,0,0,FALSE
dblp_1717#scholar_58889,1,1,TRUE
dblp_2432#scholar_18264,0,0,FALSE
dblp_467#scholar_33301,0,0,FALSE
dblp_1244#scholar_54315,0,0,FALSE
dblp_132#scholar_58147,0,0,FALSE
dblp_2170#scholar_42308,0,0,FALSE
dblp_1158#scholar_26733,0,0,FALSE
dblp_197#scholar_17040,0,0,FALSE
dblp_1857#scholar_37998,0,0,FALSE
dblp_2490#scholar_35233,1,1,TRUE
dblp_1981#scholar_42022,0,0,FALSE
dblp_1840#scholar_54243,0,0,FALSE
dblp_746#scholar_34639,0,0,FALSE
dblp_2374#scholar_29409,0,0,FALSE
dblp_291#scholar_42353,0,0,FALSE
dblp_203#scholar_49169,0,0,FALSE
dblp_652#scholar_39677,1,1,TRUE
dblp_1920#scholar_34940,0,0,FALSE
dblp_1256#scholar_11541,0,0,FALSE
dblp_2400#scholar_13782,0,0,FALSE
dblp_1815#scholar_1334,0,0,FALSE
dblp_1444#scholar_43263,1,1,TRUE
dblp_2327#scholar_41320,0,0,FALSE
dblp_1431#scholar_36711,0,0,FALSE
dblp_751#scholar_7073,1,1,TRUE
dblp_54#scholar_51448,1,1,TRUE
dblp_612#scholar_21676,0,0,FALSE
dblp_807#scholar_56828,0,0,FALSE
dblp_2001#scholar_54399,0,0,FALSE
dblp_1369#scholar_57211,0,0,FALSE
dblp_1678#scholar_53049,1,1,TRUE
dblp_1283#scholar_34544,0,0,FALSE
dblp_1407#scholar_33508,0,0,FALSE
dblp_2336#scholar_22074,0,0,FALSE
dblp_1543#scholar_39932,0,0,FALSE
dblp_1625#scholar_26344,0,0,FALSE
dblp_2126#scholar_23531,0,0,FALSE
dblp_544#scholar_13700,0,0,FALSE
dblp_111#scholar_62366,0,1,TRUE
dblp_889#scholar_1676,0,0,FALSE
dblp_1336#scholar_32315,0,0,FALSE
dblp_82#scholar_37373,0,0,FALSE
dblp_95#scholar_27181,0,0,FALSE
dblp_535#scholar_42326,0,0,FALSE
dblp_1633#scholar_37342,0,0,FALSE
dblp_550#scholar_19638,0,0,FALSE
dblp_832#scholar_38340,0,0,FALSE
dblp_1973#scholar_55543,0,0,FALSE
dblp_2208#scholar_10481,0,0,FALSE
dblp_601#scholar_15889,0,0,FALSE
dblp_1598#scholar_23490,1,1,TRUE
dblp_1145#scholar_32386,0,0,FALSE
dblp_2418#scholar_20942,0,0,FALSE
dblp_1827#scholar_16311,0,0,FALSE
dblp_45#scholar_7529,0,0,FALSE
dblp_612#scholar_61742,0,0,FALSE
dblp_19#scholar_44287,0,0,FALSE
dblp_1431#scholar_57031,0,0,FALSE
dblp_1816#scholar_46319,0,0,FALSE
dblp_11#scholar_47003,0,0,FALSE
dblp_1172#scholar_31396,0,0,FALSE
dblp_837#scholar_52741,0,0,FALSE
dblp_1920#scholar_22024,0,0,FALSE
dblp_859#scholar_7115,0,0,FALSE
dblp_40#scholar_34372,0,0,FALSE
dblp_1193#scholar_12452,1,1,TRUE
dblp_1329#scholar_12048,1,1,TRUE
dblp_2331#scholar_16834,0,0,FALSE
dblp_1061#scholar_40718,1,1,TRUE
dblp_608#scholar_51602,0,0,FALSE
dblp_2208#scholar_53584,0,0,FALSE
dblp_1024#scholar_23011,0,0,FALSE
dblp_1394#scholar_40857,0,1,TRUE
dblp_430#scholar_40579,1,1,TRUE
dblp_1377#scholar_43907,1,1,TRUE
dblp_1826#scholar_51755,0,0,FALSE
dblp_1770#scholar_38075,0,0,FALSE
dblp_2123#scholar_15377,1,1,TRUE
dblp_1433#scholar_43811,0,0,FALSE
dblp_1701#scholar_52989,0,0,FALSE
dblp_464#scholar_30721,0,0,FALSE
dblp_1773#scholar_2128,0,0,FALSE
dblp_1473#scholar_54474,0,0,FALSE
dblp_1337#scholar_52789,1,1,TRUE
dblp_1484#scholar_60135,1,1,TRUE
dblp_2126#scholar_54663,0,0,FALSE
dblp_2333#scholar_59732,1,0,FALSE
dblp_710#scholar_16155,1,1,TRUE
dblp_1685#scholar_43141,1,1,TRUE
dblp_1544#scholar_4036,0,0,FALSE
dblp_775#scholar_29695,1,1,TRUE
dblp_183#scholar_49419,0,0,FALSE
dblp_2342#scholar_58131,0,0,FALSE
dblp_1355#scholar_47917,1,1,TRUE
dblp_703#scholar_46661,0,0,FALSE
dblp_928#scholar_63914,1,1,TRUE
dblp_2420#scholar_61648,0,0,FALSE
dblp_2342#scholar_13325,0,0,FALSE
dblp_1980#scholar_38975,0,0,FALSE
dblp_986#scholar_27311,0,0,FALSE
dblp_632#scholar_52385,0,0,FALSE
dblp_1799#scholar_63051,1,1,TRUE
dblp_758#scholar_3191,0,0,FALSE
dblp_197#scholar_30419,0,0,FALSE
dblp_1409#scholar_47782,1,1,TRUE
dblp_1204#scholar_22803,0,0,FALSE
dblp_1263#scholar_48623,0,0,FALSE
dblp_2559#scholar_25595,0,0,FALSE
dblp_433#scholar_9343,1,1,TRUE
dblp_2144#scholar_51653,0,0,FALSE
dblp_1090#scholar_61808,0,0,FALSE
dblp_2321#scholar_42201,0,0,FALSE
dblp_1200#scholar_61304,0,0,FALSE
dblp_2432#scholar_32514,0,0,FALSE
dblp_1155#scholar_16187,0,0,FALSE
dblp_545#scholar_3858,0,1,TRUE
dblp_183#scholar_60499,1,1,TRUE
dblp_1631#scholar_25627,0,0,FALSE
dblp_2109#scholar_55856,0,0,FALSE
dblp_2255#scholar_60192,0,0,FALSE
dblp_667#scholar_13814,0,0,FALSE
dblp_2399#scholar_14557,0,0,FALSE
dblp_1158#scholar_976,0,0,FALSE
dblp_2269#scholar_59728,0,0,FALSE
dblp_1805#scholar_62619,0,0,FALSE
dblp_2579#scholar_1908,1,1,TRUE
dblp_2455#scholar_64062,1,1,TRUE
dblp_151#scholar_48163,0,0,FALSE
dblp_2188#scholar_11577,0,0,FALSE
dblp_534#scholar_5278,0,0,FALSE
dblp_2480#scholar_51994,1,0,FALSE
dblp_1755#scholar_57445,0,1,TRUE
dblp_146#scholar_11839,0,0,FALSE
dblp_1829#scholar_51343,0,0,FALSE
dblp_510#scholar_46906,1,1,TRUE
dblp_595#scholar_14266,0,0,FALSE
dblp_1431#scholar_25415,0,0,FALSE
dblp_527#scholar_35533,0,0,FALSE
dblp_321#scholar_3858,0,0,FALSE
dblp_2196#scholar_64072,0,0,FALSE
dblp_98#scholar_58349,1,1,TRUE
dblp_2272#scholar_13449,0,0,FALSE
dblp_1953#scholar_61742,1,1,TRUE
dblp_2559#scholar_50416,0,0,FALSE
dblp_1954#scholar_18667,1,1,TRUE
dblp_60#scholar_56465,0,1,TRUE
dblp_2126#scholar_3953,0,0,FALSE
dblp_132#scholar_51065,0,0,FALSE
dblp_812#scholar_61810,0,0,FALSE
dblp_860#scholar_47248,1,1,TRUE
dblp_1419#scholar_4376,0,0,FALSE
dblp_753#scholar_24296,1,1,TRUE
dblp_1128#scholar_56652,1,1,TRUE
dblp_2005#scholar_34500,0,0,FALSE
dblp_1508#scholar_51023,0,0,FALSE
dblp_1717#scholar_52096,0,0,FALSE
dblp_1332#scholar_26179,0,0,FALSE
dblp_1401#scholar_35432,0,0,FALSE
dblp_2211#scholar_60613,0,0,FALSE
dblp_178#scholar_36497,0,0,FALSE
dblp_277#scholar_50350,0,0,FALSE
dblp_1712#scholar_50313,0,0,FALSE
dblp_31#scholar_47584,1,1,TRUE
dblp_746#scholar_38360,0,0,FALSE
dblp_1885#scholar_48831,0,0,FALSE
dblp_1142#scholar_6050,1,1,TRUE
dblp_1841#scholar_57065,0,0,FALSE
dblp_904#scholar_4308,0,0,FALSE
dblp_2300#scholar_30082,0,0,FALSE
dblp_1541#scholar_35472,1,1,TRUE
dblp_280#scholar_40797,0,0,FALSE
dblp_280#scholar_6601,0,0,FALSE
dblp_2370#scholar_15498,0,0,FALSE
dblp_1144#scholar_56104,1,1,TRUE
dblp_170#scholar_19165,0,0,FALSE
dblp_480#scholar_44200,1,1,TRUE
dblp_608#scholar_14394,0,0,FALSE
dblp_707#scholar_53791,0,0,FALSE
dblp_845#scholar_39297,0,0,FALSE
dblp_1640#scholar_57463,0,0,FALSE
dblp_74#scholar_33318,0,0,FALSE
dblp_622#scholar_45743,0,0,FALSE
dblp_506#scholar_19786,0,0,FALSE
dblp_1016#scholar_35988,1,1,TRUE
dblp_1456#scholar_19556,1,1,TRUE
dblp_223#scholar_64153,0,0,FALSE
dblp_1975#scholar_28522,1,1,TRUE
dblp_1635#scholar_16056,0,1,TRUE
dblp_514#scholar_5245,0,0,FALSE
dblp_1683#scholar_17390,0,0,FALSE
dblp_2188#scholar_16276,0,0,FALSE
dblp_527#scholar_13121,0,0,FALSE
dblp_2182#scholar_59948,1,1,TRUE
dblp_2559#scholar_14513,0,0,FALSE
dblp_713#scholar_4809,0,0,FALSE
dblp_288#scholar_43836,0,0,FALSE
dblp_619#scholar_37005,0,0,FALSE
dblp_1799#scholar_21092,1,1,TRUE
dblp_2560#scholar_5292,0,0,FALSE
dblp_713#scholar_54243,0,0,FALSE
dblp_280#scholar_538,0,0,FALSE
dblp_2495#scholar_50958,0,0,FALSE
dblp_1612#scholar_27930,0,0,FALSE
dblp_1156#scholar_45270,0,0,FALSE
dblp_31#scholar_60744,1,1,TRUE
dblp_2538#scholar_35390,0,0,FALSE
dblp_1536#scholar_45920,0,0,FALSE
dblp_1645#scholar_9846,0,0,FALSE
dblp_1475#scholar_38337,1,1,TRUE
dblp_559#scholar_10488,1,1,TRUE
dblp_659#scholar_31328,0,0,FALSE
dblp_1741#scholar_36967,0,0,FALSE
dblp_75#scholar_30240,0,0,FALSE
dblp_1914#scholar_5278,0,0,FALSE
dblp_2341#scholar_43459,0,0,FALSE
dblp_1442#scholar_49970,0,0,FALSE
dblp_1529#scholar_18926,0,0,FALSE
dblp_169#scholar_16311,0,0,FALSE
dblp_1914#scholar_32584,0,0,FALSE
dblp_203#scholar_55626,0,0,FALSE
dblp_1841#scholar_8072,0,0,FALSE
dblp_1732#scholar_4351,0,0,FALSE
dblp_956#scholar_53261,0,0,FALSE
dblp_1721#scholar_31483,0,0,FALSE
dblp_2338#scholar_28648,0,0,FALSE
dblp_2169#scholar_56875,0,0,FALSE
dblp_969#scholar_11893,0,0,FALSE
dblp_1671#scholar_42287,0,0,FALSE
dblp_497#scholar_60790,0,0,FALSE
dblp_1782#scholar_36693,1,0,FALSE
dblp_2294#scholar_36656,0,0,FALSE
dblp_1999#scholar_45454,0,0,FALSE
dblp_782#scholar_50143,1,1,TRUE
dblp_1626#scholar_21921,0,0,FALSE
dblp_1540#scholar_13943,0,0,FALSE
dblp_2330#scholar_7906,0,0,FALSE
dblp_806#scholar_60248,0,0,FALSE
dblp_1148#scholar_18640,0,0,FALSE
dblp_510#scholar_36549,0,0,FALSE
dblp_1105#scholar_53356,0,0,FALSE
dblp_2295#scholar_50755,0,0,FALSE
dblp_2208#scholar_49500,1,1,TRUE
dblp_659#scholar_36689,0,0,FALSE
dblp_1590#scholar_51528,1,1,TRUE
dblp_447#scholar_18322,0,0,FALSE
dblp_1288#scholar_57159,0,0,FALSE
dblp_1969#scholar_45386,1,1,TRUE
dblp_274#scholar_54854,0,0,FALSE
dblp_1049#scholar_49648,0,0,FALSE
dblp_1840#scholar_22340,0,0,FALSE
dblp_1829#scholar_63389,0,0,FALSE
dblp_2396#scholar_28322,1,1,TRUE
dblp_657#scholar_25877,0,0,FALSE
dblp_787#scholar_27470,0,0,FALSE
dblp_1003#scholar_19954,1,1,TRUE
dblp_601#scholar_32740,0,0,FALSE
dblp_687#scholar_26407,0,0,FALSE
dblp_1146#scholar_33405,0,0,FALSE
dblp_581#scholar_50248,0,0,FALSE
dblp_184#scholar_33729,0,0,FALSE
dblp_623#scholar_53767,0,0,FALSE
dblp_1684#scholar_2621,0,0,FALSE
dblp_1796#scholar_11329,0,0,FALSE
dblp_246#scholar_30026,0,0,FALSE
dblp_6#scholar_59605,0,0,FALSE
dblp_1272#scholar_39447,1,1,TRUE
dblp_1790#scholar_46175,0,0,FALSE
dblp_684#scholar_18119,1,1,TRUE
dblp_308#scholar_18003,0,0,FALSE
dblp_2024#scholar_48590,1,1,TRUE
dblp_1816#scholar_40767,0,0,FALSE
dblp_2500#scholar_58131,0,0,FALSE
dblp_12#scholar_32362,0,0,FALSE
dblp_787#scholar_49953,0,0,FALSE
dblp_296#scholar_6742,0,0,FALSE
dblp_649#scholar_28491,0,0,FALSE
dblp_95#scholar_60370,0,0,FALSE
dblp_844#scholar_10738,0,0,FALSE
dblp_2332#scholar_39932,0,0,FALSE
dblp_56#scholar_37918,0,0,FALSE
dblp_2361#scholar_31873,0,0,FALSE
dblp_1229#scholar_43711,0,0,FALSE
dblp_1817#scholar_44502,0,0,FALSE
dblp_2018#scholar_32047,1,1,TRUE
dblp_578#scholar_3822,0,0,FALSE
dblp_527#scholar_24423,0,0,FALSE
dblp_842#scholar_59186,0,0,FALSE
dblp_2513#scholar_32362,0,0,FALSE
dblp_814#scholar_30677,0,0,FALSE
dblp_2060#scholar_38656,1,1,TRUE
dblp_1349#scholar_56940,1,1,TRUE
dblp_1882#scholar_60226,0,0,FALSE
dblp_1840#scholar_22349,0,0,FALSE
dblp_1543#scholar_18988,1,1,TRUE
dblp_1876#scholar_19405,0,0,FALSE
dblp_1589#scholar_28382,0,0,FALSE
dblp_2425#scholar_7205,0,0,FALSE
dblp_2468#scholar_5798,0,0,FALSE
dblp_1796#scholar_9815,0,0,FALSE
dblp_2543#scholar_9462,0,0,FALSE
dblp_2564#scholar_47874,0,0,FALSE
dblp_1200#scholar_16634,0,0,FALSE
dblp_184#scholar_49923,0,0,FALSE
dblp_566#scholar_40954,1,1,TRUE
dblp_2400#scholar_35088,0,0,FALSE
dblp_1434#scholar_16878,0,0,FALSE
dblp_1756#scholar_175,0,0,FALSE
dblp_2468#scholar_57065,0,0,FALSE
dblp_670#scholar_13454,1,1,TRUE
dblp_1618#scholar_23389,0,0,FALSE
dblp_1499#scholar_47159,0,0,FALSE
dblp_758#scholar_32362,0,0,FALSE
dblp_777#scholar_18538,0,0,FALSE
dblp_1467#scholar_11537,1,1,TRUE
dblp_2126#scholar_42426,0,0,FALSE
dblp_1926#scholar_53663,0,0,FALSE
dblp_1640#scholar_24387,0,0,FALSE
dblp_1901#scholar_5805,0,0,FALSE
dblp_1049#scholar_3526,0,0,FALSE
dblp_2423#scholar_36173,0,0,FALSE
dblp_11#scholar_15678,0,0,FALSE
dblp_2203#scholar_49713,0,0,FALSE
dblp_1145#scholar_33682,0,0,FALSE
dblp_1466#scholar_7905,0,0,FALSE
dblp_2338#scholar_39846,0,0,FALSE
dblp_797#scholar_17390,0,0,FALSE
dblp_852#scholar_16274,0,0,FALSE
dblp_1314#scholar_32782,1,0,FALSE
dblp_486#scholar_41358,0,0,FALSE
dblp_2195#scholar_17701,1,1,TRUE
dblp_1148#scholar_33681,0,0,FALSE
dblp_2466#scholar_33729,0,0,FALSE
dblp_410#scholar_39715,0,0,FALSE
dblp_196#scholar_19270,0,0,FALSE
dblp_229#scholar_38927,0,0,FALSE
dblp_1953#scholar_46589,0,0,FALSE
dblp_901#scholar_42636,0,0,FALSE
dblp_1925#scholar_50304,0,0,FALSE
dblp_562#scholar_51422,0,0,FALSE
dblp_2538#scholar_39041,0,0,FALSE
dblp_2095#scholar_50207,1,1,TRUE
dblp_336#scholar_3228,0,0,FALSE
dblp_17#scholar_52811,0,0,FALSE
dblp_1454#scholar_17005,1,1,TRUE
dblp_2562#scholar_21571,0,0,FALSE
dblp_319#scholar_44226,0,0,FALSE
dblp_1015#scholar_6599,0,0,FALSE
dblp_545#scholar_39715,0,0,FALSE
dblp_1603#scholar_26806,1,1,TRUE
dblp_229#scholar_59561,0,0,FALSE
dblp_904#scholar_54028,0,0,FALSE
dblp_2371#scholar_32492,0,0,FALSE
dblp_1407#scholar_14737,0,0,FALSE
dblp_996#scholar_5786,0,0,FALSE
dblp_1543#scholar_56664,0,0,FALSE
dblp_1368#scholar_23369,0,0,FALSE
dblp_2041#scholar_13332,1,1,TRUE
dblp_1526#scholar_29542,0,0,FALSE
dblp_744#scholar_13461,1,1,TRUE
dblp_2005#scholar_16917,0,0,FALSE
dblp_1996#scholar_22931,1,1,TRUE
dblp_2120#scholar_11699,0,0,FALSE
dblp_714#scholar_55490,0,0,FALSE
dblp_1712#scholar_22349,0,0,FALSE
dblp_1771#scholar_39440,0,0,FALSE
dblp_522#scholar_47617,0,0,FALSE
dblp_2145#scholar_61597,1,1,TRUE
dblp_2338#scholar_18329,0,0,FALSE
dblp_2547#scholar_12969,1,1,TRUE
dblp_1000#scholar_22839,0,0,FALSE
dblp_1743#scholar_32840,1,1,TRUE
dblp_102#scholar_52195,1,0,FALSE
dblp_1439#scholar_60331,0,0,FALSE
dblp_996#scholar_53663,0,0,FALSE
dblp_962#scholar_50705,0,1,TRUE
dblp_2111#scholar_26256,0,0,FALSE
dblp_348#scholar_43087,0,0,FALSE
dblp_1062#scholar_56561,1,1,TRUE
dblp_414#scholar_19479,1,1,TRUE
dblp_1264#scholar_32362,0,0,FALSE
dblp_401#scholar_47521,0,0,FALSE
dblp_2272#scholar_30828,0,0,FALSE
dblp_581#scholar_40455,0,0,FALSE
dblp_1821#scholar_63938,0,0,FALSE
dblp_303#scholar_11014,0,0,FALSE
dblp_749#scholar_45270,1,1,TRUE
dblp_526#scholar_58812,0,0,FALSE
dblp_616#scholar_41806,1,1,TRUE
dblp_2249#scholar_24764,0,0,FALSE
dblp_1330#scholar_52689,0,0,FALSE
dblp_194#scholar_5278,0,0,FALSE
dblp_1864#scholar_34045,0,1,TRUE
dblp_2378#scholar_38980,1,1,TRUE
dblp_2097#scholar_49642,0,0,FALSE
dblp_2310#scholar_53793,1,1,TRUE
dblp_2603#scholar_44766,0,0,FALSE
dblp_2396#scholar_37494,0,0,FALSE
dblp_960#scholar_49714,0,0,FALSE
dblp_1239#scholar_63882,0,0,FALSE
dblp_846#scholar_4233,1,1,TRUE
dblp_280#scholar_34481,0,0,FALSE
dblp_2007#scholar_33407,0,0,FALSE
dblp_2472#scholar_53563,1,1,TRUE
dblp_842#scholar_17285,0,0,FALSE
dblp_1874#scholar_8509,0,0,FALSE
dblp_1645#scholar_41409,0,0,FALSE
dblp_1365#scholar_63577,0,0,FALSE
dblp_2318#scholar_3405,0,0,FALSE
dblp_1221#scholar_5186,0,0,FALSE
dblp_2338#scholar_52662,0,0,FALSE
dblp_1172#scholar_26496,0,0,FALSE
dblp_1639#scholar_22693,0,0,FALSE
dblp_2364#scholar_14781,1,1,TRUE
dblp_1420#scholar_7601,0,1,TRUE
dblp_2335#scholar_63581,0,0,FALSE
dblp_2213#scholar_19019,0,0,FALSE
dblp_1149#scholar_8168,1,1,TRUE
dblp_1727#scholar_18057,0,0,FALSE
dblp_852#scholar_408,1,1,TRUE
dblp_5#scholar_25603,0,0,FALSE
dblp_1527#scholar_34795,0,0,FALSE
dblp_2161#scholar_1296,0,0,FALSE
dblp_1699#scholar_1348,1,0,FALSE
dblp_732#scholar_33641,0,0,FALSE
dblp_1840#scholar_11991,0,0,FALSE
dblp_187#scholar_39715,0,0,FALSE
dblp_1792#scholar_24966,0,0,FALSE
dblp_1324#scholar_7677,1,1,TRUE
dblp_2291#scholar_46694,1,1,TRUE
dblp_1222#scholar_6000,0,0,FALSE
dblp_1436#scholar_16971,1,1,TRUE
dblp_1239#scholar_23457,0,0,FALSE
dblp_537#scholar_43195,0,0,FALSE
dblp_1564#scholar_5320,1,1,TRUE
dblp_1440#scholar_33730,1,1,TRUE
dblp_1635#scholar_11329,0,0,FALSE
dblp_2208#scholar_59643,0,0,FALSE
dblp_1829#scholar_16499,0,0,FALSE
dblp_95#scholar_18988,0,0,FALSE
dblp_1574#scholar_17701,0,0,FALSE
dblp_2521#scholar_34823,0,0,FALSE
dblp_209#scholar_36669,0,0,FALSE
dblp_1732#scholar_35621,1,1,TRUE
dblp_56#scholar_825,0,0,FALSE
dblp_1949#scholar_39418,0,0,FALSE
dblp_924#scholar_3121,1,0,FALSE
dblp_472#scholar_38401,1,1,TRUE
dblp_887#scholar_42537,0,0,FALSE
dblp_1239#scholar_39381,0,0,FALSE
dblp_562#scholar_31322,0,0,FALSE
dblp_1122#scholar_24324,1,1,TRUE
dblp_2419#scholar_14774,0,1,TRUE
dblp_1544#scholar_58298,0,0,FALSE
dblp_267#scholar_25469,0,0,FALSE
dblp_1133#scholar_24548,1,1,TRUE
dblp_1024#scholar_31773,0,0,FALSE
dblp_1326#scholar_40917,0,0,FALSE
dblp_1104#scholar_43918,0,0,FALSE
dblp_1291#scholar_14957,0,0,FALSE
dblp_1264#scholar_16906,0,0,FALSE
dblp_2452#scholar_33220,0,0,FALSE
dblp_787#scholar_13699,0,0,FALSE
dblp_1580#scholar_1908,0,0,FALSE
dblp_562#scholar_38338,0,0,FALSE
dblp_2093#scholar_5110,0,0,FALSE
dblp_373#scholar_38562,0,1,TRUE
dblp_2233#scholar_25173,1,1,TRUE
dblp_312#scholar_16017,1,1,TRUE
dblp_2174#scholar_14995,1,1,TRUE
dblp_2448#scholar_54103,0,0,FALSE
dblp_961#scholar_57406,0,0,FALSE
dblp_1842#scholar_16348,0,0,FALSE
dblp_1954#scholar_19238,0,0,FALSE
dblp_2126#scholar_631,0,0,FALSE
dblp_1969#scholar_28637,0,0,FALSE
dblp_61#scholar_48405,0,0,FALSE
dblp_1798#scholar_54449,1,1,TRUE
dblp_1981#scholar_34408,0,0,FALSE
dblp_2093#scholar_51708,0,0,FALSE
dblp_1815#scholar_32724,0,0,FALSE
dblp_783#scholar_3034,0,0,FALSE
dblp_464#scholar_42542,0,0,FALSE
dblp_612#scholar_60331,0,0,FALSE
dblp_2273#scholar_58072,0,0,FALSE
dblp_298#scholar_28700,0,0,FALSE
dblp_731#scholar_64138,1,1,TRUE
dblp_1341#scholar_31146,1,1,TRUE
dblp_178#scholar_4298,1,1,TRUE
dblp_1463#scholar_31661,1,1,TRUE
dblp_2521#scholar_12789,0,0,FALSE
dblp_913#scholar_9871,0,0,FALSE
dblp_1091#scholar_5826,0,0,FALSE
dblp_1397#scholar_16776,0,0,FALSE
dblp_1100#scholar_58893,1,1,TRUE
dblp_2560#scholar_57612,0,0,FALSE
dblp_1288#scholar_39932,0,0,FALSE
dblp_1821#scholar_46004,0,0,FALSE
dblp_843#scholar_28501,1,1,TRUE
dblp_1922#scholar_50887,0,0,FALSE
dblp_1953#scholar_45920,0,0,FALSE
dblp_659#scholar_29825,0,0,FALSE
dblp_140#scholar_11747,0,0,FALSE
dblp_441#scholar_28619,1,1,TRUE
dblp_2430#scholar_1866,1,1,TRUE
dblp_2528#scholar_34485,0,0,FALSE
dblp_1640#scholar_22635,0,0,FALSE
dblp_1875#scholar_926,0,0,FALSE
dblp_404#scholar_60089,0,0,FALSE
dblp_2538#scholar_54865,0,0,FALSE
dblp_1099#scholar_22394,0,0,FALSE
dblp_956#scholar_6982,1,1,TRUE
dblp_800#scholar_21146,0,0,FALSE
dblp_108#scholar_23226,1,1,TRUE
dblp_1701#scholar_15230,0,0,FALSE
dblp_1481#scholar_47683,1,1,TRUE
dblp_1856#scholar_16769,0,0,FALSE
dblp_1889#scholar_1018,1,1,TRUE
dblp_2492#scholar_409,0,0,FALSE
dblp_1674#scholar_35142,0,0,FALSE
dblp_1401#scholar_9039,0,0,FALSE
dblp_612#scholar_60514,0,0,FALSE
dblp_1247#scholar_7806,0,0,FALSE
dblp_616#scholar_45401,1,1,TRUE
dblp_1129#scholar_36738,0,0,FALSE
dblp_1816#scholar_47772,0,0,FALSE
dblp_1529#scholar_2706,0,0,FALSE
dblp_1833#scholar_40109,0,0,FALSE
dblp_1953#scholar_51585,0,0,FALSE
dblp_1180#scholar_10462,0,0,FALSE
dblp_2108#scholar_51020,0,0,FALSE
dblp_658#scholar_55794,0,0,FALSE
dblp_659#scholar_17257,0,0,FALSE
dblp_2134#scholar_47746,1,1,TRUE
dblp_2027#scholar_890,0,0,FALSE
dblp_1094#scholar_23141,1,1,TRUE
dblp_2208#scholar_7483,0,0,FALSE
dblp_262#scholar_42585,1,1,TRUE
dblp_2444#scholar_42003,0,0,FALSE
dblp_2290#scholar_44552,1,1,TRUE
dblp_1048#scholar_28743,0,0,FALSE
dblp_661#scholar_43210,0,0,FALSE
dblp_703#scholar_2244,0,0,FALSE
dblp_2440#scholar_41813,0,0,FALSE
dblp_928#scholar_48744,0,0,FALSE
dblp_458#scholar_9669,0,0,FALSE
dblp_1421#scholar_59956,1,1,TRUE
dblp_1960#scholar_39844,0,0,FALSE
dblp_1748#scholar_61311,0,0,FALSE
dblp_343#scholar_49569,0,0,FALSE
dblp_1293#scholar_50109,1,1,TRUE
dblp_1969#scholar_22913,0,0,FALSE
dblp_1840#scholar_63389,0,0,FALSE
dblp_1953#scholar_36651,0,0,FALSE
dblp_872#scholar_46120,1,1,TRUE
dblp_111#scholar_6020,1,1,TRUE
dblp_1509#scholar_30922,1,1,TRUE
dblp_1811#scholar_57794,0,0,FALSE
dblp_2583#scholar_6975,1,1,TRUE
dblp_1116#scholar_37091,0,0,FALSE
dblp_2118#scholar_45952,0,0,FALSE
dblp_2443#scholar_29815,0,0,FALSE
dblp_1841#scholar_16892,0,0,FALSE
dblp_1288#scholar_5072,0,0,FALSE
dblp_810#scholar_31345,1,1,TRUE
dblp_1603#scholar_44220,0,0,FALSE
dblp_2524#scholar_26953,0,0,FALSE
dblp_1244#scholar_50731,1,1,TRUE
dblp_12#scholar_22433,0,0,FALSE
dblp_183#scholar_49814,0,0,FALSE
dblp_1715#scholar_12628,1,1,TRUE
dblp_2338#scholar_22722,0,0,FALSE
dblp_491#scholar_39188,1,1,TRUE
dblp_587#scholar_10690,0,0,FALSE
dblp_1754#scholar_44390,0,0,FALSE
dblp_1392#scholar_62192,0,0,FALSE
dblp_202#scholar_50151,0,0,FALSE
dblp_1365#scholar_31209,0,0,FALSE
dblp_343#scholar_60733,0,0,FALSE
dblp_1902#scholar_63384,0,0,FALSE
dblp_798#scholar_3558,0,0,FALSE
dblp_1282#scholar_10641,0,0,FALSE
dblp_2527#scholar_41212,0,0,FALSE
dblp_1969#scholar_30776,0,0,FALSE
dblp_2097#scholar_36935,0,0,FALSE
dblp_1834#scholar_17566,0,0,FALSE
dblp_758#scholar_40231,0,0,FALSE
dblp_1794#scholar_19695,0,0,FALSE
dblp_2044#scholar_8509,0,0,FALSE
dblp_632#scholar_19371,0,0,FALSE
dblp_763#scholar_26330,0,0,FALSE
dblp_2220#scholar_9965,0,0,FALSE
dblp_272#scholar_21056,0,0,FALSE
dblp_356#scholar_61754,1,1,TRUE
dblp_140#scholar_15133,0,0,FALSE
dblp_1221#scholar_52662,0,0,FALSE
dblp_1834#scholar_11444,1,1,TRUE
dblp_1826#scholar_59474,0,0,FALSE
dblp_408#scholar_7916,0,0,FALSE
dblp_772#scholar_53196,0,0,FALSE
dblp_1065#scholar_22425,0,0,FALSE
dblp_772#scholar_17648,0,0,FALSE
dblp_380#scholar_49476,0,0,FALSE
dblp_1290#scholar_50831,0,0,FALSE
dblp_2249#scholar_2518,0,0,FALSE
dblp_217#scholar_61579,1,1,TRUE
dblp_1802#scholar_52647,0,0,FALSE
dblp_1240#scholar_34514,1,1,TRUE
dblp_781#scholar_17407,1,1,TRUE
dblp_2006#scholar_61759,0,0,FALSE
dblp_1796#scholar_57989,0,0,FALSE
dblp_628#scholar_44766,0,0,FALSE
dblp_408#scholar_34733,0,0,FALSE
dblp_2332#scholar_11368,0,0,FALSE
dblp_1534#scholar_23240,1,1,TRUE
dblp_497#scholar_32875,0,0,FALSE
dblp_377#scholar_27297,1,0,FALSE
dblp_788#scholar_20318,1,1,TRUE
dblp_2592#scholar_45667,1,1,TRUE
dblp_830#scholar_46112,0,0,FALSE
dblp_254#scholar_2849,0,0,FALSE
dblp_2026#scholar_56581,1,1,TRUE
dblp_949#scholar_18284,0,0,FALSE
dblp_2483#scholar_42797,0,0,FALSE
dblp_2562#scholar_19672,0,0,FALSE
dblp_1914#scholar_33904,0,0,FALSE
dblp_1257#scholar_41094,0,0,FALSE
dblp_1358#scholar_63599,0,0,FALSE
dblp_691#scholar_32401,0,0,FALSE
dblp_810#scholar_42860,1,0,FALSE
dblp_1200#scholar_43919,0,0,FALSE
dblp_1127#scholar_57293,0,0,FALSE
dblp_1966#scholar_21605,0,1,TRUE
dblp_1771#scholar_5273,0,0,FALSE
dblp_2129#scholar_14575,0,0,FALSE
dblp_600#scholar_28335,1,1,TRUE
dblp_2272#scholar_30836,0,0,FALSE
dblp_1912#scholar_40052,0,0,FALSE
dblp_1247#scholar_18595,0,0,FALSE
dblp_1048#scholar_53122,0,0,FALSE
dblp_1728#scholar_42503,0,0,FALSE
dblp_1330#scholar_57365,0,0,FALSE
dblp_1440#scholar_42562,0,0,FALSE
dblp_288#scholar_57982,0,0,FALSE
dblp_1200#scholar_63466,0,0,FALSE
dblp_667#scholar_36967,0,0,FALSE
dblp_797#scholar_1769,0,0,FALSE
dblp_291#scholar_27272,0,0,FALSE
dblp_2220#scholar_29569,0,0,FALSE
dblp_1815#scholar_18752,0,0,FALSE
dblp_1902#scholar_26045,1,1,TRUE
dblp_1239#scholar_34586,0,0,FALSE
dblp_2581#scholar_42961,0,0,FALSE
dblp_1856#scholar_35775,0,0,FALSE
dblp_193#scholar_3933,0,0,FALSE
dblp_72#scholar_31545,0,0,FALSE
dblp_708#scholar_18444,0,0,FALSE
dblp_1362#scholar_1887,1,1,TRUE
dblp_1431#scholar_26605,0,0,FALSE
dblp_2101#scholar_2988,0,0,FALSE
dblp_549#scholar_39490,1,1,TRUE
dblp_1949#scholar_43088,0,0,FALSE
dblp_1873#scholar_12597,0,0,FALSE
dblp_1288#scholar_3053,0,0,FALSE
dblp_351#scholar_44266,0,0,FALSE
dblp_302#scholar_28056,0,0,FALSE
dblp_526#scholar_57488,0,0,FALSE
dblp_2528#scholar_21161,0,0,FALSE
dblp_1640#scholar_54144,0,0,FALSE
dblp_7#scholar_46456,0,0,FALSE
dblp_996#scholar_9039,0,0,FALSE
dblp_554#scholar_45703,0,0,FALSE
dblp_657#scholar_19923,0,0,FALSE
dblp_449#scholar_34451,0,0,FALSE
dblp_1856#scholar_7543,0,0,FALSE
dblp_1148#scholar_13705,0,0,FALSE
dblp_659#scholar_9462,0,0,FALSE
dblp_1543#scholar_24994,0,0,FALSE
dblp_1811#scholar_63192,0,1,TRUE
dblp_1014#scholar_58830,1,1,TRUE
dblp_277#scholar_54243,0,0,FALSE
dblp_2294#scholar_37697,0,0,FALSE
dblp_691#scholar_12341,1,1,TRUE
dblp_703#scholar_32433,0,0,FALSE
dblp_10#scholar_27763,0,0,FALSE
dblp_1221#scholar_47694,0,0,FALSE
dblp_1727#scholar_59825,0,0,FALSE
dblp_661#scholar_5278,0,0,FALSE
dblp_999#scholar_12070,1,1,TRUE
dblp_953#scholar_7625,0,0,FALSE
dblp_399#scholar_6795,0,0,FALSE
dblp_451#scholar_31696,1,1,TRUE
dblp_642#scholar_15790,1,1,TRUE
dblp_26#scholar_52175,1,1,TRUE
dblp_457#scholar_25614,0,0,FALSE
dblp_1517#scholar_60436,1,1,TRUE
dblp_1380#scholar_13037,1,1,TRUE
dblp_1981#scholar_22359,0,0,FALSE
dblp_125#scholar_38705,0,0,FALSE
dblp_1397#scholar_57138,0,0,FALSE
dblp_90#scholar_18082,0,0,FALSE
dblp_847#scholar_9663,1,1,TRUE
dblp_1921#scholar_20209,0,0,FALSE
dblp_1929#scholar_49426,0,0,FALSE
dblp_1855#scholar_52014,1,1,TRUE
dblp_758#scholar_5159,0,0,FALSE
dblp_2483#scholar_1113,0,0,FALSE
dblp_1711#scholar_19932,1,1,TRUE
dblp_2432#scholar_16634,0,0,FALSE
dblp_1404#scholar_16511,0,0,FALSE
dblp_2301#scholar_10631,1,1,TRUE
dblp_2310#scholar_49500,0,0,FALSE
dblp_996#scholar_53104,0,0,FALSE
dblp_2571#scholar_57889,0,0,FALSE
dblp_95#scholar_38426,0,0,FALSE
dblp_960#scholar_17062,0,0,FALSE
dblp_455#scholar_46905,1,1,TRUE
dblp_612#scholar_7572,0,0,FALSE
dblp_2332#scholar_13394,0,0,FALSE
dblp_1671#scholar_39532,0,0,FALSE
dblp_2609#scholar_21988,0,0,FALSE
dblp_968#scholar_8823,0,0,FALSE
dblp_1700#scholar_14556,0,0,FALSE
dblp_160#scholar_28791,1,1,TRUE
dblp_1975#scholar_52266,0,0,FALSE
dblp_1138#scholar_16381,0,0,FALSE
dblp_1421#scholar_17641,0,0,FALSE
dblp_1015#scholar_59578,0,0,FALSE
dblp_1407#scholar_20147,0,0,FALSE
dblp_1867#scholar_30685,0,0,FALSE
dblp_2609#scholar_16392,0,0,FALSE
dblp_1934#scholar_30712,0,0,FALSE
dblp_1749#scholar_35934,0,0,FALSE
dblp_2256#scholar_24733,0,0,FALSE
dblp_1831#scholar_60866,0,0,FALSE
dblp_1953#scholar_33235,0,0,FALSE
dblp_647#scholar_38487,1,1,TRUE
dblp_2048#scholar_31299,1,1,TRUE
dblp_2245#scholar_49781,0,0,FALSE
dblp_406#scholar_45805,0,0,FALSE
dblp_2492#scholar_31580,0,0,FALSE
dblp_1369#scholar_49524,0,0,FALSE
dblp_639#scholar_41327,1,1,TRUE
dblp_451#scholar_23664,0,0,FALSE
dblp_1573#scholar_26908,1,1,TRUE
dblp_1986#scholar_6288,0,0,FALSE
dblp_1705#scholar_27506,1,1,TRUE
dblp_1842#scholar_30919,0,0,FALSE
dblp_1264#scholar_45703,0,0,FALSE
dblp_115#scholar_32584,0,0,FALSE
dblp_2510#scholar_42848,0,0,FALSE
dblp_101#scholar_26672,1,0,FALSE
dblp_18#scholar_23473,0,0,FALSE
dblp_176#scholar_46762,0,0,FALSE
dblp_21#scholar_39695,0,0,FALSE
dblp_1439#scholar_13240,0,0,FALSE
dblp_1913#scholar_35738,1,1,TRUE
dblp_2376#scholar_3280,0,0,FALSE
dblp_2521#scholar_6141,0,0,FALSE
dblp_178#scholar_30419,0,0,FALSE
dblp_2329#scholar_58203,0,0,FALSE
dblp_2111#scholar_14294,0,0,FALSE
dblp_2278#scholar_7504,0,0,FALSE
dblp_947#scholar_45177,0,0,FALSE
dblp_1975#scholar_30120,0,0,FALSE
dblp_1290#scholar_55659,0,0,FALSE
dblp_612#scholar_39932,0,0,FALSE
dblp_2277#scholar_60682,0,0,FALSE
dblp_642#scholar_17860,0,0,FALSE
dblp_2575#scholar_37229,0,0,FALSE
dblp_2222#scholar_20385,0,0,FALSE
dblp_921#scholar_28930,0,0,FALSE
dblp_672#scholar_30020,0,0,FALSE
dblp_2573#scholar_8325,0,0,FALSE
dblp_2161#scholar_56256,0,0,FALSE
dblp_2308#scholar_17287,0,0,FALSE
dblp_2427#scholar_3716,0,0,FALSE
dblp_758#scholar_6855,0,0,FALSE
dblp_154#scholar_29539,0,0,FALSE
dblp_2328#scholar_64062,0,0,FALSE
dblp_1856#scholar_5650,0,0,FALSE
dblp_712#scholar_31615,0,0,FALSE
dblp_1016#scholar_52161,0,0,FALSE
dblp_1625#scholar_19423,0,0,FALSE
dblp_2560#scholar_39349,0,0,FALSE
dblp_2400#scholar_40093,0,0,FALSE
dblp_443#scholar_18176,0,0,FALSE
dblp_695#scholar_55465,1,1,TRUE
dblp_1776#scholar_51702,0,0,FALSE
dblp_2568#scholar_7065,0,0,FALSE
dblp_406#scholar_3605,0,0,FALSE
dblp_151#scholar_34408,0,0,FALSE
dblp_404#scholar_50425,0,0,FALSE
dblp_759#scholar_27715,0,1,TRUE
dblp_1755#scholar_54148,1,1,TRUE
dblp_1138#scholar_45906,0,0,FALSE
dblp_1953#scholar_57892,0,0,FALSE
dblp_182#scholar_53469,0,0,FALSE
dblp_1802#scholar_62397,0,1,TRUE
dblp_519#scholar_31706,0,0,FALSE
dblp_288#scholar_35825,0,0,FALSE
dblp_554#scholar_8072,0,0,FALSE
dblp_2014#scholar_53996,1,1,TRUE
dblp_1957#scholar_46319,1,1,TRUE
dblp_1443#scholar_54595,0,0,FALSE
dblp_1401#scholar_37487,0,0,FALSE
dblp_1635#scholar_60594,0,0,FALSE
dblp_2111#scholar_3511,0,0,FALSE
dblp_1172#scholar_2004,0,0,FALSE
dblp_56#scholar_8795,0,0,FALSE
dblp_752#scholar_57538,1,1,TRUE
dblp_2365#scholar_8255,1,1,TRUE
dblp_2568#scholar_44542,0,0,FALSE
dblp_2280#scholar_26417,0,0,FALSE
dblp_511#scholar_5337,1,1,TRUE
dblp_139#scholar_52854,0,0,FALSE
dblp_2483#scholar_14605,0,0,FALSE
dblp_2314#scholar_17076,0,0,FALSE
dblp_1883#scholar_8669,0,0,FALSE
dblp_1749#scholar_10096,0,0,FALSE
dblp_2295#scholar_21895,0,0,FALSE
dblp_574#scholar_538,0,0,FALSE
dblp_288#scholar_12581,0,0,FALSE
dblp_1093#scholar_61162,1,1,TRUE
dblp_1090#scholar_49946,1,1,TRUE
dblp_345#scholar_12896,1,0,FALSE
dblp_693#scholar_38115,1,1,TRUE
dblp_1831#scholar_61774,0,0,FALSE
dblp_377#scholar_53827,1,1,TRUE
dblp_1244#scholar_9291,0,0,FALSE
dblp_787#scholar_45345,0,0,FALSE
dblp_753#scholar_58965,0,0,FALSE
dblp_1016#scholar_46591,0,0,FALSE
dblp_1395#scholar_31146,0,0,FALSE
dblp_1392#scholar_50550,0,0,FALSE
dblp_2208#scholar_27021,0,0,FALSE
dblp_182#scholar_63460,0,0,FALSE
dblp_2329#scholar_25145,0,0,FALSE
dblp_1526#scholar_28546,1,1,TRUE
dblp_996#scholar_41911,0,0,FALSE
dblp_2562#scholar_53655,0,0,FALSE
dblp_277#scholar_29184,0,0,FALSE
dblp_535#scholar_53611,0,0,FALSE
dblp_566#scholar_62441,1,1,TRUE
dblp_2500#scholar_49692,0,0,FALSE
dblp_2310#scholar_39536,0,0,FALSE
dblp_720#scholar_17165,0,0,FALSE
dblp_229#scholar_61425,0,0,FALSE
dblp_660#scholar_26355,0,0,FALSE
dblp_1834#scholar_40188,0,0,FALSE
dblp_1145#scholar_38995,0,0,FALSE
dblp_778#scholar_60400,0,0,FALSE
dblp_1957#scholar_33657,0,0,FALSE
dblp_4#scholar_52389,0,0,FALSE
dblp_365#scholar_28169,0,0,FALSE
dblp_1542#scholar_12263,0,0,FALSE
dblp_2209#scholar_19680,0,0,FALSE
dblp_969#scholar_61585,0,0,FALSE
dblp_783#scholar_61470,0,0,FALSE
dblp_934#scholar_53022,0,0,FALSE
dblp_399#scholar_16129,0,0,FALSE
dblp_860#scholar_42327,0,0,FALSE
dblp_964#scholar_22911,0,0,FALSE
dblp_2513#scholar_53356,0,0,FALSE
dblp_741#scholar_42156,0,0,FALSE
dblp_1953#scholar_34662,0,0,FALSE
dblp_2500#scholar_56451,0,0,FALSE
dblp_2310#scholar_41277,0,0,FALSE
dblp_1056#scholar_46320,0,0,FALSE
dblp_351#scholar_40597,0,0,FALSE
dblp_2318#scholar_24080,0,0,FALSE
dblp_2063#scholar_21862,1,1,TRUE
dblp_859#scholar_31687,0,0,FALSE
dblp_2275#scholar_36092,0,0,FALSE
dblp_682#scholar_44147,0,0,FALSE
dblp_1833#scholar_32041,0,0,FALSE
dblp_1439#scholar_54144,0,0,FALSE
dblp_1953#scholar_13989,0,0,FALSE
dblp_1811#scholar_38046,0,0,FALSE
dblp_1244#scholar_2870,0,0,FALSE
dblp_1704#scholar_49034,0,0,FALSE
dblp_1986#scholar_39079,0,0,FALSE
dblp_2469#scholar_11508,0,0,FALSE
dblp_1840#scholar_48405,0,0,FALSE
dblp_1401#scholar_571,0,0,FALSE
dblp_1829#scholar_33239,0,0,FALSE
dblp_669#scholar_38759,0,0,FALSE
dblp_1199#scholar_102,1,1,TRUE
dblp_2256#scholar_12263,0,0,FALSE
dblp_1695#scholar_46275,1,1,TRUE
dblp_1543#scholar_47315,0,0,FALSE
dblp_2507#scholar_5403,1,1,TRUE
dblp_2420#scholar_21960,0,0,FALSE
dblp_761#scholar_37001,0,0,FALSE
dblp_106#scholar_57609,0,0,FALSE
dblp_677#scholar_55371,0,0,FALSE
dblp_2113#scholar_54465,0,0,FALSE
dblp_1814#scholar_52014,1,1,TRUE
dblp_2396#scholar_43154,0,0,FALSE
dblp_612#scholar_13240,0,0,FALSE
dblp_2559#scholar_36277,0,0,FALSE
dblp_2559#scholar_13025,0,0,FALSE
dblp_484#scholar_62102,1,1,TRUE
dblp_2585#scholar_45743,0,0,FALSE
dblp_2006#scholar_34868,0,0,FALSE
dblp_2351#scholar_38593,1,1,TRUE
dblp_895#scholar_43129,0,0,FALSE
dblp_1292#scholar_43446,0,0,FALSE
dblp_1190#scholar_55100,0,0,FALSE
dblp_1640#scholar_34662,0,0,FALSE
dblp_1439#scholar_45920,0,0,FALSE
dblp_925#scholar_61692,0,0,FALSE
dblp_286#scholar_61126,0,0,FALSE
dblp_1985#scholar_56813,1,1,TRUE
dblp_544#scholar_42537,0,0,FALSE
dblp_1529#scholar_32963,0,0,FALSE
dblp_1579#scholar_54434,1,1,TRUE
dblp_2568#scholar_27538,0,0,FALSE
dblp_524#scholar_54913,0,0,FALSE
dblp_956#scholar_37509,0,0,FALSE
dblp_1431#scholar_63201,0,0,FALSE
dblp_2161#scholar_38390,0,0,FALSE
dblp_2180#scholar_34207,1,1,TRUE
dblp_736#scholar_25396,0,0,FALSE
dblp_1834#scholar_39755,0,0,FALSE
dblp_1395#scholar_23461,0,0,FALSE
dblp_1431#scholar_25454,0,0,FALSE
dblp_1244#scholar_59134,0,0,FALSE
dblp_652#scholar_50871,0,0,FALSE
dblp_2220#scholar_12263,0,0,FALSE
dblp_1620#scholar_12133,0,0,FALSE
dblp_100#scholar_63899,0,0,FALSE
dblp_1376#scholar_16753,1,1,TRUE
dblp_1133#scholar_9426,0,0,FALSE
dblp_336#scholar_53701,0,0,FALSE
dblp_944#scholar_32114,0,0,FALSE
dblp_1401#scholar_52741,0,0,FALSE
dblp_1288#scholar_7046,0,0,FALSE
dblp_2585#scholar_44226,0,0,FALSE
dblp_769#scholar_28945,0,0,FALSE
dblp_280#scholar_60693,0,0,FALSE
dblp_812#scholar_38677,0,0,FALSE
dblp_775#scholar_22664,1,1,TRUE
dblp_1610#scholar_19768,0,0,FALSE
dblp_559#scholar_13671,0,0,FALSE
dblp_1922#scholar_53053,0,0,FALSE
dblp_587#scholar_38958,0,0,FALSE
dblp_1479#scholar_45999,0,0,FALSE
dblp_488#scholar_42659,0,0,FALSE
dblp_1826#scholar_29569,0,0,FALSE
dblp_1798#scholar_10035,0,0,FALSE
dblp_2255#scholar_20480,0,0,FALSE
dblp_2400#scholar_45111,0,0,FALSE
dblp_1375#scholar_6805,0,0,FALSE
dblp_661#scholar_6348,0,0,FALSE
dblp_703#scholar_29409,0,0,FALSE
dblp_604#scholar_62964,0,0,FALSE
dblp_1082#scholar_47498,0,0,FALSE
dblp_187#scholar_339,0,0,FALSE
dblp_2314#scholar_11382,0,0,FALSE
dblp_1853#scholar_58055,0,0,FALSE
dblp_1981#scholar_1183,0,0,FALSE
dblp_347#scholar_7762,0,0,FALSE
dblp_2466#scholar_7916,0,0,FALSE
dblp_767#scholar_32584,0,0,FALSE
dblp_2440#scholar_9513,0,0,FALSE
dblp_604#scholar_58147,0,0,FALSE
dblp_2183#scholar_35130,0,0,FALSE
dblp_2230#scholar_54548,1,1,TRUE
dblp_1815#scholar_5072,0,0,FALSE
dblp_204#scholar_13705,0,0,FALSE
dblp_40#scholar_22913,0,0,FALSE
dblp_1640#scholar_20274,0,0,FALSE
dblp_1397#scholar_15024,0,0,FALSE
dblp_2338#scholar_22756,0,0,FALSE
dblp_95#scholar_46078,0,0,FALSE
dblp_1746#scholar_53977,0,0,FALSE
dblp_1842#scholar_49835,0,0,FALSE
dblp_2404#scholar_16242,0,0,FALSE
dblp_1051#scholar_59643,0,0,FALSE
dblp_570#scholar_11839,0,0,FALSE
dblp_1591#scholar_50779,1,1,TRUE
dblp_874#scholar_5265,1,1,TRUE
dblp_1004#scholar_9777,0,0,FALSE
dblp_2400#scholar_5647,0,0,FALSE
dblp_2270#scholar_26822,0,0,FALSE
dblp_1981#scholar_7151,0,0,FALSE
dblp_252#scholar_38562,0,1,TRUE
dblp_353#scholar_29979,0,0,FALSE
dblp_1401#scholar_41474,0,0,FALSE
dblp_643#scholar_52542,1,1,TRUE
dblp_2597#scholar_1303,1,1,TRUE
dblp_1963#scholar_36002,0,0,FALSE
dblp_1830#scholar_48572,0,0,FALSE
dblp_2418#scholar_33788,0,0,FALSE
dblp_2372#scholar_3833,0,0,FALSE
dblp_832#scholar_3260,1,1,TRUE
dblp_1683#scholar_53275,0,0,FALSE
dblp_1541#scholar_38049,0,1,TRUE
dblp_960#scholar_6070,0,0,FALSE
dblp_1413#scholar_57260,1,1,TRUE
dblp_1821#scholar_57488,0,0,FALSE
dblp_1253#scholar_25522,1,1,TRUE
dblp_1288#scholar_34662,0,0,FALSE
dblp_288#scholar_35130,0,0,FALSE
dblp_1834#scholar_2113,0,0,FALSE
dblp_840#scholar_16650,0,0,FALSE
dblp_615#scholar_14259,0,0,FALSE
dblp_299#scholar_1509,0,0,FALSE
dblp_1127#scholar_11426,0,0,FALSE
dblp_1780#scholar_56286,0,0,FALSE
dblp_837#scholar_10364,0,0,FALSE
dblp_515#scholar_16129,0,0,FALSE
dblp_604#scholar_26096,0,0,FALSE
dblp_2560#scholar_10867,0,0,FALSE
dblp_342#scholar_62491,0,1,TRUE
dblp_1040#scholar_45283,1,1,TRUE
dblp_1158#scholar_24643,0,0,FALSE
dblp_1200#scholar_58526,0,0,FALSE
dblp_562#scholar_61117,0,0,FALSE
dblp_1319#scholar_41147,0,0,FALSE
dblp_2329#scholar_40083,0,0,FALSE
dblp_2188#scholar_18611,0,0,FALSE
dblp_810#scholar_13074,1,1,TRUE
dblp_935#scholar_56645,0,0,FALSE
dblp_1963#scholar_16499,0,0,FALSE
dblp_2528#scholar_57488,0,0,FALSE
dblp_1807#scholar_46421,0,0,FALSE
dblp_259#scholar_7033,1,1,TRUE
dblp_758#scholar_57253,0,0,FALSE
dblp_576#scholar_48594,1,1,TRUE
dblp_953#scholar_17274,0,0,FALSE
dblp_2208#scholar_45957,0,0,FALSE
dblp_1161#scholar_11030,0,0,FALSE
dblp_170#scholar_15532,1,1,TRUE
dblp_1562#scholar_37447,1,1,TRUE
dblp_1674#scholar_41629,1,1,TRUE
dblp_2420#scholar_19019,1,1,TRUE
dblp_178#scholar_48824,0,0,FALSE
dblp_915#scholar_61959,1,1,TRUE
dblp_1363#scholar_32550,1,1,TRUE
dblp_351#scholar_26789,0,0,FALSE
dblp_2565#scholar_27667,0,0,FALSE
dblp_1873#scholar_2488,1,1,TRUE
dblp_538#scholar_50780,0,0,FALSE
dblp_1640#scholar_52988,0,0,FALSE
dblp_968#scholar_33407,0,0,FALSE
dblp_2187#scholar_28005,1,1,TRUE
dblp_2396#scholar_6685,0,0,FALSE
dblp_95#scholar_47851,0,0,FALSE
dblp_515#scholar_21032,0,0,FALSE
dblp_1796#scholar_37857,0,0,FALSE
dblp_2310#scholar_15903,0,0,FALSE
dblp_1867#scholar_3273,0,0,FALSE
dblp_2249#scholar_28134,0,0,FALSE
dblp_1158#scholar_24258,0,0,FALSE
dblp_1127#scholar_56232,1,0,FALSE
dblp_19#scholar_17325,0,0,FALSE
dblp_1148#scholar_50886,0,1,TRUE
dblp_568#scholar_31216,0,1,TRUE
dblp_619#scholar_63356,1,1,TRUE
dblp_323#scholar_47083,0,0,FALSE
dblp_1749#scholar_7509,0,0,FALSE
dblp_1082#scholar_29821,0,1,TRUE
dblp_204#scholar_29138,0,0,FALSE
dblp_5#scholar_61919,0,0,FALSE
dblp_1560#scholar_46421,0,0,FALSE
dblp_1108#scholar_40422,1,1,TRUE
dblp_2125#scholar_56256,0,0,FALSE
dblp_194#scholar_16311,0,0,FALSE
dblp_1161#scholar_19610,0,0,FALSE
dblp_1921#scholar_11938,0,0,FALSE
dblp_2492#scholar_41580,0,0,FALSE
dblp_566#scholar_60499,0,0,FALSE
dblp_1113#scholar_23330,1,1,TRUE
dblp_1471#scholar_9207,0,0,FALSE
dblp_2556#scholar_28227,0,0,FALSE
dblp_1131#scholar_23257,1,1,TRUE
dblp_1061#scholar_36331,0,0,FALSE
dblp_2396#scholar_25099,0,0,FALSE
dblp_1348#scholar_39384,0,0,FALSE
dblp_1706#scholar_57383,0,0,FALSE
dblp_1167#scholar_14825,0,0,FALSE
dblp_519#scholar_3386,0,0,FALSE
dblp_1066#scholar_19518,0,0,FALSE
dblp_562#scholar_50062,0,0,FALSE
dblp_1912#scholar_49491,0,0,FALSE
dblp_58#scholar_21667,0,0,FALSE
dblp_2393#scholar_25538,1,1,TRUE
dblp_1492#scholar_44375,0,0,FALSE
dblp_632#scholar_52181,0,0,FALSE
dblp_1829#scholar_31442,0,0,FALSE
dblp_1973#scholar_18453,1,1,TRUE
dblp_359#scholar_44226,0,0,FALSE
dblp_494#scholar_32124,0,0,FALSE
dblp_2264#scholar_15363,0,0,FALSE
dblp_535#scholar_22457,0,0,FALSE
dblp_899#scholar_41920,0,0,FALSE
dblp_455#scholar_31190,0,0,FALSE
dblp_1244#scholar_45632,0,0,FALSE
dblp_2339#scholar_22852,1,1,TRUE
dblp_1376#scholar_11385,1,1,TRUE
dblp_2001#scholar_41362,0,0,FALSE
dblp_453#scholar_63201,0,0,FALSE
dblp_1592#scholar_41642,1,0,FALSE
dblp_146#scholar_28305,0,0,FALSE
dblp_901#scholar_21155,1,1,TRUE
dblp_135#scholar_39396,0,0,FALSE
dblp_526#scholar_47498,1,1,TRUE
dblp_604#scholar_49169,0,0,FALSE
dblp_778#scholar_23777,0,0,FALSE
dblp_266#scholar_26388,0,0,FALSE
dblp_2191#scholar_9091,1,0,FALSE
dblp_1754#scholar_24271,1,1,TRUE
dblp_2081#scholar_61225,0,1,TRUE
dblp_682#scholar_61690,0,0,FALSE
dblp_1893#scholar_339,0,0,FALSE
dblp_1610#scholar_46704,0,0,FALSE
dblp_460#scholar_3858,0,0,FALSE
dblp_709#scholar_49856,0,0,FALSE
dblp_2101#scholar_52063,0,0,FALSE
dblp_931#scholar_37072,1,1,TRUE
dblp_837#scholar_21161,1,1,TRUE
dblp_707#scholar_45879,0,0,FALSE
dblp_1536#scholar_28778,0,0,FALSE
dblp_534#scholar_29717,0,0,FALSE
dblp_527#scholar_30349,0,0,FALSE
dblp_1442#scholar_53354,0,0,FALSE
dblp_1761#scholar_52266,0,0,FALSE
dblp_997#scholar_47463,1,1,TRUE
dblp_2338#scholar_9536,0,0,FALSE
dblp_2185#scholar_33952,0,0,FALSE
dblp_1127#scholar_15307,0,0,FALSE
dblp_1712#scholar_48928,0,0,FALSE
dblp_1356#scholar_60721,0,0,FALSE
dblp_1707#scholar_14012,1,1,TRUE
dblp_808#scholar_30385,1,1,TRUE
dblp_203#scholar_34833,0,0,FALSE
dblp_75#scholar_2327,0,0,FALSE
dblp_95#scholar_61022,0,0,FALSE
dblp_2295#scholar_17082,0,0,FALSE
dblp_1675#scholar_51565,0,0,FALSE
dblp_1395#scholar_21794,1,1,TRUE
dblp_1213#scholar_26033,0,0,FALSE
dblp_2325#scholar_40376,1,1,TRUE
dblp_1977#scholar_16923,1,1,TRUE
dblp_56#scholar_45111,0,0,FALSE
dblp_289#scholar_3473,0,0,FALSE
dblp_1998#scholar_25579,1,1,TRUE
dblp_2326#scholar_22750,0,0,FALSE
dblp_1926#scholar_54277,0,0,FALSE
dblp_2423#scholar_23316,0,0,FALSE
dblp_2336#scholar_61519,0,0,FALSE
dblp_2086#scholar_21619,0,0,FALSE
dblp_228#scholar_13295,0,0,FALSE
dblp_2558#scholar_57503,0,0,FALSE
dblp_1954#scholar_30600,0,0,FALSE
dblp_714#scholar_45580,0,0,FALSE
dblp_1152#scholar_2065,1,1,TRUE
dblp_1200#scholar_38997,0,0,FALSE
dblp_1061#scholar_31615,0,0,FALSE
dblp_1683#scholar_11310,0,0,FALSE
dblp_204#scholar_15622,0,0,FALSE
dblp_1094#scholar_49442,0,0,FALSE
dblp_2102#scholar_44080,0,0,FALSE
dblp_2575#scholar_16906,0,0,FALSE
dblp_1962#scholar_58301,0,0,FALSE
dblp_2001#scholar_33220,0,0,FALSE
dblp_1005#scholar_17473,0,0,FALSE
dblp_1787#scholar_7491,1,1,TRUE
dblp_367#scholar_14340,0,0,FALSE
dblp_1712#scholar_27014,0,0,FALSE
dblp_2166#scholar_22394,0,0,FALSE
dblp_2509#scholar_52277,0,0,FALSE
dblp_1239#scholar_16906,0,0,FALSE
dblp_851#scholar_40274,1,1,TRUE
dblp_2310#scholar_28594,0,0,FALSE
dblp_1073#scholar_23667,1,1,TRUE
dblp_1793#scholar_34084,0,0,FALSE
dblp_1158#scholar_36331,0,0,FALSE
dblp_661#scholar_31216,0,0,FALSE
dblp_2578#scholar_45971,0,0,FALSE
dblp_2314#scholar_8968,0,0,FALSE
dblp_718#scholar_45700,0,0,FALSE
dblp_1082#scholar_47112,0,0,FALSE
dblp_2380#scholar_21618,0,0,FALSE
dblp_1439#scholar_55264,0,0,FALSE
dblp_351#scholar_24422,0,0,FALSE
dblp_277#scholar_52875,0,0,FALSE
dblp_1955#scholar_11014,0,0,FALSE
dblp_703#scholar_50432,0,0,FALSE
dblp_2410#scholar_39394,0,0,FALSE
dblp_996#scholar_10972,0,0,FALSE
dblp_582#scholar_45299,0,0,FALSE
dblp_773#scholar_62964,0,0,FALSE
dblp_748#scholar_18456,0,0,FALSE
dblp_381#scholar_43682,0,0,FALSE
dblp_2153#scholar_52668,1,1,TRUE
dblp_406#scholar_58223,0,0,FALSE
dblp_1401#scholar_1547,0,0,FALSE
dblp_115#scholar_33904,0,0,FALSE
dblp_1640#scholar_3210,0,0,FALSE
dblp_1454#scholar_19179,1,1,TRUE
dblp_178#scholar_27453,0,0,FALSE
dblp_443#scholar_46905,0,0,FALSE
dblp_170#scholar_60681,0,0,FALSE
dblp_1089#scholar_7819,1,1,TRUE
dblp_713#scholar_26355,0,0,FALSE
dblp_603#scholar_15003,0,0,FALSE
dblp_304#scholar_22630,0,0,FALSE
dblp_2579#scholar_16092,0,0,FALSE
dblp_209#scholar_20532,0,0,FALSE
dblp_1632#scholar_36934,0,0,FALSE
dblp_2349#scholar_20317,0,0,FALSE
dblp_807#scholar_41362,0,0,FALSE
dblp_2552#scholar_14213,0,0,FALSE
dblp_2598#scholar_37320,0,0,FALSE
dblp_1587#scholar_45495,1,1,TRUE
dblp_758#scholar_34485,0,0,FALSE
dblp_326#scholar_339,0,0,FALSE
dblp_1827#scholar_38677,0,0,FALSE
dblp_2232#scholar_10005,0,0,FALSE
dblp_692#scholar_52070,1,1,TRUE
dblp_891#scholar_47199,0,0,FALSE
dblp_668#scholar_11267,0,0,FALSE
dblp_1408#scholar_63614,0,0,FALSE
dblp_807#scholar_51692,0,0,FALSE
dblp_791#scholar_42492,0,0,FALSE
dblp_453#scholar_9209,0,0,FALSE
dblp_1672#scholar_20661,1,1,TRUE
dblp_2126#scholar_62091,0,1,TRUE
dblp_640#scholar_53977,0,0,FALSE
dblp_72#scholar_63302,0,0,FALSE
dblp_1744#scholar_46793,1,1,TRUE
dblp_1133#scholar_11577,0,0,FALSE
dblp_28#scholar_37773,0,0,FALSE
dblp_2188#scholar_59316,0,0,FALSE
dblp_1416#scholar_19863,1,1,TRUE
dblp_2394#scholar_34523,1,1,TRUE
dblp_801#scholar_26445,1,1,TRUE
dblp_2307#scholar_61056,0,0,FALSE
dblp_1944#scholar_4809,0,0,FALSE
dblp_1640#scholar_43415,0,0,FALSE
dblp_775#scholar_15983,1,1,TRUE
dblp_1792#scholar_63162,0,0,FALSE
dblp_2538#scholar_54174,0,0,FALSE
dblp_709#scholar_8968,0,0,FALSE
dblp_734#scholar_56345,0,0,FALSE
dblp_2541#scholar_7205,0,0,FALSE
dblp_1196#scholar_20972,1,1,TRUE
dblp_1397#scholar_10867,0,0,FALSE
dblp_1311#scholar_20446,1,1,TRUE
dblp_2188#scholar_43190,0,0,FALSE
dblp_1974#scholar_41664,0,0,FALSE
dblp_1610#scholar_21763,1,1,TRUE
dblp_1663#scholar_50885,0,1,TRUE
dblp_2372#scholar_23049,1,1,TRUE
dblp_408#scholar_25749,0,0,FALSE
dblp_1499#scholar_22535,0,0,FALSE
dblp_713#scholar_16906,0,0,FALSE
dblp_612#scholar_57463,0,0,FALSE
dblp_674#scholar_31359,1,1,TRUE
dblp_1953#scholar_64215,0,0,FALSE
dblp_1643#scholar_25741,1,1,TRUE
dblp_2027#scholar_55034,0,0,FALSE
dblp_2490#scholar_2045,0,0,FALSE
dblp_221#scholar_23440,0,0,FALSE
dblp_1365#scholar_29676,0,0,FALSE
dblp_1953#scholar_53196,0,0,FALSE
dblp_104#scholar_52821,0,0,FALSE
dblp_1841#scholar_15876,0,0,FALSE
dblp_2542#scholar_29169,0,0,FALSE
dblp_1671#scholar_34235,0,1,TRUE
dblp_2303#scholar_42693,1,1,TRUE
dblp_1138#scholar_13830,0,0,FALSE
dblp_132#scholar_52821,0,0,FALSE
dblp_1100#scholar_41113,1,1,TRUE
dblp_1213#scholar_48814,0,0,FALSE
dblp_1770#scholar_62474,0,0,FALSE
dblp_826#scholar_24888,1,1,TRUE
dblp_2292#scholar_57380,0,0,FALSE
dblp_2212#scholar_29784,0,0,FALSE
dblp_899#scholar_60693,0,0,FALSE
dblp_1012#scholar_19951,0,0,FALSE
dblp_1026#scholar_40832,1,1,TRUE
dblp_2560#scholar_39755,0,0,FALSE
dblp_115#scholar_29717,0,0,FALSE
dblp_19#scholar_45452,0,0,FALSE
dblp_526#scholar_39062,0,0,FALSE
dblp_502#scholar_23586,1,1,TRUE
dblp_349#scholar_20602,0,0,FALSE
dblp_1185#scholar_28988,0,0,FALSE
dblp_302#scholar_8145,0,0,FALSE
dblp_20#scholar_14220,1,1,TRUE
dblp_1419#scholar_52285,0,0,FALSE
dblp_2289#scholar_10195,0,0,FALSE
dblp_58#scholar_39881,1,1,TRUE
dblp_1085#scholar_18935,1,1,TRUE
dblp_2396#scholar_59558,0,0,FALSE
dblp_1226#scholar_4775,0,0,FALSE
dblp_1156#scholar_26305,0,0,FALSE
dblp_1436#scholar_26725,1,1,TRUE
dblp_709#scholar_34498,0,0,FALSE
dblp_669#scholar_12319,0,0,FALSE
dblp_336#scholar_31401,0,0,FALSE
dblp_1132#scholar_14903,0,0,FALSE
dblp_2040#scholar_6915,1,1,TRUE
dblp_2212#scholar_23036,0,0,FALSE
dblp_2045#scholar_2056,0,0,FALSE
dblp_974#scholar_38157,0,0,FALSE
dblp_229#scholar_7208,0,0,FALSE
dblp_1190#scholar_58307,0,0,FALSE
dblp_694#scholar_4773,0,0,FALSE
dblp_1192#scholar_50474,1,1,TRUE
dblp_2607#scholar_34340,0,1,TRUE
dblp_2001#scholar_4334,0,0,FALSE
dblp_715#scholar_48594,0,0,FALSE
dblp_2423#scholar_18275,0,0,FALSE
dblp_2372#scholar_29360,0,0,FALSE
dblp_1643#scholar_30360,1,1,TRUE
dblp_703#scholar_9039,0,0,FALSE
dblp_2468#scholar_59186,0,0,FALSE
dblp_1400#scholar_3418,0,0,FALSE
dblp_1184#scholar_36519,1,1,TRUE
dblp_713#scholar_60770,0,0,FALSE
dblp_1531#scholar_20353,0,0,FALSE
dblp_2427#scholar_19405,0,0,FALSE
dblp_723#scholar_50024,1,1,TRUE
dblp_1536#scholar_46591,0,0,FALSE
dblp_286#scholar_13933,0,0,FALSE
dblp_115#scholar_50887,0,0,FALSE
dblp_2125#scholar_16650,0,0,FALSE
dblp_18#scholar_28404,1,1,TRUE
dblp_452#scholar_50720,0,0,FALSE
dblp_696#scholar_21047,0,0,FALSE
dblp_1612#scholar_37100,0,0,FALSE
dblp_1005#scholar_26496,0,0,FALSE
dblp_2269#scholar_21018,0,0,FALSE
dblp_703#scholar_50881,0,0,FALSE
dblp_960#scholar_3034,0,0,FALSE
dblp_2272#scholar_5877,0,0,FALSE
dblp_204#scholar_10163,0,0,FALSE
dblp_1742#scholar_47912,0,0,FALSE
dblp_1848#scholar_59332,0,0,FALSE
dblp_1751#scholar_43955,1,1,TRUE
dblp_1145#scholar_15622,0,0,FALSE
dblp_535#scholar_51641,0,0,FALSE
dblp_19#scholar_48702,0,0,FALSE
dblp_1139#scholar_47060,0,0,FALSE
dblp_611#scholar_54568,0,0,FALSE
dblp_36#scholar_39088,0,0,FALSE
dblp_1407#scholar_18704,0,0,FALSE
dblp_2277#scholar_23836,1,1,TRUE
dblp_1867#scholar_15024,0,0,FALSE
dblp_960#scholar_33240,0,0,FALSE
dblp_1221#scholar_21779,0,0,FALSE
dblp_228#scholar_6003,0,0,FALSE
dblp_74#scholar_58429,0,0,FALSE
dblp_903#scholar_19714,1,1,TRUE
dblp_280#scholar_53362,0,0,FALSE
dblp_291#scholar_23036,0,0,FALSE
dblp_1401#scholar_16892,0,0,FALSE
dblp_824#scholar_41362,0,0,FALSE
dblp_1742#scholar_33960,0,0,FALSE
dblp_1796#scholar_8329,0,0,FALSE
dblp_1821#scholar_55804,0,0,FALSE
dblp_1629#scholar_50105,0,0,FALSE
dblp_488#scholar_22975,0,0,FALSE
dblp_487#scholar_22807,0,0,FALSE
dblp_1921#scholar_6708,0,0,FALSE
dblp_1089#scholar_12426,0,0,FALSE
dblp_2255#scholar_7844,0,0,FALSE
dblp_1829#scholar_35023,0,0,FALSE
dblp_2295#scholar_1113,0,0,FALSE
dblp_1545#scholar_25167,1,1,TRUE
dblp_721#scholar_59728,0,0,FALSE
dblp_1969#scholar_59561,0,0,FALSE
dblp_2166#scholar_30616,0,0,FALSE
dblp_1602#scholar_19810,1,1,TRUE
dblp_228#scholar_10637,0,0,FALSE
dblp_1619#scholar_42537,0,0,FALSE
dblp_2416#scholar_38497,0,0,FALSE
dblp_562#scholar_58526,0,0,FALSE
dblp_265#scholar_45269,0,0,FALSE
dblp_1781#scholar_31530,0,0,FALSE
dblp_682#scholar_43981,0,0,FALSE
dblp_713#scholar_9039,0,0,FALSE
dblp_1734#scholar_39144,0,0,FALSE
dblp_1465#scholar_55610,0,0,FALSE
dblp_1826#scholar_27662,0,0,FALSE
dblp_1875#scholar_60850,0,0,FALSE
dblp_526#scholar_47928,0,0,FALSE
dblp_2342#scholar_7916,0,0,FALSE
dblp_1981#scholar_24092,1,1,TRUE
dblp_1392#scholar_52789,0,0,FALSE
dblp_1316#scholar_4308,0,0,FALSE
dblp_746#scholar_29605,0,0,FALSE
dblp_2265#scholar_59156,0,0,FALSE
dblp_1048#scholar_52948,1,1,TRUE
dblp_840#scholar_29227,0,0,FALSE
dblp_1543#scholar_45920,0,0,FALSE
dblp_2185#scholar_8276,0,0,FALSE
dblp_1292#scholar_55789,0,0,FALSE
dblp_1212#scholar_7510,0,0,FALSE
dblp_1244#scholar_494,0,0,FALSE
dblp_1204#scholar_61536,0,0,FALSE
dblp_1683#scholar_1183,0,0,FALSE
dblp_848#scholar_53927,0,0,FALSE
dblp_194#scholar_43210,0,0,FALSE
dblp_563#scholar_25619,0,0,FALSE
dblp_1618#scholar_38950,1,1,TRUE
dblp_2241#scholar_27624,1,1,TRUE
dblp_801#scholar_24830,0,0,FALSE
dblp_2513#scholar_11839,0,0,FALSE
dblp_1612#scholar_52706,0,0,FALSE
dblp_649#scholar_3822,0,0,FALSE
dblp_1292#scholar_33872,0,0,FALSE
dblp_2564#scholar_55580,0,0,FALSE
dblp_724#scholar_58774,0,0,FALSE
dblp_893#scholar_29502,1,1,TRUE
dblp_2438#scholar_1467,1,1,TRUE
dblp_2420#scholar_21283,0,0,FALSE
dblp_17#scholar_33657,0,0,FALSE
dblp_604#scholar_48163,0,0,FALSE
dblp_1410#scholar_33707,1,1,TRUE
dblp_1247#scholar_34586,0,0,FALSE
dblp_1953#scholar_56241,0,0,FALSE
dblp_1974#scholar_22519,0,0,FALSE
dblp_1281#scholar_29697,1,1,TRUE
dblp_2222#scholar_53862,0,0,FALSE
dblp_1585#scholar_2361,1,1,TRUE
dblp_194#scholar_42156,0,0,FALSE
dblp_2432#scholar_14281,0,0,FALSE
dblp_1960#scholar_33300,0,0,FALSE
dblp_779#scholar_2325,1,1,TRUE
dblp_1263#scholar_42885,0,0,FALSE
dblp_2615#scholar_191,0,0,FALSE
dblp_2256#scholar_10770,0,0,FALSE
dblp_1357#scholar_43588,1,1,TRUE
dblp_2005#scholar_49918,0,0,FALSE
dblp_406#scholar_34106,0,0,FALSE
dblp_2338#scholar_62171,0,0,FALSE
dblp_147#scholar_16310,0,0,FALSE
dblp_1543#scholar_63089,0,0,FALSE
dblp_95#scholar_33858,0,0,FALSE
dblp_2371#scholar_4524,1,1,TRUE
dblp_1650#scholar_32713,0,0,FALSE
dblp_1206#scholar_44759,1,1,TRUE
dblp_2338#scholar_30082,0,0,FALSE
dblp_2563#scholar_51928,0,0,FALSE
dblp_2420#scholar_4319,0,0,FALSE
dblp_1401#scholar_19853,0,0,FALSE
dblp_2001#scholar_17286,0,0,FALSE
dblp_1161#scholar_39191,0,0,FALSE
dblp_2562#scholar_13061,0,0,FALSE
dblp_1841#scholar_52385,0,0,FALSE
dblp_2396#scholar_17487,0,0,FALSE
dblp_1012#scholar_7065,0,0,FALSE
dblp_12#scholar_16499,0,0,FALSE
dblp_699#scholar_54837,0,0,FALSE
dblp_1133#scholar_23791,0,0,FALSE
dblp_277#scholar_50220,0,0,FALSE
dblp_1612#scholar_1370,1,1,TRUE
dblp_960#scholar_5970,0,0,FALSE
dblp_1826#scholar_50869,1,1,TRUE
dblp_1431#scholar_34372,0,0,FALSE
dblp_1368#scholar_14915,0,0,FALSE
dblp_856#scholar_15940,1,1,TRUE
dblp_772#scholar_4376,0,0,FALSE
dblp_598#scholar_42156,0,0,FALSE
dblp_2131#scholar_16902,1,1,TRUE
dblp_1702#scholar_35932,1,1,TRUE
dblp_1692#scholar_23632,0,0,FALSE
dblp_426#scholar_44899,1,1,TRUE
dblp_670#scholar_21454,0,0,FALSE
dblp_1633#scholar_25664,0,0,FALSE
dblp_1780#scholar_59481,1,1,TRUE
dblp_2208#scholar_63428,0,1,TRUE
dblp_1630#scholar_19466,1,1,TRUE
dblp_2292#scholar_54206,0,0,FALSE
dblp_182#scholar_47311,0,0,FALSE
dblp_95#scholar_57533,0,0,FALSE
dblp_657#scholar_13025,0,0,FALSE
dblp_2233#scholar_24175,0,0,FALSE
dblp_781#scholar_57113,0,0,FALSE
dblp_2491#scholar_52056,0,0,FALSE
dblp_1529#scholar_43933,0,0,FALSE
dblp_2211#scholar_63550,0,0,FALSE
dblp_1244#scholar_40735,0,0,FALSE
dblp_6#scholar_4018,0,0,FALSE
dblp_254#scholar_5093,0,0,FALSE
dblp_1587#scholar_21212,1,1,TRUE
dblp_1867#scholar_34869,0,0,FALSE
dblp_1743#scholar_43549,1,1,TRUE
dblp_1960#scholar_37724,0,0,FALSE
dblp_156#scholar_48006,0,0,FALSE
dblp_1157#scholar_15238,1,1,TRUE
dblp_1767#scholar_55320,0,0,FALSE
dblp_1079#scholar_13740,0,0,FALSE
dblp_120#scholar_20876,0,0,FALSE
dblp_90#scholar_28988,0,0,FALSE
dblp_632#scholar_36937,0,0,FALSE
dblp_842#scholar_23649,0,0,FALSE
dblp_1489#scholar_20027,1,1,TRUE
dblp_1135#scholar_30922,0,0,FALSE
dblp_1193#scholar_26660,0,0,FALSE
dblp_2564#scholar_31079,0,0,FALSE
dblp_1717#scholar_38749,0,0,FALSE
dblp_1221#scholar_13262,0,0,FALSE
dblp_1837#scholar_18734,1,1,TRUE
dblp_24#scholar_33260,1,1,TRUE
dblp_501#scholar_63361,0,0,FALSE
dblp_2264#scholar_23064,0,0,FALSE
dblp_1976#scholar_339,0,1,TRUE
dblp_1966#scholar_15883,0,0,FALSE
dblp_479#scholar_11014,0,0,FALSE
dblp_90#scholar_10343,0,0,FALSE
dblp_968#scholar_58117,0,0,FALSE
dblp_1460#scholar_16223,0,0,FALSE
dblp_2232#scholar_21619,0,0,FALSE
dblp_1109#scholar_20550,1,1,TRUE
dblp_1865#scholar_49711,0,0,FALSE
dblp_1362#scholar_26545,1,1,TRUE
dblp_74#scholar_53129,0,0,FALSE
dblp_2300#scholar_19278,1,1,TRUE
dblp_1827#scholar_25469,0,0,FALSE
dblp_541#scholar_7797,1,1,TRUE
dblp_1146#scholar_9099,0,0,FALSE
dblp_1591#scholar_3605,0,0,FALSE
dblp_1512#scholar_10635,1,1,TRUE
dblp_645#scholar_16906,0,0,FALSE
dblp_1828#scholar_57991,0,0,FALSE
dblp_1392#scholar_57454,0,0,FALSE
dblp_1472#scholar_61369,1,1,TRUE
dblp_2003#scholar_56662,1,1,TRUE
dblp_632#scholar_22024,0,0,FALSE
dblp_0#scholar_59995,1,1,TRUE
dblp_2128#scholar_63486,1,1,TRUE
dblp_1883#scholar_13908,0,0,FALSE
dblp_1200#scholar_18727,0,0,FALSE
dblp_2405#scholar_23228,0,0,FALSE
dblp_2205#scholar_54974,1,1,TRUE
dblp_562#scholar_36937,0,0,FALSE
dblp_2432#scholar_1043,0,0,FALSE
dblp_90#scholar_42212,0,0,FALSE
dblp_555#scholar_37360,0,0,FALSE
dblp_1296#scholar_41110,0,0,FALSE
dblp_1826#scholar_49601,0,0,FALSE
dblp_2340#scholar_59869,0,0,FALSE
dblp_721#scholar_22731,0,0,FALSE
dblp_1501#scholar_1001,0,0,FALSE
dblp_176#scholar_18115,0,0,FALSE
dblp_632#scholar_9988,0,0,FALSE
dblp_1292#scholar_29433,0,0,FALSE
dblp_2255#scholar_7781,0,0,FALSE
dblp_1099#scholar_30616,0,0,FALSE
dblp_2295#scholar_62150,0,0,FALSE
dblp_807#scholar_52517,0,0,FALSE
dblp_607#scholar_34592,0,0,FALSE
dblp_176#scholar_60120,0,0,FALSE
dblp_645#scholar_32362,0,0,FALSE
dblp_1065#scholar_37080,0,0,FALSE
dblp_839#scholar_40897,0,0,FALSE
dblp_2363#scholar_35820,0,0,FALSE
dblp_178#scholar_29784,1,1,TRUE
dblp_288#scholar_3992,0,0,FALSE
dblp_1760#scholar_21081,0,0,FALSE
dblp_2310#scholar_15862,0,0,FALSE
dblp_1925#scholar_52060,0,0,FALSE
dblp_2452#scholar_39106,0,0,FALSE
dblp_306#scholar_12112,0,0,FALSE
dblp_772#scholar_7012,0,0,FALSE
dblp_776#scholar_45777,0,0,FALSE
dblp_2001#scholar_46640,0,0,FALSE
dblp_118#scholar_38975,0,0,FALSE
dblp_2338#scholar_28460,0,0,FALSE
dblp_1561#scholar_36068,0,0,FALSE
dblp_1792#scholar_52662,1,1,TRUE
dblp_758#scholar_43016,0,0,FALSE
dblp_209#scholar_22240,0,0,FALSE
dblp_859#scholar_13814,0,0,FALSE
dblp_514#scholar_31560,0,0,FALSE
dblp_775#scholar_34905,1,1,TRUE
dblp_2171#scholar_6332,0,0,FALSE
dblp_2338#scholar_59202,0,0,FALSE
dblp_1024#scholar_36410,0,0,FALSE
dblp_526#scholar_34865,1,1,TRUE
dblp_2355#scholar_6494,1,1,TRUE
dblp_41#scholar_7945,0,0,FALSE
dblp_1350#scholar_18926,0,0,FALSE
dblp_2338#scholar_55580,0,0,FALSE
dblp_2300#scholar_5903,0,0,FALSE
dblp_258#scholar_53286,0,0,FALSE
dblp_674#scholar_42517,1,1,TRUE
dblp_1840#scholar_9292,0,0,FALSE
dblp_2330#scholar_56451,0,0,FALSE
dblp_1761#scholar_234,0,0,FALSE
dblp_763#scholar_12641,0,0,FALSE
dblp_408#scholar_1095,0,1,TRUE
dblp_1238#scholar_34708,0,0,FALSE
dblp_2250#scholar_61160,0,0,FALSE
dblp_1435#scholar_59938,0,0,FALSE
dblp_1323#scholar_54568,0,0,FALSE
dblp_2577#scholar_19179,0,0,FALSE
dblp_2380#scholar_61683,0,0,FALSE
dblp_1444#scholar_47166,0,0,FALSE
dblp_1298#scholar_46772,1,1,TRUE
dblp_548#scholar_52406,0,0,FALSE
dblp_95#scholar_26554,0,0,FALSE
dblp_1770#scholar_29708,0,0,FALSE
dblp_1694#scholar_23585,0,0,FALSE
dblp_146#scholar_1183,0,0,FALSE
dblp_2488#scholar_44744,0,0,FALSE
dblp_1801#scholar_51065,0,0,FALSE
dblp_1152#scholar_59482,0,0,FALSE
dblp_1944#scholar_33952,0,0,FALSE
dblp_1365#scholar_33719,0,0,FALSE
dblp_944#scholar_28620,0,0,FALSE
dblp_649#scholar_47087,0,0,FALSE
dblp_1264#scholar_12676,0,0,FALSE
dblp_1867#scholar_3219,0,0,FALSE
dblp_2483#scholar_10951,0,0,FALSE
dblp_2045#scholar_55500,0,0,FALSE
dblp_2587#scholar_16511,0,0,FALSE
dblp_1815#scholar_22605,0,0,FALSE
dblp_702#scholar_7219,1,1,TRUE
dblp_122#scholar_59265,0,1,TRUE
dblp_120#scholar_45879,0,0,FALSE
dblp_267#scholar_57406,0,0,FALSE
dblp_659#scholar_24826,0,0,FALSE
dblp_2075#scholar_6033,1,1,TRUE
dblp_1829#scholar_22242,0,0,FALSE
dblp_2023#scholar_17279,0,0,FALSE
dblp_1000#scholar_12540,0,0,FALSE
dblp_2161#scholar_27585,0,0,FALSE
dblp_52#scholar_45743,0,0,FALSE
dblp_19#scholar_7572,0,0,FALSE
dblp_1981#scholar_8802,0,0,FALSE
dblp_1840#scholar_53356,0,0,FALSE
dblp_1909#scholar_16883,1,1,TRUE
dblp_1264#scholar_47210,0,0,FALSE
dblp_2195#scholar_49284,0,0,FALSE
dblp_1380#scholar_4575,0,0,FALSE
dblp_1680#scholar_58435,0,0,FALSE
dblp_2565#scholar_24740,0,0,FALSE
dblp_941#scholar_50346,1,1,TRUE
dblp_1148#scholar_202,0,0,FALSE
dblp_1692#scholar_39693,0,0,FALSE
dblp_2426#scholar_55552,1,1,TRUE
dblp_1348#scholar_54419,0,0,FALSE
dblp_1828#scholar_12304,0,0,FALSE
dblp_2113#scholar_27237,0,0,FALSE
dblp_1868#scholar_5575,1,1,TRUE
dblp_178#scholar_22300,0,0,FALSE
dblp_2300#scholar_32963,0,0,FALSE
dblp_2418#scholar_57383,0,0,FALSE
dblp_1363#scholar_26296,0,0,FALSE
dblp_1698#scholar_32041,0,0,FALSE
dblp_2428#scholar_22722,0,0,FALSE
dblp_2126#scholar_3053,0,0,FALSE
dblp_1852#scholar_28867,1,0,FALSE
dblp_1841#scholar_7560,0,0,FALSE
dblp_787#scholar_2296,0,0,FALSE
dblp_2506#scholar_55580,0,0,FALSE
dblp_1364#scholar_3924,1,1,TRUE
dblp_1683#scholar_26096,0,0,FALSE
dblp_1431#scholar_20942,0,0,FALSE
dblp_1921#scholar_55418,0,0,FALSE
dblp_1513#scholar_27387,0,0,FALSE
dblp_2374#scholar_52858,1,0,FALSE
dblp_2098#scholar_21619,0,0,FALSE
dblp_2466#scholar_31580,0,0,FALSE
dblp_2168#scholar_54081,0,0,FALSE
dblp_150#scholar_7788,0,0,FALSE
dblp_2592#scholar_34605,0,0,FALSE
dblp_1438#scholar_14778,0,0,FALSE
dblp_1962#scholar_32161,1,0,FALSE
dblp_1868#scholar_19268,0,0,FALSE
dblp_1975#scholar_43834,0,0,FALSE
dblp_204#scholar_44664,0,0,FALSE
dblp_2370#scholar_42334,0,0,FALSE
dblp_729#scholar_30655,0,0,FALSE
dblp_1875#scholar_36310,0,0,FALSE
dblp_1821#scholar_44912,0,0,FALSE
dblp_1526#scholar_40590,1,1,TRUE
dblp_713#scholar_14018,0,0,FALSE
dblp_807#scholar_63951,1,1,TRUE
dblp_2355#scholar_45980,1,0,FALSE
dblp_1640#scholar_15038,0,0,FALSE
dblp_2517#scholar_23045,0,0,FALSE
dblp_1625#scholar_23198,0,0,FALSE
dblp_656#scholar_4336,0,0,FALSE
dblp_1431#scholar_7876,0,0,FALSE
dblp_1435#scholar_10962,0,0,FALSE
dblp_1487#scholar_58756,0,0,FALSE
dblp_1404#scholar_50881,0,0,FALSE
dblp_2559#scholar_4578,0,0,FALSE
dblp_1856#scholar_44931,0,0,FALSE
dblp_1759#scholar_35082,0,0,FALSE
dblp_758#scholar_18168,0,0,FALSE
dblp_1193#scholar_51697,0,0,FALSE
dblp_708#scholar_2508,0,0,FALSE
dblp_964#scholar_28569,1,1,TRUE
dblp_2364#scholar_24150,0,0,FALSE
dblp_2336#scholar_62412,0,0,FALSE
dblp_938#scholar_3272,0,0,FALSE
dblp_563#scholar_39474,0,0,FALSE
dblp_949#scholar_5712,0,0,FALSE
dblp_1986#scholar_59643,0,0,FALSE
dblp_2469#scholar_57513,1,1,TRUE
dblp_1640#scholar_1459,0,0,FALSE
dblp_1433#scholar_8189,0,0,FALSE
dblp_1068#scholar_40203,0,0,FALSE
dblp_1857#scholar_5739,0,0,FALSE
dblp_2420#scholar_37509,0,0,FALSE
dblp_1993#scholar_41944,0,0,FALSE
dblp_406#scholar_18854,0,0,FALSE
dblp_2521#scholar_46545,0,0,FALSE
dblp_718#scholar_41445,0,0,FALSE
dblp_418#scholar_14191,0,1,TRUE
dblp_1330#scholar_4825,0,0,FALSE
dblp_1856#scholar_20093,0,0,FALSE
dblp_1152#scholar_60970,1,1,TRUE
dblp_2341#scholar_18500,0,0,FALSE
dblp_2010#scholar_26268,0,0,FALSE
dblp_1168#scholar_17435,1,1,TRUE
dblp_408#scholar_31468,0,0,FALSE
dblp_1247#scholar_22065,0,0,FALSE
dblp_1999#scholar_23788,0,0,FALSE
dblp_2503#scholar_46086,0,0,FALSE
dblp_2222#scholar_38668,0,0,FALSE
dblp_1717#scholar_24144,1,1,TRUE
dblp_1543#scholar_25654,0,0,FALSE
dblp_1771#scholar_10289,0,0,FALSE
dblp_1633#scholar_62700,0,0,FALSE
dblp_2280#scholar_14605,0,0,FALSE
dblp_1834#scholar_32134,1,1,TRUE
dblp_2292#scholar_56917,0,0,FALSE
dblp_317#scholar_36862,0,0,FALSE
dblp_2103#scholar_40275,1,1,TRUE
dblp_1518#scholar_32317,0,0,FALSE
dblp_543#scholar_55313,0,0,FALSE
dblp_568#scholar_53053,0,0,FALSE
dblp_2166#scholar_63415,0,0,FALSE
dblp_1968#scholar_23725,0,0,FALSE
dblp_2604#scholar_5398,1,1,TRUE
dblp_741#scholar_16311,0,0,FALSE
dblp_19#scholar_54076,0,0,FALSE
dblp_2272#scholar_51481,0,0,FALSE
dblp_2465#scholar_50805,1,1,TRUE
dblp_284#scholar_63851,0,0,FALSE
dblp_604#scholar_22975,0,0,FALSE
dblp_151#scholar_49169,0,0,FALSE
dblp_1884#scholar_48038,1,1,TRUE
dblp_657#scholar_3034,0,0,FALSE
dblp_1158#scholar_30825,0,0,FALSE
dblp_787#scholar_64033,0,0,FALSE
dblp_2280#scholar_32063,0,0,FALSE
dblp_240#scholar_34741,0,0,FALSE
dblp_277#scholar_34720,0,0,FALSE
dblp_1096#scholar_13838,0,0,FALSE
dblp_2304#scholar_49659,0,0,FALSE
dblp_2433#scholar_11267,0,0,FALSE
dblp_1947#scholar_20910,0,0,FALSE
dblp_371#scholar_27168,0,0,FALSE
dblp_1829#scholar_39799,0,0,FALSE
dblp_2113#scholar_30937,0,0,FALSE
dblp_604#scholar_44912,0,0,FALSE
dblp_254#scholar_3284,1,1,TRUE
dblp_703#scholar_3018,0,0,FALSE
dblp_1909#scholar_32880,1,1,TRUE
dblp_1158#scholar_55595,0,0,FALSE
dblp_1217#scholar_63679,0,0,FALSE
dblp_1901#scholar_48218,0,0,FALSE
dblp_1518#scholar_50062,0,0,FALSE
dblp_2581#scholar_20740,0,0,FALSE
dblp_488#scholar_41392,0,0,FALSE
dblp_2307#scholar_39321,0,0,FALSE
dblp_464#scholar_33693,0,0,FALSE
dblp_175#scholar_19786,0,0,FALSE
dblp_2338#scholar_25586,0,0,FALSE
dblp_2500#scholar_62150,0,0,FALSE
dblp_842#scholar_63795,0,0,FALSE
dblp_1437#scholar_29676,0,0,FALSE
dblp_1739#scholar_48921,0,0,FALSE
dblp_1877#scholar_38975,0,0,FALSE
dblp_1120#scholar_33808,0,0,FALSE
dblp_864#scholar_57856,0,0,FALSE
dblp_1082#scholar_30495,0,0,FALSE
dblp_1378#scholar_62296,0,0,FALSE
dblp_562#scholar_45579,0,0,FALSE
dblp_2564#scholar_35152,0,0,FALSE
dblp_1148#scholar_17922,0,0,FALSE
dblp_2104#scholar_3553,1,1,TRUE
dblp_2454#scholar_2467,0,0,FALSE
dblp_2420#scholar_64077,0,0,FALSE
dblp_2249#scholar_36689,0,0,FALSE
dblp_640#scholar_12273,0,0,FALSE
dblp_2538#scholar_7674,0,0,FALSE
dblp_2220#scholar_20764,0,0,FALSE
dblp_1736#scholar_58461,1,1,TRUE
dblp_1015#scholar_32903,0,0,FALSE
dblp_332#scholar_56096,1,1,TRUE
dblp_390#scholar_47280,1,1,TRUE
dblp_2079#scholar_26756,0,0,FALSE
dblp_299#scholar_33156,0,0,FALSE
dblp_1746#scholar_42287,0,0,FALSE
dblp_925#scholar_28867,0,0,FALSE
dblp_839#scholar_11329,0,0,FALSE
dblp_1561#scholar_7332,0,0,FALSE
dblp_2277#scholar_31046,0,0,FALSE
dblp_7#scholar_25992,0,0,FALSE
dblp_1419#scholar_436,0,0,FALSE
dblp_228#scholar_32063,0,0,FALSE
dblp_467#scholar_36310,0,0,FALSE
dblp_1840#scholar_41278,0,0,FALSE
dblp_637#scholar_38562,0,1,TRUE
dblp_849#scholar_43943,1,1,TRUE
dblp_1587#scholar_30352,0,0,FALSE
dblp_1953#scholar_58300,0,0,FALSE
dblp_1834#scholar_56743,0,0,FALSE
dblp_398#scholar_38562,0,0,FALSE
dblp_1431#scholar_48283,0,0,FALSE
dblp_1465#scholar_43919,0,0,FALSE
dblp_2528#scholar_55244,1,1,TRUE
dblp_2508#scholar_50909,0,0,FALSE
dblp_2019#scholar_47021,0,0,FALSE
dblp_1749#scholar_33801,0,0,FALSE
dblp_676#scholar_10984,0,0,FALSE
dblp_1679#scholar_46582,0,0,FALSE
dblp_2183#scholar_2725,0,0,FALSE
dblp_2338#scholar_25475,0,0,FALSE
dblp_1133#scholar_49993,0,0,FALSE
dblp_772#scholar_45920,0,0,FALSE
dblp_767#scholar_50551,0,0,FALSE
dblp_1712#scholar_12356,0,0,FALSE
dblp_1852#scholar_57650,1,0,FALSE
dblp_1306#scholar_33390,1,1,TRUE
dblp_228#scholar_54706,0,0,FALSE
dblp_1594#scholar_20626,0,0,FALSE
dblp_640#scholar_55108,0,0,FALSE
dblp_1236#scholar_25814,0,0,FALSE
dblp_1518#scholar_39994,0,0,FALSE
dblp_659#scholar_45957,0,0,FALSE
dblp_288#scholar_15339,0,0,FALSE
dblp_959#scholar_33450,0,0,FALSE
dblp_457#scholar_48795,0,0,FALSE
dblp_371#scholar_23664,0,0,FALSE
dblp_1741#scholar_13814,0,0,FALSE
dblp_1365#scholar_56896,0,0,FALSE
dblp_1531#scholar_3872,0,0,FALSE
dblp_1902#scholar_51916,0,0,FALSE
dblp_1821#scholar_16634,0,0,FALSE
dblp_861#scholar_31216,0,0,FALSE
dblp_1661#scholar_2188,1,1,TRUE
dblp_2485#scholar_58862,1,1,TRUE
dblp_1578#scholar_39066,0,0,FALSE
dblp_1701#scholar_17611,0,0,FALSE
dblp_1192#scholar_50958,0,0,FALSE
dblp_2564#scholar_19860,0,0,FALSE
dblp_2338#scholar_53286,0,0,FALSE
dblp_1561#scholar_2345,0,0,FALSE
dblp_2208#scholar_48064,0,0,FALSE
dblp_1612#scholar_31146,0,0,FALSE
dblp_1239#scholar_55244,0,0,FALSE
dblp_1960#scholar_5456,0,0,FALSE
dblp_1288#scholar_7065,1,1,TRUE
dblp_1293#scholar_11971,0,0,FALSE
dblp_1229#scholar_45742,0,0,FALSE
dblp_2589#scholar_55239,1,1,TRUE
dblp_581#scholar_26380,0,0,FALSE
dblp_1258#scholar_23064,0,0,FALSE
dblp_2342#scholar_56443,0,0,FALSE
dblp_1807#scholar_37301,1,1,TRUE
dblp_2005#scholar_468,0,0,FALSE
dblp_1957#scholar_58324,0,0,FALSE
dblp_404#scholar_42577,0,0,FALSE
dblp_653#scholar_14957,1,1,TRUE
dblp_1431#scholar_22913,0,0,FALSE
dblp_1012#scholar_30305,0,0,FALSE
dblp_19#scholar_10458,0,0,FALSE
dblp_2284#scholar_61027,0,0,FALSE
dblp_1185#scholar_50266,0,0,FALSE
dblp_1749#scholar_34865,0,0,FALSE
dblp_425#scholar_16311,0,0,FALSE
dblp_1841#scholar_55912,0,0,FALSE
dblp_988#scholar_6999,0,0,FALSE
dblp_1859#scholar_14379,0,0,FALSE
dblp_1316#scholar_9895,1,1,TRUE
dblp_1429#scholar_12036,0,0,FALSE
dblp_2185#scholar_22885,0,0,FALSE
dblp_2342#scholar_1839,0,0,FALSE
dblp_2439#scholar_30401,1,1,TRUE
dblp_201#scholar_46691,0,0,FALSE
dblp_2488#scholar_14455,1,1,TRUE
dblp_562#scholar_1183,0,0,FALSE
dblp_1801#scholar_11426,0,0,FALSE
dblp_1005#scholar_52678,0,0,FALSE
dblp_1520#scholar_50828,0,0,FALSE
dblp_1072#scholar_10479,1,1,TRUE
dblp_1283#scholar_56589,0,0,FALSE
dblp_1365#scholar_7074,0,0,FALSE
dblp_1339#scholar_23193,1,1,TRUE
dblp_874#scholar_25505,0,0,FALSE
dblp_288#scholar_7373,0,0,FALSE
dblp_1620#scholar_5651,1,1,TRUE
dblp_1377#scholar_50871,0,0,FALSE
dblp_1815#scholar_13903,0,0,FALSE
dblp_178#scholar_48123,0,0,FALSE
dblp_2330#scholar_14876,0,0,FALSE
dblp_1421#scholar_17353,0,0,FALSE
dblp_794#scholar_15845,0,0,FALSE
dblp_1566#scholar_39394,0,0,FALSE
dblp_2422#scholar_59374,1,1,TRUE
dblp_68#scholar_43422,0,0,FALSE
dblp_840#scholar_24422,0,0,FALSE
dblp_1801#scholar_48726,0,0,FALSE
dblp_1815#scholar_25978,0,0,FALSE
dblp_486#scholar_28514,0,0,FALSE
dblp_2280#scholar_52778,0,0,FALSE
dblp_804#scholar_52060,0,0,FALSE
dblp_1223#scholar_13679,1,1,TRUE
dblp_526#scholar_14737,0,0,FALSE
dblp_859#scholar_43981,0,0,FALSE
dblp_1439#scholar_18752,0,0,FALSE
dblp_2521#scholar_35086,0,0,FALSE
dblp_2547#scholar_16834,0,0,FALSE
dblp_1466#scholar_60341,0,0,FALSE
dblp_807#scholar_43237,0,0,FALSE
dblp_1789#scholar_11359,0,0,FALSE
dblp_306#scholar_31763,0,0,FALSE
dblp_2581#scholar_40484,1,1,TRUE
dblp_1826#scholar_51627,0,0,FALSE
dblp_791#scholar_10985,0,0,FALSE
dblp_498#scholar_19732,0,0,FALSE
dblp_743#scholar_35571,0,0,FALSE
dblp_1543#scholar_26107,0,0,FALSE
dblp_1439#scholar_3961,0,0,FALSE
dblp_1826#scholar_24504,0,0,FALSE
dblp_1909#scholar_15578,1,1,TRUE
dblp_2568#scholar_41465,0,0,FALSE
dblp_1953#scholar_17171,0,0,FALSE
dblp_182#scholar_46640,0,0,FALSE
dblp_807#scholar_52741,0,0,FALSE
dblp_2431#scholar_53481,0,0,FALSE
dblp_95#scholar_9970,0,0,FALSE
dblp_797#scholar_57938,0,0,FALSE
dblp_2390#scholar_36631,0,0,FALSE
dblp_1901#scholar_8559,0,0,FALSE
dblp_1949#scholar_43474,0,0,FALSE
dblp_1811#scholar_59732,0,0,FALSE
dblp_406#scholar_45699,0,0,FALSE
dblp_1823#scholar_9748,0,0,FALSE
dblp_2174#scholar_29821,0,0,FALSE
dblp_272#scholar_11246,0,0,FALSE
dblp_1594#scholar_30233,0,0,FALSE
dblp_19#scholar_7046,0,0,FALSE
dblp_1826#scholar_35643,0,0,FALSE
dblp_1986#scholar_24933,0,0,FALSE
dblp_254#scholar_24963,0,0,FALSE
