pair_id,gold,pred,label_raw
23442471#4395083,0,0,FALSE
57698050#86039608,0,0,FALSE
50968746#43618988,1,1,TRUE
72636167#74932360,0,0,FALSE
51215765#22550534,0,0,FALSE
7650784#55596658,0,0,FALSE
75908352#45065236,0,0,FALSE
31420716#13640797,0,0,FALSE
10816#22096223,0,0,FALSE
71622657#94373108,0,0,FALSE
10997532#38058369,0,0,FALSE
79139250#13893314,0,1,TRUE
57914917#10218816,1,1,TRUE
79295#56493397,1,1,TRUE
23165688#86774262,0,0,FALSE
82049746#39448463,0,0,FALSE
77641222#34146043,0,0,FALSE
72636167#81752586,0,0,FALSE
63436905#2237025,0,0,FALSE
74898883#37728852,0,0,FALSE
71458103#7650784,0,0,FALSE
35076842#13198672,0,0,FALSE
17092441#97360314,0,0,FALSE
36195674#12424092,0,0,FALSE
94193655#90146840,0,0,FALSE
87168706#84081996,0,0,FALSE
18688923#10218816,0,0,FALSE
888946#9187011,0,0,FALSE
39376372#74646862,0,0,FALSE
18178431#63634340,0,0,FALSE
87240955#69499657,0,0,FALSE
59217936#92598888,0,0,FALSE
82274481#88160368,1,1,TRUE
24607772#77554678,0,0,FALSE
3038793#28797891,1,0,FALSE
19669552#22096223,0,0,FALSE
50403133#18750700,0,0,FALSE
73197482#31186504,0,0,FALSE
17954127#41505583,0,0,FALSE
53540754#88331613,0,0,FALSE
18762312#16938908,0,0,FALSE
60950692#79295,0,0,FALSE
71884441#35317298,1,1,TRUE
85675854#18762312,1,1,TRUE
43671477#97281594,0,0,FALSE
13986277#49146483,0,0,FALSE
288189#59874069,0,0,FALSE
13704452#20822871,0,0,FALSE
12409643#40976538,0,0,FALSE
80185739#13205686,0,0,FALSE
28958152#87765870,0,0,FALSE
13621719#67388462,0,0,FALSE
808263#22017852,0,0,FALSE
16768503#8865735,0,0,FALSE
64438918#20281251,1,1,TRUE
20550546#59825579,1,1,TRUE
77554678#905514,0,0,FALSE
98773883#80747993,0,0,FALSE
1907#39094258,0,0,FALSE
59217936#95788693,0,0,FALSE
19610472#95301262,0,0,FALSE
13853990#98035591,0,0,FALSE
19338654#48798939,0,0,FALSE
93222484#50973979,0,0,FALSE
14576013#14475568,0,0,FALSE
80185739#84347869,0,0,FALSE
2254995#52787773,0,0,FALSE
93035933#39448463,0,0,FALSE
31149883#36026562,0,0,FALSE
26298839#23345904,0,0,FALSE
64304057#35485275,0,0,FALSE
76645893#9225217,0,0,FALSE
38374739#66097781,0,0,FALSE
12577609#46963156,0,0,FALSE
2724789#19140046,0,0,FALSE
24721936#9932421,0,0,FALSE
13613251#17058930,0,0,FALSE
76478929#95301262,0,0,FALSE
70998961#93222484,0,0,FALSE
58262024#84347869,0,0,FALSE
27915727#35149551,0,0,FALSE
10330385#12577609,0,0,FALSE
71906516#38525199,0,0,FALSE
81004909#95170662,0,0,FALSE
55993507#83052078,0,0,FALSE
26714094#20668617,0,0,FALSE
22110995#79295,0,0,FALSE
4395083#59217936,0,0,FALSE
19210924#63117104,0,0,FALSE
81254738#6976859,0,0,FALSE
42244827#91607349,0,0,FALSE
95241878#7004489,0,0,FALSE
11297103#97281594,0,0,FALSE
31420716#82614828,0,0,FALSE
19653009#44917290,0,0,FALSE
83052078#18178431,0,0,FALSE
73018266#2563741,0,0,FALSE
34088263#57869707,0,0,FALSE
41270447#54285160,0,0,FALSE
51914482#81738033,0,0,FALSE
29226990#13613251,1,1,TRUE
56291879#59887473,0,0,FALSE
17738556#74898883,0,0,FALSE
17216616#63800622,0,0,FALSE
47272682#57869707,0,0,FALSE
31877082#82724964,0,0,FALSE
9065596#50044587,0,0,FALSE
24607772#39759360,0,0,FALSE
81004909#85074682,0,0,FALSE
26298839#27491747,0,0,FALSE
31928950#40659886,0,0,FALSE
69524744#80085603,0,0,FALSE
40470567#50999488,0,0,FALSE
20457621#94391133,0,0,FALSE
31051738#39820474,1,1,TRUE
2563741#14625144,1,1,TRUE
35653799#9563912,0,0,FALSE
8145012#41160781,0,0,FALSE
12832490#73023967,0,0,FALSE
50100211#51914482,0,0,FALSE
68490111#31186504,0,0,FALSE
47272682#19610940,0,0,FALSE
85107531#82724964,0,0,FALSE
60071236#85454976,0,0,FALSE
55205314#22017852,0,0,FALSE
35031528#5039915,0,0,FALSE
16993914#60257213,1,1,TRUE
21940746#22206925,0,0,FALSE
53799536#54202524,1,1,TRUE
37818105#28797891,0,0,FALSE
36305406#92356380,0,0,FALSE
52787773#24504646,0,0,FALSE
22096223#29009865,0,0,FALSE
64252616#66763358,0,0,FALSE
19012125#17216616,0,0,FALSE
6817074#2191215,1,1,TRUE
47929214#68659568,0,0,FALSE
80693528#65761443,0,0,FALSE
65411927#40624769,0,0,FALSE
98314225#44382672,0,0,FALSE
24163225#7138298,0,0,FALSE
46900357#44098995,0,0,FALSE
3342135#82274481,0,0,FALSE
10723708#97485069,0,0,FALSE
19012125#37728852,0,0,FALSE
12577609#3713378,0,0,FALSE
57316524#4232352,1,1,TRUE
95170662#14133475,0,0,FALSE
6217373#9531648,0,0,FALSE
27087905#88770421,1,0,FALSE
86597447#35149551,0,0,FALSE
37931146#90516613,0,0,FALSE
10373021#2634172,0,0,FALSE
905514#8810340,0,0,FALSE
12424092#13877575,0,0,FALSE
24438834#66481726,0,0,FALSE
80747993#98235372,0,0,FALSE
63632918#48647262,0,0,FALSE
42782136#20547394,0,0,FALSE
46963156#16768503,0,0,FALSE
51914482#5039915,0,0,FALSE
25351062#90146840,0,0,FALSE
52499440#79860176,0,0,FALSE
77145447#41270447,0,0,FALSE
43098472#55164507,0,0,FALSE
31493300#88171897,0,0,FALSE
20457621#64889535,0,0,FALSE
35590306#12958636,0,0,FALSE
31420716#18762312,0,0,FALSE
1000748#95788693,0,0,FALSE
924199#47177790,1,0,FALSE
50999488#39094258,0,0,FALSE
36514214#97390436,0,0,FALSE
35823397#18640012,1,1,TRUE
36985187#83562709,0,0,FALSE
25757705#88414713,0,0,FALSE
17216616#81254738,0,0,FALSE
26995615#44098995,0,0,FALSE
88025577#76535406,0,0,FALSE
17174163#18750700,0,0,FALSE
19338654#86890239,0,0,FALSE
66789257#320211,0,0,FALSE
9187011#93799137,0,0,FALSE
50100211#50179606,0,0,FALSE
70600261#70600296,0,0,FALSE
54728016#72226957,0,0,FALSE
32021675#96524902,0,0,FALSE
39944551#4646691,0,0,FALSE
35317298#90516613,0,0,FALSE
26820221#39761380,0,0,FALSE
12409643#13704452,0,0,FALSE
28502826#61891338,0,0,FALSE
88760576#75102581,0,0,FALSE
82209636#66630102,0,0,FALSE
81004909#8145012,0,0,FALSE
76343774#4895903,1,1,TRUE
13389192#68747557,1,1,TRUE
14276753#75380050,0,0,FALSE
52462122#56493397,0,0,FALSE
74618840#43886265,0,0,FALSE
23165688#37762589,1,1,TRUE
82274481#79265216,0,0,FALSE
24721936#92702787,0,0,FALSE
18218196#89764257,0,0,FALSE
35807638#90516613,0,0,FALSE
77488882#29988045,0,0,FALSE
34088263#24055903,0,0,FALSE
395201#12285597,0,0,FALSE
48449418#31928950,0,0,FALSE
54788213#92348266,0,0,FALSE
56809562#19085838,0,0,FALSE
85641193#63926920,0,0,FALSE
46900357#81296852,0,0,FALSE
86011983#24163225,0,0,FALSE
4895903#53397183,0,0,FALSE
35031528#12409643,0,0,FALSE
49146483#16874921,0,0,FALSE
7861704#68689905,0,0,FALSE
84081996#31587846,0,0,FALSE
87168706#74898883,0,0,FALSE
88674931#6969637,0,0,FALSE
1000748#93754453,0,0,FALSE
66097781#54519492,0,0,FALSE
37728852#87636344,0,0,FALSE
41763354#38669053,0,0,FALSE
18640012#66552236,0,0,FALSE
12832490#48457802,1,1,TRUE
49991167#22110995,0,0,FALSE
79368706#79860176,0,0,FALSE
13704452#85012455,0,0,FALSE
7138298#70600296,0,0,FALSE
36195674#19820120,1,1,TRUE
37728852#88171897,1,0,FALSE
22178282#59825579,0,0,FALSE
90516613#41505583,0,0,FALSE
97008126#11344076,0,0,FALSE
31981847#31572294,0,0,FALSE
96835518#27491747,0,0,FALSE
24072080#96601666,0,0,FALSE
32746933#88797158,0,0,FALSE
36342541#55641907,0,0,FALSE
64791875#18750700,0,0,FALSE
48153881#55899186,0,0,FALSE
54109462#6601115,0,0,FALSE
51933885#35653799,1,1,TRUE
16909124#73060691,0,0,FALSE
25024300#92612895,0,0,FALSE
16938908#31420716,0,0,FALSE
36927878#175833,1,1,TRUE
12958636#35750776,0,0,FALSE
66481726#45858702,0,0,FALSE
49146483#8130501,0,0,FALSE
14276753#8130501,0,0,FALSE
35493301#7862454,0,0,FALSE
77554678#66789257,1,1,TRUE
10009728#37762589,0,0,FALSE
59887473#7004489,0,0,FALSE
52787773#20457621,0,0,FALSE
97485069#4308600,0,0,FALSE
26109768#16458906,0,0,FALSE
69811580#18968441,0,0,FALSE
20448379#75059939,0,0,FALSE
83586196#74315994,0,0,FALSE
75400332#87327065,1,1,TRUE
42080094#46709252,0,0,FALSE
42782136#63688174,1,0,FALSE
93393039#81254738,0,0,FALSE
5662042#73060691,0,0,FALSE
40624769#67818648,0,0,FALSE
48153881#88073129,0,0,FALSE
61917173#50973979,0,0,FALSE
89189013#16176339,0,0,FALSE
70998961#46709252,0,0,FALSE
39437318#42782136,0,0,FALSE
29009865#94791347,0,0,FALSE
68023169#86597447,0,0,FALSE
86890239#12338419,0,0,FALSE
64112412#7039861,1,0,FALSE
93035933#70726318,0,0,FALSE
80185739#4150044,1,1,TRUE
10917978#82274481,0,0,FALSE
5836988#82666001,0,0,FALSE
55596658#25749336,0,0,FALSE
28797890#20008769,0,0,FALSE
5651476#19506949,0,0,FALSE
74612575#67388462,0,0,FALSE
63008653#34959942,0,0,FALSE
25083386#32792490,0,0,FALSE
88944870#85074682,0,0,FALSE
37671415#9065596,0,0,FALSE
84940611#48808155,0,0,FALSE
17713434#48449418,0,0,FALSE
63688174#34642657,0,0,FALSE
24488733#7586139,0,0,FALSE
6220318#2174287,0,0,FALSE
98861629#88770421,0,0,FALSE
84036223#50044587,0,0,FALSE
94929528#89764257,0,0,FALSE
30467874#91607349,0,0,FALSE
52074266#92050862,0,0,FALSE
55124457#924199,0,0,FALSE
9531648#22206925,1,0,FALSE
67240137#95577039,0,0,FALSE
43644395#69499657,1,1,TRUE
19210924#80085603,0,0,FALSE
5662042#48925354,0,0,FALSE
67991855#12958636,0,0,FALSE
57729543#88414713,0,0,FALSE
76275317#55705301,0,0,FALSE
55607411#2237025,0,0,FALSE
48153881#57316524,0,0,FALSE
7650784#72226957,1,1,TRUE
56744482#7016292,1,0,FALSE
1705445#88602235,0,0,FALSE
63688174#22001291,0,0,FALSE
90516613#21436544,0,0,FALSE
864070#62254612,0,0,FALSE
20550546#57107958,0,0,FALSE
57316524#48449418,0,0,FALSE
66001502#2163360,0,0,FALSE
18750700#98314225,0,0,FALSE
35572402#92702787,0,0,FALSE
61938323#11413382,0,0,FALSE
61901186#3038793,0,1,TRUE
94351044#34487169,0,0,FALSE
57869707#44145250,0,0,FALSE
71834414#39544839,0,0,FALSE
94351044#56774153,0,0,FALSE
9765844#76999933,0,0,FALSE
14276753#69903032,0,0,FALSE
76164350#13514352,1,1,TRUE
44669031#57574501,0,0,FALSE
73197482#905514,0,0,FALSE
93393039#10723708,0,0,FALSE
25427610#35109084,0,0,FALSE
69811580#25767244,0,0,FALSE
40470567#43618988,0,0,FALSE
64252616#57574501,0,0,FALSE
70998961#49285911,0,0,FALSE
426230#40659886,0,0,FALSE
11344076#92054456,0,0,FALSE
35076842#62009379,0,0,FALSE
18510686#47032850,0,1,TRUE
67388462#40170577,0,0,FALSE
15279595#57316524,0,0,FALSE
35417651#36195674,0,0,FALSE
93393039#88596856,0,0,FALSE
94596740#84250472,0,0,FALSE
56774153#60071236,0,0,FALSE
85012455#35076842,0,0,FALSE
57106905#48675264,0,0,FALSE
85065034#76478929,0,0,FALSE
50968746#88446522,0,0,FALSE
66441075#62846191,0,0,FALSE
66914777#66481726,0,0,FALSE
31493300#74683197,0,0,FALSE
9716045#11754903,0,0,FALSE
13613251#41270447,0,0,FALSE
10501202#96835518,1,1,TRUE
48310053#76350435,0,0,FALSE
2107813#12263071,0,0,FALSE
172054#13613251,0,0,FALSE
18640012#31061866,0,0,FALSE
41716837#395201,0,0,FALSE
50118951#97360314,0,0,FALSE
54285160#51924648,0,0,FALSE
90146840#6881030,1,0,FALSE
78329795#11874069,0,1,TRUE
60029334#77343216,0,0,FALSE
66218491#24721936,0,0,FALSE
19506949#95552183,1,1,TRUE
34642657#20547394,0,0,FALSE
88073129#7039861,0,0,FALSE
757201#76797257,0,0,FALSE
92349357#57698050,0,0,FALSE
13613251#8374819,0,0,FALSE
89098364#75102581,0,0,FALSE
14576013#79368706,1,1,TRUE
53447026#65991083,1,1,TRUE
17216616#14576013,0,0,FALSE
79139250#17738556,0,0,FALSE
33541592#1367801,0,0,FALSE
22110995#56493397,0,0,FALSE
95170662#92050862,1,1,TRUE
16566641#89113825,0,0,FALSE
16874921#33541592,0,0,FALSE
60257213#33541592,0,0,FALSE
47240346#96601666,0,0,FALSE
70600261#51901808,0,0,FALSE
7987227#20547394,0,0,FALSE
81738033#9531648,0,0,FALSE
10330385#10132766,0,0,FALSE
53579521#67959173,0,0,FALSE
10816#71191165,0,0,FALSE
81011691#35493301,0,0,FALSE
93222484#25895411,0,0,FALSE
37466646#17713434,0,0,FALSE
51710206#92598888,0,0,FALSE
28635594#26995615,0,0,FALSE
51109166#54285160,0,0,FALSE
27915727#60380041,0,0,FALSE
19140046#49285911,1,1,TRUE
66390507#864070,0,0,FALSE
51664958#13084603,0,0,FALSE
18218196#77343216,0,0,FALSE
47240346#76275317,0,0,FALSE
36116228#59825579,0,0,FALSE
91438386#44669031,0,0,FALSE
53799536#13951675,0,0,FALSE
85675854#16938908,0,0,FALSE
8023909#14625144,0,0,FALSE
68747557#35983151,0,0,FALSE
51924648#84036223,0,0,FALSE
98129540#67240137,0,0,FALSE
31420716#73197482,0,0,FALSE
54499706#75059939,0,0,FALSE
98314225#69062083,0,0,FALSE
11297103#757201,0,0,FALSE
62305995#10009728,0,0,FALSE
87136825#395201,1,0,FALSE
18510686#61917173,0,0,FALSE
37788391#62009379,0,0,FALSE
88602235#40771441,0,0,FALSE
34146043#68675078,0,0,FALSE
94813013#13514352,0,0,FALSE
23792229#1367801,0,0,FALSE
81138609#94373108,0,0,FALSE
757201#67340922,0,0,FALSE
97485069#87240955,0,0,FALSE
80363785#84686125,0,0,FALSE
7138298#29177746,0,0,FALSE
87636344#34174042,0,0,FALSE
94945290#24925549,0,0,FALSE
87645646#78926104,0,0,FALSE
36514214#98773883,0,0,FALSE
4150044#95552183,0,0,FALSE
94813013#23923095,0,0,FALSE
15290237#66204747,0,0,FALSE
65411927#18556332,0,0,FALSE
48647262#47054569,0,0,FALSE
81004909#56809562,0,0,FALSE
95160580#21236035,0,0,FALSE
15290237#66001502,0,0,FALSE
82049746#68021989,0,0,FALSE
19411771#81558327,0,0,FALSE
777189#89113825,0,0,FALSE
38774023#60257213,0,0,FALSE
24066040#89764257,0,0,FALSE
24504646#62254612,0,0,FALSE
40624769#395201,0,0,FALSE
71834414#19085838,0,0,FALSE
92598888#69062083,0,0,FALSE
73018266#14625144,0,0,FALSE
64304057#74172078,1,1,TRUE
20668617#47662466,0,0,FALSE
6873873#55596658,0,0,FALSE
7138298#77488882,0,0,FALSE
28316497#44098995,1,1,TRUE
93617759#64889535,1,1,TRUE
9494941#56744482,0,0,FALSE
2926780#24488733,0,0,FALSE
31928950#14133475,0,0,FALSE
70600261#84081996,0,0,FALSE
71884441#90886706,0,0,FALSE
2276717#66481726,0,0,FALSE
26714094#68490111,0,0,FALSE
95938196#14133475,0,0,FALSE
84783221#42076543,0,0,FALSE
40170577#11754903,0,0,FALSE
22122748#67959173,0,0,FALSE
31981847#9765844,0,0,FALSE
9765844#10373021,0,0,FALSE
66481726#97473761,0,0,FALSE
63436905#25096603,0,0,FALSE
94697384#43644395,0,0,FALSE
57106905#94609381,0,0,FALSE
21436544#66390507,1,1,TRUE
76645893#2237025,0,0,FALSE
39448463#69249199,0,0,FALSE
757201#2107813,1,0,FALSE
67818648#96715844,1,0,FALSE
36319925#60280975,1,1,TRUE
59622337#75588119,0,0,FALSE
15311130#18510686,0,0,FALSE
51581207#54656829,1,1,TRUE
15290237#17618186,0,0,FALSE
61938323#97360314,0,0,FALSE
97390436#32252152,0,0,FALSE
71068694#95241878,0,0,FALSE
26820221#80747993,0,0,FALSE
46900357#864070,0,0,FALSE
90516613#69411201,0,0,FALSE
86890239#88674931,0,0,FALSE
12424092#57882906,0,0,FALSE
20457621#56774153,0,0,FALSE
75901191#17131328,1,0,FALSE
84486206#2191215,0,0,FALSE
193593#57869707,0,0,FALSE
69499657#35439433,0,0,FALSE
320211#44579234,1,1,TRUE
35489837#81486182,0,0,FALSE
6976859#75102581,0,0,FALSE
48153881#11874069,0,0,FALSE
42626545#36116228,0,0,FALSE
17756835#44145250,0,0,FALSE
34522740#70600274,0,0,FALSE
95938196#18140756,0,0,FALSE
21214984#19610472,0,0,FALSE
10723708#10997532,0,0,FALSE
1907#96705065,1,1,TRUE
55596658#6220318,0,0,FALSE
80185739#98258448,0,0,FALSE
17713434#51109166,0,0,FALSE
3342135#16628120,0,0,FALSE
23165688#22626368,0,0,FALSE
28958152#55284959,0,0,FALSE
37531391#48050949,0,0,FALSE
28502826#172054,0,0,FALSE
87765870#29965958,0,0,FALSE
777189#74225977,1,1,TRUE
49891889#80747993,0,0,FALSE
23345904#6817074,0,0,FALSE
70726318#60380041,0,0,FALSE
55406516#57729543,0,0,FALSE
72226957#67991855,0,0,FALSE
25083386#79295,0,0,FALSE
64284720#67880656,0,0,FALSE
54519492#17131328,0,0,FALSE
87562159#98314225,0,0,FALSE
85663923#77906357,0,0,FALSE
259815#79528937,0,0,FALSE
34075163#7096661,0,0,FALSE
95111575#16768503,0,0,FALSE
26217615#21688304,0,0,FALSE
71458103#36319925,0,0,FALSE
96667020#69811580,0,0,FALSE
24721936#63117104,0,0,FALSE
27145682#45065236,0,1,TRUE
42621634#19669552,0,0,FALSE
60380041#63008653,0,0,FALSE
29386919#60595831,0,0,FALSE
74172078#66481726,0,0,FALSE
81486182#6315279,0,0,FALSE
14918547#6220318,1,1,TRUE
42999877#31928950,0,0,FALSE
44145250#16909124,0,0,FALSE
39761380#6217373,0,0,FALSE
42582657#23947190,0,0,FALSE
75134238#35807638,0,0,FALSE
20206361#35750776,1,1,TRUE
74172078#77906357,0,0,FALSE
49146483#77964245,0,0,FALSE
33296026#2254995,0,0,FALSE
10373021#28316497,0,0,FALSE
71190761#51914482,0,0,FALSE
5651476#59983424,0,0,FALSE
87955598#92356380,0,0,FALSE
69811580#24607772,0,0,FALSE
12204925#9026518,0,0,FALSE
38058369#65411927,1,1,TRUE
76164350#12391221,0,0,FALSE
71906516#81865746,0,0,FALSE
1574817#8023909,0,0,FALSE
17216616#18929113,0,0,FALSE
72086860#17216616,0,0,FALSE
78273504#95577039,0,0,FALSE
51933885#22550534,0,0,FALSE
57354491#34088263,1,0,FALSE
77271618#10009728,1,1,TRUE
96381958#7096661,0,0,FALSE
75588119#39376372,0,0,FALSE
48314206#78926104,0,0,FALSE
64252616#20668617,1,1,TRUE
47177790#13640797,0,0,FALSE
18218196#93222484,0,0,FALSE
59622337#51215765,0,0,FALSE
16768503#39877160,0,0,FALSE
175833#82274481,0,0,FALSE
48675264#71834414,0,0,FALSE
49891889#13877575,0,1,TRUE
49913360#54109462,0,0,FALSE
5107817#68747557,0,0,FALSE
9494941#395201,0,0,FALSE
25573269#36195674,0,0,FALSE
4734872#2357764,0,0,FALSE
50403133#77343216,0,0,FALSE
51710206#19820120,0,0,FALSE
67945340#76275317,1,1,TRUE
63800622#79265216,0,0,FALSE
26217615#90516613,1,1,TRUE
59825579#88073129,0,0,FALSE
9336877#67959173,1,0,FALSE
66914777#29226990,0,0,FALSE
4150044#31303951,0,0,FALSE
37788391#36116228,0,0,FALSE
41119591#18218196,0,0,FALSE
42582657#88160368,0,0,FALSE
53579521#97008126,0,0,FALSE
64304057#93035933,0,0,FALSE
55641907#96524902,0,0,FALSE
18344350#76045300,0,1,TRUE
71514451#7862454,0,0,FALSE
39437318#93750350,0,0,FALSE
32021675#24936536,0,0,FALSE
37652517#66609070,0,0,FALSE
37466646#32663296,0,0,FALSE
98235372#79097615,0,0,FALSE
52787773#97485069,1,1,TRUE
42550257#36649389,0,0,FALSE
67945340#80362350,0,0,FALSE
6217373#73060691,1,1,TRUE
96715844#23345904,0,0,FALSE
41270447#66914777,0,0,FALSE
7472344#88602235,0,0,FALSE
55427773#19585056,0,0,FALSE
51914482#59289884,0,0,FALSE
88025577#45667657,0,0,FALSE
6628173#96482852,0,0,FALSE
6976859#90931340,0,0,FALSE
97281594#79528937,0,0,FALSE
2724789#74622289,0,0,FALSE
20665199#59226089,0,0,FALSE
94929528#37531391,0,0,FALSE
64535407#30137322,0,0,FALSE
62151951#17037701,0,0,FALSE
17364188#18639975,0,0,FALSE
6817074#13084603,0,0,FALSE
1705445#34487169,0,0,FALSE
57297547#85065034,0,0,FALSE
75317094#20550546,0,0,FALSE
5197574#69281402,1,1,TRUE
86510416#60029334,1,1,TRUE
50973979#10171935,0,0,FALSE
42076543#5563597,0,0,FALSE
54397772#34090287,0,0,FALSE
6969637#96667020,0,0,FALSE
17174163#4395083,0,1,TRUE
75908352#8865735,0,0,FALSE
5107817#89189013,0,0,FALSE
9882201#77488882,0,0,FALSE
35149551#65193938,0,0,FALSE
35076842#82274481,0,0,FALSE
20547394#25767244,1,1,TRUE
35109084#6444657,0,0,FALSE
2357764#5039915,0,0,FALSE
11681031#63688174,0,0,FALSE
35109084#65411927,0,0,FALSE
93405719#61891338,0,0,FALSE
98035591#54499706,0,1,TRUE
75698787#26714094,0,0,FALSE
9026518#96595462,0,0,FALSE
6086571#5197574,0,0,FALSE
20665199#92349357,0,0,FALSE
98321879#32663296,0,0,FALSE
85454976#51318537,0,0,FALSE
5057882#59217936,0,0,FALSE
4895903#48449418,0,0,FALSE
17037701#57106905,0,0,FALSE
69540904#57869707,0,0,FALSE
72226957#55596658,0,0,FALSE
21520858#75784220,1,1,TRUE
18510686#66914777,0,0,FALSE
64791875#74618840,0,0,FALSE
8865735#48050949,0,0,FALSE
59874069#56774153,1,1,TRUE
40659886#55164507,0,0,FALSE
84008510#66390507,0,0,FALSE
36985187#69249199,0,0,FALSE
42582657#26820221,0,0,FALSE
71906516#82666001,0,0,FALSE
88763472#48327523,0,0,FALSE
25427610#18640012,0,0,FALSE
95428009#12558301,0,0,FALSE
35109084#75317094,0,0,FALSE
22206925#88797158,0,0,FALSE
93750350#69062083,1,0,FALSE
31420716#93405719,1,1,TRUE
35823397#67031613,0,0,FALSE
17092441#34090287,0,0,FALSE
69524744#86597447,0,0,FALSE
66441075#67340922,0,0,FALSE
21688304#85065034,0,0,FALSE
37652517#12391221,0,0,FALSE
22122748#44669031,1,1,TRUE
32792490#79295,0,0,FALSE
38669053#24700471,1,1,TRUE
24055903#57574501,0,0,FALSE
51901808#6997147,0,0,FALSE
22001291#73197482,0,0,FALSE
172054#97390436,0,0,FALSE
2237025#66481726,0,0,FALSE
95017941#80693528,0,0,FALSE
13205686#84008510,0,0,FALSE
40470567#3129229,0,0,FALSE
16176339#75784220,0,0,FALSE
45858702#38374739,0,0,FALSE
4150044#87168706,0,0,FALSE
71068694#12673715,0,0,FALSE
68023169#46709252,0,0,FALSE
95595870#89714881,1,1,TRUE
35633356#39877160,0,0,FALSE
16174398#17116847,0,0,FALSE
69811580#81738033,0,0,FALSE
41763354#69062083,0,0,FALSE
59874069#81752586,0,0,FALSE
27145682#49982462,0,0,FALSE
41314656#94373108,0,0,FALSE
75698787#40555870,1,0,FALSE
30137322#83244081,0,0,FALSE
79139250#43644395,0,0,FALSE
87371358#13198672,0,0,FALSE
22178282#35109084,0,0,FALSE
37373317#9932421,0,0,FALSE
81752586#42999877,0,0,FALSE
54397772#48798939,0,0,FALSE
34146043#87636344,0,0,FALSE
51109166#36004979,0,0,FALSE
13205686#31303951,0,0,FALSE
97281594#12673715,0,0,FALSE
5108829#51664958,0,0,FALSE
57574501#34088263,0,0,FALSE
96601666#92702787,0,0,FALSE
29177746#31420716,0,0,FALSE
61891338#67240137,0,0,FALSE
75380050#75908352,0,0,FALSE
444965#76535406,0,0,FALSE
16176339#56744482,0,0,FALSE
18688923#8810340,0,0,FALSE
24607772#88770421,0,0,FALSE
17521071#36305406,0,0,FALSE
64696513#14443054,0,0,FALSE
48457802#85074682,0,0,FALSE
83562709#54285160,0,0,FALSE
6997147#20448379,0,0,FALSE
36319925#64112411,0,0,FALSE
93617759#2174287,0,0,FALSE
28797890#3038793,0,0,FALSE
2174287#2276717,0,0,FALSE
32021675#47008330,0,0,FALSE
28502826#13198672,0,0,FALSE
7016292#1875778,0,0,FALSE
32746933#88602235,0,0,FALSE
56500373#17618186,0,0,FALSE
9765844#77641222,0,0,FALSE
83562709#50044587,1,1,TRUE
24307555#3980193,0,0,FALSE
64696513#28316497,0,0,FALSE
23889723#2174287,0,0,FALSE
64252616#81752586,0,0,FALSE
13084603#5108829,0,0,FALSE
97281594#93035933,0,0,FALSE
41314656#34088263,0,0,FALSE
23947190#98773883,0,0,FALSE
57882906#83244081,0,0,FALSE
69540904#69411201,0,0,FALSE
7096661#47154861,0,0,FALSE
76045300#16628120,0,0,FALSE
57106905#71906516,1,1,TRUE
86011983#56774153,0,0,FALSE
70600296#83244081,1,1,TRUE
24700471#17837225,0,0,FALSE
70509448#2107813,0,0,FALSE
11651896#98861629,0,0,FALSE
44669031#53563141,0,0,FALSE
22122748#98321879,0,0,FALSE
70352977#40063734,0,0,FALSE
68819356#93222484,0,0,FALSE
75294597#16874921,0,0,FALSE
50044587#94576846,0,0,FALSE
74225977#10501202,0,0,FALSE
20448379#60743541,0,0,FALSE
52646581#17756835,0,0,FALSE
83586196#72086860,0,0,FALSE
44302898#86597447,0,0,FALSE
67240137#60545708,0,0,FALSE
55596658#84940611,0,0,FALSE
39944551#93035933,0,0,FALSE
60029334#9329468,0,0,FALSE
13084603#67240137,0,0,FALSE
74898883#653566,0,0,FALSE
1705445#7472344,0,0,FALSE
60743541#13205686,1,1,TRUE
2563741#8023909,0,0,FALSE
46998470#10762448,0,0,FALSE
74930475#49913360,0,0,FALSE
18640012#17364188,0,0,FALSE
98321879#65411927,0,0,FALSE
66609070#6444657,0,0,FALSE
55899186#17738556,1,1,TRUE
69411201#46900357,0,0,FALSE
32252152#7096661,0,0,FALSE
77641222#51215765,0,0,FALSE
50044587#85012455,0,0,FALSE
24925549#71384622,0,0,FALSE
49285911#41505583,0,0,FALSE
1907#82324884,0,0,FALSE
77271618#63800622,0,0,FALSE
39094258#37931146,0,0,FALSE
36514214#29226990,0,0,FALSE
1748964#64607330,0,0,FALSE
1907#17145434,0,0,FALSE
64112411#29851431,0,0,FALSE
31149883#26820221,0,0,FALSE
69249199#68747557,0,0,FALSE
12204925#50118951,0,0,FALSE
31587846#40007298,0,0,FALSE
17738556#9065596,0,0,FALSE
55284959#76164350,0,0,FALSE
18218196#68819356,0,0,FALSE
71906516#86136546,0,0,FALSE
74932360#15196749,0,0,FALSE
54397772#94578304,0,0,FALSE
51215765#905514,0,0,FALSE
76645893#18510686,0,0,FALSE
70726318#95170662,0,0,FALSE
19012125#76350435,0,0,FALSE
35076842#37788391,0,0,FALSE
26650551#67991855,1,1,TRUE
21688304#888946,1,1,TRUE
53563141#89189013,1,1,TRUE
87765870#49913360,0,0,FALSE
12958636#193593,0,0,FALSE
1448629#95160580,0,0,FALSE
5662042#98235372,0,0,FALSE
458256#66292005,0,0,FALSE
57882906#49891889,0,0,FALSE
9187011#27147725,0,0,FALSE
7650784#53447026,0,0,FALSE
77678186#12409643,0,0,FALSE
47032850#15311130,0,0,FALSE
37531391#38058369,0,0,FALSE
35493301#66481726,1,1,TRUE
85903724#87219862,1,1,TRUE
87219862#93405719,0,0,FALSE
37728852#72086860,0,0,FALSE
92349357#95595870,0,0,FALSE
88944870#18639975,0,0,FALSE
78926104#40086606,1,1,TRUE
94791347#24931990,1,1,TRUE
12958636#16566641,0,0,FALSE
71191165#14443054,0,0,FALSE
96705065#87481548,0,0,FALSE
7004489#92050862,0,0,FALSE
28316497#94578304,0,0,FALSE
15073430#19140046,0,0,FALSE
52462122#10373021,0,0,FALSE
23276091#22550534,0,1,TRUE
25083386#69811580,0,0,FALSE
70600274#57882906,1,1,TRUE
92798993#12424092,0,0,FALSE
52126910#16566641,1,1,TRUE
40624769#57107958,1,0,FALSE
35983151#84008510,0,0,FALSE
87576249#95577039,0,0,FALSE
98861629#17326659,0,0,FALSE
19506949#30137322,0,0,FALSE
47337045#66097781,0,0,FALSE
12958636#61257806,0,0,FALSE
60743541#19506949,0,0,FALSE
79528937#89098364,0,0,FALSE
65411927#75317094,0,0,FALSE
40470567#88596856,0,0,FALSE
17145434#72237540,0,0,FALSE
66763358#55705301,0,1,TRUE
27491747#14443054,0,0,FALSE
288189#38374739,0,0,FALSE
97008126#6220318,0,0,FALSE
426230#62254612,0,0,FALSE
70352977#63117104,0,0,FALSE
87576249#19320609,0,0,FALSE
94813013#11874069,0,0,FALSE
13393487#30963421,1,1,TRUE
30893225#59289884,0,0,FALSE
35760433#87955598,0,0,FALSE
12263071#67340922,1,1,TRUE
95241878#88331613,0,0,FALSE
81738033#27145682,0,1,TRUE
48675264#66630102,0,0,FALSE
80235641#55427773,0,0,FALSE
88171897#36116228,0,0,FALSE
60380041#23833261,0,0,FALSE
70768754#4308600,0,0,FALSE
35493301#88240059,0,0,FALSE
78329795#88944870,0,0,FALSE
54702023#11754903,0,0,FALSE
64438918#2237025,0,0,FALSE
77554678#11297103,0,0,FALSE
66914777#31877082,0,0,FALSE
78273504#61938323,0,1,TRUE
42244827#84486206,0,0,FALSE
8035591#75400332,0,0,FALSE
95428009#86510416,0,0,FALSE
46963156#86890239,0,0,FALSE
67959173#5108829,0,0,FALSE
57698050#59226089,0,0,FALSE
98129540#13084603,1,1,TRUE
81865746#71884441,0,0,FALSE
62151951#35590306,0,0,FALSE
51933885#17447786,0,0,FALSE
66609070#16993914,0,0,FALSE
54559293#32252152,0,0,FALSE
25895411#68819356,0,0,FALSE
96601666#12673715,0,0,FALSE
11241255#34959942,0,0,FALSE
88160368#808263,0,0,FALSE
78574784#11681031,1,0,FALSE
9065596#69499657,0,0,FALSE
87645646#74930475,0,0,FALSE
42621634#41119591,0,0,FALSE
37466646#32021675,0,0,FALSE
68332855#4395083,0,1,TRUE
7861704#86136546,0,0,FALSE
17037701#19610940,0,0,FALSE
58262024#25757705,0,0,FALSE
75552500#9187011,0,0,FALSE
94193655#87955598,0,0,FALSE
88073129#49913360,1,0,FALSE
9932421#49146483,0,0,FALSE
91607349#57882906,0,0,FALSE
74612575#1448629,0,0,FALSE
8130501#64607330,0,0,FALSE
66152591#54702023,0,0,FALSE
28797890#16458906,0,0,FALSE
51741857#76645893,0,0,FALSE
94168884#39448463,1,1,TRUE
76797257#88446522,1,1,TRUE
95917231#77906357,0,0,FALSE
94351044#56354267,0,0,FALSE
18639975#31061866,0,0,FALSE
39437318#56500373,0,0,FALSE
84008510#26298839,0,0,FALSE
95301262#66630102,0,0,FALSE
37671415#51318537,1,1,TRUE
34642657#29965958,0,0,FALSE
23165688#17174163,0,0,FALSE
64889535#96524902,0,0,FALSE
93393039#3342135,0,0,FALSE
17116847#7096661,0,0,FALSE
23889723#5749619,0,0,FALSE
41505583#55406516,0,0,FALSE
75588119#35149551,0,0,FALSE
64889535#95428009,0,0,FALSE
23889723#4308600,0,0,FALSE
68021989#68332855,0,0,FALSE
75229781#905514,0,0,FALSE
28797890#17216616,0,0,FALSE
5749619#17116847,0,0,FALSE
26995615#6881030,0,0,FALSE
10723708#40470567,0,0,FALSE
34522740#88160368,0,0,FALSE
28316497#653566,0,0,FALSE
30439582#65376715,0,0,FALSE
26217615#35807638,0,0,FALSE
81254738#39437318,0,0,FALSE
96524902#20457621,1,1,TRUE
85520596#49913360,0,0,FALSE
50948610#43618988,0,0,FALSE
67031613#31420716,0,0,FALSE
75901191#60380041,0,0,FALSE
59289884#320211,0,0,FALSE
70181426#73197482,0,0,FALSE
24307555#31051738,0,0,FALSE
5039534#64791875,0,0,FALSE
25024300#6455027,0,0,FALSE
7547159#79812958,0,0,FALSE
38525199#87240955,0,0,FALSE
85675854#93405719,0,0,FALSE
40063734#43644395,0,0,FALSE
46998470#94578304,1,1,TRUE
34088263#82666001,0,0,FALSE
95301262#87136825,0,0,FALSE
35633356#17037701,0,0,FALSE
47032850#94391133,0,0,FALSE
66609070#50948610,0,0,FALSE
96835518#4150044,0,0,FALSE
58262024#87240955,0,0,FALSE
87219862#13877575,0,0,FALSE
259815#15290237,0,0,FALSE
34088263#44145250,0,0,FALSE
51924648#98129540,0,0,FALSE
7016292#61257806,0,0,FALSE
5039534#26820221,0,0,FALSE
71068694#9882201,0,0,FALSE
47662466#7503553,0,0,FALSE
43671477#11651896,0,0,FALSE
84250472#3713378,0,0,FALSE
25351062#76350435,0,0,FALSE
78313618#59874069,0,0,FALSE
89103846#77271618,0,0,FALSE
16909124#57869707,0,0,FALSE
7987227#95160580,0,0,FALSE
92356380#25390993,0,0,FALSE
94373108#66637530,1,1,TRUE
20668617#54397772,0,0,FALSE
69903032#62151951,0,0,FALSE
92348266#36193101,1,1,TRUE
12673715#75698787,0,0,FALSE
88763472#48798939,1,1,TRUE
48808155#12057738,0,0,FALSE
12338419#34487169,0,0,FALSE
98314225#45649802,0,0,FALSE
34088263#52646581,0,0,FALSE
8780477#10816,0,0,FALSE
18968441#94391133,0,0,FALSE
95170662#8023909,0,0,FALSE
67991855#16909124,0,0,FALSE
2237025#21436544,0,0,FALSE
61938323#79528937,0,0,FALSE
30439582#7862454,0,0,FALSE
35807638#64535407,0,0,FALSE
75588119#19653009,1,0,FALSE
15602472#12958636,0,0,FALSE
17216616#79860176,0,0,FALSE
70600274#70600261,0,0,FALSE
61891338#51664958,1,1,TRUE
75908352#55641907,0,0,FALSE
42621634#23947190,0,0,FALSE
19506949#74381286,0,0,FALSE
82364086#69524744,0,0,FALSE
26650551#71498088,0,0,FALSE
24700471#12424092,0,0,FALSE
87481548#17145434,1,1,TRUE
13853990#67240137,0,0,FALSE
50999488#10171935,0,0,FALSE
48310053#37652517,0,0,FALSE
34959942#96710850,0,0,FALSE
69281402#26217615,0,0,FALSE
40979545#44098995,0,0,FALSE
82666001#65411927,0,0,FALSE
92054456#18750700,0,0,FALSE
70983035#41822669,0,0,FALSE
1000748#46709252,0,0,FALSE
28635594#51914482,0,0,FALSE
64252616#10723708,0,0,FALSE
98129540#60545708,0,0,FALSE
71693305#6969637,0,0,FALSE
5108829#61891338,0,0,FALSE
95170662#4308600,0,0,FALSE
17954127#27491747,0,0,FALSE
78926104#5057882,0,0,FALSE
54397772#62305995,0,0,FALSE
92798993#83244081,0,0,FALSE
172054#77300355,0,0,FALSE
85107531#64360600,0,0,FALSE
50179606#96835518,0,0,FALSE
1448629#10917978,1,1,TRUE
92598888#44382672,1,0,FALSE
56291879#67240137,0,0,FALSE
35485275#21940746,1,1,TRUE
75901191#54202524,0,0,FALSE
37373317#49146483,0,0,FALSE
48449418#35750776,0,0,FALSE
76350435#7862454,0,0,FALSE
36927878#94791347,0,0,FALSE
36305406#13393487,0,0,FALSE
33296026#64535407,0,0,FALSE
28316497#9765844,0,0,FALSE
31981847#58485839,0,0,FALSE
42550257#4308600,0,0,FALSE
62846191#31186504,0,0,FALSE
48327523#59622337,0,0,FALSE
77271618#2276717,0,0,FALSE
69811580#20547394,0,0,FALSE
95241878#73197482,1,1,TRUE
30439582#5197574,0,0,FALSE
66552236#70600300,0,0,FALSE
44098995#9765844,0,0,FALSE
6444657#10762448,0,0,FALSE
83562709#89098364,0,0,FALSE
49891889#85903724,0,0,FALSE
10762448#77906357,0,0,FALSE
41763354#17837225,1,1,TRUE
31149883#84147645,0,0,FALSE
87219862#83244081,0,0,FALSE
27145682#39761380,0,0,FALSE
19210924#97360314,0,0,FALSE
89764257#60029334,0,0,FALSE
65979382#42582657,0,0,FALSE
193593#60257213,0,0,FALSE
94373108#75901191,0,0,FALSE
69540904#17756835,0,0,FALSE
44917290#65979382,0,0,FALSE
10547369#37818105,0,0,FALSE
1748964#13084603,0,0,FALSE
10723708#27147725,0,0,FALSE
50179606#13393487,0,0,FALSE
56500373#61901186,0,0,FALSE
80363785#56500373,1,1,TRUE
2300726#25749336,0,0,FALSE
24307555#47240346,0,0,FALSE
23833261#60595831,0,0,FALSE
85107531#69644238,0,0,FALSE
62254612#18344350,0,0,FALSE
31928950#65159550,0,0,FALSE
40624769#38058369,0,0,FALSE
59887473#2357764,1,1,TRUE
5749619#7096661,0,0,FALSE
57106905#25757705,0,0,FALSE
34090287#19210924,0,0,FALSE
74225977#73023967,0,0,FALSE
35590306#45649802,0,0,FALSE
56774153#31572294,0,0,FALSE
54519492#51109166,0,0,FALSE
70600274#70600296,0,0,FALSE
20457621#55596658,0,0,FALSE
22001291#38999889,0,0,FALSE
48808155#33850542,0,0,FALSE
35076842#12673715,0,0,FALSE
88797158#78273504,0,0,FALSE
175833#87371358,0,0,FALSE
52322597#51215765,0,0,FALSE
68689905#77271618,0,0,FALSE
42626545#19743674,0,0,FALSE
58726767#19653009,0,0,FALSE
64607330#67240137,1,1,TRUE
41314656#5108829,0,0,FALSE
9329468#11681031,0,0,FALSE
14276753#77964245,0,0,FALSE
10330385#4150044,0,0,FALSE
61938323#96381958,0,0,FALSE
75400332#48449418,0,0,FALSE
88602235#15602472,0,0,FALSE
97008126#95428009,0,0,FALSE
39759360#54559293,0,0,FALSE
15073430#94193655,0,0,FALSE
56500373#95788693,0,0,FALSE
75908352#51581207,0,0,FALSE
8374819#23165688,0,0,FALSE
65287375#28849323,0,0,FALSE
95577039#34090287,1,1,TRUE
36116228#54702023,0,0,FALSE
23947190#48457802,0,0,FALSE
6817074#13986277,0,0,FALSE
48314206#74930475,1,1,TRUE
39944551#57208331,0,0,FALSE
70181426#1574817,0,0,FALSE
10330385#32359565,0,0,FALSE
60380041#37417537,0,0,FALSE
55641907#64535407,0,0,FALSE
19820120#36026562,0,0,FALSE
29386919#71498088,0,0,FALSE
92356380#72237540,0,0,FALSE
55641907#97360314,0,0,FALSE
27145682#80543447,0,0,FALSE
48925354#23947190,0,0,FALSE
68659568#76350435,1,1,TRUE
77145447#53447026,0,0,FALSE
79139250#35439433,0,0,FALSE
23165688#48647262,0,0,FALSE
69903032#84940611,0,0,FALSE
48310053#1029315,0,0,FALSE
36985187#6455027,0,0,FALSE
88171897#77641222,0,0,FALSE
70600274#86597447,0,0,FALSE
47662466#80363785,0,0,FALSE
79295#63436905,0,0,FALSE
19610940#40771441,1,1,TRUE
74381286#97008126,0,0,FALSE
29988045#67945340,0,0,FALSE
92702787#63117104,0,0,FALSE
11241255#51901808,0,0,FALSE
59226089#65761443,0,0,FALSE
67945340#2563741,0,0,FALSE
62846191#96441135,0,0,FALSE
5662042#39944551,0,0,FALSE
808263#66292005,1,1,TRUE
77145447#65991083,0,0,FALSE
69411201#79097615,0,0,FALSE
79812958#53563141,0,0,FALSE
8104033#12285597,0,0,FALSE
6881030#65159550,0,0,FALSE
76275317#14625144,0,0,FALSE
70600296#26109768,0,0,FALSE
84036223#29009865,0,0,FALSE
70352977#34075163,0,0,FALSE
8145012#87481548,0,0,FALSE
81296852#426230,0,0,FALSE
2254995#54559293,0,0,FALSE
47337045#37931146,0,0,FALSE
12424092#9716045,0,0,FALSE
777189#3980193,0,0,FALSE
69540904#94945290,0,0,FALSE
9716045#13893314,0,0,FALSE
34597503#7987227,0,0,FALSE
41119591#66465346,0,0,FALSE
7138298#288189,0,0,FALSE
77641222#74111438,1,1,TRUE
40524988#26995615,0,0,FALSE
35489837#45667657,0,0,FALSE
32792490#60950692,0,0,FALSE
18178431#55993507,0,0,FALSE
84347869#19743674,0,0,FALSE
46963156#60071236,0,0,FALSE
57869707#67991855,0,0,FALSE
89098364#63634340,0,0,FALSE
9329468#53579521,0,0,FALSE
87327065#84036223,0,0,FALSE
12057738#1748964,1,1,TRUE
56291879#61891338,0,0,FALSE
75059939#7016292,0,0,FALSE
55205314#4734872,0,0,FALSE
49913360#35489837,0,0,FALSE
5197574#19653009,0,0,FALSE
26650551#69540904,0,0,FALSE
66218491#25573269,1,1,TRUE
50999488#64225057,0,0,FALSE
35489837#15196749,0,0,FALSE
84036223#4232352,0,0,FALSE
29988045#36649389,1,1,TRUE
16938908#55596658,0,0,FALSE
51710206#98314225,1,0,FALSE
76999933#2634172,0,0,FALSE
98314225#38669053,0,0,FALSE
70768754#75102581,0,0,FALSE
50968746#10723708,0,0,FALSE
8452869#30439582,1,1,TRUE
38374739#36193101,0,0,FALSE
48925354#72086860,0,0,FALSE
98314225#24700471,0,0,FALSE
74225977#89113825,0,0,FALSE
87136825#37466646,0,0,FALSE
73296694#54285160,0,0,FALSE
10373021#42582657,0,0,FALSE
13086482#78329795,0,0,FALSE
52322597#13198672,0,0,FALSE
13640797#74172078,0,0,FALSE
757201#48880627,0,0,FALSE
53397183#458256,0,0,FALSE
51914482#13853990,1,1,TRUE
65193938#82724964,0,0,FALSE
9185300#13621719,0,0,FALSE
66465346#23442471,0,0,FALSE
9716045#1029315,1,1,TRUE
44098995#13853990,0,0,FALSE
11344076#25749336,1,1,TRUE
72086860#34174042,0,0,FALSE
2740878#93617759,0,0,FALSE
77964245#75380050,0,0,FALSE
74622289#71190761,0,0,FALSE
8780477#17174163,0,0,FALSE
85663923#73296694,0,0,FALSE
91105987#13893314,0,0,FALSE
80790800#28502826,0,0,FALSE
36927878#34597503,0,0,FALSE
84036223#67880656,0,0,FALSE
37931146#63008653,0,0,FALSE
42076543#64112411,1,0,FALSE
40624769#28849323,0,0,FALSE
37417537#23345904,1,1,TRUE
34522740#39544839,0,0,FALSE
47929214#46998470,0,0,FALSE
39761380#93035933,1,1,TRUE
60545708#61891338,0,0,FALSE
3129229#43618988,0,0,FALSE
26217615#47032850,0,0,FALSE
76164350#37652517,0,1,TRUE
40940816#35109084,0,0,FALSE
18344350#84036223,0,0,FALSE
26109768#81558327,0,0,FALSE
44917290#6086571,0,0,FALSE
18178431#32252152,1,0,FALSE
51775601#96441135,1,1,TRUE
61917173#15311130,0,0,FALSE
62305995#68689905,1,1,TRUE
5039534#57354491,0,0,FALSE
18929113#81254738,0,0,FALSE
36305406#97360314,0,0,FALSE
20206361#20448379,0,0,FALSE
2237025#31186504,0,0,FALSE
80362350#42670956,0,0,FALSE
32021675#14918547,0,0,FALSE
49891889#599182,0,0,FALSE
81254738#65193938,0,0,FALSE
54702023#26650551,0,0,FALSE
55124457#59874069,0,0,FALSE
59887473#43886265,0,0,FALSE
57698050#81011691,0,0,FALSE
18510686#67880656,0,0,FALSE
54702023#96667020,1,1,TRUE
81011691#7862454,1,1,TRUE
96601666#71068694,0,0,FALSE
2163360#27491847,0,0,FALSE
3129229#97281594,0,0,FALSE
22017852#61938323,0,0,FALSE
37373317#14276753,1,1,TRUE
87645646#33850542,0,0,FALSE
63926920#23943532,0,0,FALSE
84147645#1748964,0,0,FALSE
599182#29851431,0,0,FALSE
42550257#16489844,0,0,FALSE
94193655#47240346,0,0,FALSE
18688923#20665199,0,0,FALSE
5563597#37417537,0,0,FALSE
22550534#40470567,0,0,FALSE
44923081#90931340,0,0,FALSE
28797891#20008769,0,0,FALSE
51109166#18140756,1,1,TRUE
19140046#12057738,0,0,FALSE
93222484#97936921,0,0,FALSE
10218816#30137322,0,0,FALSE
22001291#7039861,0,0,FALSE
48925354#37671415,0,0,FALSE
48310053#37531391,1,1,TRUE
9225217#82324884,0,0,FALSE
75059939#73808482,0,0,FALSE
31572294#78313618,0,0,FALSE
69903032#10547369,0,0,FALSE
23792229#82209636,1,1,TRUE
53579521#85520596,0,0,FALSE
9225217#96705065,0,0,FALSE
12958636#40170577,0,0,FALSE
24607772#72237540,1,1,TRUE
59874069#31572294,0,0,FALSE
54728016#95301262,0,0,FALSE
9187011#25096603,0,0,FALSE
81138609#36342541,0,0,FALSE
42076543#49913360,0,0,FALSE
70509448#19320609,0,0,FALSE
70533385#21214984,0,0,FALSE
22206925#91438386,0,0,FALSE
20206361#66637530,0,0,FALSE
18640012#40524988,0,0,FALSE
77906357#91438386,1,1,TRUE
51836529#88763472,0,0,FALSE
75294597#23792229,0,0,FALSE
87240955#81558327,0,0,FALSE
51215765#55205314,0,0,FALSE
87371358#82274481,0,0,FALSE
17364188#35823397,0,0,FALSE
33541592#66630102,0,0,FALSE
77145447#25895411,0,0,FALSE
69540904#35149551,0,0,FALSE
18750700#4395083,0,0,FALSE
19012125#34174042,1,1,TRUE
8452869#66441075,0,0,FALSE
74898883#43644395,0,0,FALSE
95577039#52126910,0,0,FALSE
81004909#2254995,0,0,FALSE
12391221#94813013,1,1,TRUE
79860176#18929113,0,0,FALSE
74414069#17092441,0,0,FALSE
14276753#79139250,0,0,FALSE
61917173#85065034,0,0,FALSE
32252152#74646862,0,0,FALSE
25749336#10032550,0,0,FALSE
54202524#71190761,0,0,FALSE
42782136#73296694,0,0,FALSE
92054456#5039915,0,0,FALSE
9563912#10330385,0,0,FALSE
92356380#66441075,0,0,FALSE
95160580#35489837,1,1,TRUE
70600300#89714881,0,0,FALSE
6873873#35760433,0,0,FALSE
13613251#2740878,0,0,FALSE
95017941#20665199,0,0,FALSE
55406516#53447026,0,0,FALSE
44917290#12577609,0,0,FALSE
76999933#44098995,0,0,FALSE
48449418#76343774,0,0,FALSE
64360600#32792490,0,0,FALSE
395201#53799536,0,0,FALSE
13877575#57882906,0,0,FALSE
13893314#43644395,0,0,FALSE
16176339#84147645,0,0,FALSE
81714923#48050949,0,0,FALSE
35642956#11297103,1,1,TRUE
37931146#17954127,0,0,FALSE
55164507#53262633,1,1,TRUE
5749619#17521071,0,0,FALSE
12391221#20008769,0,0,FALSE
59289884#259815,0,0,FALSE
96705065#24438834,0,0,FALSE
5108829#56291879,1,1,TRUE
28635594#39761380,0,0,FALSE
80362350#17364188,0,0,FALSE
37466646#50044587,0,0,FALSE
54700185#75102581,0,0,FALSE
90886706#74622289,0,0,FALSE
23165688#95577039,0,0,FALSE
13640797#42670956,0,0,FALSE
96705065#82324884,0,0,FALSE
25390993#47154861,0,0,FALSE
59289884#33850542,1,0,FALSE
13389192#24909859,0,1,TRUE
19411771#94791347,0,0,FALSE
51836529#66204747,0,0,FALSE
29226990#40002118,0,0,FALSE
68023169#19610940,0,0,FALSE
16174398#80185739,0,0,FALSE
23947190#98235372,0,0,FALSE
49146483#777189,0,0,FALSE
61938323#54397772,1,0,FALSE
59825579#40940816,0,0,FALSE
85012455#5662042,0,0,FALSE
17116847#12204925,0,0,FALSE
68819356#60257213,0,0,FALSE
41822669#16628120,0,0,FALSE
49991167#85641193,0,0,FALSE
12832490#37931146,0,0,FALSE
64252616#55705301,0,0,FALSE
91607349#50948610,0,0,FALSE
17326659#17682913,0,0,FALSE
71514451#25351062,0,0,FALSE
31493300#39376372,0,0,FALSE
94596740#85641193,1,1,TRUE
29988045#2563741,0,0,FALSE
8023909#12391221,0,0,FALSE
35823397#32383258,0,0,FALSE
13893314#89189013,0,0,FALSE
54700185#7547159,0,0,FALSE
75102581#90931340,0,0,FALSE
48715831#55284959,0,0,FALSE
70983035#22122748,0,0,FALSE
26217615#78329795,0,0,FALSE
94391133#67880656,0,0,FALSE
66218491#36342541,0,0,FALSE
24438834#9225217,1,1,TRUE
83951045#82724964,0,0,FALSE
40007298#22110995,1,1,TRUE
20665199#18682580,0,0,FALSE
57882906#85903724,0,0,FALSE
50972713#50118951,0,0,FALSE
74612575#30439582,0,0,FALSE
24163225#84810462,1,1,TRUE
6881030#31587846,0,0,FALSE
85663923#48647262,0,0,FALSE
14443054#96835518,0,0,FALSE
33296026#81004909,0,0,FALSE
34522740#5057882,0,0,FALSE
25083386#56493397,0,0,FALSE
10547369#81558327,0,0,FALSE
84036223#72636167,0,0,FALSE
80363785#21688304,0,0,FALSE
50118951#39761380,0,0,FALSE
77906357#22206925,0,0,FALSE
61257806#35750776,0,0,FALSE
9563912#17447786,1,1,TRUE
17954127#82364086,0,0,FALSE
61257806#15602472,0,0,FALSE
51850183#48925354,0,0,FALSE
21038841#50968746,0,0,FALSE
35750776#96715844,0,0,FALSE
96595462#59887473,0,0,FALSE
86510416#9238663,0,0,FALSE
19669552#17116847,1,1,TRUE
19585056#83052078,0,0,FALSE
71834414#2160536,1,0,FALSE
81486182#68571415,1,0,FALSE
78273504#82614828,0,0,FALSE
51741857#17145434,0,0,FALSE
54202524#10997532,0,0,FALSE
87240955#32359565,0,0,FALSE
65287375#69062083,0,0,FALSE
58485839#81865746,1,1,TRUE
9185300#54788213,0,0,FALSE
37931146#22206925,0,0,FALSE
43644395#17738556,0,0,FALSE
88944870#78513705,0,0,FALSE
36985187#27491747,0,0,FALSE
84686125#71514451,1,0,FALSE
98456180#94813013,0,0,FALSE
621820#83586196,0,0,FALSE
10009728#68689905,0,0,FALSE
74111438#69249199,0,0,FALSE
75134238#37931146,1,0,FALSE
44098995#80363785,0,0,FALSE
29965958#42782136,0,0,FALSE
19320609#39759360,0,0,FALSE
66481726#81011691,0,0,FALSE
21520858#86136546,0,0,FALSE
81738033#98035591,0,0,FALSE
96715844#83052078,0,0,FALSE
19610472#71190761,1,1,TRUE
95788693#19338654,0,0,FALSE
35807638#41505583,1,1,TRUE
95788693#66630102,0,0,FALSE
81738033#94168884,0,0,FALSE
48925354#9238663,0,0,FALSE
48050949#73023967,0,0,FALSE
71514451#90886706,0,0,FALSE
38525199#66789257,0,0,FALSE
18929113#39944551,0,0,FALSE
21421662#40063734,1,1,TRUE
57106905#22206925,0,0,FALSE
35572402#23442471,1,1,TRUE
45065236#79295,0,0,FALSE
11681031#60029334,0,0,FALSE
36193101#47337045,0,0,FALSE
25096603#64112411,0,0,FALSE
94576846#81714923,0,0,FALSE
66481726#84686125,0,0,FALSE
8452869#45667657,0,0,FALSE
40979545#45667657,0,0,FALSE
45649802#12958636,0,0,FALSE
87765870#78513705,0,0,FALSE
88944870#51581207,0,0,FALSE
10762448#82324884,0,0,FALSE
85012455#3342135,1,1,TRUE
94168884#24909859,0,0,FALSE
79812958#31061866,0,0,FALSE
62305995#13198672,0,0,FALSE
63117104#77300355,1,1,TRUE
60950692#48715831,0,0,FALSE
38774023#53540754,0,0,FALSE
64607330#84783221,0,0,FALSE
34075163#94791347,0,0,FALSE
40624769#46963156,0,0,FALSE
8374819#73018266,0,0,FALSE
85520596#70509448,0,0,FALSE
3365489#57297547,0,0,FALSE
68021989#18750700,1,1,TRUE
35823397#26995615,0,0,FALSE
24163225#6628173,0,0,FALSE
85663923#71068694,1,0,FALSE
60950692#32663296,0,0,FALSE
96601666#15279595,0,0,FALSE
94576846#54285160,0,0,FALSE
95301262#64225057,1,1,TRUE
426230#864070,0,0,FALSE
42080094#2053522,0,0,FALSE
40771441#64112411,0,0,FALSE
33541592#49285911,0,0,FALSE
94578304#9765844,0,1,TRUE
27915727#24504646,0,0,FALSE
6976859#40524988,0,0,FALSE
86597447#66763358,0,0,FALSE
82614828#16938908,0,0,FALSE
53447026#18178431,0,0,FALSE
57297547#75933939,0,0,FALSE
17738556#55406516,0,0,FALSE
95846717#40007298,0,0,FALSE
73018266#32383258,0,0,FALSE
7987227#86890239,1,1,TRUE
97975290#95111575,0,0,FALSE
33296026#54202524,0,0,FALSE
14576013#16566641,0,0,FALSE
97936921#50403133,0,0,FALSE
24072080#47240346,0,0,FALSE
57106905#38525199,0,0,FALSE
95170662#2254995,0,0,FALSE
17116847#61938323,0,0,FALSE
24315621#29177746,1,1,TRUE
69411201#81296852,0,0,FALSE
51215765#9494941,0,0,FALSE
47272682#70509448,0,0,FALSE
27491747#3980193,0,0,FALSE
84271012#66481726,0,0,FALSE
88944870#97360314,0,0,FALSE
57106905#11413382,0,0,FALSE
42550257#71498088,1,1,TRUE
20822871#40086606,0,0,FALSE
43098472#46709252,0,0,FALSE
83244081#49891889,0,0,FALSE
66609070#94813013,0,0,FALSE
55993507#599182,0,0,FALSE
16176339#39759360,0,0,FALSE
48310053#9716045,0,0,FALSE
82666001#57574501,1,0,FALSE
62305995#77271618,0,0,FALSE
71622657#74315994,0,0,FALSE
15196749#34597503,1,1,TRUE
58262024#57106905,0,0,FALSE
39437318#37762589,0,0,FALSE
66763358#47662466,0,0,FALSE
8810340#66001502,0,0,FALSE
14022878#87219862,0,0,FALSE
50100211#13853990,0,0,FALSE
44917290#40063734,0,0,FALSE
17058930#41270447,0,0,FALSE
8780477#3980193,0,0,FALSE
26298839#67818648,0,0,FALSE
25749336#6873873,0,0,FALSE
74612575#1029315,0,0,FALSE
10171935#12577609,1,0,FALSE
88446522#55205314,0,0,FALSE
87219862#49891889,0,0,FALSE
37466646#84036223,1,1,TRUE
29851431#6601115,1,1,TRUE
50118951#93035933,0,0,FALSE
11413382#25757705,0,0,FALSE
12577609#44098995,0,0,FALSE
4308600#97975290,0,0,FALSE
20822871#78926104,0,0,FALSE
35633356#69249199,0,0,FALSE
97975290#97485069,0,0,FALSE
61917173#54656829,0,0,FALSE
50968746#24072080,0,0,FALSE
84810462#66001502,0,0,FALSE
70600296#12558301,0,0,FALSE
9026518#57106905,0,0,FALSE
87219862#66481726,0,0,FALSE
88331613#24936536,0,0,FALSE
30137322#777189,0,0,FALSE
35823397#41763354,0,0,FALSE
45667657#92702787,1,1,TRUE
45065236#35149551,0,0,FALSE
5836988#35149551,0,0,FALSE
88160368#70600300,0,0,FALSE
19338654#175833,0,0,FALSE
53397183#10723708,0,0,FALSE
84081996#57882906,0,0,FALSE
66204747#75229781,0,0,FALSE
64252616#26714094,0,0,FALSE
96482852#17058930,0,0,FALSE
95938196#23889723,0,0,FALSE
95160580#74932360,0,0,FALSE
444965#88944870,0,0,FALSE
12409643#57241644,0,0,FALSE
54519492#47337045,0,0,FALSE
72086860#15290237,0,0,FALSE
24072080#66097781,0,0,FALSE
2926780#47337045,0,0,FALSE
40170577#69644238,0,0,FALSE
18929113#81752586,0,0,FALSE
71693305#20822871,1,1,TRUE
48449418#36649389,0,0,FALSE
69644238#95160580,0,0,FALSE
4895903#66292005,0,0,FALSE
54559293#7016292,0,0,FALSE
56493397#96705065,0,0,FALSE
55406516#94697384,0,0,FALSE
16628120#24504646,0,0,FALSE
41314656#5836988,1,0,FALSE
51850183#69903032,0,0,FALSE
2803990#7004489,1,1,TRUE
63688174#69811580,0,0,FALSE
49146483#75380050,1,1,TRUE
75317094#82364086,0,0,FALSE
80085603#65193938,0,0,FALSE
35489837#43886265,0,0,FALSE
599182#67959173,0,0,FALSE
81254738#90931340,0,0,FALSE
16566641#17682913,0,0,FALSE
82217045#35149551,0,0,FALSE
70768754#84036223,0,0,FALSE
42626545#93799137,1,1,TRUE
96710850#42244827,1,1,TRUE
905514#95846717,0,0,FALSE
84250472#82049746,0,0,FALSE
34522740#94929528,0,0,FALSE
15602472#66637530,0,0,FALSE
98258448#17521071,0,0,FALSE
69062083#44382672,0,0,FALSE
6997147#16458906,1,1,TRUE
35149551#28958152,0,0,FALSE
54109462#29851431,0,0,FALSE
58485839#11754903,0,0,FALSE
13613251#28502826,0,0,FALSE
3342135#38374739,0,0,FALSE
54499706#50100211,0,0,FALSE
2563741#84271012,0,0,FALSE
6601115#42076543,0,0,FALSE
67240137#6817074,0,0,FALSE
60743541#4150044,0,0,FALSE
27147725#78273504,0,0,FALSE
93405719#88171897,0,0,FALSE
84810462#13613251,0,0,FALSE
17713434#54285160,0,0,FALSE
19506949#79097615,0,0,FALSE
97485069#27491847,0,0,FALSE
71884441#61938323,0,0,FALSE
59622337#70600274,0,0,FALSE
75294597#95788693,1,1,TRUE
10917978#2724789,0,0,FALSE
75552500#10032550,0,0,FALSE
55596658#36319925,0,0,FALSE
78513705#64535407,0,0,FALSE
16909124#47272682,0,0,FALSE
62009379#84718207,0,0,FALSE
31493300#74315994,1,1,TRUE
4646691#94373108,0,0,FALSE
66481726#1875778,0,0,FALSE
3038793#74612575,0,0,FALSE
16489844#8452869,0,0,FALSE
7039861#13084603,0,0,FALSE
89714881#5039534,0,0,FALSE
74111438#95241878,0,0,FALSE
21436544#64438918,0,0,FALSE
87765870#6315279,0,0,FALSE
24438834#83562709,0,0,FALSE
6969637#89103846,0,0,FALSE
14022878#49891889,0,0,FALSE
76164350#426230,0,0,FALSE
30893225#2160536,0,0,FALSE
7861704#18225168,0,0,FALSE
61257806#6628173,0,0,FALSE
24721936#45667657,0,0,FALSE
96381958#924199,0,0,FALSE
69062083#17837225,0,1,TRUE
55406516#79139250,1,1,TRUE
8865735#60950692,0,0,FALSE
30137322#51933885,0,0,FALSE
2803990#64360600,0,0,FALSE
74111438#23276091,0,0,FALSE
50403133#71622657,0,0,FALSE
66204747#33850542,0,0,FALSE
34487169#76343774,0,0,FALSE
23442471#88025577,0,0,FALSE
68675078#9716045,0,0,FALSE
23345904#51914482,0,0,FALSE
63634340#57914917,0,0,FALSE
56291879#13084603,0,0,FALSE
51901808#43098472,0,0,FALSE
46709252#11241255,0,0,FALSE
9494941#12285597,0,0,FALSE
70352977#17116847,0,0,FALSE
17092441#96601666,0,0,FALSE
10816#48938134,0,0,FALSE
68819356#56744482,0,0,FALSE
31149883#47240346,0,0,FALSE
40555870#35076842,0,0,FALSE
9225217#17145434,0,0,FALSE
2357764#19320609,0,0,FALSE
28958152#55641907,0,0,FALSE
98456180#70352977,0,0,FALSE
92356380#5651476,0,0,FALSE
16909124#193593,0,0,FALSE
67880656#21421662,0,0,FALSE
75784220#95788693,0,0,FALSE
5749619#86136546,0,0,FALSE
14918547#71458103,0,0,FALSE
48327523#9882201,0,0,FALSE
175833#96441135,0,0,FALSE
49991167#60950692,1,0,FALSE
13640797#18762312,0,0,FALSE
35417651#22110995,0,0,FALSE
94576846#27491747,0,0,FALSE
34487169#31981847,1,1,TRUE
8865735#9765844,0,0,FALSE
17092441#19210924,0,0,FALSE
48327523#51836529,1,1,TRUE
26298839#37417537,0,0,FALSE
51933885#63634340,0,0,FALSE
35439433#43644395,0,0,FALSE
66390507#61257806,0,0,FALSE
42621634#68023169,0,0,FALSE
40086606#89764257,0,0,FALSE
2160536#50403133,0,0,FALSE
94945290#88414713,0,0,FALSE
48938134#55205314,0,0,FALSE
43671477#52499440,0,0,FALSE
10330385#10171935,0,0,FALSE
89113825#81714923,0,0,FALSE
68400481#92702787,0,0,FALSE
70600296#70600300,0,0,FALSE
34088263#5836988,0,0,FALSE
10762448#94578304,0,1,TRUE
66630102#82274481,0,0,FALSE
10330385#3713378,0,0,FALSE
17954127#40979545,0,0,FALSE
17174163#68021989,0,0,FALSE
83562709#94576846,0,0,FALSE
86039608#59226089,0,0,FALSE
51914482#21038841,0,0,FALSE
94391133#47008330,0,0,FALSE
57698050#95017941,0,0,FALSE
26714094#47662466,0,0,FALSE
9329468#48327523,0,0,FALSE
51836529#51933885,0,0,FALSE
66218491#23923095,0,0,FALSE
75317094#57107958,0,0,FALSE
70600261#70600300,0,0,FALSE
66789257#11297103,0,0,FALSE
2926780#66097781,0,0,FALSE
24315621#55427773,0,0,FALSE
20008769#11297103,0,0,FALSE
97975290#10132766,0,0,FALSE
40002118#49146483,0,0,FALSE
81865746#90886706,0,0,FALSE
85074682#49891889,0,0,FALSE
16938908#94373108,0,0,FALSE
9932421#888946,0,0,FALSE
81138609#55641907,1,1,TRUE
26109768#10917978,0,0,FALSE
34522740#74930475,0,0,FALSE
40979545#24721936,1,1,TRUE
40555870#444965,0,0,FALSE
74932360#12338419,1,1,TRUE
66204747#25096603,0,0,FALSE
56500373#89189013,0,0,FALSE
71622657#26995615,1,0,FALSE
97360314#94596740,0,0,FALSE
98129540#24931990,0,0,FALSE
97485069#38525199,0,0,FALSE
11874069#35807638,0,1,TRUE
38999889#42244827,0,0,FALSE
26109768#19411771,0,0,FALSE
54285160#31051738,0,0,FALSE
63800622#88171897,0,0,FALSE
15290237#2163360,1,1,TRUE
46998470#28316497,0,0,FALSE
42670956#16489844,0,0,FALSE
6628173#86011983,0,0,FALSE
86597447#76275317,0,0,FALSE
55406516#74898883,0,1,TRUE
19610472#91798176,0,0,FALSE
21318183#51741857,0,0,FALSE
15279595#74414069,0,0,FALSE
35493301#68659568,0,0,FALSE
50118951#61938323,0,0,FALSE
54109462#7039861,0,0,FALSE
17326659#11651896,0,0,FALSE
80543447#40976538,0,0,FALSE
68571415#85903724,0,0,FALSE
17131328#35439433,0,0,FALSE
72237540#96705065,0,0,FALSE
56500373#35642956,0,0,FALSE
22110995#48880627,0,0,FALSE
57297547#21318183,0,0,FALSE
75102581#88025577,0,0,FALSE
47154861#42076543,0,0,FALSE
60029334#24925549,0,0,FALSE
50973979#12409643,0,0,FALSE
5662042#3365489,0,0,FALSE
74930475#78926104,0,0,FALSE
92598888#24700471,0,0,FALSE
67388462#91438386,0,0,FALSE
6315279#48675264,1,1,TRUE
60743541#47240346,0,0,FALSE
66001502#82724964,0,0,FALSE
82724964#44923081,0,0,FALSE
65159550#88025577,0,0,FALSE
15311130#65979382,1,1,TRUE
70600274#6817074,0,0,FALSE
21038841#39761380,0,0,FALSE
59825579#6444657,0,0,FALSE
30439582#96667020,0,0,FALSE
57869707#15196749,0,0,FALSE
66465346#42626545,0,0,FALSE
72185223#81865746,0,0,FALSE
320211#75698787,0,0,FALSE
40659886#48449418,0,0,FALSE
27147725#85065034,1,0,FALSE
24307555#94576846,0,0,FALSE
7547159#18682580,0,0,FALSE
67959173#46998470,0,0,FALSE
79265216#19338654,1,1,TRUE
3365489#77145447,0,0,FALSE
19012125#3980193,0,0,FALSE
41822669#24315621,0,0,FALSE
11241255#20665199,0,0,FALSE
68023169#82217045,1,1,TRUE
1574817#77488882,1,1,TRUE
24055903#87240955,0,0,FALSE
7096661#94791347,0,0,FALSE
10218816#63634340,0,0,FALSE
40170577#13621719,1,1,TRUE
54285160#18140756,0,0,FALSE
50973979#87168706,0,0,FALSE
12409643#3365489,0,0,FALSE
77641222#22550534,0,0,FALSE
78313618#55124457,0,0,FALSE
25390993#74588061,0,0,FALSE
23792229#96715844,0,0,FALSE
24909859#79812958,1,1,TRUE
57882906#96441135,0,0,FALSE
78513705#28958152,0,0,FALSE
47337045#85520596,1,1,TRUE
35243408#6444657,0,0,FALSE
28958152#85074682,1,1,TRUE
72185223#84783221,1,1,TRUE
78313618#60071236,0,0,FALSE
34075163#85641193,0,0,FALSE
92054456#36026562,0,0,FALSE
98129540#89189013,0,0,FALSE
17618186#32383258,0,0,FALSE
84202154#78273504,0,0,FALSE
69540904#67991855,0,0,FALSE
48798939#82666001,0,0,FALSE
20822871#7987227,0,0,FALSE
18682580#9329468,1,1,TRUE
78273504#4150044,0,0,FALSE
5662042#80747993,0,0,FALSE
18225168#11413382,0,0,FALSE
25351062#7862454,0,0,FALSE
50999488#86597447,0,0,FALSE
81296852#76045300,0,0,FALSE
16874921#12263071,0,0,FALSE
12558301#2724789,0,0,FALSE
86510416#96601666,0,0,FALSE
74315994#59874069,0,0,FALSE
444965#68400481,1,1,TRUE
20668617#19820120,0,0,FALSE
8810340#2803990,0,0,FALSE
59874069#34487169,0,0,FALSE
84718207#35076842,0,0,FALSE
57354491#19610472,0,0,FALSE
65193938#52126910,0,0,FALSE
19585056#90931340,0,0,FALSE
80235641#88073129,0,0,FALSE
74898883#35439433,0,0,FALSE
21436544#63436905,0,0,FALSE
59622337#19506949,0,0,FALSE
44579234#30893225,0,0,FALSE
10803100#92348266,0,0,FALSE
40524988#80747993,0,0,FALSE
58262024#97485069,0,0,FALSE
92054456#59310973,0,0,FALSE
1875778#95428009,1,1,TRUE
89189013#84347869,0,0,FALSE
81752586#65159550,0,0,FALSE
10547369#599182,0,0,FALSE
59887473#36193101,0,0,FALSE
71514451#76350435,0,0,FALSE
50403133#4395083,0,0,FALSE
77906357#6997147,0,0,FALSE
1000748#9531648,0,0,FALSE
66914777#35572402,0,0,FALSE
76999933#94578304,0,0,FALSE
67388462#11754903,0,0,FALSE
16458906#9932421,0,0,FALSE
10009728#94391133,0,0,FALSE
87955598#28797891,0,0,FALSE
6444657#44302898,1,1,TRUE
79812958#35983151,0,1,TRUE
51850183#42621634,0,0,FALSE
64696513#82209636,0,0,FALSE
84940611#74622289,0,0,FALSE
14022878#97975290,1,0,FALSE
77554678#259815,0,0,FALSE
75933939#53447026,0,0,FALSE
50179606#30963421,0,0,FALSE
40470567#40624769,0,0,FALSE
93405719#93393039,0,0,FALSE
32359565#6086571,1,1,TRUE
36193101#66097781,0,0,FALSE
1029315#88331613,0,0,FALSE
71190761#395201,0,0,FALSE
55993507#43618988,0,0,FALSE
70768754#26820221,0,0,FALSE
39944551#6217373,0,0,FALSE
81738033#45065236,1,1,TRUE
17043700#94576846,0,0,FALSE
11651896#67340922,0,0,FALSE
21236035#73296694,1,1,TRUE
9185300#80346902,0,0,FALSE
64225057#17131328,0,0,FALSE
45649802#61257806,0,0,FALSE
89098364#35760433,1,1,TRUE
81254738#79368706,0,0,FALSE
54499706#37417537,0,0,FALSE
19820120#18178431,0,0,FALSE
75400332#88446522,0,0,FALSE
8145012#54499706,0,0,FALSE
67880656#52074266,1,1,TRUE
97281594#88596856,1,1,TRUE
259815#30893225,1,1,TRUE
18178431#52499440,0,0,FALSE
79368706#64889535,0,0,FALSE
88944870#54656829,0,0,FALSE
25024300#11874069,0,0,FALSE
81254738#79860176,1,1,TRUE
90146840#92356380,0,0,FALSE
29226990#86597447,0,0,FALSE
18225168#888946,0,0,FALSE
26298839#22110995,0,0,FALSE
80346902#54519492,1,1,TRUE
24488733#94697384,0,0,FALSE
11681031#66204747,0,0,FALSE
15602472#96482852,0,0,FALSE
15073430#48808155,0,0,FALSE
9065596#2803990,0,0,FALSE
81738033#44579234,0,0,FALSE
48153881#31928950,0,0,FALSE
2634172#13704452,0,0,FALSE
85663923#95160580,0,0,FALSE
75698787#84718207,0,0,FALSE
13389192#96715844,0,0,FALSE
64284720#76535406,0,0,FALSE
2276717#6997147,0,0,FALSE
87327065#5108829,0,0,FALSE
27087905#43671477,0,0,FALSE
7096661#1705445,0,0,FALSE
25895411#89764257,0,0,FALSE
86039608#36514214,0,0,FALSE
426230#24504646,0,0,FALSE
9882201#93222484,0,0,FALSE
8810340#38999889,1,1,TRUE
44098995#46998470,0,0,FALSE
6444657#47054569,0,0,FALSE
55596658#74588061,0,0,FALSE
12391221#13514352,0,0,FALSE
19012125#88171897,0,0,FALSE
19653009#12577609,0,0,FALSE
3129229#10997532,1,0,FALSE
2803990#38058369,0,0,FALSE
63436905#64438918,0,0,FALSE
20448379#2237025,0,0,FALSE
5749619#25390993,1,1,TRUE
78329795#41505583,0,0,FALSE
85107531#2740878,1,0,FALSE
23345904#27491747,0,0,FALSE
59874069#31981847,0,0,FALSE
70983035#55427773,0,0,FALSE
47240346#87955598,0,0,FALSE
75317094#59825579,0,0,FALSE
30467874#8452869,0,0,FALSE
5107817#5197574,0,0,FALSE
65991083#81865746,0,0,FALSE
7096661#61938323,0,0,FALSE
41270447#97390436,1,1,TRUE
14475568#38374739,0,0,FALSE
93393039#40470567,1,0,FALSE
88770421#11651896,0,0,FALSE
40086606#6997147,0,0,FALSE
39759360#87371358,0,0,FALSE
8145012#56809562,0,0,FALSE
97473761#52787773,0,0,FALSE
924199#17521071,0,0,FALSE
84783221#81865746,0,0,FALSE
34522740#54559293,0,0,FALSE
7503553#10816,0,0,FALSE
47240346#15073430,0,0,FALSE
47240346#22550534,0,0,FALSE
18140756#36985187,0,0,FALSE
36305406#35823397,0,0,FALSE
70533385#30137322,1,1,TRUE
98861629#12263071,0,0,FALSE
65761443#20665199,0,0,FALSE
87136825#53799536,0,0,FALSE
49913360#6601115,0,0,FALSE
11413382#9026518,1,1,TRUE
70533385#37762589,0,0,FALSE
62151951#34642657,0,0,FALSE
15602472#45667657,0,0,FALSE
8452869#93222484,0,0,FALSE
87562159#37652517,0,0,FALSE
75229781#35439433,0,0,FALSE
94791347#74588061,0,0,FALSE
76999933#76164350,0,0,FALSE
81714923#84036223,0,0,FALSE
5563597#77641222,0,0,FALSE
84810462#95846717,0,0,FALSE
777189#84008510,0,0,FALSE
18688923#38999889,0,0,FALSE
28797891#79265216,0,0,FALSE
67945340#73018266,0,0,FALSE
23345904#74225977,0,0,FALSE
66097781#7586139,0,0,FALSE
4150044#13205686,0,0,FALSE
35983151#89189013,0,0,FALSE
79528937#28797890,0,0,FALSE
37818105#10917978,0,0,FALSE
14576013#6873873,0,0,FALSE
48310053#16174398,0,0,FALSE
23923095#98321879,0,0,FALSE
23345904#89113825,0,0,FALSE
65376715#30467874,0,0,FALSE
13084603#70768754,0,0,FALSE
15279595#69540904,0,0,FALSE
23165688#29965958,0,0,FALSE
55205314#25024300,1,1,TRUE
20281251#44579234,0,0,FALSE
76535406#13084603,0,0,FALSE
93405719#82614828,0,0,FALSE
54700185#68332855,0,1,TRUE
57354491#71834414,0,0,FALSE
88760576#90886706,0,0,FALSE
12558301#23792229,0,0,FALSE
25573269#48647262,0,0,FALSE
50968746#3129229,0,0,FALSE
68659568#45858702,0,0,FALSE
62254612#90920296,0,0,FALSE
9336877#67880656,0,0,FALSE
19411771#599182,0,0,FALSE
11297103#3038793,0,0,FALSE
59226089#95017941,1,1,TRUE
10997532#50948610,0,0,FALSE
64607330#12057738,0,0,FALSE
85663923#23889723,0,0,FALSE
40659886#76343774,0,0,FALSE
49285911#73808482,0,0,FALSE
27491847#67031613,0,0,FALSE
87576249#57729543,0,0,FALSE
20206361#15602472,0,0,FALSE
79812958#89189013,0,0,FALSE
88160368#175833,0,0,FALSE
1907#24438834,0,0,FALSE
39820474#17713434,0,0,FALSE
36514214#7503553,0,0,FALSE
51215765#74111438,0,0,FALSE
30893225#88160368,0,0,FALSE
22122748#7547159,0,0,FALSE
66204747#18344350,0,0,FALSE
73197482#38999889,0,0,FALSE
57914917#88674931,0,0,FALSE
6220318#6873873,0,0,FALSE
39761380#9238663,0,0,FALSE
23165688#64360600,0,0,FALSE
7096661#25390993,0,0,FALSE
37728852#81254738,0,0,FALSE
75901191#71190761,0,0,FALSE
26714094#66763358,1,1,TRUE
71693305#18140756,0,0,FALSE
52499440#75059939,0,0,FALSE
48938134#7503553,0,0,FALSE
12057738#49285911,0,0,FALSE
47240346#31303951,0,0,FALSE
88331613#84081996,1,1,TRUE
1000748#91438386,0,0,FALSE
82217045#13613251,0,0,FALSE
97008126#93617759,0,0,FALSE
96601666#86890239,0,0,FALSE
6969637#19320609,0,0,FALSE
97975290#58262024,0,0,FALSE
48938134#74683197,0,0,FALSE
52322597#74111438,0,0,FALSE
17756835#26650551,0,0,FALSE
75134238#75229781,0,0,FALSE
22096223#24931990,0,1,TRUE
11651896#8810340,0,0,FALSE
37818105#26109768,0,0,FALSE
85107531#38999889,0,0,FALSE
26995615#65159550,0,0,FALSE
35076842#24909859,0,0,FALSE
1448629#81558327,0,0,FALSE
55284959#88944870,1,1,TRUE
34075163#25390993,0,0,FALSE
82049746#64360600,0,0,FALSE
30963421#96601666,0,0,FALSE
15602472#54109462,0,0,FALSE
66609070#88331613,0,0,FALSE
57316524#6455027,0,0,FALSE
24163225#12558301,0,0,FALSE
7862454#66097781,0,0,FALSE
13205686#75588119,0,0,FALSE
10373021#23947190,0,0,FALSE
74932360#71693305,0,0,FALSE
94193655#84147645,0,0,FALSE
84271012#17618186,0,0,FALSE
87371358#59983424,0,0,FALSE
6220318#71191165,0,0,FALSE
76797257#94193655,0,0,FALSE
71834414#18750700,0,0,FALSE
85663923#18225168,0,0,FALSE
2634172#75552500,1,1,TRUE
91438386#74172078,0,0,FALSE
36342541#2357764,0,0,FALSE
80693528#57698050,1,1,TRUE
57729543#94945290,0,0,FALSE
89103846#31149883,0,0,FALSE
34959942#13086482,0,0,FALSE
35807638#53563141,0,0,FALSE
14918547#56354267,0,0,FALSE
66914777#80362350,0,0,FALSE
34642657#75922212,0,0,FALSE
92702787#66465346,0,0,FALSE
95301262#74930475,0,0,FALSE
6969637#3496396,1,1,TRUE
64304057#54702023,0,0,FALSE
54519492#12057738,0,0,FALSE
10218816#70533385,0,0,FALSE
16874921#59217936,1,0,FALSE
67031613#68490111,0,0,FALSE
81296852#13086482,0,1,TRUE
5197574#16489844,0,0,FALSE
51850183#88240059,0,0,FALSE
64696513#51664958,0,0,FALSE
92598888#98314225,0,0,FALSE
12057738#15073430,0,0,FALSE
94391133#52074266,0,0,FALSE
77678186#93405719,0,0,FALSE
77964245#8130501,1,1,TRUE
1875778#9185300,0,0,FALSE
73023967#37417537,0,0,FALSE
48647262#55607411,0,0,FALSE
44145250#52646581,0,0,FALSE
66552236#40063734,0,0,FALSE
98456180#37652517,1,1,TRUE
34959942#35076842,0,0,FALSE
30137322#17447786,0,0,FALSE
75400332#47177790,0,0,FALSE
9187011#88720725,1,1,TRUE
10997532#51581207,0,0,FALSE
5651476#426230,0,0,FALSE
7016292#54519492,0,0,FALSE
395201#54202524,0,0,FALSE
24700471#54109462,0,0,FALSE
35149551#80085603,0,0,FALSE
74381286#60743541,0,0,FALSE
13704452#82274481,0,0,FALSE
11344076#24936536,0,0,FALSE
98235372#75059939,0,0,FALSE
47008330#35633356,0,0,FALSE
36305406#26995615,0,0,FALSE
92348266#82324884,0,0,FALSE
36927878#31877082,0,0,FALSE
32792490#49991167,0,0,FALSE
10009728#7861704,0,0,FALSE
51710206#2237025,0,0,FALSE
92356380#42080094,0,0,FALSE
11344076#35823397,0,0,FALSE
41160781#92050862,0,0,FALSE
88720725#42626545,0,0,FALSE
13986277#16174398,0,0,FALSE
17043700#59310973,0,0,FALSE
71191165#1705445,0,0,FALSE
27491847#84810462,0,0,FALSE
82666001#57354491,0,0,FALSE
25427610#22178282,1,1,TRUE
92356380#88446522,0,0,FALSE
37931146#8104033,0,0,FALSE
19338654#95577039,0,0,FALSE
76275317#2563741,0,0,FALSE
18640012#26995615,0,0,FALSE
75400332#19140046,0,0,FALSE
68689905#53397183,0,0,FALSE
19085838#14133475,0,0,FALSE
57354491#71068694,0,0,FALSE
35590306#61257806,0,0,FALSE
37417537#74225977,0,0,FALSE
80747993#54656829,0,0,FALSE
18968441#13853990,0,0,FALSE
924199#3129229,0,0,FALSE
77554678#25767244,0,0,FALSE
58726767#98258448,1,0,FALSE
63008653#71884441,0,0,FALSE
72086860#74683197,0,0,FALSE
9716045#40170577,0,0,FALSE
71498088#36649389,0,0,FALSE
63632918#32663296,0,0,FALSE
74622289#93754453,1,1,TRUE
23345904#96835518,0,0,FALSE
23792229#26298839,0,0,FALSE
87955598#84147645,0,0,FALSE
7138298#42080094,1,1,TRUE
61257806#86011983,0,0,FALSE
44145250#193593,1,1,TRUE
55899186#1574817,0,0,FALSE
57914917#21038841,0,0,FALSE
95170662#8145012,0,0,FALSE
76343774#55164507,0,0,FALSE
39094258#94697384,0,0,FALSE
94168884#89189013,0,0,FALSE
42999877#95577039,0,0,FALSE
37466646#44579234,0,0,FALSE
10997532#50968746,0,0,FALSE
62846191#84250472,1,1,TRUE
88944870#55641907,0,0,FALSE
36026562#49982462,0,0,FALSE
40002118#66914777,0,0,FALSE
40470567#50968746,0,0,FALSE
10218816#35653799,0,0,FALSE
95301262#12285597,0,0,FALSE
17131328#10132766,0,0,FALSE
35807638#39094258,0,0,FALSE
52126910#78273504,0,0,FALSE
23943532#17043700,0,0,FALSE
40555870#13951675,0,0,FALSE
68747557#79812958,0,0,FALSE
10547369#26109768,1,1,TRUE
87481548#72237540,0,0,FALSE
51914482#44098995,0,0,FALSE
80747993#23947190,0,0,FALSE
46998470#75552500,0,0,FALSE
38669053#8035591,0,0,FALSE
64112411#64112412,0,0,FALSE
25390993#70352977,0,0,FALSE
88171897#82217045,0,0,FALSE
34090287#97360314,0,0,FALSE
64284720#15311130,0,0,FALSE
28849323#78926104,0,0,FALSE
11651896#80362350,0,0,FALSE
36342541#78513705,0,0,FALSE
32663296#48647262,1,1,TRUE
62009379#40555870,0,0,FALSE
86597447#65193938,0,0,FALSE
87645646#16768503,1,0,FALSE
65991083#259815,0,0,FALSE
48715831#48798939,0,0,FALSE
44382672#24700471,0,0,FALSE
48808155#31149883,1,1,TRUE
39376372#48327523,0,0,FALSE
80346902#86774262,0,0,FALSE
62305995#63436905,0,0,FALSE
22017852#11651896,0,0,FALSE
79265216#175833,0,0,FALSE
82274481#19338654,0,0,FALSE
40659886#72086860,0,0,FALSE
59874069#74111438,0,0,FALSE
88797158#81558327,0,0,FALSE
37466646#3342135,0,0,FALSE
32792490#8865735,0,0,FALSE
66152591#47337045,0,0,FALSE
78329795#23276091,0,0,FALSE
9765844#74111438,0,0,FALSE
34075163#47154861,0,1,TRUE
96441135#24721936,0,0,FALSE
48880627#65193938,1,1,TRUE
23947190#5662042,1,1,TRUE
66465346#56744482,0,0,FALSE
69644238#11754903,0,0,FALSE
48808155#35149551,0,0,FALSE
85065034#19743674,0,0,FALSE
74225977#88073129,0,0,FALSE
25096603#2237025,1,1,TRUE
27087905#96835518,0,0,FALSE
33296026#52787773,0,0,FALSE
37728852#34174042,0,0,FALSE
13853990#42076543,0,0,FALSE
621820#7586139,0,0,FALSE
53799536#8374819,0,0,FALSE
8452869#2276717,0,0,FALSE
35760433#77488882,0,0,FALSE
31149883#15073430,0,0,FALSE
68869531#35031528,0,0,FALSE
259815#46709252,0,0,FALSE
4646691#94596740,0,0,FALSE
65761443#40976538,0,0,FALSE
66292005#55164507,0,0,FALSE
98456180#76164350,0,1,TRUE
12673715#62009379,0,0,FALSE
10132766#65287375,1,1,TRUE
80085603#36004979,0,0,FALSE
35983151#7547159,1,0,FALSE
86510416#18682580,0,1,TRUE
2053522#66630102,0,0,FALSE
22626368#18510686,1,0,FALSE
40086606#39877160,0,0,FALSE
64438918#69499657,0,0,FALSE
81138609#28958152,0,0,FALSE
51741857#82324884,1,1,TRUE
36026562#93035933,0,0,FALSE
69249199#64607330,0,0,FALSE
6628173#85454976,1,1,TRUE
86890239#59226089,0,0,FALSE
86039608#97473761,0,0,FALSE
84486206#21436544,0,0,FALSE
11651896#48314206,0,0,FALSE
63634340#32252152,0,0,FALSE
73197482#78313618,0,0,FALSE
71191165#30963421,0,0,FALSE
56809562#95170662,0,0,FALSE
38058369#2053522,0,0,FALSE
6873873#90146840,0,0,FALSE
96667020#89103846,0,0,FALSE
81714923#83562709,0,0,FALSE
84783221#62846191,0,0,FALSE
72226957#64889535,0,0,FALSE
69062083#38669053,0,0,FALSE
37788391#84718207,1,1,TRUE
17521071#81865746,0,0,FALSE
19338654#98314225,0,0,FALSE
76645893#79097615,0,0,FALSE
1705445#95577039,0,0,FALSE
74930475#16768503,0,0,FALSE
50403133#81738033,0,0,FALSE
22001291#95846717,0,0,FALSE
18510686#32383258,0,0,FALSE
19743674#88720725,0,0,FALSE
52462122#98035591,0,0,FALSE
31493300#40976538,0,0,FALSE
70600300#57241644,0,0,FALSE
31051738#17713434,0,0,FALSE
7861704#62305995,0,0,FALSE
68571415#44098995,0,0,FALSE
68659568#71514451,0,0,FALSE
12409643#39944551,0,0,FALSE
95301262#6315279,0,0,FALSE
17954127#11874069,1,1,TRUE
17326659#50948610,0,0,FALSE
96601666#20281251,0,0,FALSE
22096223#96381958,0,0,FALSE
10373021#75552500,0,0,FALSE
55641907#74414069,0,0,FALSE
41160781#7004489,0,0,FALSE
64607330#88414713,0,0,FALSE
59310973#34146043,0,0,FALSE
10218816#9563912,0,0,FALSE
56744482#51109166,0,0,FALSE
5197574#8452869,0,1,TRUE
74225977#22626368,0,0,FALSE
40771441#60595831,0,0,FALSE
86136546#57106905,0,0,FALSE
83951045#36193101,0,0,FALSE
38525199#24909859,0,0,FALSE
44145250#47272682,0,0,FALSE
84347869#53262633,0,0,FALSE
48449418#53397183,1,1,TRUE
96835518#89113825,0,0,FALSE
96482852#45649802,0,0,FALSE
7472344#8780477,0,0,FALSE
82209636#85012455,0,0,FALSE
17682913#52126910,0,0,FALSE
13514352#41314656,0,0,FALSE
42076543#54109462,0,0,FALSE
13951675#37788391,0,0,FALSE
5563597#31587846,0,0,FALSE
37931146#35807638,0,0,FALSE
69811580#93750350,0,0,FALSE
64225057#75901191,0,0,FALSE
47240346#52322597,0,0,FALSE
35485275#54702023,0,0,FALSE
172054#42080094,0,0,FALSE
18556332#36246527,1,1,TRUE
88025577#88763472,0,0,FALSE
24504646#18344350,0,0,FALSE
81752586#36927878,0,0,FALSE
88763472#11681031,0,0,FALSE
41119591#89764257,1,1,TRUE
95241878#92612895,0,0,FALSE
67959173#26109768,0,0,FALSE
35076842#75698787,0,1,TRUE
48715831#34075163,0,0,FALSE
6969637#87240955,0,0,FALSE
27087905#17326659,0,0,FALSE
93035933#37671415,0,0,FALSE
2634172#28316497,0,0,FALSE
25573269#42621634,0,0,FALSE
38374739#2724789,1,1,TRUE
88720725#84250472,0,0,FALSE
66630102#12285597,1,1,TRUE
39448463#34090287,0,0,FALSE
29851431#83586196,0,0,FALSE
75229781#17618186,0,0,FALSE
57316524#21038841,0,0,FALSE
20281251#63436905,0,0,FALSE
37417537#74315994,0,0,FALSE
87645646#66152591,0,0,FALSE
12204925#40940816,0,0,FALSE
27087905#98456180,0,0,FALSE
47240346#43098472,0,0,FALSE
29177746#55427773,0,0,FALSE
18225168#23889723,1,1,TRUE
92348266#19820120,0,0,FALSE
97008126#2174287,0,0,FALSE
85074682#55641907,0,0,FALSE
75059939#39759360,0,0,FALSE
75294597#21520858,0,0,FALSE
45667657#23442471,0,0,FALSE
288189#54788213,1,1,TRUE
54499706#49982462,0,0,FALSE
93799137#69499657,0,0,FALSE
18140756#57869707,0,0,FALSE
7138298#70998961,0,0,FALSE
75059939#16176339,1,1,TRUE
444965#70600274,0,0,FALSE
98035591#50100211,0,0,FALSE
66218491#47054569,0,0,FALSE
64360600#57354491,0,0,FALSE
94193655#49285911,0,0,FALSE
54519492#18556332,0,0,FALSE
18218196#81004909,0,0,FALSE
9932421#8035591,1,0,FALSE
65376715#16489844,0,0,FALSE
78513705#75908352,1,1,TRUE
84347869#18968441,1,0,FALSE
55993507#13393487,0,0,FALSE
10762448#12409643,0,0,FALSE
6455027#30963421,0,0,FALSE
59310973#39877160,0,0,FALSE
53540754#50973979,0,0,FALSE
59622337#23276091,0,0,FALSE
5197574#54499706,0,0,FALSE
77343216#94929528,0,0,FALSE
31981847#60071236,0,0,FALSE
37531391#58262024,0,0,FALSE
75784220#55596658,0,0,FALSE
87765870#40524988,1,1,TRUE
19012125#63800622,0,0,FALSE
10997532#40470567,0,0,FALSE
2357764#59310973,0,0,FALSE
85520596#44382672,0,0,FALSE
18225168#88602235,0,0,FALSE
68747557#71514451,0,0,FALSE
78574784#85520596,0,0,FALSE
8452869#6601115,0,0,FALSE
12204925#73808482,0,0,FALSE
48675264#22110995,0,0,FALSE
71693305#68571415,0,0,FALSE
8810340#86774262,0,0,FALSE
193593#25390993,0,0,FALSE
36193101#54788213,0,0,FALSE
8780477#48938134,0,0,FALSE
9531648#64304057,0,0,FALSE
2107813#10132766,0,0,FALSE
320211#14625144,0,0,FALSE
65287375#19653009,0,0,FALSE
40976538#74646862,1,1,TRUE
13514352#98456180,0,1,TRUE
13640797#85663923,0,0,FALSE
57297547#83052078,1,0,FALSE
84081996#50973979,0,0,FALSE
9563912#288189,0,0,FALSE
46709252#81865746,0,0,FALSE
3038793#20008769,0,0,FALSE
45649802#86011983,1,1,TRUE
68819356#42621634,0,0,FALSE
39437318#20547394,0,0,FALSE
54397772#18688923,0,0,FALSE
7004489#15290237,0,0,FALSE
1574817#67945340,0,0,FALSE
9225217#87481548,0,0,FALSE
22178282#6444657,0,0,FALSE
5107817#32663296,0,0,FALSE
71884441#36514214,0,0,FALSE
79265216#87371358,0,0,FALSE
10816#7472344,0,0,FALSE
76999933#10373021,1,1,TRUE
75933939#3365489,1,0,FALSE
31420716#320211,0,0,FALSE
35807638#9765844,0,0,FALSE
50044587#17043700,0,0,FALSE
95595870#57698050,0,0,FALSE
65159550#31061866,1,1,TRUE
77641222#64607330,0,0,FALSE
6881030#15073430,0,0,FALSE
10032550#14576013,0,0,FALSE
95917231#72086860,0,0,FALSE
93754453#17145434,0,0,FALSE
89098364#74172078,0,0,FALSE
69644238#31303951,0,0,FALSE
288189#36193101,0,0,FALSE
47240346#15279595,0,0,FALSE
55596658#21688304,0,0,FALSE
25351062#14625144,0,0,FALSE
18750700#2160536,0,0,FALSE
43886265#70768754,0,0,FALSE
74898883#79139250,0,1,TRUE
6315279#66637530,0,0,FALSE
90146840#52646581,0,0,FALSE
35572402#66465346,0,0,FALSE
43098472#11241255,0,0,FALSE
88331613#36649389,0,0,FALSE
70600274#80346902,0,0,FALSE
43098472#60380041,0,0,FALSE
44382672#10547369,0,0,FALSE
21214984#82666001,0,0,FALSE
57698050#20665199,0,0,FALSE
15073430#84147645,0,0,FALSE
31149883#19610472,0,0,FALSE
69903032#8130501,0,0,FALSE
71693305#95160580,0,0,FALSE
19669552#24931990,0,0,FALSE
40624769#54202524,0,0,FALSE
17037701#88763472,0,0,FALSE
22550534#5563597,0,1,TRUE
17037701#12958636,1,0,FALSE
77343216#93222484,0,0,FALSE
74683197#3496396,0,0,FALSE
31303951#74381286,1,1,TRUE
94193655#37373317,0,0,FALSE
259815#58262024,0,0,FALSE
42670956#35653799,0,0,FALSE
55607411#1907,0,0,FALSE
23943532#20457621,0,0,FALSE
88240059#21436544,0,0,FALSE
40007298#32792490,0,0,FALSE
4308600#94609381,0,0,FALSE
57107958#10132766,0,0,FALSE
74646862#31493300,0,0,FALSE
22206925#1000748,0,0,FALSE
54109462#70181426,1,1,TRUE
79097615#37652517,0,0,FALSE
39448463#39761380,0,0,FALSE
74646862#72086860,0,0,FALSE
68689905#2300726,0,0,FALSE
27145682#63926920,0,0,FALSE
84008510#48050949,0,0,FALSE
24700471#6881030,0,0,FALSE
69249199#22550534,0,0,FALSE
31149883#87955598,0,0,FALSE
66914777#12391221,0,0,FALSE
44382672#17837225,0,0,FALSE
9882201#40659886,0,0,FALSE
19585056#80235641,1,1,TRUE
35149551#39094258,1,0,FALSE
37652517#51775601,0,0,FALSE
63632918#5107817,0,0,FALSE
75784220#56354267,0,0,FALSE
34146043#7016292,0,0,FALSE
9494941#47008330,0,0,FALSE
35031528#2357764,0,0,FALSE
72636167#42999877,1,1,TRUE
61901186#79528937,0,0,FALSE
94945290#63926920,0,0,FALSE
8780477#7503553,1,1,TRUE
35633356#6628173,0,0,FALSE
48925354#88770421,0,0,FALSE
54656829#78513705,0,0,FALSE
7004489#31493300,0,0,FALSE
18178431#77145447,0,0,FALSE
68675078#57729543,0,0,FALSE
43644395#55899186,0,0,FALSE
68689905#32663296,0,0,FALSE
47054569#98321879,1,1,TRUE
68490111#93405719,0,0,FALSE
67945340#76164350,0,0,FALSE
20448379#12958636,0,0,FALSE
16768503#40086606,0,0,FALSE
8023909#37728852,0,0,FALSE
25757705#66481726,0,0,FALSE
70600300#51109166,0,0,FALSE
22178282#36116228,0,0,FALSE
28316497#91105987,0,0,FALSE
4895903#84783221,0,0,FALSE
66465346#49982462,0,0,FALSE
7472344#18556332,0,0,FALSE
7987227#64607330,0,0,FALSE
19210924#38999889,0,0,FALSE
46709252#51924648,0,0,FALSE
90920296#89098364,0,0,FALSE
24931990#88674931,0,0,FALSE
33045941#29009865,0,0,FALSE
37373317#13986277,0,0,FALSE
73023967#48457802,0,0,FALSE
92612895#82724964,0,0,FALSE
42626545#27147725,0,0,FALSE
66465346#88025577,1,1,TRUE
8130501#75380050,0,0,FALSE
76535406#75102581,1,1,TRUE
75908352#36342541,0,0,FALSE
26995615#80362350,0,0,FALSE
653566#33045941,0,0,FALSE
18344350#81296852,1,1,TRUE
70983035#29177746,0,0,FALSE
7650784#36319925,0,0,FALSE
22178282#51914482,0,0,FALSE
95917231#12057738,0,0,FALSE
35439433#94697384,1,1,TRUE
32792490#22110995,0,0,FALSE
85675854#67031613,0,0,FALSE
16628120#60595831,0,0,FALSE
17326659#88770421,0,0,FALSE
75134238#11874069,0,0,FALSE
87371358#66552236,1,0,FALSE
21940746#74588061,0,0,FALSE
98321879#66218491,0,0,FALSE
44145250#5749619,0,0,FALSE
56809562#14133475,0,0,FALSE
60029334#18682580,0,0,FALSE
16458906#28849323,0,0,FALSE
69540904#193593,0,0,FALSE
95017941#54285160,0,0,FALSE
22096223#47154861,1,1,TRUE
71384622#32359565,0,0,FALSE
17216616#395201,0,0,FALSE
3129229#88596856,0,0,FALSE
75588119#17116847,0,0,FALSE
17682913#15290237,0,0,FALSE
36004979#57208331,0,0,FALSE
89113825#82209636,0,0,FALSE
87765870#17682913,0,0,FALSE
35317298#81865746,0,0,FALSE
2254995#70726318,0,0,FALSE
27491747#10501202,0,0,FALSE
1875778#2724789,0,0,FALSE
36342541#88944870,0,0,FALSE
57729543#6086571,0,0,FALSE
82274481#64304057,0,0,FALSE
31061866#17364188,0,0,FALSE
426230#71384622,0,0,FALSE
59622337#42080094,0,0,FALSE
95788693#12057738,0,0,FALSE
3342135#6455027,0,0,FALSE
81752586#74930475,0,0,FALSE
50973979#57241644,1,1,TRUE
68659568#94609381,0,0,FALSE
32746933#1705445,1,1,TRUE
22017852#95170662,0,0,FALSE
94351044#19012125,0,0,FALSE
74618840#55427773,0,0,FALSE
13877575#70600300,1,1,TRUE
2160536#68021989,0,0,FALSE
15279595#70533385,0,0,FALSE
40086606#39544839,0,0,FALSE
80235641#18178431,0,0,FALSE
59887473#95017941,0,0,FALSE
74225977#20547394,0,0,FALSE
35031528#59310973,0,0,FALSE
84147645#19140046,0,0,FALSE
46900357#13086482,0,0,FALSE
9329468#88763472,0,0,FALSE
26650551#16909124,0,0,FALSE
52074266#18510686,0,0,FALSE
55596658#71458103,0,0,FALSE
64889535#36319925,0,0,FALSE
89098364#444965,0,0,FALSE
95938196#31051738,0,0,FALSE
80693528#25573269,0,0,FALSE
84250472#44917290,0,0,FALSE
57107958#22178282,0,0,FALSE
29851431#70181426,0,0,FALSE
8810340#75229781,0,0,FALSE
757201#12263071,0,0,FALSE
69811580#39437318,0,0,FALSE
24607772#96705065,0,0,FALSE
28797891#79528937,0,0,FALSE
19506949#13205686,0,0,FALSE
32663296#19820120,0,0,FALSE
69499657#94697384,0,0,FALSE
85663923#35489837,0,0,FALSE
69062083#4734872,0,0,FALSE
71884441#84783221,0,0,FALSE
49285911#71906516,0,0,FALSE
17364188#36305406,0,0,FALSE
29965958#39437318,0,0,FALSE
36514214#41270447,0,0,FALSE
57208331#24055903,1,0,FALSE
96441135#20206361,0,0,FALSE
43886265#52126910,0,0,FALSE
70600261#12424092,1,1,TRUE
64791875#25024300,0,0,FALSE
88602235#63632918,0,0,FALSE
66637530#75901191,0,0,FALSE
48310053#48050949,0,0,FALSE
97281594#35149551,0,0,FALSE
52787773#64112411,0,0,FALSE
21940746#9531648,0,0,FALSE
808263#94697384,0,0,FALSE
40624769#19653009,0,0,FALSE
75698787#62009379,0,0,FALSE
45858702#25351062,1,1,TRUE
79812958#71458103,0,0,FALSE
39877160#39544839,0,0,FALSE
54728016#50972713,0,0,FALSE
37931146#51318537,0,0,FALSE
72185223#23833261,0,0,FALSE
53447026#3365489,0,0,FALSE
76350435#66481726,0,0,FALSE
34597503#57208331,0,0,FALSE
65979382#24163225,0,0,FALSE
44669031#8023909,0,0,FALSE
94791347#48310053,0,0,FALSE
57574501#14576013,0,0,FALSE
48310053#40170577,0,0,FALSE
10803100#39094258,0,0,FALSE
33541592#48675264,0,0,FALSE
51775601#12391221,0,0,FALSE
7004489#2740878,0,0,FALSE
70983035#18510686,0,0,FALSE
8374819#259815,0,0,FALSE
24936536#6873873,0,0,FALSE
64225057#67818648,0,0,FALSE
39877160#78926104,0,0,FALSE
34487169#56354267,0,0,FALSE
61891338#13084603,0,0,FALSE
36246527#71622657,0,0,FALSE
13877575#47240346,0,0,FALSE
35031528#43886265,1,1,TRUE
54788213#63688174,0,0,FALSE
21318183#18178431,0,0,FALSE
90146840#15279595,0,0,FALSE
5197574#91607349,0,0,FALSE
10762448#74111438,0,0,FALSE
36195674#5107817,0,0,FALSE
8780477#31420716,0,0,FALSE
68332855#17174163,1,1,TRUE
6873873#2300726,0,0,FALSE
25390993#66465346,0,0,FALSE
6969637#68571415,0,0,FALSE
24072080#9238663,1,1,TRUE
42626545#9187011,0,0,FALSE
83586196#37531391,0,0,FALSE
69524744#50999488,1,1,TRUE
66218491#80085603,0,0,FALSE
17738556#13893314,0,0,FALSE
74111438#98035591,0,0,FALSE
85663923#4395083,0,0,FALSE
23276091#87636344,0,0,FALSE
66152591#96482852,0,0,FALSE
26820221#74612575,0,0,FALSE
32383258#61901186,0,0,FALSE
87562159#35983151,0,0,FALSE
70998961#43098472,1,1,TRUE
4308600#58262024,0,0,FALSE
69903032#17713434,0,0,FALSE
50973979#38774023,0,0,FALSE
55427773#4734872,1,1,TRUE
77300355#88025577,0,0,FALSE
89872099#54559293,1,1,TRUE
64284720#47032850,1,1,TRUE
63436905#65761443,0,0,FALSE
2163360#82724964,0,0,FALSE
80693528#95160580,0,0,FALSE
53540754#57241644,0,0,FALSE
51914482#27145682,0,0,FALSE
80185739#40470567,0,0,FALSE
52499440#57354491,0,0,FALSE
19610472#8104033,0,0,FALSE
51775601#66609070,0,0,FALSE
26217615#31572294,0,0,FALSE
59874069#56354267,0,0,FALSE
61917173#53540754,0,0,FALSE
74898883#10032550,0,0,FALSE
75229781#96710850,0,0,FALSE
9716045#16174398,0,0,FALSE
51215765#77300355,0,0,FALSE
26820221#80790800,0,0,FALSE
6997147#82049746,0,0,FALSE
28635594#21038841,1,1,TRUE
48925354#80747993,0,0,FALSE
82274481#31303951,0,0,FALSE
22096223#48675264,0,0,FALSE
23943532#19610472,0,0,FALSE
18178431#75933939,0,0,FALSE
24163225#20206361,0,0,FALSE
9336877#73296694,0,0,FALSE
56774153#34487169,0,0,FALSE
63008653#90886706,0,0,FALSE
40002118#97390436,0,0,FALSE
87562159#71693305,0,0,FALSE
17326659#12263071,0,0,FALSE
85012455#36985187,0,0,FALSE
42582657#70768754,0,0,FALSE
81011691#51914482,0,0,FALSE
74315994#94193655,0,0,FALSE
15602472#17037701,0,1,TRUE
17145434#24607772,0,0,FALSE
24931990#70352977,0,0,FALSE
82724964#11874069,0,0,FALSE
51850183#96715844,0,0,FALSE
64791875#95552183,0,0,FALSE
11241255#23833261,1,1,TRUE
97281594#44098995,0,0,FALSE
68490111#18639975,0,0,FALSE
88414713#71384622,1,0,FALSE
39094258#86597447,0,0,FALSE
38999889#92612895,0,0,FALSE
69249199#77906357,0,0,FALSE
84686125#68659568,0,0,FALSE
35653799#30137322,0,0,FALSE
48153881#10218816,0,0,FALSE
13877575#17837225,0,0,FALSE
13951675#35076842,0,0,FALSE
8810340#73197482,0,0,FALSE
7039861#50179606,0,0,FALSE
19085838#8145012,1,1,TRUE
62151951#12958636,0,0,FALSE
64225057#8145012,0,0,FALSE
26217615#23923095,0,0,FALSE
79812958#94168884,0,0,FALSE
1705445#10330385,0,0,FALSE
61901186#11297103,0,0,FALSE
12832490#6315279,0,0,FALSE
94576846#31051738,0,0,FALSE
92356380#15279595,1,1,TRUE
95938196#24307555,0,0,FALSE
74172078#22206925,0,1,TRUE
88160368#68819356,0,0,FALSE
68400481#31981847,0,0,FALSE
76045300#66001502,0,0,FALSE
56493397#19338654,0,0,FALSE
39820474#54285160,0,0,FALSE
35590306#15602472,1,1,TRUE
17174163#31420716,0,0,FALSE
67031613#18762312,0,0,FALSE
71622657#79368706,0,0,FALSE
43098472#3496396,0,0,FALSE
42076543#7039861,0,0,FALSE
35653799#39761380,0,0,FALSE
34075163#653566,0,1,TRUE
54728016#93754453,0,0,FALSE
41716837#13704452,0,0,FALSE
808263#53262633,0,0,FALSE
444965#31981847,0,0,FALSE
94193655#96601666,1,1,TRUE
172054#27145682,0,0,FALSE
10009728#13198672,0,0,FALSE
12409643#88331613,0,0,FALSE
69249199#23276091,0,0,FALSE
15290237#80346902,0,0,FALSE
60595831#13086482,0,0,FALSE
85454976#96482852,0,0,FALSE
70726318#92050862,0,0,FALSE
64112411#19610940,0,0,FALSE
95577039#69811580,0,0,FALSE
8780477#71191165,0,0,FALSE
70600300#70600274,0,0,FALSE
36514214#77145447,0,0,FALSE
40063734#58726767,0,0,FALSE
66465346#45667657,0,0,FALSE
74381286#51914482,0,0,FALSE
16628120#29386919,0,0,FALSE
68021989#4395083,0,0,FALSE
19338654#36246527,0,0,FALSE
76045300#75134238,0,0,FALSE
84081996#38774023,0,0,FALSE
22206925#87765870,0,0,FALSE
84036223#83562709,0,0,FALSE
13514352#30467874,0,0,FALSE
13621719#11754903,0,0,FALSE
10032550#18929113,1,1,TRUE
97008126#64889535,0,0,FALSE
5108829#67240137,0,0,FALSE
19320609#73808482,1,1,TRUE
96601666#45667657,0,0,FALSE
51318537#73060691,0,0,FALSE
34487169#60071236,0,0,FALSE
92702787#6220318,0,0,FALSE
50972713#39376372,0,0,FALSE
16874921#76797257,0,0,FALSE
80693528#78926104,0,0,FALSE
35485275#22206925,0,0,FALSE
85663923#66609070,0,0,FALSE
1029315#11754903,0,0,FALSE
37652517#94813013,0,0,FALSE
25895411#60257213,0,0,FALSE
25024300#29177746,0,0,FALSE
73023967#55205314,0,0,FALSE
33541592#34146043,0,0,FALSE
56809562#33296026,1,1,TRUE
57107958#458256,0,0,FALSE
20457621#93617759,0,0,FALSE
13086482#69411201,0,0,FALSE
45858702#35493301,0,0,FALSE
7547159#13389192,0,1,TRUE
175833#11651896,0,0,FALSE
23947190#26820221,0,0,FALSE
24607772#66152591,0,0,FALSE
2160536#54499706,0,0,FALSE
2357764#12057738,0,0,FALSE
18344350#864070,0,0,FALSE
34597503#38669053,0,0,FALSE
7586139#88797158,1,1,TRUE
7861704#89764257,0,0,FALSE
96715844#89872099,0,0,FALSE
91438386#65761443,0,0,FALSE
94391133#55284959,0,0,FALSE
30137322#9563912,0,0,FALSE
63634340#21214984,1,1,TRUE
55427773#64791875,0,0,FALSE
9185300#54519492,0,0,FALSE
11413382#12204925,0,0,FALSE
36514214#40002118,0,0,FALSE
5039534#39944551,0,0,FALSE
12204925#78273504,0,1,TRUE
15279595#62846191,0,0,FALSE
22110995#60950692,0,0,FALSE
8035591#45649802,0,0,FALSE
43644395#40002118,0,0,FALSE
91438386#35485275,0,0,FALSE
8865735#73018266,0,0,FALSE
6628173#19320609,0,0,FALSE
35109084#70983035,0,0,FALSE
81486182#14576013,0,0,FALSE
63926920#50100211,1,1,TRUE
88602235#7503553,0,0,FALSE
53579521#96835518,0,0,FALSE
94576846#36004979,1,1,TRUE
21436544#37788391,0,0,FALSE
320211#77554678,0,0,FALSE
84783221#58485839,0,0,FALSE
84202154#89098364,0,0,FALSE
64112411#88073129,0,0,FALSE
6601115#48925354,0,0,FALSE
5107817#48715831,0,0,FALSE
70998961#42080094,0,0,FALSE
888946#27147725,0,0,FALSE
62254612#2926780,0,0,FALSE
96667020#3496396,0,0,FALSE
81011691#22096223,0,0,FALSE
81865746#29386919,0,0,FALSE
84036223#18140756,0,0,FALSE
2300726#55596658,1,1,TRUE
90886706#29386919,1,1,TRUE
63688174#51741857,0,0,FALSE
25895411#18218196,1,1,TRUE
77343216#95017941,0,0,FALSE
52646581#69540904,0,0,FALSE
7472344#71191165,1,1,TRUE
20822871#84271012,0,0,FALSE
19506949#4150044,0,0,FALSE
55427773#35572402,0,0,FALSE
82614828#13640797,0,0,FALSE
39759360#89872099,0,0,FALSE
75294597#72226957,0,0,FALSE
29965958#37762589,0,0,FALSE
55705301#98129540,0,0,FALSE
18510686#10803100,0,0,FALSE
18178431#3365489,0,0,FALSE
84718207#12673715,0,0,FALSE
94791347#22096223,0,0,FALSE
88674931#10917978,0,0,FALSE
58485839#41822669,0,0,FALSE
82049746#24607772,0,0,FALSE
57914917#31149883,0,0,FALSE
17682913#64360600,0,0,FALSE
13877575#83244081,0,0,FALSE
2174287#22110995,0,0,FALSE
43671477#66001502,0,0,FALSE
2191215#13986277,0,0,FALSE
1448629#599182,0,0,FALSE
48050949#26298839,1,1,TRUE
87136825#66630102,0,0,FALSE
93799137#16566641,0,0,FALSE
57297547#53447026,0,0,FALSE
18178431#6315279,0,0,FALSE
68021989#82274481,0,0,FALSE
91438386#95917231,0,0,FALSE
16174398#23943532,1,1,TRUE
95241878#8810340,0,0,FALSE
22096223#74588061,0,0,FALSE
12558301#38058369,0,0,FALSE
19320609#7016292,0,0,FALSE
88160368#79265216,0,0,FALSE
48880627#35149551,0,0,FALSE
94576846#8810340,0,0,FALSE
95170662#35243408,0,0,FALSE
44923081#6976859,1,1,TRUE
77678186#39944551,0,0,FALSE
57297547#92348266,0,0,FALSE
3980193#95938196,0,0,FALSE
58262024#24066040,1,1,TRUE
31149883#34642657,0,0,FALSE
36026562#80085603,0,0,FALSE
66292005#70352977,0,0,FALSE
70181426#64360600,0,0,FALSE
24721936#66465346,0,0,FALSE
16874921#47240346,0,0,FALSE
81714923#84250472,0,0,FALSE
288189#59983424,0,0,FALSE
80363785#259815,0,0,FALSE
44302898#36319925,0,0,FALSE
95595870#20665199,0,0,FALSE
23923095#5107817,1,1,TRUE
69249199#77641222,0,0,FALSE
64112411#80235641,0,0,FALSE
97008126#81486182,0,0,FALSE
24700471#41763354,0,0,FALSE
72086860#74315994,0,0,FALSE
37417537#98258448,0,0,FALSE
70768754#72636167,0,0,FALSE
77906357#21940746,0,0,FALSE
13640797#67031613,1,0,FALSE
72636167#26714094,0,0,FALSE
56500373#52462122,0,0,FALSE
2174287#48925354,0,0,FALSE
91105987#76999933,0,0,FALSE
95160580#35031528,0,0,FALSE
17037701#35590306,0,1,TRUE
10009728#84202154,0,0,FALSE
66001502#5836988,0,0,FALSE
1448629#9336877,0,0,FALSE
4895903#808263,0,0,FALSE
75933939#80235641,0,0,FALSE
87371358#70600300,0,0,FALSE
55406516#55899186,0,0,FALSE
84347869#60743541,0,0,FALSE
94945290#68675078,0,0,FALSE
2724789#66097781,0,0,FALSE
5563597#58485839,0,0,FALSE
17116847#9336877,0,0,FALSE
97936921#808263,0,0,FALSE
93222484#39759360,0,0,FALSE
37671415#86011983,0,0,FALSE
91105987#10373021,0,0,FALSE
39820474#6455027,0,0,FALSE
85454976#35633356,0,0,FALSE
74414069#63632918,1,1,TRUE
10132766#3713378,0,0,FALSE
1574817#7503553,0,0,FALSE
35243408#33296026,0,0,FALSE
16628120#864070,1,1,TRUE
7039861#49913360,0,0,FALSE
37531391#40170577,0,0,FALSE
57729543#8452869,0,0,FALSE
2163360#88944870,0,0,FALSE
13086482#12832490,0,0,FALSE
94373108#19085838,0,0,FALSE
57316524#13393487,0,0,FALSE
35760433#43886265,0,0,FALSE
11241255#60380041,0,0,FALSE
38774023#57241644,0,0,FALSE
83951045#8865735,0,0,FALSE
17364188#53579521,0,0,FALSE
63800622#42244827,0,0,FALSE
1748964#49285911,0,0,FALSE
85675854#68490111,0,0,FALSE
13704452#48153881,0,0,FALSE
95938196#54285160,1,1,TRUE
7987227#46709252,0,0,FALSE
31186504#21436544,0,0,FALSE
4232352#13393487,0,0,FALSE
74898883#13893314,1,1,TRUE
44923081#85454976,0,0,FALSE
64112412#6601115,0,0,FALSE
13704452#48938134,0,0,FALSE
16993914#68819356,0,1,TRUE
45667657#63117104,0,0,FALSE
61901186#20008769,0,0,FALSE
2160536#80085603,0,0,FALSE
54519492#54788213,0,0,FALSE
14276753#95577039,0,0,FALSE
32359565#25351062,0,0,FALSE
56809562#60743541,0,0,FALSE
13084603#64889535,0,0,FALSE
51215765#5563597,0,0,FALSE
9765844#10762448,1,1,TRUE
94945290#71384622,0,0,FALSE
45649802#95788693,0,0,FALSE
36342541#28958152,0,0,FALSE
55993507#65991083,0,0,FALSE
56291879#30963421,0,0,FALSE
14475568#10032550,0,0,FALSE
29226990#86890239,0,0,FALSE
58262024#27491847,0,0,FALSE
4395083#71834414,0,0,FALSE
17145434#82324884,0,0,FALSE
7039861#64112411,0,0,FALSE
18968441#31303951,0,0,FALSE
6817074#87327065,0,0,FALSE
24925549#32359565,0,0,FALSE
85520596#29851431,0,0,FALSE
66481726#25351062,0,0,FALSE
35489837#12338419,0,0,FALSE
35317298#46709252,0,0,FALSE
51775601#56493397,0,0,FALSE
81714923#36985187,1,1,TRUE
1574817#2563741,0,0,FALSE
86774262#96710850,0,0,FALSE
42999877#64252616,0,0,FALSE
56774153#17447786,0,0,FALSE
78574784#89764257,0,0,FALSE
35633356#96482852,1,1,TRUE
75901191#74622289,0,0,FALSE
83562709#3342135,0,0,FALSE
37466646#88596856,0,0,FALSE
64438918#43644395,0,0,FALSE
85675854#17713434,0,0,FALSE
84081996#68869531,0,0,FALSE
66204747#17618186,1,1,TRUE
24315621#29226990,0,0,FALSE
19411771#37818105,1,1,TRUE
72226957#20457621,0,0,FALSE
41505583#37931146,0,0,FALSE
64304057#91438386,0,0,FALSE
75059939#51109166,0,0,FALSE
2160536#4395083,0,0,FALSE
53397183#53262633,0,0,FALSE
18968441#95552183,0,0,FALSE
48310053#13621719,0,0,FALSE
60743541#31149883,0,0,FALSE
34075163#38525199,0,0,FALSE
70726318#31493300,0,0,FALSE
73197482#87562159,0,0,FALSE
38058369#96667020,0,0,FALSE
24488733#66097781,1,1,TRUE
172054#17058930,0,0,FALSE
3980193#64696513,1,1,TRUE
66481726#88331613,0,0,FALSE
76797257#55205314,0,0,FALSE
36342541#64535407,1,1,TRUE
12338419#15196749,0,0,FALSE
7004489#66001502,0,0,FALSE
17954127#78329795,0,0,FALSE
57208331#82666001,0,0,FALSE
90516613#17954127,0,0,FALSE
85903724#78329795,0,0,FALSE
18688923#50118951,1,0,FALSE
40624769#84271012,0,0,FALSE
47054569#29009865,0,0,FALSE
80543447#26298839,0,0,FALSE
26109768#75922212,0,0,FALSE
70600300#92798993,0,0,FALSE
82049746#78513705,0,0,FALSE
88760576#44923081,0,0,FALSE
71622657#17364188,0,0,FALSE
72226957#14918547,0,0,FALSE
12204925#7016292,0,0,FALSE
48327523#60029334,0,0,FALSE
44917290#62846191,0,0,FALSE
35642956#21940746,0,0,FALSE
21236035#20668617,0,0,FALSE
26995615#31928950,0,0,FALSE
48449418#9882201,0,0,FALSE
21318183#80235641,0,0,FALSE
76535406#89098364,0,0,FALSE
23889723#74646862,0,0,FALSE
63008653#69411201,1,1,TRUE
5662042#98129540,0,0,FALSE
35109084#3129229,0,0,FALSE
86510416#32359565,0,0,FALSE
17738556#94697384,0,0,FALSE
92349357#59226089,0,0,FALSE
11241255#35317298,0,0,FALSE
9882201#93617759,0,0,FALSE
57107958#39376372,0,0,FALSE
63926920#16174398,0,0,FALSE
25895411#16993914,0,0,FALSE
85520596#17837225,0,0,FALSE
68490111#16938908,1,1,TRUE
13205686#95552183,0,0,FALSE
35823397#71622657,0,0,FALSE
8145012#70726318,0,0,FALSE
172054#36514214,0,0,FALSE
75134238#53397183,0,0,FALSE
98861629#757201,0,0,FALSE
39877160#34522740,1,0,FALSE
29386919#14918547,0,0,FALSE
86039608#80693528,0,0,FALSE
17037701#16993914,0,0,FALSE
53799536#91798176,0,0,FALSE
62151951#40940816,0,0,FALSE
68675078#6086571,0,0,FALSE
96667020#68571415,0,0,FALSE
6969637#86011983,0,0,FALSE
88944870#75908352,0,0,FALSE
18344350#426230,0,0,FALSE
44145250#69540904,0,0,FALSE
66481726#12263071,0,0,FALSE
59310973#55124457,0,0,FALSE
56354267#31981847,0,0,FALSE
40940816#25427610,0,0,FALSE
54728016#74622289,0,0,FALSE
34959942#60595831,1,1,TRUE
75922212#94373108,0,0,FALSE
5107817#25573269,0,0,FALSE
7039861#6601115,0,0,FALSE
69811580#29965958,1,1,TRUE
71498088#9882201,0,0,FALSE
31572294#56354267,0,0,FALSE
33296026#95170662,0,0,FALSE
757201#17326659,0,0,FALSE
2926780#53579521,1,1,TRUE
34075163#33045941,1,0,FALSE
6086571#71384622,0,0,FALSE
81296852#16628120,0,0,FALSE
24307555#17713434,1,1,TRUE
1574817#73808482,0,0,FALSE
82209636#12285597,0,0,FALSE
79295#49991167,0,0,FALSE
43098472#27915727,0,0,FALSE
8145012#14133475,0,0,FALSE
12409643#10373021,0,0,FALSE
24925549#10330385,0,0,FALSE
60743541#39448463,0,0,FALSE
11651896#2107813,0,0,FALSE
51109166#84036223,0,0,FALSE
93393039#7472344,0,0,FALSE
5749619#653566,0,0,FALSE
74588061#86136546,0,0,FALSE
40470567#97281594,0,0,FALSE
92612895#73197482,0,0,FALSE
31587846#51215765,1,1,TRUE
6873873#60280975,0,0,FALSE
17131328#8104033,0,0,FALSE
87371358#19338654,0,0,FALSE
10997532#84347869,0,0,FALSE
61938323#12204925,0,0,FALSE
47054569#90920296,0,0,FALSE
84147645#49285911,0,0,FALSE
89714881#25573269,0,0,FALSE
6976859#92050862,0,0,FALSE
4150044#25767244,0,0,FALSE
11297103#259815,0,0,FALSE
21520858#59289884,0,0,FALSE
74612575#84347869,0,0,FALSE
95846717#82724964,1,1,TRUE
76645893#64438918,0,0,FALSE
18218196#62151951,0,0,FALSE
37671415#88073129,0,0,FALSE
98861629#43671477,1,1,TRUE
1448629#19411771,0,0,FALSE
55406516#13893314,0,0,FALSE
19012125#87636344,0,0,FALSE
175833#80363785,0,0,FALSE
59983424#82274481,0,0,FALSE
53540754#46998470,0,0,FALSE
57208331#34088263,0,0,FALSE
22096223#653566,0,0,FALSE
47154861#89872099,0,0,FALSE
47240346#59874069,0,0,FALSE
74225977#80543447,0,0,FALSE
31061866#864070,0,0,FALSE
89714881#87562159,0,0,FALSE
48715831#22110995,0,0,FALSE
28797890#28797891,0,0,FALSE
288189#88073129,0,0,FALSE
73023967#98258448,0,0,FALSE
53262633#43618988,0,0,FALSE
20457621#52074266,0,0,FALSE
75901191#19610472,0,0,FALSE
37417537#80543447,0,0,FALSE
51664958#60545708,0,0,FALSE
80747993#42582657,1,0,FALSE
68869531#66763358,0,0,FALSE
3713378#44917290,0,0,FALSE
47929214#2163360,0,0,FALSE
40470567#50948610,0,0,FALSE
74618840#29177746,0,0,FALSE
11344076#7862454,0,0,FALSE
67340922#2107813,0,0,FALSE
34522740#87645646,0,0,FALSE
92612895#905514,0,0,FALSE
75059939#49991167,0,0,FALSE
53447026#55993507,0,0,FALSE
58262024#38525199,0,0,FALSE
75908352#55284959,0,0,FALSE
14918547#29988045,0,0,FALSE
93393039#52646581,0,0,FALSE
48314206#73023967,0,0,FALSE
12204925#97360314,1,0,FALSE
42670956#65376715,0,0,FALSE
65287375#12577609,0,0,FALSE
2163360#77678186,0,0,FALSE
22096223#33045941,0,0,FALSE
64284720#22626368,0,0,FALSE
1705445#48938134,0,0,FALSE
97390436#44145250,0,0,FALSE
22110995#64360600,0,0,FALSE
26995615#17364188,0,0,FALSE
21236035#74930475,0,0,FALSE
66481726#88414713,0,0,FALSE
57297547#42582657,0,0,FALSE
92798993#87219862,0,0,FALSE
22550534#59622337,1,0,FALSE
54700185#18750700,0,0,FALSE
5749619#34075163,0,0,FALSE
79368706#17216616,0,0,FALSE
67388462#69644238,1,1,TRUE
76478929#35109084,0,0,FALSE
25573269#32663296,0,0,FALSE
98235372#5039534,1,1,TRUE
80790800#6217373,0,0,FALSE
45858702#76350435,0,0,FALSE
31928950#68400481,0,0,FALSE
76645893#75933939,0,0,FALSE
50118951#11413382,0,0,FALSE
599182#41716837,0,0,FALSE
20550546#22178282,0,0,FALSE
47929214#17682913,1,1,TRUE
59983424#175833,0,0,FALSE
172054#20668617,0,0,FALSE
5836988#57574501,0,0,FALSE
65193938#36305406,0,0,FALSE
46900357#24504646,1,1,TRUE
69411201#47337045,0,0,FALSE
10373021#77641222,0,0,FALSE
11297103#25757705,0,0,FALSE
36246527#44302898,0,0,FALSE
6086571#77488882,0,0,FALSE
86774262#17174163,0,0,FALSE
94373108#39944551,0,0,FALSE
17837225#98314225,0,0,FALSE
47337045#32792490,0,0,FALSE
34642657#37762589,0,0,FALSE
40979545#72086860,0,0,FALSE
31051738#66390507,0,0,FALSE
47662466#72636167,0,0,FALSE
621820#61917173,0,0,FALSE
72237540#9225217,0,0,FALSE
10803100#4646691,1,1,TRUE
95846717#87481548,0,0,FALSE
48449418#38999889,0,0,FALSE
80085603#82217045,0,0,FALSE
66001502#39944551,0,0,FALSE
69249199#5563597,0,0,FALSE
71693305#7987227,0,0,FALSE
57729543#71384622,0,0,FALSE
7096661#70352977,0,0,FALSE
77300355#91798176,0,0,FALSE
88770421#22017852,0,0,FALSE
95917231#18929113,0,0,FALSE
20547394#29965958,0,0,FALSE
24936536#20457621,0,0,FALSE
61257806#24163225,0,0,FALSE
44579234#5057882,0,0,FALSE
21038841#6455027,0,0,FALSE
31572294#60071236,0,1,TRUE
54788213#82217045,0,0,FALSE
96601666#31149883,0,0,FALSE
77678186#82614828,1,1,TRUE
98773883#50118951,0,0,FALSE
72237540#3980193,0,0,FALSE
80362350#59983424,0,0,FALSE
42076543#80235641,0,0,FALSE
6444657#65411927,0,0,FALSE
69062083#60257213,0,0,FALSE
75294597#75784220,0,0,FALSE
98129540#31877082,0,0,FALSE
90886706#60595831,0,0,FALSE
87955598#90146840,0,0,FALSE
55607411#31186504,1,1,TRUE
18640012#9716045,0,0,FALSE
94596740#34090287,0,0,FALSE
15311130#67880656,0,0,FALSE
74618840#25024300,0,0,FALSE
94596740#92356380,0,0,FALSE
29177746#64791875,0,0,FALSE
51836529#78574784,0,0,FALSE
2174287#24936536,1,0,FALSE
40940816#86039608,0,0,FALSE
69540904#16909124,0,0,FALSE
13514352#51775601,0,0,FALSE
55284959#17954127,0,0,FALSE
86774262#39820474,0,0,FALSE
13877575#87168706,0,0,FALSE
8130501#93754453,0,0,FALSE
36195674#65991083,0,0,FALSE
23165688#63688174,0,0,FALSE
41505583#74414069,0,0,FALSE
96667020#70509448,0,0,FALSE
21236035#89764257,0,0,FALSE
74898883#55899186,0,0,FALSE
26995615#94609381,0,0,FALSE
50118951#39944551,0,0,FALSE
27915727#75229781,0,0,FALSE
39759360#34075163,0,0,FALSE
12391221#57107958,0,0,FALSE
87168706#53540754,0,0,FALSE
12424092#45065236,0,0,FALSE
10816#20448379,1,0,FALSE
6315279#93754453,0,0,FALSE
70509448#85107531,0,0,FALSE
77343216#97008126,0,0,FALSE
30137322#63634340,0,0,FALSE
2053522#64225057,0,0,FALSE
39544839#16768503,0,0,FALSE
22096223#34075163,0,1,TRUE
77964245#37373317,0,0,FALSE
84081996#53540754,0,0,FALSE
20665199#86039608,1,1,TRUE
80543447#14443054,0,0,FALSE
85074682#64535407,0,0,FALSE
75922212#6217373,0,0,FALSE
75908352#28958152,0,0,FALSE
26714094#55705301,0,0,FALSE
6873873#2174287,0,0,FALSE
7987227#74932360,0,0,FALSE
92612895#22001291,1,1,TRUE
84940611#75784220,0,0,FALSE
777189#27491747,0,0,FALSE
35149551#32746933,0,0,FALSE
15602472#64112412,0,0,FALSE
7586139#2926780,0,0,FALSE
32746933#10816,0,0,FALSE
63634340#17447786,0,0,FALSE
88160368#36927878,0,0,FALSE
74646862#3365489,0,0,FALSE
68332855#78313618,0,0,FALSE
89872099#7096661,0,0,FALSE
13853990#67945340,0,0,FALSE
54397772#11413382,0,0,FALSE
40007298#59622337,0,0,FALSE
30467874#42670956,1,0,FALSE
98035591#26298839,0,0,FALSE
14918547#11344076,0,0,FALSE
69811580#73296694,0,0,FALSE
32792490#48715831,1,1,TRUE
66441075#65376715,1,1,TRUE
75317094#40940816,1,1,TRUE
91798176#16874921,0,0,FALSE
68659568#25351062,0,0,FALSE
93799137#193593,0,0,FALSE
14475568#65991083,0,0,FALSE
22550534#19743674,0,0,FALSE
80085603#88596856,0,0,FALSE
20206361#12958636,0,0,FALSE
96441135#92612895,0,0,FALSE
44917290#54788213,0,0,FALSE
23833261#88073129,0,0,FALSE
41314656#61901186,0,0,FALSE
70352977#32021675,0,0,FALSE
36195674#32663296,0,0,FALSE
70352977#17037701,0,0,FALSE
74618840#41822669,1,1,TRUE
68689905#13198672,0,0,FALSE
59622337#51836529,0,0,FALSE
27147725#2053522,0,0,FALSE
19669552#81752586,0,0,FALSE
22178282#65411927,0,0,FALSE
67991855#94813013,0,0,FALSE
10547369#19411771,0,0,FALSE
7016292#39759360,0,0,FALSE
84081996#35031528,0,0,FALSE
27491747#64696513,0,0,FALSE
88240059#96705065,0,0,FALSE
14625144#10917978,0,0,FALSE
94391133#22626368,0,0,FALSE
29988045#8023909,0,0,FALSE
95241878#82724964,0,0,FALSE
24488733#47337045,0,0,FALSE
11874069#12285597,0,0,FALSE
33541592#59217936,0,0,FALSE
94193655#12057738,0,0,FALSE
70768754#48925354,1,0,FALSE
28849323#75698787,0,0,FALSE
51710206#88171897,0,0,FALSE
60743541#18968441,0,0,FALSE
49913360#29851431,0,0,FALSE
89113825#27491747,0,0,FALSE
90931340#88760576,1,1,TRUE
28316497#74622289,0,0,FALSE
88602235#42582657,0,0,FALSE
51215765#23276091,0,0,FALSE
17037701#76478929,0,0,FALSE
98235372#90920296,0,0,FALSE
52074266#65979382,0,0,FALSE
70983035#64791875,1,1,TRUE
31928950#72636167,0,0,FALSE
37762589#42782136,0,0,FALSE
52787773#4308600,0,0,FALSE
31149883#12057738,0,0,FALSE
59983424#36927878,0,0,FALSE
6217373#23943532,0,0,FALSE
58726767#44917290,0,0,FALSE
80235641#37818105,0,0,FALSE
12958636#84810462,0,0,FALSE
12204925#97975290,0,0,FALSE
48153881#20665199,0,0,FALSE
59289884#78329795,0,0,FALSE
7862454#45858702,0,0,FALSE
66292005#53262633,0,0,FALSE
95301262#48675264,0,0,FALSE
24721936#24931990,0,0,FALSE
63800622#34174042,0,0,FALSE
76275317#1574817,0,0,FALSE
84202154#64791875,0,0,FALSE
57914917#30137322,0,0,FALSE
87645646#5057882,0,0,FALSE
68869531#74612575,0,0,FALSE
69903032#75380050,0,0,FALSE
10917978#10547369,0,0,FALSE
77678186#4646691,0,0,FALSE
9765844#55164507,0,0,FALSE
84940611#52074266,0,0,FALSE
63688174#29965958,0,0,FALSE
24072080#5108829,0,0,FALSE
48050949#2107813,0,0,FALSE
14576013#13086482,0,0,FALSE
57297547#9494941,0,0,FALSE
61917173#94391133,1,1,TRUE
7987227#78273504,0,0,FALSE
23923095#35493301,0,0,FALSE
17092441#83951045,1,1,TRUE
34642657#39437318,1,1,TRUE
26995615#31061866,0,0,FALSE
5057882#48314206,0,0,FALSE
4395083#54700185,1,1,TRUE
27915727#51901808,1,1,TRUE
4895903#458256,0,0,FALSE
20281251#25083386,0,0,FALSE
35807638#78329795,0,0,FALSE
6997147#28849323,0,0,FALSE
63117104#57241644,0,0,FALSE
13086482#16628120,0,0,FALSE
87576249#94945290,0,0,FALSE
51710206#40771441,0,0,FALSE
66914777#172054,1,1,TRUE
34075163#24931990,0,0,FALSE
76350435#81011691,0,0,FALSE
94351044#60071236,1,1,TRUE
82209636#777189,0,0,FALSE
48715831#86011983,0,0,FALSE
49146483#70600296,0,0,FALSE
70726318#41160781,1,0,FALSE
47929214#52126910,0,0,FALSE
6601115#36649389,0,0,FALSE
84008510#80543447,0,0,FALSE
73060691#17145434,0,0,FALSE
86136546#70352977,1,1,TRUE
2740878#96710850,0,0,FALSE
66001502#75229781,1,0,FALSE
19743674#76478929,1,1,TRUE
51581207#55641907,0,0,FALSE
27147725#57297547,0,0,FALSE
7547159#39761380,0,0,FALSE
47054569#84081996,0,0,FALSE
1029315#40170577,0,0,FALSE
16993914#93222484,0,0,FALSE
70600300#84147645,0,0,FALSE
31051738#73023967,0,0,FALSE
36195674#74414069,0,0,FALSE
62151951#1574817,0,0,FALSE
78313618#94609381,0,0,FALSE
46963156#21421662,0,0,FALSE
57107958#75400332,0,0,FALSE
9494941#25757705,0,0,FALSE
87562159#28502826,0,0,FALSE
3038793#33541592,0,0,FALSE
81011691#45858702,0,0,FALSE
98861629#1367801,0,0,FALSE
77488882#85065034,0,0,FALSE
18178431#57297547,0,0,FALSE
43886265#82209636,0,0,FALSE
30467874#69281402,0,0,FALSE
60280975#48457802,0,0,FALSE
2276717#16458906,0,0,FALSE
77343216#68819356,1,0,FALSE
599182#64791875,0,0,FALSE
68869531#56744482,0,0,FALSE
15290237#86774262,0,0,FALSE
22122748#37652517,0,0,FALSE
90886706#42076543,0,0,FALSE
47177790#24931990,0,0,FALSE
55993507#77145447,1,1,TRUE
74932360#40170577,0,0,FALSE
7016292#73808482,0,0,FALSE
64112411#19585056,0,0,FALSE
31493300#54285160,0,0,FALSE
27491747#82209636,0,0,FALSE
2254995#62009379,0,0,FALSE
7503553#7472344,0,0,FALSE
13514352#37652517,0,1,TRUE
87562159#66609070,1,1,TRUE
89098364#10218816,0,0,FALSE
22017852#43671477,0,0,FALSE
69499657#9187011,0,0,FALSE
63632918#36195674,0,0,FALSE
320211#8374819,0,0,FALSE
70509448#73296694,0,0,FALSE
28797890#2191215,0,0,FALSE
64112411#81486182,0,0,FALSE
75588119#3713378,0,0,FALSE
63632918#19820120,0,0,FALSE
5108829#21688304,0,0,FALSE
31587846#31061866,0,0,FALSE
81486182#47240346,0,0,FALSE
37531391#10218816,0,0,FALSE
77641222#14443054,0,0,FALSE
54397772#78273504,0,0,FALSE
48938134#71191165,0,1,TRUE
87481548#82324884,0,0,FALSE
49982462#93750350,0,0,FALSE
90886706#58485839,0,0,FALSE
7861704#13198672,1,1,TRUE
82209636#96835518,0,0,FALSE
64791875#89714881,0,0,FALSE
55641907#10547369,0,0,FALSE
85663923#42080094,0,0,FALSE
80693528#35243408,0,0,FALSE
59887473#808263,0,0,FALSE
24163225#44302898,0,0,FALSE
85074682#36342541,0,0,FALSE
74622289#91798176,0,0,FALSE
36342541#69811580,0,0,FALSE
17738556#69499657,0,0,FALSE
89714881#20665199,0,0,FALSE
68021989#39544839,0,0,FALSE
48449418#97936921,0,0,FALSE
57914917#96835518,0,0,FALSE
56354267#56774153,0,0,FALSE
47272682#69540904,1,1,TRUE
91105987#40979545,0,0,FALSE
599182#10917978,0,0,FALSE
27147725#93799137,0,0,FALSE
88720725#888946,0,0,FALSE
60280975#51710206,0,0,FALSE
46900357#34959942,0,0,FALSE
39944551#39761380,0,0,FALSE
44917290#21421662,0,0,FALSE
34597503#92598888,0,0,FALSE
7547159#68747557,0,0,FALSE
88720725#27147725,0,0,FALSE
65411927#77300355,0,0,FALSE
13205686#16768503,0,0,FALSE
55596658#11344076,0,0,FALSE
82364086#78329795,1,1,TRUE
88073129#84940611,0,0,FALSE
84940611#91798176,1,1,TRUE
3038793#79528937,0,0,FALSE
19653009#3713378,0,0,FALSE
31877082#59983424,1,1,TRUE
59983424#66552236,0,0,FALSE
97936921#9882201,1,1,TRUE
86011983#8023909,0,0,FALSE
6444657#77964245,0,0,FALSE
46963156#37762589,0,0,FALSE
3342135#57316524,0,0,FALSE
70768754#97473761,0,0,FALSE
27147725#19743674,0,0,FALSE
23165688#70983035,0,0,FALSE
95111575#86510416,0,0,FALSE
42621634#40940816,0,0,FALSE
17216616#10032550,0,0,FALSE
88797158#2926780,0,0,FALSE
56354267#78313618,1,1,TRUE
15279595#15311130,0,0,FALSE
84147645#47240346,1,1,TRUE
67945340#8023909,0,0,FALSE
98035591#49982462,1,1,TRUE
92702787#24909859,0,0,FALSE
63926920#51914482,0,0,FALSE
51741857#9225217,0,0,FALSE
92054456#50403133,1,1,TRUE
5057882#39544839,1,1,TRUE
35653799#70533385,0,0,FALSE
24607772#9225217,0,0,FALSE
23345904#14443054,0,0,FALSE
63926920#75134238,0,0,FALSE
82274481#39544839,0,0,FALSE
2724789#80346902,0,0,FALSE
37728852#14475568,0,0,FALSE
64360600#43886265,0,0,FALSE
13986277#96381958,0,0,FALSE
14022878#66763358,0,0,FALSE
64360600#94373108,0,0,FALSE
97281594#70600300,0,0,FALSE
16176339#19320609,0,0,FALSE
98773883#64360600,0,0,FALSE
48310053#47337045,0,0,FALSE
66481726#68659568,0,0,FALSE
7016292#16176339,0,0,FALSE
38374739#1875778,0,0,FALSE
14133475#81004909,0,0,FALSE
54656829#81138609,0,0,FALSE
81138609#88944870,0,0,FALSE
45065236#98035591,0,0,FALSE
12285597#68571415,0,0,FALSE
5662042#42582657,0,0,FALSE
78273504#18762312,0,0,FALSE
15290237#39544839,0,0,FALSE
2803990#905514,0,0,FALSE
39448463#23165688,0,0,FALSE
1574817#29988045,0,0,FALSE
16993914#75901191,0,0,FALSE
98861629#2107813,0,0,FALSE
91607349#42670956,0,0,FALSE
22178282#75317094,0,0,FALSE
35493301#71514451,0,0,FALSE
70768754#80790800,0,0,FALSE
80747993#97473761,0,0,FALSE
42782136#74225977,0,0,FALSE
13389192#79812958,0,0,FALSE
87240955#12832490,0,0,FALSE
98129540#97975290,0,0,FALSE
79860176#79295,0,0,FALSE
67240137#51664958,0,0,FALSE
64696513#18968441,0,0,FALSE
94697384#13086482,0,0,FALSE
87645646#37931146,0,0,FALSE
28849323#64112412,0,0,FALSE
51914482#23943532,0,0,FALSE
30137322#3980193,0,0,FALSE
13640797#34597503,0,0,FALSE
62009379#28849323,1,1,TRUE
82217045#93754453,0,0,FALSE
55205314#41822669,0,0,FALSE
69524744#68023169,0,0,FALSE
95788693#82614828,0,0,FALSE
1907#9225217,0,0,FALSE
51836529#60029334,0,0,FALSE
89189013#7547159,0,0,FALSE
25427610#44302898,0,0,FALSE
21940746#79139250,0,0,FALSE
320211#259815,0,0,FALSE
41716837#5563597,0,0,FALSE
2724789#9185300,0,0,FALSE
81138609#75908352,0,0,FALSE
82364086#75102581,0,0,FALSE
10032550#42582657,0,0,FALSE
18510686#64284720,0,0,FALSE
21520858#16874921,0,0,FALSE
96381958#17521071,1,0,FALSE
13877575#92798993,0,0,FALSE
52646581#57869707,1,0,FALSE
24488733#17738556,0,0,FALSE
4646691#69524744,0,0,FALSE
8374819#52499440,0,0,FALSE
10501202#3980193,0,0,FALSE
43671477#93617759,0,0,FALSE
76045300#62254612,0,0,FALSE
9336877#85663923,0,0,FALSE
73023967#84008510,1,0,FALSE
26650551#193593,0,0,FALSE
24909859#76343774,0,0,FALSE
2254995#52499440,0,0,FALSE
70509448#75922212,0,0,FALSE
19506949#2357764,0,0,FALSE
96482852#43886265,0,0,FALSE
96595462#67240137,0,0,FALSE
20822871#95160580,0,0,FALSE
96835518#40555870,0,0,FALSE
47054569#32663296,0,0,FALSE
81752586#31928950,1,1,TRUE
8104033#31149883,0,0,FALSE
89189013#68747557,0,0,FALSE
20547394#37762589,0,0,FALSE
17216616#14475568,1,1,TRUE
92798993#77271618,0,0,FALSE
64889535#42782136,0,0,FALSE
94929528#84008510,0,0,FALSE
16628120#23833261,0,0,FALSE
25024300#96482852,0,0,FALSE
65376715#36649389,0,0,FALSE
4308600#24066040,0,0,FALSE
1705445#7503553,0,0,FALSE
59622337#77641222,0,0,FALSE
84147645#12057738,0,0,FALSE
24504646#81296852,0,0,FALSE
21214984#92050862,0,0,FALSE
94609381#27491847,1,1,TRUE
19012125#14475568,0,0,FALSE
25083386#64360600,0,0,FALSE
25749336#6220318,0,0,FALSE
47662466#55705301,1,0,FALSE
96710850#22001291,0,0,FALSE
96482852#75588119,0,0,FALSE
35076842#28849323,0,0,FALSE
81738033#24315621,0,0,FALSE
84347869#31303951,0,1,TRUE
94578304#14276753,0,0,FALSE
17058930#36514214,1,0,FALSE
31149883#65376715,0,0,FALSE
86510416#48798939,0,0,FALSE
9329468#84486206,0,0,FALSE
24931990#33045941,0,1,TRUE
24315621#74618840,0,0,FALSE
19585056#2926780,0,0,FALSE
49982462#36193101,0,0,FALSE
40659886#458256,1,0,FALSE
19610472#54202524,0,0,FALSE
76045300#46900357,0,0,FALSE
19338654#52126910,0,0,FALSE
85065034#84347869,0,0,FALSE
599182#81558327,1,0,FALSE
75922212#80790800,1,1,TRUE
39759360#56744482,0,0,FALSE
2254995#14133475,1,0,FALSE
60545708#96595462,1,1,TRUE
29009865#24931990,0,0,FALSE
13393487#6455027,0,0,FALSE
35109084#81558327,0,0,FALSE
1448629#11754903,0,0,FALSE
84347869#98861629,0,0,FALSE
34088263#80362350,0,0,FALSE
35031528#59887473,0,0,FALSE
35417651#79295,0,0,FALSE
94391133#65979382,0,0,FALSE
83586196#74683197,1,1,TRUE
93035933#51318537,0,0,FALSE
85641193#82049746,0,0,FALSE
29386919#42550257,0,0,FALSE
13951675#93405719,0,0,FALSE
83562709#48050949,0,0,FALSE
60545708#37788391,0,0,FALSE
41160781#81714923,0,0,FALSE
65761443#92349357,1,1,TRUE
21688304#76478929,0,0,FALSE
34174042#88171897,0,0,FALSE
50179606#6455027,1,1,TRUE
68819356#41119591,0,0,FALSE
51664958#92348266,0,0,FALSE
34642657#42782136,0,0,FALSE
23165688#20547394,0,0,FALSE
37818105#66097781,0,0,FALSE
96595462#24925549,0,0,FALSE
65193938#69524744,0,0,FALSE
35590306#64696513,0,0,FALSE
70509448#42621634,1,1,TRUE
22096223#18344350,0,0,FALSE
6086571#94945290,0,0,FALSE
46998470#9765844,0,1,TRUE
5197574#30467874,0,0,FALSE
84686125#89872099,0,0,FALSE
39376372#48938134,0,0,FALSE
45065236#50100211,0,0,FALSE
11344076#95111575,0,0,FALSE
69524744#85675854,0,0,FALSE
36319925#72226957,0,0,FALSE
66914777#67818648,0,0,FALSE
87955598#24488733,0,0,FALSE
87240955#25757705,1,1,TRUE
37417537#24607772,0,0,FALSE
51215765#69249199,0,0,FALSE
68400481#56774153,0,0,FALSE
28797891#61901186,0,0,FALSE
63008653#84783221,0,0,FALSE
68571415#3496396,0,0,FALSE
10009728#44382672,0,0,FALSE
35317298#20550546,0,0,FALSE
97473761#24438834,0,0,FALSE
56500373#20008769,0,0,FALSE
49982462#45065236,0,0,FALSE
88674931#89103846,1,1,TRUE
44917290#76999933,0,0,FALSE
28797890#66789257,0,0,FALSE
24504646#35493301,0,0,FALSE
23833261#42550257,0,0,FALSE
84036223#3342135,0,0,FALSE
33541592#2053522,1,1,TRUE
9932421#77964245,0,0,FALSE
82209636#67818648,0,0,FALSE
34174042#44917290,0,0,FALSE
54559293#75588119,0,0,FALSE
35983151#65411927,0,0,FALSE
91607349#16489844,1,1,TRUE
97360314#20822871,0,0,FALSE
5651476#29965958,0,0,FALSE
18510686#94391133,0,0,FALSE
46998470#91105987,0,0,FALSE
30467874#66441075,0,0,FALSE
83562709#17043700,0,0,FALSE
57208331#57574501,0,0,FALSE
40063734#65287375,0,0,FALSE
66001502#39448463,0,0,FALSE
35642956#5057882,0,0,FALSE
48310053#69644238,0,0,FALSE
60257213#89764257,0,0,FALSE
51924648#17043700,1,1,TRUE
66609070#98456180,0,1,TRUE
75588119#48314206,0,0,FALSE
89714881#59226089,0,0,FALSE
13393487#21038841,0,0,FALSE
7547159#97281594,0,0,FALSE
24931990#47154861,0,1,TRUE
15290237#96710850,0,0,FALSE
7650784#92349357,0,0,FALSE
98773883#39944551,1,1,TRUE
51664958#6817074,0,0,FALSE
13514352#66609070,0,0,FALSE
98258448#28958152,0,0,FALSE
94791347#653566,0,0,FALSE
73060691#28635594,0,0,FALSE
61938323#86597447,0,0,FALSE
32021675#11344076,0,0,FALSE
79528937#66218491,0,0,FALSE
88763472#64112412,0,0,FALSE
96524902#17145434,0,0,FALSE
23165688#34642657,0,0,FALSE
82364086#41505583,0,0,FALSE
60071236#55124457,0,1,TRUE
12577609#84250472,0,0,FALSE
35750776#40979545,0,0,FALSE
86597447#53563141,0,0,FALSE
96595462#51664958,0,0,FALSE
95917231#1000748,1,0,FALSE
34075163#86136546,0,0,FALSE
93799137#888946,0,0,FALSE
26995615#18639975,0,0,FALSE
72237540#82324884,0,0,FALSE
31587846#2926780,0,0,FALSE
25749336#60280975,0,0,FALSE
56493397#32792490,0,0,FALSE
74588061#7096661,1,1,TRUE
57729543#24925549,1,1,TRUE
52462122#40976538,0,0,FALSE
49982462#51914482,0,0,FALSE
76045300#426230,1,1,TRUE
19506949#31303951,0,0,FALSE
77678186#67031613,0,0,FALSE
90920296#84202154,1,1,TRUE
51318537#2174287,0,0,FALSE
10997532#43618988,0,0,FALSE
49982462#63926920,0,0,FALSE
84147645#90146840,0,0,FALSE
26217615#11874069,0,0,FALSE
36193101#98861629,0,0,FALSE
95577039#44579234,0,0,FALSE
27147725#59289884,0,0,FALSE
2191215#39759360,0,0,FALSE
9238663#74646862,0,0,FALSE
70509448#94791347,0,0,FALSE
54202524#38058369,0,0,FALSE
59622337#97281594,0,0,FALSE
35807638#10132766,0,0,FALSE
87327065#51664958,0,0,FALSE
70983035#24315621,0,0,FALSE
16768503#78926104,0,0,FALSE
22206925#64304057,0,1,TRUE
1748964#87955598,0,0,FALSE
94391133#64284720,0,0,FALSE
84081996#41716837,0,0,FALSE
2163360#15196749,0,0,FALSE
2740878#58726767,0,0,FALSE
71384622#69281402,0,0,FALSE
26298839#777189,0,0,FALSE
54519492#21520858,0,0,FALSE
92598888#17837225,0,0,FALSE
54499706#45065236,0,1,TRUE
14576013#79860176,0,0,FALSE
97975290#15279595,0,0,FALSE
82614828#18762312,0,0,FALSE
40771441#64112412,0,0,FALSE
27087905#11651896,0,0,FALSE
41270447#29226990,0,0,FALSE
43618988#96595462,0,0,FALSE
12204925#7096661,0,0,FALSE
79860176#10032550,0,0,FALSE
42782136#25767244,0,0,FALSE
96715844#97281594,0,0,FALSE
12263071#66001502,0,0,FALSE
24488733#69249199,0,0,FALSE
42621634#18218196,0,0,FALSE
95017941#72226957,0,0,FALSE
53563141#68747557,0,0,FALSE
35572402#75698787,0,0,FALSE
18682580#1748964,0,0,FALSE
19320609#17837225,0,0,FALSE
85454976#19610940,0,0,FALSE
75317094#6444657,0,0,FALSE
76797257#92356380,0,0,FALSE
18225168#6628173,0,0,FALSE
96715844#27145682,0,0,FALSE
61901186#28797890,1,0,FALSE
70600300#42550257,0,0,FALSE
2926780#80235641,0,0,FALSE
16874921#75784220,0,0,FALSE
41160781#14133475,0,0,FALSE
28502826#17058930,0,0,FALSE
17364188#56354267,0,0,FALSE
54499706#27145682,1,1,TRUE
36319925#924199,0,0,FALSE
66552236#17682913,0,0,FALSE
12558301#9185300,1,1,TRUE
9329468#78574784,0,0,FALSE
78273504#19210924,1,0,FALSE
78574784#48327523,0,0,FALSE
8023909#73018266,1,1,TRUE
72185223#28958152,0,0,FALSE
7016292#50972713,0,0,FALSE
66481726#71514451,0,0,FALSE
15290237#48938134,0,0,FALSE
68659568#81011691,0,0,FALSE
86039608#95017941,0,0,FALSE
13621719#21236035,0,0,FALSE
80235641#3365489,0,0,FALSE
68023169#22110995,0,0,FALSE
48938134#84081996,0,0,FALSE
68675078#87576249,1,0,FALSE
74414069#37728852,0,0,FALSE
80790800#73018266,0,0,FALSE
18929113#7586139,0,0,FALSE
864070#24504646,0,0,FALSE
53397183#42550257,0,0,FALSE
47008330#8104033,1,1,TRUE
61938323#19210924,0,0,FALSE
66204747#3713378,0,0,FALSE
41716837#53540754,1,1,TRUE
66789257#28797891,0,0,FALSE
80747993#25749336,0,0,FALSE
87240955#24066040,0,0,FALSE
18639975#36305406,1,1,TRUE
70509448#48314206,0,0,FALSE
27915727#24488733,0,0,FALSE
5749619#70352977,0,0,FALSE
9065596#25573269,0,0,FALSE
31493300#81004909,0,0,FALSE
87168706#13704452,1,1,TRUE
1907#51741857,0,0,FALSE
7039861#29851431,0,0,FALSE
20008769#79528937,1,1,TRUE
80363785#11297103,0,0,FALSE
77300355#49982462,0,0,FALSE
92348266#66097781,0,0,FALSE
63008653#55705301,0,0,FALSE
65761443#95017941,0,0,FALSE
36319925#59217936,0,0,FALSE
82217045#87136825,0,0,FALSE
1000748#77906357,0,0,FALSE
69249199#52322597,1,0,FALSE
68490111#2163360,0,0,FALSE
57107958#65411927,0,0,FALSE
31493300#83586196,0,0,FALSE
16458906#55124457,0,0,FALSE
71191165#7503553,0,0,FALSE
73060691#9185300,0,0,FALSE
36927878#82666001,0,0,FALSE
31186504#76645893,0,0,FALSE
7096661#24931990,0,0,FALSE
11241255#75400332,0,0,FALSE
69499657#55406516,0,0,FALSE
49285911#4734872,0,0,FALSE
18750700#37931146,0,0,FALSE
21318183#9065596,1,1,TRUE
35489837#3496396,0,0,FALSE
34959942#43098472,0,0,FALSE
40624769#27087905,0,0,FALSE
80185739#96595462,0,0,FALSE
12958636#38669053,0,0,FALSE
2300726#2174287,0,0,FALSE
82049746#66152591,1,1,TRUE
93222484#94929528,1,0,FALSE
34090287#4150044,0,0,FALSE
10032550#2107813,0,0,FALSE
71498088#57316524,0,0,FALSE
67880656#70983035,0,0,FALSE
48808155#36342541,0,0,FALSE
87636344#35983151,0,0,FALSE
35493301#24909859,0,0,FALSE
35076842#98861629,0,0,FALSE
12204925#52646581,0,0,FALSE
40007298#64360600,0,0,FALSE
60280975#458256,0,0,FALSE
11681031#48327523,0,1,TRUE
35109084#57107958,0,0,FALSE
50118951#40063734,0,0,FALSE
46963156#3713378,1,0,FALSE
97485069#24066040,0,0,FALSE
1367801#88770421,0,0,FALSE
53799536#74622289,0,0,FALSE
5563597#23276091,1,1,TRUE
12204925#64225057,0,0,FALSE
84486206#84271012,1,1,TRUE
37788391#40555870,0,0,FALSE
76999933#20448379,0,0,FALSE
81004909#35243408,1,1,TRUE
84202154#98235372,0,0,FALSE
75229781#15290237,0,0,FALSE
15073430#53540754,0,0,FALSE
97360314#83951045,0,0,FALSE
88720725#93799137,0,0,FALSE
91798176#35109084,0,0,FALSE
59310973#51924648,0,0,FALSE
5108829#98129540,0,0,FALSE
13704452#75552500,0,0,FALSE
84008510#88240059,0,0,FALSE
51933885#9563912,0,0,FALSE
55899186#13893314,0,0,FALSE
84486206#77300355,0,0,FALSE
41505583#2276717,0,0,FALSE
1875778#24925549,0,0,FALSE
14022878#88025577,0,0,FALSE
1574817#15311130,0,0,FALSE
62305995#84202154,0,0,FALSE
24504646#76045300,0,0,FALSE
94391133#15311130,0,0,FALSE
18639975#18640012,0,0,FALSE
6601115#69811580,0,0,FALSE
21236035#69811580,0,0,FALSE
57106905#84810462,0,0,FALSE
44098995#24307555,0,0,FALSE
17756835#21940746,0,0,FALSE
42080094#84347869,0,0,FALSE
458256#808263,0,0,FALSE
80693528#92349357,0,0,FALSE
17837225#94596740,0,0,FALSE
84036223#35750776,0,0,FALSE
69281402#16489844,0,0,FALSE
32021675#7650784,0,0,FALSE
88073129#64112412,0,0,FALSE
35076842#2276717,1,1,TRUE
24315621#55205314,0,0,FALSE
50948610#8145012,0,0,FALSE
35653799#17447786,0,0,FALSE
46963156#44917290,0,0,FALSE
89113825#14443054,0,0,FALSE
37931146#78329795,0,0,FALSE
25083386#35417651,1,0,FALSE
55427773#64112411,0,0,FALSE
50972713#12204925,0,0,FALSE
48314206#37671415,0,0,FALSE
95017941#92349357,0,0,FALSE
79139250#55899186,0,0,FALSE
67031613#5749619,0,0,FALSE
8780477#51933885,0,0,FALSE
67959173#88770421,0,0,FALSE
95111575#39376372,1,0,FALSE
36193101#7586139,0,0,FALSE
79295#48715831,0,0,FALSE
4646691#41314656,0,0,FALSE
66465346#68332855,0,0,FALSE
1875778#288189,0,0,FALSE
34146043#94945290,1,1,TRUE
37373317#75901191,0,0,FALSE
34146043#57729543,0,0,FALSE
14443054#88240059,1,1,TRUE
86011983#15602472,0,0,FALSE
64304057#77906357,0,0,FALSE
46998470#38525199,0,0,FALSE
14475568#92348266,0,0,FALSE
33296026#52499440,0,0,FALSE
55993507#57297547,0,0,FALSE
17043700#54285160,0,0,FALSE
98321879#63632918,0,0,FALSE
10723708#88596856,0,0,FALSE
1705445#36246527,0,0,FALSE
77906357#66552236,0,0,FALSE
16938908#13640797,0,0,FALSE
85012455#17043700,0,0,FALSE
89098364#57914917,0,0,FALSE
37466646#8035591,0,0,FALSE
26650551#57869707,0,0,FALSE
35417651#19085838,0,0,FALSE
86510416#31303951,0,0,FALSE
75229781#35750776,0,0,FALSE
65159550#53579521,0,0,FALSE
71190761#47008330,0,0,FALSE
12057738#75400332,0,0,FALSE
18140756#24307555,0,0,FALSE
52462122#91105987,1,0,FALSE
31928950#37466646,0,0,FALSE
924199#75317094,0,0,FALSE
92612895#8810340,0,0,FALSE
16909124#17756835,1,1,TRUE
66390507#25096603,0,0,FALSE
92050862#33296026,0,0,FALSE
11874069#90516613,0,1,TRUE
31493300#777189,0,0,FALSE
42550257#79097615,0,0,FALSE
45649802#9026518,0,0,FALSE
80362350#79097615,1,1,TRUE
45649802#13205686,0,0,FALSE
2803990#175833,0,0,FALSE
31572294#55124457,1,1,TRUE
1705445#10816,0,0,FALSE
20448379#95917231,0,0,FALSE
97360314#18688923,0,0,FALSE
72226957#60280975,0,0,FALSE
56500373#17037701,0,0,FALSE
13951675#12673715,1,1,TRUE
84810462#61257806,0,0,FALSE
89764257#68819356,0,0,FALSE
77554678#35642956,0,0,FALSE
50972713#39759360,1,1,TRUE
75552500#48880627,0,0,FALSE
905514#86774262,1,1,TRUE
6455027#4232352,0,0,FALSE
67031613#16938908,0,0,FALSE
31493300#95111575,0,0,FALSE
36927878#33045941,0,0,FALSE
60029334#88763472,0,0,FALSE
63800622#87636344,1,1,TRUE
92050862#81004909,0,0,FALSE
10330385#10803100,0,0,FALSE
35485275#52499440,0,0,FALSE
29226990#172054,0,0,FALSE
85454976#87576249,0,0,FALSE
98129540#2191215,0,0,FALSE
83586196#40976538,0,0,FALSE
29177746#4734872,0,0,FALSE
88602235#48938134,1,1,TRUE
76343774#87136825,0,0,FALSE
84686125#45858702,0,0,FALSE
4232352#32021675,0,0,FALSE
90931340#94578304,0,0,FALSE
68747557#94168884,0,0,FALSE
50118951#17116847,0,0,FALSE
53799536#88025577,0,0,FALSE
83586196#96705065,0,0,FALSE
52499440#48153881,1,1,TRUE
68869531#13084603,0,0,FALSE
4895903#24055903,0,0,FALSE
13986277#69903032,1,1,TRUE
69644238#48925354,0,0,FALSE
69062083#16993914,0,0,FALSE
91105987#44098995,0,0,FALSE
39448463#74381286,0,0,FALSE
72185223#10132766,0,0,FALSE
62254612#13086482,1,1,TRUE
51850183#89113825,1,1,TRUE
66204747#13084603,0,0,FALSE
32021675#97008126,1,1,TRUE
40524988#96595462,0,0,FALSE
82724964#55607411,0,0,FALSE
66001502#39376372,0,0,FALSE
81296852#86597447,0,0,FALSE
27147725#89098364,0,0,FALSE
43671477#47929214,0,0,FALSE
70600261#96381958,0,0,FALSE
25895411#65376715,0,0,FALSE
96710850#88674931,0,0,FALSE
36116228#35109084,1,1,TRUE
65376715#5197574,0,0,FALSE
84940611#21520858,0,0,FALSE
19338654#16566641,0,0,FALSE
50179606#57316524,0,0,FALSE
35109084#59825579,0,0,FALSE
85520596#80346902,0,0,FALSE
29988045#56500373,0,0,FALSE
17447786#71190761,0,0,FALSE
8865735#64360600,1,1,TRUE
14276753#49146483,0,0,FALSE
10330385#75059939,0,0,FALSE
21236035#37762589,0,0,FALSE
2300726#6220318,0,0,FALSE
69524744#42076543,0,0,FALSE
32252152#38669053,0,0,FALSE
27491747#92798993,0,0,FALSE
2276717#75698787,0,0,FALSE
14918547#39761380,0,0,FALSE
9716045#74612575,0,0,FALSE
42999877#11241255,0,0,FALSE
9026518#58262024,0,0,FALSE
48647262#68400481,0,0,FALSE
95595870#35983151,0,0,FALSE
36004979#84036223,0,0,FALSE
80363785#77554678,0,0,FALSE
77554678#56500373,0,0,FALSE
25749336#32021675,0,0,FALSE
63688174#20547394,0,0,FALSE
63117104#35572402,0,0,FALSE
66630102#64225057,0,0,FALSE
48314206#34522740,0,0,FALSE
75229781#50948610,0,0,FALSE
5039915#59310973,1,1,TRUE
76645893#63436905,1,1,TRUE
33541592#95788693,0,0,FALSE
19506949#18968441,0,0,FALSE
98035591#78273504,0,0,FALSE
35493301#21940746,0,0,FALSE
88797158#24488733,0,0,FALSE
10803100#15279595,0,0,FALSE
82364086#90516613,0,0,FALSE
21436544#76645893,0,0,FALSE
19669552#74588061,0,0,FALSE
97473761#26820221,1,1,TRUE
8865735#79295,0,0,FALSE
7586139#63117104,0,0,FALSE
2724789#80747993,0,0,FALSE
62151951#61257806,1,1,TRUE
34146043#87576249,0,0,FALSE
86011983#35590306,0,0,FALSE
68023169#48880627,0,0,FALSE
88331613#87168706,0,0,FALSE
88760576#6976859,0,0,FALSE
8452869#25083386,0,0,FALSE
30467874#16489844,0,0,FALSE
4308600#38525199,1,1,TRUE
92598888#41763354,0,0,FALSE
2237025#84686125,0,0,FALSE
37931146#82364086,0,0,FALSE
40976538#95111575,0,0,FALSE
67388462#12958636,0,0,FALSE
1367801#11651896,1,1,TRUE
69281402#32792490,0,0,FALSE
92054456#2160536,0,0,FALSE
70998961#5563597,0,0,FALSE
653566#29009865,1,1,TRUE
19610472#74622289,0,0,FALSE
458256#53262633,0,0,FALSE
35417651#32792490,0,0,FALSE
18682580#48327523,0,0,FALSE
98773883#39761380,0,0,FALSE
80362350#71498088,0,0,FALSE
5039534#18688923,0,0,FALSE
30963421#57316524,0,0,FALSE
59226089#95595870,0,0,FALSE
12409643#82614828,0,0,FALSE
92356380#6881030,0,0,FALSE
34522740#51741857,0,0,FALSE
21038841#87136825,0,0,FALSE
87562159#20822871,0,0,FALSE
19585056#18178431,0,0,FALSE
11754903#74612575,1,1,TRUE
87327065#95428009,0,0,FALSE
34088263#6455027,0,0,FALSE
77906357#9531648,0,0,FALSE
13389192#13986277,0,0,FALSE
21214984#10218816,0,1,TRUE
18640012#71622657,0,0,FALSE
36026562#5651476,1,1,TRUE
88760576#76535406,0,0,FALSE
38669053#92598888,0,1,TRUE
5197574#66441075,0,0,FALSE
70998961#12285597,0,0,FALSE
81138609#96441135,0,0,FALSE
24931990#95846717,0,0,FALSE
10171935#10132766,0,0,FALSE
71384622#68675078,0,0,FALSE
5057882#68332855,0,0,FALSE
88171897#75588119,0,0,FALSE
86136546#84718207,0,0,FALSE
49891889#92798993,1,0,FALSE
71834414#24163225,0,0,FALSE
4734872#24315621,0,0,FALSE
38669053#74646862,0,0,FALSE
44923081#12409643,0,0,FALSE
40002118#28502826,1,0,FALSE
33045941#94791347,0,0,FALSE
52499440#50118951,0,0,FALSE
44382672#38669053,0,0,FALSE
74618840#18968441,0,0,FALSE
35317298#72185223,0,0,FALSE
80346902#87636344,0,0,FALSE
54728016#9494941,1,1,TRUE
88171897#72086860,0,0,FALSE
27491747#80543447,1,1,TRUE
72636167#25083386,0,0,FALSE
11754903#48310053,0,0,FALSE
1000748#21940746,0,0,FALSE
30893225#5057882,0,0,FALSE
37531391#35031528,0,0,FALSE
64607330#96595462,0,0,FALSE
15602472#69903032,0,0,FALSE
68400481#56354267,0,0,FALSE
18556332#6444657,0,0,FALSE
84036223#88760576,0,0,FALSE
64112412#81486182,0,0,FALSE
68819356#62151951,0,0,FALSE
35633356#57869707,0,0,FALSE
6086571#88414713,0,0,FALSE
46709252#60380041,1,1,TRUE
74612575#40170577,0,0,FALSE
6976859#33045941,0,0,FALSE
87240955#4308600,0,0,FALSE
31493300#621820,0,0,FALSE
24909859#68747557,0,0,FALSE
17174163#92054456,0,0,FALSE
61901186#33850542,0,0,FALSE
8023909#76275317,0,0,FALSE
93617759#27147725,0,0,FALSE
93754453#95301262,0,0,FALSE
14276753#8035591,0,0,FALSE
85454976#18225168,0,0,FALSE
24315621#44302898,0,0,FALSE
61257806#20206361,0,0,FALSE
73060691#39944551,0,0,FALSE
73060691#39761380,0,0,FALSE
75317094#36116228,0,0,FALSE
57882906#92798993,0,0,FALSE
16909124#24925549,0,0,FALSE
1367801#17326659,0,0,FALSE
39759360#34090287,0,0,FALSE
96381958#47177790,0,0,FALSE
81011691#2237025,0,0,FALSE
65193938#50999488,0,0,FALSE
1367801#27087905,0,0,FALSE
76164350#94813013,0,0,FALSE
60743541#31303951,0,0,FALSE
15073430#87955598,1,1,TRUE
11297103#56500373,0,0,FALSE
22110995#8865735,0,0,FALSE
88596856#50968746,0,0,FALSE
83951045#52322597,0,0,FALSE
98861629#67340922,0,0,FALSE
44923081#5039534,0,0,FALSE
67340922#47929214,0,0,FALSE
87576249#88414713,0,0,FALSE
84271012#36514214,0,0,FALSE
36305406#32383258,0,0,FALSE
18688923#19210924,0,0,FALSE
72086860#621820,1,1,TRUE
10330385#44917290,1,0,FALSE
69903032#9932421,0,0,FALSE
84347869#74381286,0,1,TRUE
17364188#32383258,1,1,TRUE
59310973#2634172,0,0,FALSE
48314206#16768503,0,0,FALSE
17326659#22017852,1,0,FALSE
54519492#2724789,0,0,FALSE
24721936#42999877,0,0,FALSE
3713378#10171935,0,1,TRUE
96381958#17116847,0,0,FALSE
92612895#66001502,0,0,FALSE
36514214#13613251,0,0,FALSE
57869707#5836988,0,0,FALSE
38058369#40470567,0,0,FALSE
13198672#38058369,0,0,FALSE
621820#63688174,0,0,FALSE
82666001#41314656,0,0,FALSE
65287375#70998961,0,0,FALSE
35317298#11297103,0,0,FALSE
19338654#59983424,0,0,FALSE
60071236#59874069,0,0,FALSE
81296852#13986277,0,0,FALSE
84202154#19820120,0,0,FALSE
63632918#5749619,0,0,FALSE
40555870#78329795,0,0,FALSE
16628120#46900357,0,0,FALSE
64438918#81004909,0,0,FALSE
15290237#82724964,0,0,FALSE
60029334#78574784,0,0,FALSE
78273504#79295,0,0,FALSE
71458103#6873873,1,1,TRUE
89103846#68571415,0,0,FALSE
93222484#84081996,0,0,FALSE
64252616#47662466,0,0,FALSE
21940746#64304057,0,0,FALSE
1748964#94193655,0,0,FALSE
54519492#38374739,0,0,FALSE
66292005#76343774,0,0,FALSE
10132766#75901191,0,0,FALSE
90886706#84783221,0,0,FALSE
77641222#74930475,0,0,FALSE
49146483#20550546,0,0,FALSE
8374819#68869531,1,1,TRUE
95428009#74683197,0,0,FALSE
34090287#12204925,0,0,FALSE
16768503#5057882,0,0,FALSE
72086860#31493300,0,0,FALSE
67388462#63634340,0,0,FALSE
7586139#2740878,0,0,FALSE
87955598#12057738,0,0,FALSE
17145434#24438834,0,0,FALSE
55284959#97390436,0,0,FALSE
47240346#92348266,0,0,FALSE
48314206#10171935,0,0,FALSE
92349357#86039608,0,0,FALSE
77145447#18639975,0,0,FALSE
77271618#13198672,0,0,FALSE
68571415#54397772,0,0,FALSE
50403133#17174163,0,0,FALSE
27087905#98861629,0,0,FALSE
86597447#80085603,1,1,TRUE
48647262#66218491,0,0,FALSE
63117104#14443054,0,0,FALSE
15196749#86890239,0,0,FALSE
175833#70600300,0,0,FALSE
50100211#92798993,0,0,FALSE
73296694#93750350,0,0,FALSE
19012125#35823397,0,0,FALSE
10723708#50948610,1,1,TRUE
51850183#50044587,0,0,FALSE
777189#3496396,0,0,FALSE
93405719#67031613,0,0,FALSE
53579521#21421662,0,0,FALSE
38774023#12409643,1,1,TRUE
30963421#96381958,0,0,FALSE
4895903#53262633,0,0,FALSE
30467874#11297103,0,0,FALSE
75134238#47662466,0,0,FALSE
76045300#37788391,0,0,FALSE
24909859#89189013,0,0,FALSE
23442471#19210924,0,0,FALSE
49146483#458256,0,0,FALSE
13514352#79368706,0,0,FALSE
98321879#32252152,0,0,FALSE
55205314#10501202,0,0,FALSE
