custom_id,id
right-0,dn7-walmart-amazonr_3
right-1,dn7-walmart-amazonr_4
right-2,dn7-walmart-amazonr_5
right-3,dn7-walmart-amazonr_7
right-4,dn7-walmart-amazonr_8
right-5,dn7-walmart-amazonr_9
right-6,dn7-walmart-amazonr_10
right-7,dn7-walmart-amazonr_11
right-8,dn7-walmart-amazonr_18
right-9,dn7-walmart-amazonr_20
right-10,dn7-walmart-amazonr_24
right-11,dn7-walmart-amazonr_26
right-12,dn7-walmart-amazonr_30
right-13,dn7-walmart-amazonr_31
right-14,dn7-walmart-amazonr_32
right-15,dn7-walmart-amazonr_33
right-16,dn7-walmart-amazonr_36
right-17,dn7-walmart-amazonr_38
right-18,dn7-walmart-amazonr_40
right-19,dn7-walmart-amazonr_41
right-20,dn7-walmart-amazonr_43
right-21,dn7-walmart-amazonr_44
right-22,dn7-walmart-amazonr_45
right-23,dn7-walmart-amazonr_46
right-24,dn7-walmart-amazonr_50
right-25,dn7-walmart-amazonr_51
right-26,dn7-walmart-amazonr_53
right-27,dn7-walmart-amazonr_54
right-28,dn7-walmart-amazonr_56
right-29,dn7-walmart-amazonr_63
right-30,dn7-walmart-amazonr_64
right-31,dn7-walmart-amazonr_68
right-32,dn7-walmart-amazonr_69
right-33,dn7-walmart-amazonr_71
right-34,dn7-walmart-amazonr_73
right-35,dn7-walmart-amazonr_76
right-36,dn7-walmart-amazonr_80
right-37,dn7-walmart-amazonr_84
right-38,dn7-walmart-amazonr_85
right-39,dn7-walmart-amazonr_86
right-40,dn7-walmart-amazonr_87
right-41,dn7-walmart-amazonr_88
right-42,dn7-walmart-amazonr_91
right-43,dn7-walmart-amazonr_93
right-44,dn7-walmart-amazonr_94
right-45,dn7-walmart-amazonr_96
right-46,dn7-walmart-amazonr_99
right-47,dn7-walmart-amazonr_101
right-48,dn7-walmart-amazonr_102
right-49,dn7-walmart-amazonr_103
right-50,dn7-walmart-amazonr_104
right-51,dn7-walmart-amazonr_108
right-52,dn7-walmart-amazonr_110
right-53,dn7-walmart-amazonr_113
right-54,dn7-walmart-amazonr_114
right-55,dn7-walmart-amazonr_119
right-56,dn7-walmart-amazonr_120
right-57,dn7-walmart-amazonr_123
right-58,dn7-walmart-amazonr_129
right-59,dn7-walmart-amazonr_130
right-60,dn7-walmart-amazonr_134
right-61,dn7-walmart-amazonr_135
right-62,dn7-walmart-amazonr_136
right-63,dn7-walmart-amazonr_137
right-64,dn7-walmart-amazonr_138
right-65,dn7-walmart-amazonr_144
right-66,dn7-walmart-amazonr_148
right-67,dn7-walmart-amazonr_149
right-68,dn7-walmart-amazonr_151
right-69,dn7-walmart-amazonr_154
right-70,dn7-walmart-amazonr_155
right-71,dn7-walmart-amazonr_159
right-72,dn7-walmart-amazonr_160
right-73,dn7-walmart-amazonr_161
right-74,dn7-walmart-amazonr_162
right-75,dn7-walmart-amazonr_165
right-76,dn7-walmart-amazonr_166
right-77,dn7-walmart-amazonr_169
right-78,dn7-walmart-amazonr_170
right-79,dn7-walmart-amazonr_171
right-80,dn7-walmart-amazonr_173
right-81,dn7-walmart-amazonr_174
right-82,dn7-walmart-amazonr_175
right-83,dn7-walmart-amazonr_176
right-84,dn7-walmart-amazonr_177
right-85,dn7-walmart-amazonr_178
right-86,dn7-walmart-amazonr_180
right-87,dn7-walmart-amazonr_181
right-88,dn7-walmart-amazonr_182
right-89,dn7-walmart-amazonr_183
right-90,dn7-walmart-amazonr_185
right-91,dn7-walmart-amazonr_187
right-92,dn7-walmart-amazonr_188
right-93,dn7-walmart-amazonr_189
right-94,dn7-walmart-amazonr_190
right-95,dn7-walmart-amazonr_191
right-96,dn7-walmart-amazonr_195
right-97,dn7-walmart-amazonr_196
right-98,dn7-walmart-amazonr_199
right-99,dn7-walmart-amazonr_200
right-100,dn7-walmart-amazonr_203
right-101,dn7-walmart-amazonr_204
right-102,dn7-walmart-amazonr_206
right-103,dn7-walmart-amazonr_207
right-104,dn7-walmart-amazonr_209
right-105,dn7-walmart-amazonr_210
right-106,dn7-walmart-amazonr_211
right-107,dn7-walmart-amazonr_213
right-108,dn7-walmart-amazonr_214
right-109,dn7-walmart-amazonr_218
right-110,dn7-walmart-amazonr_219
right-111,dn7-walmart-amazonr_224
right-112,dn7-walmart-amazonr_227
right-113,dn7-walmart-amazonr_230
right-114,dn7-walmart-amazonr_232
right-115,dn7-walmart-amazonr_233
right-116,dn7-walmart-amazonr_234
right-117,dn7-walmart-amazonr_235
right-118,dn7-walmart-amazonr_241
right-119,dn7-walmart-amazonr_242
right-120,dn7-walmart-amazonr_245
right-121,dn7-walmart-amazonr_246
right-122,dn7-walmart-amazonr_250
right-123,dn7-walmart-amazonr_251
right-124,dn7-walmart-amazonr_256
right-125,dn7-walmart-amazonr_260
right-126,dn7-walmart-amazonr_265
right-127,dn7-walmart-amazonr_267
right-128,dn7-walmart-amazonr_269
right-129,dn7-walmart-amazonr_273
right-130,dn7-walmart-amazonr_281
right-131,dn7-walmart-amazonr_283
right-132,dn7-walmart-amazonr_286
right-133,dn7-walmart-amazonr_287
right-134,dn7-walmart-amazonr_289
right-135,dn7-walmart-amazonr_293
right-136,dn7-walmart-amazonr_297
right-137,dn7-walmart-amazonr_298
right-138,dn7-walmart-amazonr_299
right-139,dn7-walmart-amazonr_300
right-140,dn7-walmart-amazonr_302
right-141,dn7-walmart-amazonr_306
right-142,dn7-walmart-amazonr_307
right-143,dn7-walmart-amazonr_320
right-144,dn7-walmart-amazonr_322
right-145,dn7-walmart-amazonr_326
right-146,dn7-walmart-amazonr_331
right-147,dn7-walmart-amazonr_332
right-148,dn7-walmart-amazonr_333
right-149,dn7-walmart-amazonr_334
right-150,dn7-walmart-amazonr_335
right-151,dn7-walmart-amazonr_337
right-152,dn7-walmart-amazonr_338
right-153,dn7-walmart-amazonr_341
right-154,dn7-walmart-amazonr_347
right-155,dn7-walmart-amazonr_349
right-156,dn7-walmart-amazonr_350
right-157,dn7-walmart-amazonr_351
right-158,dn7-walmart-amazonr_353
right-159,dn7-walmart-amazonr_354
right-160,dn7-walmart-amazonr_355
right-161,dn7-walmart-amazonr_356
right-162,dn7-walmart-amazonr_357
right-163,dn7-walmart-amazonr_361
right-164,dn7-walmart-amazonr_362
right-165,dn7-walmart-amazonr_364
right-166,dn7-walmart-amazonr_367
right-167,dn7-walmart-amazonr_368
right-168,dn7-walmart-amazonr_370
right-169,dn7-walmart-amazonr_371
right-170,dn7-walmart-amazonr_372
right-171,dn7-walmart-amazonr_373
right-172,dn7-walmart-amazonr_376
right-173,dn7-walmart-amazonr_379
right-174,dn7-walmart-amazonr_381
right-175,dn7-walmart-amazonr_382
right-176,dn7-walmart-amazonr_384
right-177,dn7-walmart-amazonr_387
right-178,dn7-walmart-amazonr_390
right-179,dn7-walmart-amazonr_391
right-180,dn7-walmart-amazonr_392
right-181,dn7-walmart-amazonr_394
right-182,dn7-walmart-amazonr_396
right-183,dn7-walmart-amazonr_400
right-184,dn7-walmart-amazonr_401
right-185,dn7-walmart-amazonr_402
right-186,dn7-walmart-amazonr_403
right-187,dn7-walmart-amazonr_404
right-188,dn7-walmart-amazonr_408
right-189,dn7-walmart-amazonr_409
right-190,dn7-walmart-amazonr_411
right-191,dn7-walmart-amazonr_412
right-192,dn7-walmart-amazonr_414
right-193,dn7-walmart-amazonr_419
right-194,dn7-walmart-amazonr_428
right-195,dn7-walmart-amazonr_430
right-196,dn7-walmart-amazonr_431
right-197,dn7-walmart-amazonr_432
right-198,dn7-walmart-amazonr_433
right-199,dn7-walmart-amazonr_434
right-200,dn7-walmart-amazonr_438
right-201,dn7-walmart-amazonr_441
right-202,dn7-walmart-amazonr_442
right-203,dn7-walmart-amazonr_443
right-204,dn7-walmart-amazonr_445
right-205,dn7-walmart-amazonr_447
right-206,dn7-walmart-amazonr_448
right-207,dn7-walmart-amazonr_451
right-208,dn7-walmart-amazonr_452
right-209,dn7-walmart-amazonr_453
right-210,dn7-walmart-amazonr_454
right-211,dn7-walmart-amazonr_459
right-212,dn7-walmart-amazonr_460
right-213,dn7-walmart-amazonr_464
right-214,dn7-walmart-amazonr_465
right-215,dn7-walmart-amazonr_467
right-216,dn7-walmart-amazonr_468
right-217,dn7-walmart-amazonr_469
right-218,dn7-walmart-amazonr_473
right-219,dn7-walmart-amazonr_474
right-220,dn7-walmart-amazonr_476
right-221,dn7-walmart-amazonr_478
right-222,dn7-walmart-amazonr_479
right-223,dn7-walmart-amazonr_480
right-224,dn7-walmart-amazonr_481
right-225,dn7-walmart-amazonr_482
right-226,dn7-walmart-amazonr_484
right-227,dn7-walmart-amazonr_486
right-228,dn7-walmart-amazonr_487
right-229,dn7-walmart-amazonr_488
right-230,dn7-walmart-amazonr_490
right-231,dn7-walmart-amazonr_496
right-232,dn7-walmart-amazonr_497
right-233,dn7-walmart-amazonr_498
right-234,dn7-walmart-amazonr_500
right-235,dn7-walmart-amazonr_501
right-236,dn7-walmart-amazonr_505
right-237,dn7-walmart-amazonr_510
right-238,dn7-walmart-amazonr_511
right-239,dn7-walmart-amazonr_514
right-240,dn7-walmart-amazonr_515
right-241,dn7-walmart-amazonr_516
right-242,dn7-walmart-amazonr_517
right-243,dn7-walmart-amazonr_518
right-244,dn7-walmart-amazonr_519
right-245,dn7-walmart-amazonr_521
right-246,dn7-walmart-amazonr_526
right-247,dn7-walmart-amazonr_528
right-248,dn7-walmart-amazonr_530
right-249,dn7-walmart-amazonr_536
right-250,dn7-walmart-amazonr_537
right-251,dn7-walmart-amazonr_538
right-252,dn7-walmart-amazonr_539
right-253,dn7-walmart-amazonr_540
right-254,dn7-walmart-amazonr_542
right-255,dn7-walmart-amazonr_543
right-256,dn7-walmart-amazonr_547
right-257,dn7-walmart-amazonr_548
right-258,dn7-walmart-amazonr_549
right-259,dn7-walmart-amazonr_550
right-260,dn7-walmart-amazonr_551
right-261,dn7-walmart-amazonr_554
right-262,dn7-walmart-amazonr_555
right-263,dn7-walmart-amazonr_556
right-264,dn7-walmart-amazonr_558
right-265,dn7-walmart-amazonr_559
right-266,dn7-walmart-amazonr_560
right-267,dn7-walmart-amazonr_564
right-268,dn7-walmart-amazonr_565
right-269,dn7-walmart-amazonr_567
right-270,dn7-walmart-amazonr_568
right-271,dn7-walmart-amazonr_569
right-272,dn7-walmart-amazonr_576
right-273,dn7-walmart-amazonr_577
right-274,dn7-walmart-amazonr_579
right-275,dn7-walmart-amazonr_580
right-276,dn7-walmart-amazonr_581
right-277,dn7-walmart-amazonr_582
right-278,dn7-walmart-amazonr_588
right-279,dn7-walmart-amazonr_590
right-280,dn7-walmart-amazonr_591
right-281,dn7-walmart-amazonr_595
right-282,dn7-walmart-amazonr_596
right-283,dn7-walmart-amazonr_600
right-284,dn7-walmart-amazonr_601
right-285,dn7-walmart-amazonr_604
right-286,dn7-walmart-amazonr_606
right-287,dn7-walmart-amazonr_611
right-288,dn7-walmart-amazonr_613
right-289,dn7-walmart-amazonr_616
right-290,dn7-walmart-amazonr_618
right-291,dn7-walmart-amazonr_620
right-292,dn7-walmart-amazonr_621
right-293,dn7-walmart-amazonr_622
right-294,dn7-walmart-amazonr_623
right-295,dn7-walmart-amazonr_626
right-296,dn7-walmart-amazonr_627
right-297,dn7-walmart-amazonr_628
right-298,dn7-walmart-amazonr_636
right-299,dn7-walmart-amazonr_637
right-300,dn7-walmart-amazonr_638
right-301,dn7-walmart-amazonr_642
right-302,dn7-walmart-amazonr_643
right-303,dn7-walmart-amazonr_644
right-304,dn7-walmart-amazonr_645
right-305,dn7-walmart-amazonr_646
right-306,dn7-walmart-amazonr_649
right-307,dn7-walmart-amazonr_650
right-308,dn7-walmart-amazonr_652
right-309,dn7-walmart-amazonr_653
right-310,dn7-walmart-amazonr_654
right-311,dn7-walmart-amazonr_655
right-312,dn7-walmart-amazonr_656
right-313,dn7-walmart-amazonr_659
right-314,dn7-walmart-amazonr_660
right-315,dn7-walmart-amazonr_664
right-316,dn7-walmart-amazonr_666
right-317,dn7-walmart-amazonr_668
right-318,dn7-walmart-amazonr_669
right-319,dn7-walmart-amazonr_670
right-320,dn7-walmart-amazonr_671
right-321,dn7-walmart-amazonr_672
right-322,dn7-walmart-amazonr_673
right-323,dn7-walmart-amazonr_674
right-324,dn7-walmart-amazonr_675
right-325,dn7-walmart-amazonr_677
right-326,dn7-walmart-amazonr_678
right-327,dn7-walmart-amazonr_682
right-328,dn7-walmart-amazonr_683
right-329,dn7-walmart-amazonr_684
right-330,dn7-walmart-amazonr_686
right-331,dn7-walmart-amazonr_687
right-332,dn7-walmart-amazonr_688
right-333,dn7-walmart-amazonr_689
right-334,dn7-walmart-amazonr_690
right-335,dn7-walmart-amazonr_691
right-336,dn7-walmart-amazonr_696
right-337,dn7-walmart-amazonr_704
right-338,dn7-walmart-amazonr_705
right-339,dn7-walmart-amazonr_706
right-340,dn7-walmart-amazonr_707
right-341,dn7-walmart-amazonr_716
right-342,dn7-walmart-amazonr_721
right-343,dn7-walmart-amazonr_727
right-344,dn7-walmart-amazonr_728
right-345,dn7-walmart-amazonr_729
right-346,dn7-walmart-amazonr_730
right-347,dn7-walmart-amazonr_731
right-348,dn7-walmart-amazonr_732
right-349,dn7-walmart-amazonr_733
right-350,dn7-walmart-amazonr_734
right-351,dn7-walmart-amazonr_735
right-352,dn7-walmart-amazonr_737
right-353,dn7-walmart-amazonr_738
right-354,dn7-walmart-amazonr_739
right-355,dn7-walmart-amazonr_740
right-356,dn7-walmart-amazonr_743
right-357,dn7-walmart-amazonr_745
right-358,dn7-walmart-amazonr_746
right-359,dn7-walmart-amazonr_747
right-360,dn7-walmart-amazonr_749
right-361,dn7-walmart-amazonr_750
right-362,dn7-walmart-amazonr_751
right-363,dn7-walmart-amazonr_758
right-364,dn7-walmart-amazonr_760
right-365,dn7-walmart-amazonr_763
right-366,dn7-walmart-amazonr_764
right-367,dn7-walmart-amazonr_765
right-368,dn7-walmart-amazonr_768
right-369,dn7-walmart-amazonr_773
right-370,dn7-walmart-amazonr_775
right-371,dn7-walmart-amazonr_776
right-372,dn7-walmart-amazonr_778
right-373,dn7-walmart-amazonr_781
right-374,dn7-walmart-amazonr_783
right-375,dn7-walmart-amazonr_784
right-376,dn7-walmart-amazonr_785
right-377,dn7-walmart-amazonr_788
right-378,dn7-walmart-amazonr_790
right-379,dn7-walmart-amazonr_792
right-380,dn7-walmart-amazonr_793
right-381,dn7-walmart-amazonr_794
right-382,dn7-walmart-amazonr_795
right-383,dn7-walmart-amazonr_796
right-384,dn7-walmart-amazonr_797
right-385,dn7-walmart-amazonr_798
right-386,dn7-walmart-amazonr_799
right-387,dn7-walmart-amazonr_801
right-388,dn7-walmart-amazonr_802
right-389,dn7-walmart-amazonr_803
right-390,dn7-walmart-amazonr_804
right-391,dn7-walmart-amazonr_805
right-392,dn7-walmart-amazonr_809
right-393,dn7-walmart-amazonr_810
right-394,dn7-walmart-amazonr_811
right-395,dn7-walmart-amazonr_813
right-396,dn7-walmart-amazonr_816
right-397,dn7-walmart-amazonr_817
right-398,dn7-walmart-amazonr_818
right-399,dn7-walmart-amazonr_819
right-400,dn7-walmart-amazonr_820
right-401,dn7-walmart-amazonr_823
right-402,dn7-walmart-amazonr_825
right-403,dn7-walmart-amazonr_826
right-404,dn7-walmart-amazonr_828
right-405,dn7-walmart-amazonr_829
right-406,dn7-walmart-amazonr_832
right-407,dn7-walmart-amazonr_834
right-408,dn7-walmart-amazonr_835
right-409,dn7-walmart-amazonr_836
right-410,dn7-walmart-amazonr_837
right-411,dn7-walmart-amazonr_839
right-412,dn7-walmart-amazonr_840
right-413,dn7-walmart-amazonr_842
right-414,dn7-walmart-amazonr_843
right-415,dn7-walmart-amazonr_844
right-416,dn7-walmart-amazonr_845
right-417,dn7-walmart-amazonr_847
right-418,dn7-walmart-amazonr_848
right-419,dn7-walmart-amazonr_851
right-420,dn7-walmart-amazonr_853
right-421,dn7-walmart-amazonr_854
right-422,dn7-walmart-amazonr_856
right-423,dn7-walmart-amazonr_859
right-424,dn7-walmart-amazonr_863
right-425,dn7-walmart-amazonr_872
right-426,dn7-walmart-amazonr_873
right-427,dn7-walmart-amazonr_877
right-428,dn7-walmart-amazonr_878
right-429,dn7-walmart-amazonr_879
right-430,dn7-walmart-amazonr_882
right-431,dn7-walmart-amazonr_884
right-432,dn7-walmart-amazonr_885
right-433,dn7-walmart-amazonr_886
right-434,dn7-walmart-amazonr_890
right-435,dn7-walmart-amazonr_891
right-436,dn7-walmart-amazonr_892
right-437,dn7-walmart-amazonr_893
right-438,dn7-walmart-amazonr_895
right-439,dn7-walmart-amazonr_896
right-440,dn7-walmart-amazonr_902
right-441,dn7-walmart-amazonr_903
right-442,dn7-walmart-amazonr_904
right-443,dn7-walmart-amazonr_905
right-444,dn7-walmart-amazonr_906
right-445,dn7-walmart-amazonr_907
right-446,dn7-walmart-amazonr_908
right-447,dn7-walmart-amazonr_909
right-448,dn7-walmart-amazonr_912
right-449,dn7-walmart-amazonr_913
right-450,dn7-walmart-amazonr_915
right-451,dn7-walmart-amazonr_918
right-452,dn7-walmart-amazonr_919
right-453,dn7-walmart-amazonr_921
right-454,dn7-walmart-amazonr_924
right-455,dn7-walmart-amazonr_925
right-456,dn7-walmart-amazonr_926
right-457,dn7-walmart-amazonr_928
right-458,dn7-walmart-amazonr_929
right-459,dn7-walmart-amazonr_930
right-460,dn7-walmart-amazonr_931
right-461,dn7-walmart-amazonr_932
right-462,dn7-walmart-amazonr_933
right-463,dn7-walmart-amazonr_935
right-464,dn7-walmart-amazonr_936
right-465,dn7-walmart-amazonr_938
right-466,dn7-walmart-amazonr_939
right-467,dn7-walmart-amazonr_940
right-468,dn7-walmart-amazonr_943
right-469,dn7-walmart-amazonr_944
right-470,dn7-walmart-amazonr_946
right-471,dn7-walmart-amazonr_947
right-472,dn7-walmart-amazonr_949
right-473,dn7-walmart-amazonr_951
right-474,dn7-walmart-amazonr_955
right-475,dn7-walmart-amazonr_957
right-476,dn7-walmart-amazonr_959
right-477,dn7-walmart-amazonr_960
right-478,dn7-walmart-amazonr_961
right-479,dn7-walmart-amazonr_964
right-480,dn7-walmart-amazonr_965
right-481,dn7-walmart-amazonr_966
right-482,dn7-walmart-amazonr_968
right-483,dn7-walmart-amazonr_969
right-484,dn7-walmart-amazonr_970
right-485,dn7-walmart-amazonr_971
right-486,dn7-walmart-amazonr_972
right-487,dn7-walmart-amazonr_974
right-488,dn7-walmart-amazonr_976
right-489,dn7-walmart-amazonr_977
right-490,dn7-walmart-amazonr_979
right-491,dn7-walmart-amazonr_980
right-492,dn7-walmart-amazonr_981
right-493,dn7-walmart-amazonr_983
right-494,dn7-walmart-amazonr_984
right-495,dn7-walmart-amazonr_985
right-496,dn7-walmart-amazonr_986
right-497,dn7-walmart-amazonr_990
right-498,dn7-walmart-amazonr_991
right-499,dn7-walmart-amazonr_994
right-500,dn7-walmart-amazonr_998
right-501,dn7-walmart-amazonr_999
right-502,dn7-walmart-amazonr_1000
right-503,dn7-walmart-amazonr_1001
right-504,dn7-walmart-amazonr_1002
right-505,dn7-walmart-amazonr_1003
right-506,dn7-walmart-amazonr_1004
right-507,dn7-walmart-amazonr_1005
right-508,dn7-walmart-amazonr_1008
right-509,dn7-walmart-amazonr_1009
right-510,dn7-walmart-amazonr_1015
right-511,dn7-walmart-amazonr_1019
right-512,dn7-walmart-amazonr_1022
right-513,dn7-walmart-amazonr_1023
right-514,dn7-walmart-amazonr_1024
right-515,dn7-walmart-amazonr_1025
right-516,dn7-walmart-amazonr_1027
right-517,dn7-walmart-amazonr_1030
right-518,dn7-walmart-amazonr_1031
right-519,dn7-walmart-amazonr_1032
right-520,dn7-walmart-amazonr_1033
right-521,dn7-walmart-amazonr_1035
right-522,dn7-walmart-amazonr_1038
right-523,dn7-walmart-amazonr_1041
right-524,dn7-walmart-amazonr_1043
right-525,dn7-walmart-amazonr_1045
right-526,dn7-walmart-amazonr_1047
right-527,dn7-walmart-amazonr_1048
right-528,dn7-walmart-amazonr_1051
right-529,dn7-walmart-amazonr_1053
right-530,dn7-walmart-amazonr_1054
right-531,dn7-walmart-amazonr_1055
right-532,dn7-walmart-amazonr_1060
right-533,dn7-walmart-amazonr_1064
right-534,dn7-walmart-amazonr_1065
right-535,dn7-walmart-amazonr_1066
right-536,dn7-walmart-amazonr_1072
right-537,dn7-walmart-amazonr_1076
right-538,dn7-walmart-amazonr_1078
right-539,dn7-walmart-amazonr_1079
right-540,dn7-walmart-amazonr_1080
right-541,dn7-walmart-amazonr_1086
right-542,dn7-walmart-amazonr_1087
right-543,dn7-walmart-amazonr_1088
right-544,dn7-walmart-amazonr_1089
right-545,dn7-walmart-amazonr_1090
right-546,dn7-walmart-amazonr_1091
right-547,dn7-walmart-amazonr_1092
right-548,dn7-walmart-amazonr_1094
right-549,dn7-walmart-amazonr_1096
right-550,dn7-walmart-amazonr_1097
right-551,dn7-walmart-amazonr_1099
right-552,dn7-walmart-amazonr_1100
right-553,dn7-walmart-amazonr_1101
right-554,dn7-walmart-amazonr_1102
right-555,dn7-walmart-amazonr_1105
right-556,dn7-walmart-amazonr_1107
right-557,dn7-walmart-amazonr_1111
right-558,dn7-walmart-amazonr_1113
right-559,dn7-walmart-amazonr_1115
right-560,dn7-walmart-amazonr_1117
right-561,dn7-walmart-amazonr_1118
right-562,dn7-walmart-amazonr_1119
right-563,dn7-walmart-amazonr_1120
right-564,dn7-walmart-amazonr_1122
right-565,dn7-walmart-amazonr_1123
right-566,dn7-walmart-amazonr_1124
right-567,dn7-walmart-amazonr_1130
right-568,dn7-walmart-amazonr_1131
right-569,dn7-walmart-amazonr_1134
right-570,dn7-walmart-amazonr_1135
right-571,dn7-walmart-amazonr_1138
right-572,dn7-walmart-amazonr_1139
right-573,dn7-walmart-amazonr_1140
right-574,dn7-walmart-amazonr_1141
right-575,dn7-walmart-amazonr_1142
right-576,dn7-walmart-amazonr_1143
right-577,dn7-walmart-amazonr_1144
right-578,dn7-walmart-amazonr_1145
right-579,dn7-walmart-amazonr_1149
right-580,dn7-walmart-amazonr_1150
right-581,dn7-walmart-amazonr_1152
right-582,dn7-walmart-amazonr_1157
right-583,dn7-walmart-amazonr_1158
right-584,dn7-walmart-amazonr_1159
right-585,dn7-walmart-amazonr_1161
right-586,dn7-walmart-amazonr_1162
right-587,dn7-walmart-amazonr_1163
right-588,dn7-walmart-amazonr_1166
right-589,dn7-walmart-amazonr_1167
right-590,dn7-walmart-amazonr_1168
right-591,dn7-walmart-amazonr_1171
right-592,dn7-walmart-amazonr_1172
right-593,dn7-walmart-amazonr_1173
right-594,dn7-walmart-amazonr_1174
right-595,dn7-walmart-amazonr_1177
right-596,dn7-walmart-amazonr_1178
right-597,dn7-walmart-amazonr_1184
right-598,dn7-walmart-amazonr_1185
right-599,dn7-walmart-amazonr_1186
right-600,dn7-walmart-amazonr_1187
right-601,dn7-walmart-amazonr_1188
right-602,dn7-walmart-amazonr_1189
right-603,dn7-walmart-amazonr_1190
right-604,dn7-walmart-amazonr_1193
right-605,dn7-walmart-amazonr_1195
right-606,dn7-walmart-amazonr_1196
right-607,dn7-walmart-amazonr_1198
right-608,dn7-walmart-amazonr_1199
right-609,dn7-walmart-amazonr_1202
right-610,dn7-walmart-amazonr_1203
right-611,dn7-walmart-amazonr_1205
right-612,dn7-walmart-amazonr_1207
right-613,dn7-walmart-amazonr_1209
right-614,dn7-walmart-amazonr_1210
right-615,dn7-walmart-amazonr_1212
right-616,dn7-walmart-amazonr_1214
right-617,dn7-walmart-amazonr_1216
right-618,dn7-walmart-amazonr_1221
right-619,dn7-walmart-amazonr_1222
right-620,dn7-walmart-amazonr_1225
right-621,dn7-walmart-amazonr_1226
right-622,dn7-walmart-amazonr_1229
right-623,dn7-walmart-amazonr_1231
right-624,dn7-walmart-amazonr_1234
right-625,dn7-walmart-amazonr_1237
right-626,dn7-walmart-amazonr_1240
right-627,dn7-walmart-amazonr_1243
right-628,dn7-walmart-amazonr_1244
right-629,dn7-walmart-amazonr_1248
right-630,dn7-walmart-amazonr_1249
right-631,dn7-walmart-amazonr_1251
right-632,dn7-walmart-amazonr_1254
right-633,dn7-walmart-amazonr_1255
right-634,dn7-walmart-amazonr_1256
right-635,dn7-walmart-amazonr_1257
right-636,dn7-walmart-amazonr_1258
right-637,dn7-walmart-amazonr_1261
right-638,dn7-walmart-amazonr_1262
right-639,dn7-walmart-amazonr_1263
right-640,dn7-walmart-amazonr_1264
right-641,dn7-walmart-amazonr_1266
right-642,dn7-walmart-amazonr_1268
right-643,dn7-walmart-amazonr_1270
right-644,dn7-walmart-amazonr_1271
right-645,dn7-walmart-amazonr_1273
right-646,dn7-walmart-amazonr_1275
right-647,dn7-walmart-amazonr_1276
right-648,dn7-walmart-amazonr_1278
right-649,dn7-walmart-amazonr_1280
right-650,dn7-walmart-amazonr_1282
right-651,dn7-walmart-amazonr_1284
right-652,dn7-walmart-amazonr_1289
right-653,dn7-walmart-amazonr_1290
right-654,dn7-walmart-amazonr_1298
right-655,dn7-walmart-amazonr_1300
right-656,dn7-walmart-amazonr_1301
right-657,dn7-walmart-amazonr_1303
right-658,dn7-walmart-amazonr_1305
right-659,dn7-walmart-amazonr_1306
right-660,dn7-walmart-amazonr_1308
right-661,dn7-walmart-amazonr_1309
right-662,dn7-walmart-amazonr_1310
right-663,dn7-walmart-amazonr_1313
right-664,dn7-walmart-amazonr_1315
right-665,dn7-walmart-amazonr_1319
right-666,dn7-walmart-amazonr_1321
right-667,dn7-walmart-amazonr_1324
right-668,dn7-walmart-amazonr_1327
right-669,dn7-walmart-amazonr_1329
right-670,dn7-walmart-amazonr_1330
right-671,dn7-walmart-amazonr_1332
right-672,dn7-walmart-amazonr_1333
right-673,dn7-walmart-amazonr_1337
right-674,dn7-walmart-amazonr_1338
right-675,dn7-walmart-amazonr_1339
right-676,dn7-walmart-amazonr_1341
right-677,dn7-walmart-amazonr_1342
right-678,dn7-walmart-amazonr_1343
right-679,dn7-walmart-amazonr_1344
right-680,dn7-walmart-amazonr_1345
right-681,dn7-walmart-amazonr_1348
right-682,dn7-walmart-amazonr_1352
right-683,dn7-walmart-amazonr_1355
right-684,dn7-walmart-amazonr_1356
right-685,dn7-walmart-amazonr_1358
right-686,dn7-walmart-amazonr_1360
right-687,dn7-walmart-amazonr_1361
right-688,dn7-walmart-amazonr_1363
right-689,dn7-walmart-amazonr_1364
right-690,dn7-walmart-amazonr_1366
right-691,dn7-walmart-amazonr_1367
right-692,dn7-walmart-amazonr_1368
right-693,dn7-walmart-amazonr_1375
right-694,dn7-walmart-amazonr_1377
right-695,dn7-walmart-amazonr_1378
right-696,dn7-walmart-amazonr_1382
right-697,dn7-walmart-amazonr_1384
right-698,dn7-walmart-amazonr_1388
right-699,dn7-walmart-amazonr_1397
right-700,dn7-walmart-amazonr_1401
right-701,dn7-walmart-amazonr_1402
right-702,dn7-walmart-amazonr_1403
right-703,dn7-walmart-amazonr_1409
right-704,dn7-walmart-amazonr_1410
right-705,dn7-walmart-amazonr_1417
right-706,dn7-walmart-amazonr_1418
right-707,dn7-walmart-amazonr_1420
right-708,dn7-walmart-amazonr_1422
right-709,dn7-walmart-amazonr_1423
right-710,dn7-walmart-amazonr_1424
right-711,dn7-walmart-amazonr_1426
right-712,dn7-walmart-amazonr_1427
right-713,dn7-walmart-amazonr_1431
right-714,dn7-walmart-amazonr_1436
right-715,dn7-walmart-amazonr_1437
right-716,dn7-walmart-amazonr_1438
right-717,dn7-walmart-amazonr_1439
right-718,dn7-walmart-amazonr_1440
right-719,dn7-walmart-amazonr_1441
right-720,dn7-walmart-amazonr_1442
right-721,dn7-walmart-amazonr_1444
right-722,dn7-walmart-amazonr_1445
right-723,dn7-walmart-amazonr_1447
right-724,dn7-walmart-amazonr_1448
right-725,dn7-walmart-amazonr_1451
right-726,dn7-walmart-amazonr_1453
right-727,dn7-walmart-amazonr_1457
right-728,dn7-walmart-amazonr_1458
right-729,dn7-walmart-amazonr_1461
right-730,dn7-walmart-amazonr_1462
right-731,dn7-walmart-amazonr_1463
right-732,dn7-walmart-amazonr_1464
right-733,dn7-walmart-amazonr_1465
right-734,dn7-walmart-amazonr_1468
right-735,dn7-walmart-amazonr_1469
right-736,dn7-walmart-amazonr_1470
right-737,dn7-walmart-amazonr_1471
right-738,dn7-walmart-amazonr_1473
right-739,dn7-walmart-amazonr_1474
right-740,dn7-walmart-amazonr_1475
right-741,dn7-walmart-amazonr_1476
right-742,dn7-walmart-amazonr_1477
right-743,dn7-walmart-amazonr_1478
right-744,dn7-walmart-amazonr_1479
right-745,dn7-walmart-amazonr_1480
right-746,dn7-walmart-amazonr_1485
right-747,dn7-walmart-amazonr_1488
right-748,dn7-walmart-amazonr_1489
right-749,dn7-walmart-amazonr_1493
right-750,dn7-walmart-amazonr_1497
right-751,dn7-walmart-amazonr_1498
right-752,dn7-walmart-amazonr_1499
right-753,dn7-walmart-amazonr_1500
right-754,dn7-walmart-amazonr_1502
right-755,dn7-walmart-amazonr_1503
right-756,dn7-walmart-amazonr_1505
right-757,dn7-walmart-amazonr_1507
right-758,dn7-walmart-amazonr_1508
right-759,dn7-walmart-amazonr_1512
right-760,dn7-walmart-amazonr_1518
right-761,dn7-walmart-amazonr_1521
right-762,dn7-walmart-amazonr_1522
right-763,dn7-walmart-amazonr_1523
right-764,dn7-walmart-amazonr_1524
right-765,dn7-walmart-amazonr_1525
right-766,dn7-walmart-amazonr_1526
right-767,dn7-walmart-amazonr_1527
right-768,dn7-walmart-amazonr_1528
right-769,dn7-walmart-amazonr_1532
right-770,dn7-walmart-amazonr_1533
right-771,dn7-walmart-amazonr_1534
right-772,dn7-walmart-amazonr_1535
right-773,dn7-walmart-amazonr_1536
right-774,dn7-walmart-amazonr_1537
right-775,dn7-walmart-amazonr_1539
right-776,dn7-walmart-amazonr_1541
right-777,dn7-walmart-amazonr_1547
right-778,dn7-walmart-amazonr_1548
right-779,dn7-walmart-amazonr_1552
right-780,dn7-walmart-amazonr_1553
right-781,dn7-walmart-amazonr_1560
right-782,dn7-walmart-amazonr_1561
right-783,dn7-walmart-amazonr_1562
right-784,dn7-walmart-amazonr_1563
right-785,dn7-walmart-amazonr_1564
right-786,dn7-walmart-amazonr_1566
right-787,dn7-walmart-amazonr_1567
right-788,dn7-walmart-amazonr_1568
right-789,dn7-walmart-amazonr_1569
right-790,dn7-walmart-amazonr_1571
right-791,dn7-walmart-amazonr_1576
right-792,dn7-walmart-amazonr_1578
right-793,dn7-walmart-amazonr_1579
right-794,dn7-walmart-amazonr_1581
right-795,dn7-walmart-amazonr_1583
right-796,dn7-walmart-amazonr_1585
right-797,dn7-walmart-amazonr_1586
right-798,dn7-walmart-amazonr_1590
right-799,dn7-walmart-amazonr_1591
right-800,dn7-walmart-amazonr_1592
right-801,dn7-walmart-amazonr_1593
right-802,dn7-walmart-amazonr_1594
right-803,dn7-walmart-amazonr_1595
right-804,dn7-walmart-amazonr_1600
right-805,dn7-walmart-amazonr_1603
right-806,dn7-walmart-amazonr_1604
right-807,dn7-walmart-amazonr_1605
right-808,dn7-walmart-amazonr_1606
right-809,dn7-walmart-amazonr_1607
right-810,dn7-walmart-amazonr_1612
right-811,dn7-walmart-amazonr_1615
right-812,dn7-walmart-amazonr_1616
right-813,dn7-walmart-amazonr_1618
right-814,dn7-walmart-amazonr_1619
right-815,dn7-walmart-amazonr_1621
right-816,dn7-walmart-amazonr_1622
right-817,dn7-walmart-amazonr_1624
right-818,dn7-walmart-amazonr_1626
right-819,dn7-walmart-amazonr_1628
right-820,dn7-walmart-amazonr_1631
right-821,dn7-walmart-amazonr_1632
right-822,dn7-walmart-amazonr_1634
right-823,dn7-walmart-amazonr_1635
right-824,dn7-walmart-amazonr_1638
right-825,dn7-walmart-amazonr_1639
right-826,dn7-walmart-amazonr_1644
right-827,dn7-walmart-amazonr_1645
right-828,dn7-walmart-amazonr_1646
right-829,dn7-walmart-amazonr_1647
right-830,dn7-walmart-amazonr_1648
right-831,dn7-walmart-amazonr_1649
right-832,dn7-walmart-amazonr_1652
right-833,dn7-walmart-amazonr_1653
right-834,dn7-walmart-amazonr_1655
right-835,dn7-walmart-amazonr_1656
right-836,dn7-walmart-amazonr_1657
right-837,dn7-walmart-amazonr_1658
right-838,dn7-walmart-amazonr_1659
right-839,dn7-walmart-amazonr_1660
right-840,dn7-walmart-amazonr_1663
right-841,dn7-walmart-amazonr_1666
right-842,dn7-walmart-amazonr_1668
right-843,dn7-walmart-amazonr_1669
right-844,dn7-walmart-amazonr_1670
right-845,dn7-walmart-amazonr_1671
right-846,dn7-walmart-amazonr_1672
right-847,dn7-walmart-amazonr_1673
right-848,dn7-walmart-amazonr_1674
right-849,dn7-walmart-amazonr_1677
right-850,dn7-walmart-amazonr_1679
right-851,dn7-walmart-amazonr_1680
right-852,dn7-walmart-amazonr_1681
right-853,dn7-walmart-amazonr_1682
right-854,dn7-walmart-amazonr_1683
right-855,dn7-walmart-amazonr_1684
right-856,dn7-walmart-amazonr_1686
right-857,dn7-walmart-amazonr_1687
right-858,dn7-walmart-amazonr_1688
right-859,dn7-walmart-amazonr_1689
right-860,dn7-walmart-amazonr_1690
right-861,dn7-walmart-amazonr_1691
right-862,dn7-walmart-amazonr_1696
right-863,dn7-walmart-amazonr_1697
right-864,dn7-walmart-amazonr_1698
right-865,dn7-walmart-amazonr_1699
right-866,dn7-walmart-amazonr_1706
right-867,dn7-walmart-amazonr_1708
right-868,dn7-walmart-amazonr_1709
right-869,dn7-walmart-amazonr_1710
right-870,dn7-walmart-amazonr_1713
right-871,dn7-walmart-amazonr_1714
right-872,dn7-walmart-amazonr_1715
right-873,dn7-walmart-amazonr_1718
right-874,dn7-walmart-amazonr_1722
right-875,dn7-walmart-amazonr_1723
right-876,dn7-walmart-amazonr_1726
right-877,dn7-walmart-amazonr_1727
right-878,dn7-walmart-amazonr_1730
right-879,dn7-walmart-amazonr_1734
right-880,dn7-walmart-amazonr_1735
right-881,dn7-walmart-amazonr_1739
right-882,dn7-walmart-amazonr_1742
right-883,dn7-walmart-amazonr_1743
right-884,dn7-walmart-amazonr_1744
right-885,dn7-walmart-amazonr_1745
right-886,dn7-walmart-amazonr_1748
right-887,dn7-walmart-amazonr_1749
right-888,dn7-walmart-amazonr_1750
right-889,dn7-walmart-amazonr_1751
right-890,dn7-walmart-amazonr_1752
right-891,dn7-walmart-amazonr_1755
right-892,dn7-walmart-amazonr_1766
right-893,dn7-walmart-amazonr_1769
right-894,dn7-walmart-amazonr_1770
right-895,dn7-walmart-amazonr_1771
right-896,dn7-walmart-amazonr_1776
right-897,dn7-walmart-amazonr_1780
right-898,dn7-walmart-amazonr_1781
right-899,dn7-walmart-amazonr_1782
right-900,dn7-walmart-amazonr_1783
right-901,dn7-walmart-amazonr_1784
right-902,dn7-walmart-amazonr_1785
right-903,dn7-walmart-amazonr_1789
right-904,dn7-walmart-amazonr_1790
right-905,dn7-walmart-amazonr_1792
right-906,dn7-walmart-amazonr_1795
right-907,dn7-walmart-amazonr_1796
right-908,dn7-walmart-amazonr_1797
right-909,dn7-walmart-amazonr_1798
right-910,dn7-walmart-amazonr_1799
right-911,dn7-walmart-amazonr_1802
right-912,dn7-walmart-amazonr_1803
right-913,dn7-walmart-amazonr_1804
right-914,dn7-walmart-amazonr_1805
right-915,dn7-walmart-amazonr_1806
right-916,dn7-walmart-amazonr_1813
right-917,dn7-walmart-amazonr_1814
right-918,dn7-walmart-amazonr_1815
right-919,dn7-walmart-amazonr_1829
right-920,dn7-walmart-amazonr_1831
right-921,dn7-walmart-amazonr_1832
right-922,dn7-walmart-amazonr_1838
right-923,dn7-walmart-amazonr_1839
right-924,dn7-walmart-amazonr_1840
right-925,dn7-walmart-amazonr_1841
right-926,dn7-walmart-amazonr_1842
right-927,dn7-walmart-amazonr_1844
right-928,dn7-walmart-amazonr_1845
right-929,dn7-walmart-amazonr_1847
right-930,dn7-walmart-amazonr_1850
right-931,dn7-walmart-amazonr_1858
right-932,dn7-walmart-amazonr_1861
right-933,dn7-walmart-amazonr_1862
right-934,dn7-walmart-amazonr_1863
right-935,dn7-walmart-amazonr_1864
right-936,dn7-walmart-amazonr_1865
right-937,dn7-walmart-amazonr_1870
right-938,dn7-walmart-amazonr_1871
right-939,dn7-walmart-amazonr_1873
right-940,dn7-walmart-amazonr_1875
right-941,dn7-walmart-amazonr_1876
right-942,dn7-walmart-amazonr_1880
right-943,dn7-walmart-amazonr_1881
right-944,dn7-walmart-amazonr_1886
right-945,dn7-walmart-amazonr_1889
right-946,dn7-walmart-amazonr_1893
right-947,dn7-walmart-amazonr_1895
right-948,dn7-walmart-amazonr_1897
right-949,dn7-walmart-amazonr_1898
right-950,dn7-walmart-amazonr_1899
right-951,dn7-walmart-amazonr_1900
right-952,dn7-walmart-amazonr_1903
right-953,dn7-walmart-amazonr_1904
right-954,dn7-walmart-amazonr_1905
right-955,dn7-walmart-amazonr_1906
right-956,dn7-walmart-amazonr_1907
right-957,dn7-walmart-amazonr_1909
right-958,dn7-walmart-amazonr_1915
right-959,dn7-walmart-amazonr_1916
right-960,dn7-walmart-amazonr_1919
right-961,dn7-walmart-amazonr_1923
right-962,dn7-walmart-amazonr_1926
right-963,dn7-walmart-amazonr_1927
right-964,dn7-walmart-amazonr_1928
right-965,dn7-walmart-amazonr_1929
right-966,dn7-walmart-amazonr_1932
right-967,dn7-walmart-amazonr_1933
right-968,dn7-walmart-amazonr_1934
right-969,dn7-walmart-amazonr_1937
right-970,dn7-walmart-amazonr_1941
right-971,dn7-walmart-amazonr_1952
right-972,dn7-walmart-amazonr_1955
right-973,dn7-walmart-amazonr_1957
right-974,dn7-walmart-amazonr_1959
right-975,dn7-walmart-amazonr_1960
right-976,dn7-walmart-amazonr_1963
right-977,dn7-walmart-amazonr_1965
right-978,dn7-walmart-amazonr_1966
right-979,dn7-walmart-amazonr_1967
right-980,dn7-walmart-amazonr_1968
right-981,dn7-walmart-amazonr_1969
right-982,dn7-walmart-amazonr_1970
right-983,dn7-walmart-amazonr_1975
right-984,dn7-walmart-amazonr_1976
right-985,dn7-walmart-amazonr_1977
right-986,dn7-walmart-amazonr_1978
right-987,dn7-walmart-amazonr_1980
right-988,dn7-walmart-amazonr_1982
right-989,dn7-walmart-amazonr_1986
right-990,dn7-walmart-amazonr_1990
right-991,dn7-walmart-amazonr_1991
right-992,dn7-walmart-amazonr_1992
right-993,dn7-walmart-amazonr_1993
right-994,dn7-walmart-amazonr_1999
right-995,dn7-walmart-amazonr_2000
right-996,dn7-walmart-amazonr_2001
right-997,dn7-walmart-amazonr_2002
right-998,dn7-walmart-amazonr_2003
right-999,dn7-walmart-amazonr_2004
right-1000,dn7-walmart-amazonr_2009
right-1001,dn7-walmart-amazonr_2010
right-1002,dn7-walmart-amazonr_2013
right-1003,dn7-walmart-amazonr_2014
right-1004,dn7-walmart-amazonr_2015
right-1005,dn7-walmart-amazonr_2016
right-1006,dn7-walmart-amazonr_2017
right-1007,dn7-walmart-amazonr_2019
right-1008,dn7-walmart-amazonr_2021
right-1009,dn7-walmart-amazonr_2022
right-1010,dn7-walmart-amazonr_2024
right-1011,dn7-walmart-amazonr_2025
right-1012,dn7-walmart-amazonr_2026
right-1013,dn7-walmart-amazonr_2027
right-1014,dn7-walmart-amazonr_2034
right-1015,dn7-walmart-amazonr_2035
right-1016,dn7-walmart-amazonr_2036
right-1017,dn7-walmart-amazonr_2037
right-1018,dn7-walmart-amazonr_2038
right-1019,dn7-walmart-amazonr_2043
right-1020,dn7-walmart-amazonr_2046
right-1021,dn7-walmart-amazonr_2053
right-1022,dn7-walmart-amazonr_2057
right-1023,dn7-walmart-amazonr_2059
right-1024,dn7-walmart-amazonr_2063
right-1025,dn7-walmart-amazonr_2065
right-1026,dn7-walmart-amazonr_2067
right-1027,dn7-walmart-amazonr_2068
right-1028,dn7-walmart-amazonr_2070
right-1029,dn7-walmart-amazonr_2072
right-1030,dn7-walmart-amazonr_2073
right-1031,dn7-walmart-amazonr_2074
right-1032,dn7-walmart-amazonr_2075
right-1033,dn7-walmart-amazonr_2077
right-1034,dn7-walmart-amazonr_2079
right-1035,dn7-walmart-amazonr_2081
right-1036,dn7-walmart-amazonr_2083
right-1037,dn7-walmart-amazonr_2084
right-1038,dn7-walmart-amazonr_2085
right-1039,dn7-walmart-amazonr_2090
right-1040,dn7-walmart-amazonr_2091
right-1041,dn7-walmart-amazonr_2093
right-1042,dn7-walmart-amazonr_2098
right-1043,dn7-walmart-amazonr_2099
right-1044,dn7-walmart-amazonr_2103
right-1045,dn7-walmart-amazonr_2104
right-1046,dn7-walmart-amazonr_2105
right-1047,dn7-walmart-amazonr_2107
right-1048,dn7-walmart-amazonr_2109
right-1049,dn7-walmart-amazonr_2110
right-1050,dn7-walmart-amazonr_2115
right-1051,dn7-walmart-amazonr_2119
right-1052,dn7-walmart-amazonr_2123
right-1053,dn7-walmart-amazonr_2124
right-1054,dn7-walmart-amazonr_2126
right-1055,dn7-walmart-amazonr_2127
right-1056,dn7-walmart-amazonr_2129
right-1057,dn7-walmart-amazonr_2131
right-1058,dn7-walmart-amazonr_2133
right-1059,dn7-walmart-amazonr_2137
right-1060,dn7-walmart-amazonr_2138
right-1061,dn7-walmart-amazonr_2139
right-1062,dn7-walmart-amazonr_2140
right-1063,dn7-walmart-amazonr_2141
right-1064,dn7-walmart-amazonr_2143
right-1065,dn7-walmart-amazonr_2145
right-1066,dn7-walmart-amazonr_2146
right-1067,dn7-walmart-amazonr_2147
right-1068,dn7-walmart-amazonr_2151
right-1069,dn7-walmart-amazonr_2152
right-1070,dn7-walmart-amazonr_2155
right-1071,dn7-walmart-amazonr_2157
right-1072,dn7-walmart-amazonr_2158
right-1073,dn7-walmart-amazonr_2162
right-1074,dn7-walmart-amazonr_2166
right-1075,dn7-walmart-amazonr_2167
right-1076,dn7-walmart-amazonr_2171
right-1077,dn7-walmart-amazonr_2176
right-1078,dn7-walmart-amazonr_2191
right-1079,dn7-walmart-amazonr_2195
right-1080,dn7-walmart-amazonr_2196
right-1081,dn7-walmart-amazonr_2201
right-1082,dn7-walmart-amazonr_2202
right-1083,dn7-walmart-amazonr_2203
right-1084,dn7-walmart-amazonr_2204
right-1085,dn7-walmart-amazonr_2205
right-1086,dn7-walmart-amazonr_2206
right-1087,dn7-walmart-amazonr_2208
right-1088,dn7-walmart-amazonr_2210
right-1089,dn7-walmart-amazonr_2211
right-1090,dn7-walmart-amazonr_2212
right-1091,dn7-walmart-amazonr_2213
right-1092,dn7-walmart-amazonr_2216
right-1093,dn7-walmart-amazonr_2221
right-1094,dn7-walmart-amazonr_2222
right-1095,dn7-walmart-amazonr_2223
right-1096,dn7-walmart-amazonr_2224
right-1097,dn7-walmart-amazonr_2226
right-1098,dn7-walmart-amazonr_2228
right-1099,dn7-walmart-amazonr_2229
right-1100,dn7-walmart-amazonr_2230
right-1101,dn7-walmart-amazonr_2231
right-1102,dn7-walmart-amazonr_2234
right-1103,dn7-walmart-amazonr_2236
right-1104,dn7-walmart-amazonr_2240
right-1105,dn7-walmart-amazonr_2241
right-1106,dn7-walmart-amazonr_2242
right-1107,dn7-walmart-amazonr_2244
right-1108,dn7-walmart-amazonr_2247
right-1109,dn7-walmart-amazonr_2252
right-1110,dn7-walmart-amazonr_2253
right-1111,dn7-walmart-amazonr_2256
right-1112,dn7-walmart-amazonr_2259
right-1113,dn7-walmart-amazonr_2261
right-1114,dn7-walmart-amazonr_2263
right-1115,dn7-walmart-amazonr_2264
right-1116,dn7-walmart-amazonr_2265
right-1117,dn7-walmart-amazonr_2269
right-1118,dn7-walmart-amazonr_2271
right-1119,dn7-walmart-amazonr_2276
right-1120,dn7-walmart-amazonr_2277
right-1121,dn7-walmart-amazonr_2279
right-1122,dn7-walmart-amazonr_2280
right-1123,dn7-walmart-amazonr_2284
right-1124,dn7-walmart-amazonr_2286
right-1125,dn7-walmart-amazonr_2290
right-1126,dn7-walmart-amazonr_2291
right-1127,dn7-walmart-amazonr_2294
right-1128,dn7-walmart-amazonr_2295
right-1129,dn7-walmart-amazonr_2299
right-1130,dn7-walmart-amazonr_2300
right-1131,dn7-walmart-amazonr_2302
right-1132,dn7-walmart-amazonr_2304
right-1133,dn7-walmart-amazonr_2306
right-1134,dn7-walmart-amazonr_2308
right-1135,dn7-walmart-amazonr_2309
right-1136,dn7-walmart-amazonr_2310
right-1137,dn7-walmart-amazonr_2312
right-1138,dn7-walmart-amazonr_2313
right-1139,dn7-walmart-amazonr_2315
right-1140,dn7-walmart-amazonr_2317
right-1141,dn7-walmart-amazonr_2318
right-1142,dn7-walmart-amazonr_2319
right-1143,dn7-walmart-amazonr_2320
right-1144,dn7-walmart-amazonr_2322
right-1145,dn7-walmart-amazonr_2324
right-1146,dn7-walmart-amazonr_2326
right-1147,dn7-walmart-amazonr_2327
right-1148,dn7-walmart-amazonr_2336
right-1149,dn7-walmart-amazonr_2338
right-1150,dn7-walmart-amazonr_2340
right-1151,dn7-walmart-amazonr_2341
right-1152,dn7-walmart-amazonr_2342
right-1153,dn7-walmart-amazonr_2343
right-1154,dn7-walmart-amazonr_2344
right-1155,dn7-walmart-amazonr_2345
right-1156,dn7-walmart-amazonr_2346
right-1157,dn7-walmart-amazonr_2348
right-1158,dn7-walmart-amazonr_2349
right-1159,dn7-walmart-amazonr_2352
right-1160,dn7-walmart-amazonr_2353
right-1161,dn7-walmart-amazonr_2354
right-1162,dn7-walmart-amazonr_2355
right-1163,dn7-walmart-amazonr_2356
right-1164,dn7-walmart-amazonr_2358
right-1165,dn7-walmart-amazonr_2361
right-1166,dn7-walmart-amazonr_2362
right-1167,dn7-walmart-amazonr_2363
right-1168,dn7-walmart-amazonr_2364
right-1169,dn7-walmart-amazonr_2365
right-1170,dn7-walmart-amazonr_2366
right-1171,dn7-walmart-amazonr_2369
right-1172,dn7-walmart-amazonr_2370
right-1173,dn7-walmart-amazonr_2376
right-1174,dn7-walmart-amazonr_2377
right-1175,dn7-walmart-amazonr_2380
right-1176,dn7-walmart-amazonr_2381
right-1177,dn7-walmart-amazonr_2383
right-1178,dn7-walmart-amazonr_2384
right-1179,dn7-walmart-amazonr_2386
right-1180,dn7-walmart-amazonr_2391
right-1181,dn7-walmart-amazonr_2392
right-1182,dn7-walmart-amazonr_2397
right-1183,dn7-walmart-amazonr_2398
right-1184,dn7-walmart-amazonr_2404
right-1185,dn7-walmart-amazonr_2407
right-1186,dn7-walmart-amazonr_2408
right-1187,dn7-walmart-amazonr_2410
right-1188,dn7-walmart-amazonr_2413
right-1189,dn7-walmart-amazonr_2415
right-1190,dn7-walmart-amazonr_2417
right-1191,dn7-walmart-amazonr_2419
right-1192,dn7-walmart-amazonr_2421
right-1193,dn7-walmart-amazonr_2425
right-1194,dn7-walmart-amazonr_2427
right-1195,dn7-walmart-amazonr_2429
right-1196,dn7-walmart-amazonr_2430
right-1197,dn7-walmart-amazonr_2432
right-1198,dn7-walmart-amazonr_2433
right-1199,dn7-walmart-amazonr_2437
right-1200,dn7-walmart-amazonr_2438
right-1201,dn7-walmart-amazonr_2439
right-1202,dn7-walmart-amazonr_2440
right-1203,dn7-walmart-amazonr_2447
right-1204,dn7-walmart-amazonr_2448
right-1205,dn7-walmart-amazonr_2450
right-1206,dn7-walmart-amazonr_2455
right-1207,dn7-walmart-amazonr_2456
right-1208,dn7-walmart-amazonr_2465
right-1209,dn7-walmart-amazonr_2466
right-1210,dn7-walmart-amazonr_2468
right-1211,dn7-walmart-amazonr_2471
right-1212,dn7-walmart-amazonr_2472
right-1213,dn7-walmart-amazonr_2474
right-1214,dn7-walmart-amazonr_2476
right-1215,dn7-walmart-amazonr_2479
right-1216,dn7-walmart-amazonr_2480
right-1217,dn7-walmart-amazonr_2481
right-1218,dn7-walmart-amazonr_2485
right-1219,dn7-walmart-amazonr_2486
right-1220,dn7-walmart-amazonr_2487
right-1221,dn7-walmart-amazonr_2492
right-1222,dn7-walmart-amazonr_2493
right-1223,dn7-walmart-amazonr_2494
right-1224,dn7-walmart-amazonr_2495
right-1225,dn7-walmart-amazonr_2499
right-1226,dn7-walmart-amazonr_2501
right-1227,dn7-walmart-amazonr_2502
right-1228,dn7-walmart-amazonr_2503
right-1229,dn7-walmart-amazonr_2506
right-1230,dn7-walmart-amazonr_2510
right-1231,dn7-walmart-amazonr_2511
right-1232,dn7-walmart-amazonr_2512
right-1233,dn7-walmart-amazonr_2515
right-1234,dn7-walmart-amazonr_2517
right-1235,dn7-walmart-amazonr_2518
right-1236,dn7-walmart-amazonr_2519
right-1237,dn7-walmart-amazonr_2520
right-1238,dn7-walmart-amazonr_2521
right-1239,dn7-walmart-amazonr_2522
right-1240,dn7-walmart-amazonr_2524
right-1241,dn7-walmart-amazonr_2526
right-1242,dn7-walmart-amazonr_2527
right-1243,dn7-walmart-amazonr_2530
right-1244,dn7-walmart-amazonr_2531
right-1245,dn7-walmart-amazonr_2533
right-1246,dn7-walmart-amazonr_2535
right-1247,dn7-walmart-amazonr_2537
right-1248,dn7-walmart-amazonr_2541
right-1249,dn7-walmart-amazonr_2547
right-1250,dn7-walmart-amazonr_2548
right-1251,dn7-walmart-amazonr_2549
right-1252,dn7-walmart-amazonr_2551
right-1253,dn7-walmart-amazonr_2552
right-1254,dn7-walmart-amazonr_2553
right-1255,dn7-walmart-amazonr_2555
right-1256,dn7-walmart-amazonr_2556
right-1257,dn7-walmart-amazonr_2557
right-1258,dn7-walmart-amazonr_2558
right-1259,dn7-walmart-amazonr_2561
right-1260,dn7-walmart-amazonr_2563
right-1261,dn7-walmart-amazonr_2565
right-1262,dn7-walmart-amazonr_2566
right-1263,dn7-walmart-amazonr_2571
right-1264,dn7-walmart-amazonr_2572
right-1265,dn7-walmart-amazonr_2573
right-1266,dn7-walmart-amazonr_2574
right-1267,dn7-walmart-amazonr_2576
right-1268,dn7-walmart-amazonr_2579
right-1269,dn7-walmart-amazonr_2580
right-1270,dn7-walmart-amazonr_2581
right-1271,dn7-walmart-amazonr_2582
right-1272,dn7-walmart-amazonr_2583
right-1273,dn7-walmart-amazonr_2585
right-1274,dn7-walmart-amazonr_2586
right-1275,dn7-walmart-amazonr_2587
right-1276,dn7-walmart-amazonr_2589
right-1277,dn7-walmart-amazonr_2592
right-1278,dn7-walmart-amazonr_2594
right-1279,dn7-walmart-amazonr_2595
right-1280,dn7-walmart-amazonr_2596
right-1281,dn7-walmart-amazonr_2604
right-1282,dn7-walmart-amazonr_2608
right-1283,dn7-walmart-amazonr_2609
right-1284,dn7-walmart-amazonr_2611
right-1285,dn7-walmart-amazonr_2612
right-1286,dn7-walmart-amazonr_2616
right-1287,dn7-walmart-amazonr_2622
right-1288,dn7-walmart-amazonr_2623
right-1289,dn7-walmart-amazonr_2624
right-1290,dn7-walmart-amazonr_2629
right-1291,dn7-walmart-amazonr_2630
right-1292,dn7-walmart-amazonr_2631
right-1293,dn7-walmart-amazonr_2632
right-1294,dn7-walmart-amazonr_2633
right-1295,dn7-walmart-amazonr_2634
right-1296,dn7-walmart-amazonr_2635
right-1297,dn7-walmart-amazonr_2636
right-1298,dn7-walmart-amazonr_2637
right-1299,dn7-walmart-amazonr_2638
right-1300,dn7-walmart-amazonr_2639
right-1301,dn7-walmart-amazonr_2640
right-1302,dn7-walmart-amazonr_2642
right-1303,dn7-walmart-amazonr_2644
right-1304,dn7-walmart-amazonr_2645
right-1305,dn7-walmart-amazonr_2646
right-1306,dn7-walmart-amazonr_2650
right-1307,dn7-walmart-amazonr_2661
right-1308,dn7-walmart-amazonr_2664
right-1309,dn7-walmart-amazonr_2665
right-1310,dn7-walmart-amazonr_2666
right-1311,dn7-walmart-amazonr_2667
right-1312,dn7-walmart-amazonr_2668
right-1313,dn7-walmart-amazonr_2671
right-1314,dn7-walmart-amazonr_2672
right-1315,dn7-walmart-amazonr_2673
right-1316,dn7-walmart-amazonr_2675
right-1317,dn7-walmart-amazonr_2676
right-1318,dn7-walmart-amazonr_2677
right-1319,dn7-walmart-amazonr_2678
right-1320,dn7-walmart-amazonr_2679
right-1321,dn7-walmart-amazonr_2680
right-1322,dn7-walmart-amazonr_2681
right-1323,dn7-walmart-amazonr_2682
right-1324,dn7-walmart-amazonr_2683
right-1325,dn7-walmart-amazonr_2684
right-1326,dn7-walmart-amazonr_2687
right-1327,dn7-walmart-amazonr_2688
right-1328,dn7-walmart-amazonr_2689
right-1329,dn7-walmart-amazonr_2695
right-1330,dn7-walmart-amazonr_2697
right-1331,dn7-walmart-amazonr_2698
right-1332,dn7-walmart-amazonr_2700
right-1333,dn7-walmart-amazonr_2701
right-1334,dn7-walmart-amazonr_2702
right-1335,dn7-walmart-amazonr_2703
right-1336,dn7-walmart-amazonr_2704
right-1337,dn7-walmart-amazonr_2706
right-1338,dn7-walmart-amazonr_2707
right-1339,dn7-walmart-amazonr_2709
right-1340,dn7-walmart-amazonr_2710
right-1341,dn7-walmart-amazonr_2711
right-1342,dn7-walmart-amazonr_2713
right-1343,dn7-walmart-amazonr_2714
right-1344,dn7-walmart-amazonr_2715
right-1345,dn7-walmart-amazonr_2716
right-1346,dn7-walmart-amazonr_2717
right-1347,dn7-walmart-amazonr_2720
right-1348,dn7-walmart-amazonr_2721
right-1349,dn7-walmart-amazonr_2722
right-1350,dn7-walmart-amazonr_2723
right-1351,dn7-walmart-amazonr_2724
right-1352,dn7-walmart-amazonr_2725
right-1353,dn7-walmart-amazonr_2727
right-1354,dn7-walmart-amazonr_2728
right-1355,dn7-walmart-amazonr_2729
right-1356,dn7-walmart-amazonr_2730
right-1357,dn7-walmart-amazonr_2733
right-1358,dn7-walmart-amazonr_2735
right-1359,dn7-walmart-amazonr_2737
right-1360,dn7-walmart-amazonr_2739
right-1361,dn7-walmart-amazonr_2740
right-1362,dn7-walmart-amazonr_2741
right-1363,dn7-walmart-amazonr_2746
right-1364,dn7-walmart-amazonr_2748
right-1365,dn7-walmart-amazonr_2749
right-1366,dn7-walmart-amazonr_2750
right-1367,dn7-walmart-amazonr_2751
right-1368,dn7-walmart-amazonr_2752
right-1369,dn7-walmart-amazonr_2754
right-1370,dn7-walmart-amazonr_2755
right-1371,dn7-walmart-amazonr_2757
right-1372,dn7-walmart-amazonr_2758
right-1373,dn7-walmart-amazonr_2759
right-1374,dn7-walmart-amazonr_2763
right-1375,dn7-walmart-amazonr_2766
right-1376,dn7-walmart-amazonr_2767
right-1377,dn7-walmart-amazonr_2770
right-1378,dn7-walmart-amazonr_2771
right-1379,dn7-walmart-amazonr_2774
right-1380,dn7-walmart-amazonr_2775
right-1381,dn7-walmart-amazonr_2777
right-1382,dn7-walmart-amazonr_2779
right-1383,dn7-walmart-amazonr_2781
right-1384,dn7-walmart-amazonr_2782
right-1385,dn7-walmart-amazonr_2783
right-1386,dn7-walmart-amazonr_2787
right-1387,dn7-walmart-amazonr_2788
right-1388,dn7-walmart-amazonr_2789
right-1389,dn7-walmart-amazonr_2790
right-1390,dn7-walmart-amazonr_2791
right-1391,dn7-walmart-amazonr_2792
right-1392,dn7-walmart-amazonr_2793
right-1393,dn7-walmart-amazonr_2795
right-1394,dn7-walmart-amazonr_2796
right-1395,dn7-walmart-amazonr_2798
right-1396,dn7-walmart-amazonr_2800
right-1397,dn7-walmart-amazonr_2801
right-1398,dn7-walmart-amazonr_2802
right-1399,dn7-walmart-amazonr_2804
right-1400,dn7-walmart-amazonr_2805
right-1401,dn7-walmart-amazonr_2806
right-1402,dn7-walmart-amazonr_2807
right-1403,dn7-walmart-amazonr_2808
right-1404,dn7-walmart-amazonr_2811
right-1405,dn7-walmart-amazonr_2813
right-1406,dn7-walmart-amazonr_2814
right-1407,dn7-walmart-amazonr_2815
right-1408,dn7-walmart-amazonr_2816
right-1409,dn7-walmart-amazonr_2817
right-1410,dn7-walmart-amazonr_2818
right-1411,dn7-walmart-amazonr_2819
right-1412,dn7-walmart-amazonr_2820
right-1413,dn7-walmart-amazonr_2821
right-1414,dn7-walmart-amazonr_2822
right-1415,dn7-walmart-amazonr_2823
right-1416,dn7-walmart-amazonr_2825
right-1417,dn7-walmart-amazonr_2826
right-1418,dn7-walmart-amazonr_2827
right-1419,dn7-walmart-amazonr_2828
right-1420,dn7-walmart-amazonr_2829
right-1421,dn7-walmart-amazonr_2830
right-1422,dn7-walmart-amazonr_2831
right-1423,dn7-walmart-amazonr_2833
right-1424,dn7-walmart-amazonr_2835
right-1425,dn7-walmart-amazonr_2838
right-1426,dn7-walmart-amazonr_2839
right-1427,dn7-walmart-amazonr_2840
right-1428,dn7-walmart-amazonr_2841
right-1429,dn7-walmart-amazonr_2842
right-1430,dn7-walmart-amazonr_2846
right-1431,dn7-walmart-amazonr_2847
right-1432,dn7-walmart-amazonr_2850
right-1433,dn7-walmart-amazonr_2853
right-1434,dn7-walmart-amazonr_2855
right-1435,dn7-walmart-amazonr_2857
right-1436,dn7-walmart-amazonr_2858
right-1437,dn7-walmart-amazonr_2860
right-1438,dn7-walmart-amazonr_2861
right-1439,dn7-walmart-amazonr_2863
right-1440,dn7-walmart-amazonr_2864
right-1441,dn7-walmart-amazonr_2868
right-1442,dn7-walmart-amazonr_2869
right-1443,dn7-walmart-amazonr_2870
right-1444,dn7-walmart-amazonr_2871
right-1445,dn7-walmart-amazonr_2872
right-1446,dn7-walmart-amazonr_2873
right-1447,dn7-walmart-amazonr_2877
right-1448,dn7-walmart-amazonr_2879
right-1449,dn7-walmart-amazonr_2882
right-1450,dn7-walmart-amazonr_2883
right-1451,dn7-walmart-amazonr_2884
right-1452,dn7-walmart-amazonr_2885
right-1453,dn7-walmart-amazonr_2887
right-1454,dn7-walmart-amazonr_2888
right-1455,dn7-walmart-amazonr_2894
right-1456,dn7-walmart-amazonr_2895
right-1457,dn7-walmart-amazonr_2896
right-1458,dn7-walmart-amazonr_2897
right-1459,dn7-walmart-amazonr_2898
right-1460,dn7-walmart-amazonr_2904
right-1461,dn7-walmart-amazonr_2905
right-1462,dn7-walmart-amazonr_2906
right-1463,dn7-walmart-amazonr_2907
right-1464,dn7-walmart-amazonr_2909
right-1465,dn7-walmart-amazonr_2913
right-1466,dn7-walmart-amazonr_2915
right-1467,dn7-walmart-amazonr_2922
right-1468,dn7-walmart-amazonr_2925
right-1469,dn7-walmart-amazonr_2926
right-1470,dn7-walmart-amazonr_2927
right-1471,dn7-walmart-amazonr_2931
right-1472,dn7-walmart-amazonr_2933
right-1473,dn7-walmart-amazonr_2937
right-1474,dn7-walmart-amazonr_2938
right-1475,dn7-walmart-amazonr_2939
right-1476,dn7-walmart-amazonr_2941
right-1477,dn7-walmart-amazonr_2943
right-1478,dn7-walmart-amazonr_2944
right-1479,dn7-walmart-amazonr_2945
right-1480,dn7-walmart-amazonr_2948
right-1481,dn7-walmart-amazonr_2951
right-1482,dn7-walmart-amazonr_2952
right-1483,dn7-walmart-amazonr_2953
right-1484,dn7-walmart-amazonr_2955
right-1485,dn7-walmart-amazonr_2958
right-1486,dn7-walmart-amazonr_2959
right-1487,dn7-walmart-amazonr_2960
right-1488,dn7-walmart-amazonr_2961
right-1489,dn7-walmart-amazonr_2962
right-1490,dn7-walmart-amazonr_2963
right-1491,dn7-walmart-amazonr_2965
right-1492,dn7-walmart-amazonr_2966
right-1493,dn7-walmart-amazonr_2967
right-1494,dn7-walmart-amazonr_2969
right-1495,dn7-walmart-amazonr_2970
right-1496,dn7-walmart-amazonr_2971
right-1497,dn7-walmart-amazonr_2973
right-1498,dn7-walmart-amazonr_2974
right-1499,dn7-walmart-amazonr_2976
right-1500,dn7-walmart-amazonr_2978
right-1501,dn7-walmart-amazonr_2981
right-1502,dn7-walmart-amazonr_2984
right-1503,dn7-walmart-amazonr_2987
right-1504,dn7-walmart-amazonr_2988
right-1505,dn7-walmart-amazonr_2989
right-1506,dn7-walmart-amazonr_2990
right-1507,dn7-walmart-amazonr_2991
right-1508,dn7-walmart-amazonr_2994
right-1509,dn7-walmart-amazonr_2995
right-1510,dn7-walmart-amazonr_2997
right-1511,dn7-walmart-amazonr_3001
right-1512,dn7-walmart-amazonr_3003
right-1513,dn7-walmart-amazonr_3005
right-1514,dn7-walmart-amazonr_3007
right-1515,dn7-walmart-amazonr_3008
right-1516,dn7-walmart-amazonr_3013
right-1517,dn7-walmart-amazonr_3015
right-1518,dn7-walmart-amazonr_3016
right-1519,dn7-walmart-amazonr_3017
right-1520,dn7-walmart-amazonr_3019
right-1521,dn7-walmart-amazonr_3020
right-1522,dn7-walmart-amazonr_3021
right-1523,dn7-walmart-amazonr_3023
right-1524,dn7-walmart-amazonr_3024
right-1525,dn7-walmart-amazonr_3026
right-1526,dn7-walmart-amazonr_3029
right-1527,dn7-walmart-amazonr_3031
right-1528,dn7-walmart-amazonr_3033
right-1529,dn7-walmart-amazonr_3036
right-1530,dn7-walmart-amazonr_3038
right-1531,dn7-walmart-amazonr_3045
right-1532,dn7-walmart-amazonr_3048
right-1533,dn7-walmart-amazonr_3049
right-1534,dn7-walmart-amazonr_3050
right-1535,dn7-walmart-amazonr_3051
right-1536,dn7-walmart-amazonr_3052
right-1537,dn7-walmart-amazonr_3053
right-1538,dn7-walmart-amazonr_3054
right-1539,dn7-walmart-amazonr_3055
right-1540,dn7-walmart-amazonr_3058
right-1541,dn7-walmart-amazonr_3061
right-1542,dn7-walmart-amazonr_3063
right-1543,dn7-walmart-amazonr_3065
right-1544,dn7-walmart-amazonr_3067
right-1545,dn7-walmart-amazonr_3068
right-1546,dn7-walmart-amazonr_3069
right-1547,dn7-walmart-amazonr_3071
right-1548,dn7-walmart-amazonr_3073
right-1549,dn7-walmart-amazonr_3077
right-1550,dn7-walmart-amazonr_3078
right-1551,dn7-walmart-amazonr_3079
right-1552,dn7-walmart-amazonr_3083
right-1553,dn7-walmart-amazonr_3084
right-1554,dn7-walmart-amazonr_3085
right-1555,dn7-walmart-amazonr_3086
right-1556,dn7-walmart-amazonr_3088
right-1557,dn7-walmart-amazonr_3095
right-1558,dn7-walmart-amazonr_3097
right-1559,dn7-walmart-amazonr_3099
right-1560,dn7-walmart-amazonr_3100
right-1561,dn7-walmart-amazonr_3103
right-1562,dn7-walmart-amazonr_3105
right-1563,dn7-walmart-amazonr_3106
right-1564,dn7-walmart-amazonr_3108
right-1565,dn7-walmart-amazonr_3115
right-1566,dn7-walmart-amazonr_3116
right-1567,dn7-walmart-amazonr_3119
right-1568,dn7-walmart-amazonr_3121
right-1569,dn7-walmart-amazonr_3122
right-1570,dn7-walmart-amazonr_3126
right-1571,dn7-walmart-amazonr_3127
right-1572,dn7-walmart-amazonr_3128
right-1573,dn7-walmart-amazonr_3129
right-1574,dn7-walmart-amazonr_3131
right-1575,dn7-walmart-amazonr_3132
right-1576,dn7-walmart-amazonr_3135
right-1577,dn7-walmart-amazonr_3136
right-1578,dn7-walmart-amazonr_3137
right-1579,dn7-walmart-amazonr_3140
right-1580,dn7-walmart-amazonr_3141
right-1581,dn7-walmart-amazonr_3142
right-1582,dn7-walmart-amazonr_3143
right-1583,dn7-walmart-amazonr_3144
right-1584,dn7-walmart-amazonr_3147
right-1585,dn7-walmart-amazonr_3152
right-1586,dn7-walmart-amazonr_3153
right-1587,dn7-walmart-amazonr_3154
right-1588,dn7-walmart-amazonr_3155
right-1589,dn7-walmart-amazonr_3156
right-1590,dn7-walmart-amazonr_3157
right-1591,dn7-walmart-amazonr_3158
right-1592,dn7-walmart-amazonr_3159
right-1593,dn7-walmart-amazonr_3160
right-1594,dn7-walmart-amazonr_3161
right-1595,dn7-walmart-amazonr_3162
right-1596,dn7-walmart-amazonr_3163
right-1597,dn7-walmart-amazonr_3164
right-1598,dn7-walmart-amazonr_3165
right-1599,dn7-walmart-amazonr_3167
right-1600,dn7-walmart-amazonr_3169
right-1601,dn7-walmart-amazonr_3171
right-1602,dn7-walmart-amazonr_3172
right-1603,dn7-walmart-amazonr_3173
right-1604,dn7-walmart-amazonr_3174
right-1605,dn7-walmart-amazonr_3175
right-1606,dn7-walmart-amazonr_3179
right-1607,dn7-walmart-amazonr_3180
right-1608,dn7-walmart-amazonr_3183
right-1609,dn7-walmart-amazonr_3188
right-1610,dn7-walmart-amazonr_3193
right-1611,dn7-walmart-amazonr_3194
right-1612,dn7-walmart-amazonr_3195
right-1613,dn7-walmart-amazonr_3196
right-1614,dn7-walmart-amazonr_3197
right-1615,dn7-walmart-amazonr_3198
right-1616,dn7-walmart-amazonr_3201
right-1617,dn7-walmart-amazonr_3202
right-1618,dn7-walmart-amazonr_3204
right-1619,dn7-walmart-amazonr_3205
right-1620,dn7-walmart-amazonr_3207
right-1621,dn7-walmart-amazonr_3214
right-1622,dn7-walmart-amazonr_3215
right-1623,dn7-walmart-amazonr_3219
right-1624,dn7-walmart-amazonr_3220
right-1625,dn7-walmart-amazonr_3222
right-1626,dn7-walmart-amazonr_3225
right-1627,dn7-walmart-amazonr_3226
right-1628,dn7-walmart-amazonr_3228
right-1629,dn7-walmart-amazonr_3230
right-1630,dn7-walmart-amazonr_3233
right-1631,dn7-walmart-amazonr_3234
right-1632,dn7-walmart-amazonr_3235
right-1633,dn7-walmart-amazonr_3238
right-1634,dn7-walmart-amazonr_3239
right-1635,dn7-walmart-amazonr_3240
right-1636,dn7-walmart-amazonr_3244
right-1637,dn7-walmart-amazonr_3245
right-1638,dn7-walmart-amazonr_3246
right-1639,dn7-walmart-amazonr_3247
right-1640,dn7-walmart-amazonr_3248
right-1641,dn7-walmart-amazonr_3249
right-1642,dn7-walmart-amazonr_3252
right-1643,dn7-walmart-amazonr_3253
right-1644,dn7-walmart-amazonr_3254
right-1645,dn7-walmart-amazonr_3255
right-1646,dn7-walmart-amazonr_3258
right-1647,dn7-walmart-amazonr_3259
right-1648,dn7-walmart-amazonr_3260
right-1649,dn7-walmart-amazonr_3261
right-1650,dn7-walmart-amazonr_3262
right-1651,dn7-walmart-amazonr_3266
right-1652,dn7-walmart-amazonr_3267
right-1653,dn7-walmart-amazonr_3269
right-1654,dn7-walmart-amazonr_3271
right-1655,dn7-walmart-amazonr_3273
right-1656,dn7-walmart-amazonr_3274
right-1657,dn7-walmart-amazonr_3276
right-1658,dn7-walmart-amazonr_3277
right-1659,dn7-walmart-amazonr_3278
right-1660,dn7-walmart-amazonr_3279
right-1661,dn7-walmart-amazonr_3280
right-1662,dn7-walmart-amazonr_3282
right-1663,dn7-walmart-amazonr_3283
right-1664,dn7-walmart-amazonr_3284
right-1665,dn7-walmart-amazonr_3290
right-1666,dn7-walmart-amazonr_3292
right-1667,dn7-walmart-amazonr_3293
right-1668,dn7-walmart-amazonr_3296
right-1669,dn7-walmart-amazonr_3297
right-1670,dn7-walmart-amazonr_3302
right-1671,dn7-walmart-amazonr_3303
right-1672,dn7-walmart-amazonr_3305
right-1673,dn7-walmart-amazonr_3306
right-1674,dn7-walmart-amazonr_3307
right-1675,dn7-walmart-amazonr_3308
right-1676,dn7-walmart-amazonr_3309
right-1677,dn7-walmart-amazonr_3310
right-1678,dn7-walmart-amazonr_3314
right-1679,dn7-walmart-amazonr_3315
right-1680,dn7-walmart-amazonr_3316
right-1681,dn7-walmart-amazonr_3318
right-1682,dn7-walmart-amazonr_3319
right-1683,dn7-walmart-amazonr_3322
right-1684,dn7-walmart-amazonr_3323
right-1685,dn7-walmart-amazonr_3324
right-1686,dn7-walmart-amazonr_3325
right-1687,dn7-walmart-amazonr_3327
right-1688,dn7-walmart-amazonr_3328
right-1689,dn7-walmart-amazonr_3329
right-1690,dn7-walmart-amazonr_3330
right-1691,dn7-walmart-amazonr_3331
right-1692,dn7-walmart-amazonr_3335
right-1693,dn7-walmart-amazonr_3337
right-1694,dn7-walmart-amazonr_3338
right-1695,dn7-walmart-amazonr_3340
right-1696,dn7-walmart-amazonr_3341
right-1697,dn7-walmart-amazonr_3342
right-1698,dn7-walmart-amazonr_3343
right-1699,dn7-walmart-amazonr_3345
right-1700,dn7-walmart-amazonr_3346
right-1701,dn7-walmart-amazonr_3353
right-1702,dn7-walmart-amazonr_3354
right-1703,dn7-walmart-amazonr_3355
right-1704,dn7-walmart-amazonr_3357
right-1705,dn7-walmart-amazonr_3360
right-1706,dn7-walmart-amazonr_3364
right-1707,dn7-walmart-amazonr_3365
right-1708,dn7-walmart-amazonr_3367
right-1709,dn7-walmart-amazonr_3369
right-1710,dn7-walmart-amazonr_3374
right-1711,dn7-walmart-amazonr_3385
right-1712,dn7-walmart-amazonr_3390
right-1713,dn7-walmart-amazonr_3391
right-1714,dn7-walmart-amazonr_3393
right-1715,dn7-walmart-amazonr_3395
right-1716,dn7-walmart-amazonr_3396
right-1717,dn7-walmart-amazonr_3401
right-1718,dn7-walmart-amazonr_3404
right-1719,dn7-walmart-amazonr_3405
right-1720,dn7-walmart-amazonr_3408
right-1721,dn7-walmart-amazonr_3410
right-1722,dn7-walmart-amazonr_3414
right-1723,dn7-walmart-amazonr_3415
right-1724,dn7-walmart-amazonr_3416
right-1725,dn7-walmart-amazonr_3418
right-1726,dn7-walmart-amazonr_3421
right-1727,dn7-walmart-amazonr_3422
right-1728,dn7-walmart-amazonr_3423
right-1729,dn7-walmart-amazonr_3424
right-1730,dn7-walmart-amazonr_3431
right-1731,dn7-walmart-amazonr_3434
right-1732,dn7-walmart-amazonr_3437
right-1733,dn7-walmart-amazonr_3438
right-1734,dn7-walmart-amazonr_3439
right-1735,dn7-walmart-amazonr_3445
right-1736,dn7-walmart-amazonr_3446
right-1737,dn7-walmart-amazonr_3447
right-1738,dn7-walmart-amazonr_3453
right-1739,dn7-walmart-amazonr_3455
right-1740,dn7-walmart-amazonr_3458
right-1741,dn7-walmart-amazonr_3460
right-1742,dn7-walmart-amazonr_3461
right-1743,dn7-walmart-amazonr_3462
right-1744,dn7-walmart-amazonr_3463
right-1745,dn7-walmart-amazonr_3464
right-1746,dn7-walmart-amazonr_3465
right-1747,dn7-walmart-amazonr_3466
right-1748,dn7-walmart-amazonr_3468
right-1749,dn7-walmart-amazonr_3469
right-1750,dn7-walmart-amazonr_3470
right-1751,dn7-walmart-amazonr_3471
right-1752,dn7-walmart-amazonr_3473
right-1753,dn7-walmart-amazonr_3477
right-1754,dn7-walmart-amazonr_3479
right-1755,dn7-walmart-amazonr_3482
right-1756,dn7-walmart-amazonr_3483
right-1757,dn7-walmart-amazonr_3486
right-1758,dn7-walmart-amazonr_3488
right-1759,dn7-walmart-amazonr_3490
right-1760,dn7-walmart-amazonr_3493
right-1761,dn7-walmart-amazonr_3494
right-1762,dn7-walmart-amazonr_3496
right-1763,dn7-walmart-amazonr_3498
right-1764,dn7-walmart-amazonr_3499
right-1765,dn7-walmart-amazonr_3501
right-1766,dn7-walmart-amazonr_3502
right-1767,dn7-walmart-amazonr_3504
right-1768,dn7-walmart-amazonr_3505
right-1769,dn7-walmart-amazonr_3507
right-1770,dn7-walmart-amazonr_3509
right-1771,dn7-walmart-amazonr_3510
right-1772,dn7-walmart-amazonr_3511
right-1773,dn7-walmart-amazonr_3515
right-1774,dn7-walmart-amazonr_3517
right-1775,dn7-walmart-amazonr_3518
right-1776,dn7-walmart-amazonr_3519
right-1777,dn7-walmart-amazonr_3520
right-1778,dn7-walmart-amazonr_3523
right-1779,dn7-walmart-amazonr_3525
right-1780,dn7-walmart-amazonr_3526
right-1781,dn7-walmart-amazonr_3527
right-1782,dn7-walmart-amazonr_3530
right-1783,dn7-walmart-amazonr_3534
right-1784,dn7-walmart-amazonr_3536
right-1785,dn7-walmart-amazonr_3537
right-1786,dn7-walmart-amazonr_3538
right-1787,dn7-walmart-amazonr_3539
right-1788,dn7-walmart-amazonr_3540
right-1789,dn7-walmart-amazonr_3542
right-1790,dn7-walmart-amazonr_3543
right-1791,dn7-walmart-amazonr_3546
right-1792,dn7-walmart-amazonr_3547
right-1793,dn7-walmart-amazonr_3548
right-1794,dn7-walmart-amazonr_3550
right-1795,dn7-walmart-amazonr_3551
right-1796,dn7-walmart-amazonr_3554
right-1797,dn7-walmart-amazonr_3555
right-1798,dn7-walmart-amazonr_3556
right-1799,dn7-walmart-amazonr_3557
right-1800,dn7-walmart-amazonr_3558
right-1801,dn7-walmart-amazonr_3559
right-1802,dn7-walmart-amazonr_3560
right-1803,dn7-walmart-amazonr_3561
right-1804,dn7-walmart-amazonr_3565
right-1805,dn7-walmart-amazonr_3567
right-1806,dn7-walmart-amazonr_3568
right-1807,dn7-walmart-amazonr_3569
right-1808,dn7-walmart-amazonr_3571
right-1809,dn7-walmart-amazonr_3572
right-1810,dn7-walmart-amazonr_3573
right-1811,dn7-walmart-amazonr_3575
right-1812,dn7-walmart-amazonr_3576
right-1813,dn7-walmart-amazonr_3583
right-1814,dn7-walmart-amazonr_3584
right-1815,dn7-walmart-amazonr_3589
right-1816,dn7-walmart-amazonr_3591
right-1817,dn7-walmart-amazonr_3593
right-1818,dn7-walmart-amazonr_3595
right-1819,dn7-walmart-amazonr_3598
right-1820,dn7-walmart-amazonr_3599
right-1821,dn7-walmart-amazonr_3600
right-1822,dn7-walmart-amazonr_3601
right-1823,dn7-walmart-amazonr_3603
right-1824,dn7-walmart-amazonr_3604
right-1825,dn7-walmart-amazonr_3606
right-1826,dn7-walmart-amazonr_3610
right-1827,dn7-walmart-amazonr_3611
right-1828,dn7-walmart-amazonr_3612
right-1829,dn7-walmart-amazonr_3613
right-1830,dn7-walmart-amazonr_3614
right-1831,dn7-walmart-amazonr_3615
right-1832,dn7-walmart-amazonr_3616
right-1833,dn7-walmart-amazonr_3617
right-1834,dn7-walmart-amazonr_3618
right-1835,dn7-walmart-amazonr_3621
right-1836,dn7-walmart-amazonr_3624
right-1837,dn7-walmart-amazonr_3625
right-1838,dn7-walmart-amazonr_3626
right-1839,dn7-walmart-amazonr_3629
right-1840,dn7-walmart-amazonr_3630
right-1841,dn7-walmart-amazonr_3632
right-1842,dn7-walmart-amazonr_3638
right-1843,dn7-walmart-amazonr_3640
right-1844,dn7-walmart-amazonr_3644
right-1845,dn7-walmart-amazonr_3645
right-1846,dn7-walmart-amazonr_3646
right-1847,dn7-walmart-amazonr_3648
right-1848,dn7-walmart-amazonr_3649
right-1849,dn7-walmart-amazonr_3650
right-1850,dn7-walmart-amazonr_3651
right-1851,dn7-walmart-amazonr_3652
right-1852,dn7-walmart-amazonr_3656
right-1853,dn7-walmart-amazonr_3658
right-1854,dn7-walmart-amazonr_3659
right-1855,dn7-walmart-amazonr_3660
right-1856,dn7-walmart-amazonr_3662
right-1857,dn7-walmart-amazonr_3667
right-1858,dn7-walmart-amazonr_3668
right-1859,dn7-walmart-amazonr_3669
right-1860,dn7-walmart-amazonr_3670
right-1861,dn7-walmart-amazonr_3673
right-1862,dn7-walmart-amazonr_3674
right-1863,dn7-walmart-amazonr_3676
right-1864,dn7-walmart-amazonr_3677
right-1865,dn7-walmart-amazonr_3678
right-1866,dn7-walmart-amazonr_3679
right-1867,dn7-walmart-amazonr_3680
right-1868,dn7-walmart-amazonr_3681
right-1869,dn7-walmart-amazonr_3684
right-1870,dn7-walmart-amazonr_3689
right-1871,dn7-walmart-amazonr_3691
right-1872,dn7-walmart-amazonr_3693
right-1873,dn7-walmart-amazonr_3695
right-1874,dn7-walmart-amazonr_3697
right-1875,dn7-walmart-amazonr_3698
right-1876,dn7-walmart-amazonr_3702
right-1877,dn7-walmart-amazonr_3704
right-1878,dn7-walmart-amazonr_3705
right-1879,dn7-walmart-amazonr_3706
right-1880,dn7-walmart-amazonr_3707
right-1881,dn7-walmart-amazonr_3708
right-1882,dn7-walmart-amazonr_3709
right-1883,dn7-walmart-amazonr_3710
right-1884,dn7-walmart-amazonr_3711
right-1885,dn7-walmart-amazonr_3714
right-1886,dn7-walmart-amazonr_3716
right-1887,dn7-walmart-amazonr_3719
right-1888,dn7-walmart-amazonr_3720
right-1889,dn7-walmart-amazonr_3722
right-1890,dn7-walmart-amazonr_3723
right-1891,dn7-walmart-amazonr_3725
right-1892,dn7-walmart-amazonr_3728
right-1893,dn7-walmart-amazonr_3732
right-1894,dn7-walmart-amazonr_3734
right-1895,dn7-walmart-amazonr_3739
right-1896,dn7-walmart-amazonr_3742
right-1897,dn7-walmart-amazonr_3744
right-1898,dn7-walmart-amazonr_3745
right-1899,dn7-walmart-amazonr_3746
right-1900,dn7-walmart-amazonr_3747
right-1901,dn7-walmart-amazonr_3749
right-1902,dn7-walmart-amazonr_3750
right-1903,dn7-walmart-amazonr_3752
right-1904,dn7-walmart-amazonr_3754
right-1905,dn7-walmart-amazonr_3755
right-1906,dn7-walmart-amazonr_3756
right-1907,dn7-walmart-amazonr_3759
right-1908,dn7-walmart-amazonr_3765
right-1909,dn7-walmart-amazonr_3770
right-1910,dn7-walmart-amazonr_3773
right-1911,dn7-walmart-amazonr_3777
right-1912,dn7-walmart-amazonr_3778
right-1913,dn7-walmart-amazonr_3780
right-1914,dn7-walmart-amazonr_3786
right-1915,dn7-walmart-amazonr_3787
right-1916,dn7-walmart-amazonr_3788
right-1917,dn7-walmart-amazonr_3790
right-1918,dn7-walmart-amazonr_3793
right-1919,dn7-walmart-amazonr_3795
right-1920,dn7-walmart-amazonr_3796
right-1921,dn7-walmart-amazonr_3797
right-1922,dn7-walmart-amazonr_3803
right-1923,dn7-walmart-amazonr_3806
right-1924,dn7-walmart-amazonr_3807
right-1925,dn7-walmart-amazonr_3809
right-1926,dn7-walmart-amazonr_3810
right-1927,dn7-walmart-amazonr_3811
right-1928,dn7-walmart-amazonr_3812
right-1929,dn7-walmart-amazonr_3822
right-1930,dn7-walmart-amazonr_3823
right-1931,dn7-walmart-amazonr_3828
right-1932,dn7-walmart-amazonr_3830
right-1933,dn7-walmart-amazonr_3831
right-1934,dn7-walmart-amazonr_3832
right-1935,dn7-walmart-amazonr_3833
right-1936,dn7-walmart-amazonr_3834
right-1937,dn7-walmart-amazonr_3835
right-1938,dn7-walmart-amazonr_3836
right-1939,dn7-walmart-amazonr_3837
right-1940,dn7-walmart-amazonr_3838
right-1941,dn7-walmart-amazonr_3840
right-1942,dn7-walmart-amazonr_3842
right-1943,dn7-walmart-amazonr_3847
right-1944,dn7-walmart-amazonr_3850
right-1945,dn7-walmart-amazonr_3856
right-1946,dn7-walmart-amazonr_3860
right-1947,dn7-walmart-amazonr_3864
right-1948,dn7-walmart-amazonr_3870
right-1949,dn7-walmart-amazonr_3872
right-1950,dn7-walmart-amazonr_3874
right-1951,dn7-walmart-amazonr_3879
right-1952,dn7-walmart-amazonr_3880
right-1953,dn7-walmart-amazonr_3881
right-1954,dn7-walmart-amazonr_3882
right-1955,dn7-walmart-amazonr_3885
right-1956,dn7-walmart-amazonr_3889
right-1957,dn7-walmart-amazonr_3890
right-1958,dn7-walmart-amazonr_3891
right-1959,dn7-walmart-amazonr_3893
right-1960,dn7-walmart-amazonr_3901
right-1961,dn7-walmart-amazonr_3906
right-1962,dn7-walmart-amazonr_3909
right-1963,dn7-walmart-amazonr_3910
right-1964,dn7-walmart-amazonr_3911
right-1965,dn7-walmart-amazonr_3912
right-1966,dn7-walmart-amazonr_3915
right-1967,dn7-walmart-amazonr_3916
right-1968,dn7-walmart-amazonr_3917
right-1969,dn7-walmart-amazonr_3918
right-1970,dn7-walmart-amazonr_3920
right-1971,dn7-walmart-amazonr_3921
right-1972,dn7-walmart-amazonr_3922
right-1973,dn7-walmart-amazonr_3923
right-1974,dn7-walmart-amazonr_3924
right-1975,dn7-walmart-amazonr_3925
right-1976,dn7-walmart-amazonr_3929
right-1977,dn7-walmart-amazonr_3931
right-1978,dn7-walmart-amazonr_3934
right-1979,dn7-walmart-amazonr_3936
right-1980,dn7-walmart-amazonr_3938
right-1981,dn7-walmart-amazonr_3939
right-1982,dn7-walmart-amazonr_3940
right-1983,dn7-walmart-amazonr_3942
right-1984,dn7-walmart-amazonr_3943
right-1985,dn7-walmart-amazonr_3945
right-1986,dn7-walmart-amazonr_3946
right-1987,dn7-walmart-amazonr_3949
right-1988,dn7-walmart-amazonr_3951
right-1989,dn7-walmart-amazonr_3955
right-1990,dn7-walmart-amazonr_3956
right-1991,dn7-walmart-amazonr_3960
right-1992,dn7-walmart-amazonr_3961
right-1993,dn7-walmart-amazonr_3966
right-1994,dn7-walmart-amazonr_3967
right-1995,dn7-walmart-amazonr_3968
right-1996,dn7-walmart-amazonr_3969
right-1997,dn7-walmart-amazonr_3970
right-1998,dn7-walmart-amazonr_3973
right-1999,dn7-walmart-amazonr_3975
right-2000,dn7-walmart-amazonr_3976
right-2001,dn7-walmart-amazonr_3977
right-2002,dn7-walmart-amazonr_3978
right-2003,dn7-walmart-amazonr_3979
right-2004,dn7-walmart-amazonr_3981
right-2005,dn7-walmart-amazonr_3983
right-2006,dn7-walmart-amazonr_3985
right-2007,dn7-walmart-amazonr_3986
right-2008,dn7-walmart-amazonr_3989
right-2009,dn7-walmart-amazonr_3995
right-2010,dn7-walmart-amazonr_3998
right-2011,dn7-walmart-amazonr_3999
right-2012,dn7-walmart-amazonr_4000
right-2013,dn7-walmart-amazonr_4002
right-2014,dn7-walmart-amazonr_4004
right-2015,dn7-walmart-amazonr_4005
right-2016,dn7-walmart-amazonr_4007
right-2017,dn7-walmart-amazonr_4008
right-2018,dn7-walmart-amazonr_4010
right-2019,dn7-walmart-amazonr_4011
right-2020,dn7-walmart-amazonr_4013
right-2021,dn7-walmart-amazonr_4015
right-2022,dn7-walmart-amazonr_4017
right-2023,dn7-walmart-amazonr_4028
right-2024,dn7-walmart-amazonr_4029
right-2025,dn7-walmart-amazonr_4031
right-2026,dn7-walmart-amazonr_4033
right-2027,dn7-walmart-amazonr_4035
right-2028,dn7-walmart-amazonr_4036
right-2029,dn7-walmart-amazonr_4038
right-2030,dn7-walmart-amazonr_4039
right-2031,dn7-walmart-amazonr_4040
right-2032,dn7-walmart-amazonr_4043
right-2033,dn7-walmart-amazonr_4044
right-2034,dn7-walmart-amazonr_4045
right-2035,dn7-walmart-amazonr_4048
right-2036,dn7-walmart-amazonr_4055
right-2037,dn7-walmart-amazonr_4057
right-2038,dn7-walmart-amazonr_4062
right-2039,dn7-walmart-amazonr_4065
right-2040,dn7-walmart-amazonr_4066
right-2041,dn7-walmart-amazonr_4068
right-2042,dn7-walmart-amazonr_4069
right-2043,dn7-walmart-amazonr_4070
right-2044,dn7-walmart-amazonr_4074
right-2045,dn7-walmart-amazonr_4075
right-2046,dn7-walmart-amazonr_4076
right-2047,dn7-walmart-amazonr_4078
right-2048,dn7-walmart-amazonr_4079
right-2049,dn7-walmart-amazonr_4082
right-2050,dn7-walmart-amazonr_4083
right-2051,dn7-walmart-amazonr_4085
right-2052,dn7-walmart-amazonr_4086
right-2053,dn7-walmart-amazonr_4087
right-2054,dn7-walmart-amazonr_4088
right-2055,dn7-walmart-amazonr_4089
right-2056,dn7-walmart-amazonr_4091
right-2057,dn7-walmart-amazonr_4094
right-2058,dn7-walmart-amazonr_4095
right-2059,dn7-walmart-amazonr_4099
right-2060,dn7-walmart-amazonr_4103
right-2061,dn7-walmart-amazonr_4104
right-2062,dn7-walmart-amazonr_4105
right-2063,dn7-walmart-amazonr_4106
right-2064,dn7-walmart-amazonr_4107
right-2065,dn7-walmart-amazonr_4110
right-2066,dn7-walmart-amazonr_4114
right-2067,dn7-walmart-amazonr_4115
right-2068,dn7-walmart-amazonr_4116
right-2069,dn7-walmart-amazonr_4119
right-2070,dn7-walmart-amazonr_4121
right-2071,dn7-walmart-amazonr_4123
right-2072,dn7-walmart-amazonr_4124
right-2073,dn7-walmart-amazonr_4125
right-2074,dn7-walmart-amazonr_4127
right-2075,dn7-walmart-amazonr_4129
right-2076,dn7-walmart-amazonr_4132
right-2077,dn7-walmart-amazonr_4133
right-2078,dn7-walmart-amazonr_4135
right-2079,dn7-walmart-amazonr_4136
right-2080,dn7-walmart-amazonr_4140
right-2081,dn7-walmart-amazonr_4142
right-2082,dn7-walmart-amazonr_4148
right-2083,dn7-walmart-amazonr_4154
right-2084,dn7-walmart-amazonr_4155
right-2085,dn7-walmart-amazonr_4156
right-2086,dn7-walmart-amazonr_4157
right-2087,dn7-walmart-amazonr_4159
right-2088,dn7-walmart-amazonr_4162
right-2089,dn7-walmart-amazonr_4163
right-2090,dn7-walmart-amazonr_4164
right-2091,dn7-walmart-amazonr_4169
right-2092,dn7-walmart-amazonr_4174
right-2093,dn7-walmart-amazonr_4175
right-2094,dn7-walmart-amazonr_4176
right-2095,dn7-walmart-amazonr_4177
right-2096,dn7-walmart-amazonr_4179
right-2097,dn7-walmart-amazonr_4186
right-2098,dn7-walmart-amazonr_4187
right-2099,dn7-walmart-amazonr_4188
right-2100,dn7-walmart-amazonr_4189
right-2101,dn7-walmart-amazonr_4190
right-2102,dn7-walmart-amazonr_4191
right-2103,dn7-walmart-amazonr_4193
right-2104,dn7-walmart-amazonr_4196
right-2105,dn7-walmart-amazonr_4198
right-2106,dn7-walmart-amazonr_4202
right-2107,dn7-walmart-amazonr_4204
right-2108,dn7-walmart-amazonr_4208
right-2109,dn7-walmart-amazonr_4209
right-2110,dn7-walmart-amazonr_4210
right-2111,dn7-walmart-amazonr_4211
right-2112,dn7-walmart-amazonr_4213
right-2113,dn7-walmart-amazonr_4214
right-2114,dn7-walmart-amazonr_4216
right-2115,dn7-walmart-amazonr_4217
right-2116,dn7-walmart-amazonr_4218
right-2117,dn7-walmart-amazonr_4220
right-2118,dn7-walmart-amazonr_4226
right-2119,dn7-walmart-amazonr_4228
right-2120,dn7-walmart-amazonr_4229
right-2121,dn7-walmart-amazonr_4230
right-2122,dn7-walmart-amazonr_4231
right-2123,dn7-walmart-amazonr_4232
right-2124,dn7-walmart-amazonr_4233
right-2125,dn7-walmart-amazonr_4236
right-2126,dn7-walmart-amazonr_4237
right-2127,dn7-walmart-amazonr_4238
right-2128,dn7-walmart-amazonr_4239
right-2129,dn7-walmart-amazonr_4242
right-2130,dn7-walmart-amazonr_4243
right-2131,dn7-walmart-amazonr_4244
right-2132,dn7-walmart-amazonr_4245
right-2133,dn7-walmart-amazonr_4249
right-2134,dn7-walmart-amazonr_4250
right-2135,dn7-walmart-amazonr_4252
right-2136,dn7-walmart-amazonr_4255
right-2137,dn7-walmart-amazonr_4257
right-2138,dn7-walmart-amazonr_4260
right-2139,dn7-walmart-amazonr_4262
right-2140,dn7-walmart-amazonr_4267
right-2141,dn7-walmart-amazonr_4270
right-2142,dn7-walmart-amazonr_4271
right-2143,dn7-walmart-amazonr_4272
right-2144,dn7-walmart-amazonr_4273
right-2145,dn7-walmart-amazonr_4274
right-2146,dn7-walmart-amazonr_4275
right-2147,dn7-walmart-amazonr_4276
right-2148,dn7-walmart-amazonr_4277
right-2149,dn7-walmart-amazonr_4278
right-2150,dn7-walmart-amazonr_4279
right-2151,dn7-walmart-amazonr_4282
right-2152,dn7-walmart-amazonr_4283
right-2153,dn7-walmart-amazonr_4285
right-2154,dn7-walmart-amazonr_4291
right-2155,dn7-walmart-amazonr_4292
right-2156,dn7-walmart-amazonr_4295
right-2157,dn7-walmart-amazonr_4296
right-2158,dn7-walmart-amazonr_4298
right-2159,dn7-walmart-amazonr_4299
right-2160,dn7-walmart-amazonr_4302
right-2161,dn7-walmart-amazonr_4303
right-2162,dn7-walmart-amazonr_4305
right-2163,dn7-walmart-amazonr_4306
right-2164,dn7-walmart-amazonr_4308
right-2165,dn7-walmart-amazonr_4310
right-2166,dn7-walmart-amazonr_4311
right-2167,dn7-walmart-amazonr_4313
right-2168,dn7-walmart-amazonr_4314
right-2169,dn7-walmart-amazonr_4315
right-2170,dn7-walmart-amazonr_4318
right-2171,dn7-walmart-amazonr_4319
right-2172,dn7-walmart-amazonr_4320
right-2173,dn7-walmart-amazonr_4321
right-2174,dn7-walmart-amazonr_4323
right-2175,dn7-walmart-amazonr_4328
right-2176,dn7-walmart-amazonr_4329
right-2177,dn7-walmart-amazonr_4330
right-2178,dn7-walmart-amazonr_4332
right-2179,dn7-walmart-amazonr_4333
right-2180,dn7-walmart-amazonr_4337
right-2181,dn7-walmart-amazonr_4339
right-2182,dn7-walmart-amazonr_4341
right-2183,dn7-walmart-amazonr_4343
right-2184,dn7-walmart-amazonr_4344
right-2185,dn7-walmart-amazonr_4345
right-2186,dn7-walmart-amazonr_4348
right-2187,dn7-walmart-amazonr_4349
right-2188,dn7-walmart-amazonr_4351
right-2189,dn7-walmart-amazonr_4352
right-2190,dn7-walmart-amazonr_4359
right-2191,dn7-walmart-amazonr_4360
right-2192,dn7-walmart-amazonr_4362
right-2193,dn7-walmart-amazonr_4363
right-2194,dn7-walmart-amazonr_4373
right-2195,dn7-walmart-amazonr_4376
right-2196,dn7-walmart-amazonr_4377
right-2197,dn7-walmart-amazonr_4378
right-2198,dn7-walmart-amazonr_4380
right-2199,dn7-walmart-amazonr_4381
right-2200,dn7-walmart-amazonr_4384
right-2201,dn7-walmart-amazonr_4385
right-2202,dn7-walmart-amazonr_4395
right-2203,dn7-walmart-amazonr_4397
right-2204,dn7-walmart-amazonr_4398
right-2205,dn7-walmart-amazonr_4399
right-2206,dn7-walmart-amazonr_4403
right-2207,dn7-walmart-amazonr_4405
right-2208,dn7-walmart-amazonr_4406
right-2209,dn7-walmart-amazonr_4408
right-2210,dn7-walmart-amazonr_4413
right-2211,dn7-walmart-amazonr_4415
right-2212,dn7-walmart-amazonr_4416
right-2213,dn7-walmart-amazonr_4417
right-2214,dn7-walmart-amazonr_4422
right-2215,dn7-walmart-amazonr_4423
right-2216,dn7-walmart-amazonr_4424
right-2217,dn7-walmart-amazonr_4425
right-2218,dn7-walmart-amazonr_4426
right-2219,dn7-walmart-amazonr_4428
right-2220,dn7-walmart-amazonr_4432
right-2221,dn7-walmart-amazonr_4436
right-2222,dn7-walmart-amazonr_4438
right-2223,dn7-walmart-amazonr_4442
right-2224,dn7-walmart-amazonr_4443
right-2225,dn7-walmart-amazonr_4448
right-2226,dn7-walmart-amazonr_4450
right-2227,dn7-walmart-amazonr_4451
right-2228,dn7-walmart-amazonr_4452
right-2229,dn7-walmart-amazonr_4453
right-2230,dn7-walmart-amazonr_4454
right-2231,dn7-walmart-amazonr_4456
right-2232,dn7-walmart-amazonr_4457
right-2233,dn7-walmart-amazonr_4458
right-2234,dn7-walmart-amazonr_4459
right-2235,dn7-walmart-amazonr_4460
right-2236,dn7-walmart-amazonr_4461
right-2237,dn7-walmart-amazonr_4462
right-2238,dn7-walmart-amazonr_4463
right-2239,dn7-walmart-amazonr_4465
right-2240,dn7-walmart-amazonr_4466
right-2241,dn7-walmart-amazonr_4470
right-2242,dn7-walmart-amazonr_4471
right-2243,dn7-walmart-amazonr_4472
right-2244,dn7-walmart-amazonr_4474
right-2245,dn7-walmart-amazonr_4475
right-2246,dn7-walmart-amazonr_4477
right-2247,dn7-walmart-amazonr_4478
right-2248,dn7-walmart-amazonr_4481
right-2249,dn7-walmart-amazonr_4483
right-2250,dn7-walmart-amazonr_4487
right-2251,dn7-walmart-amazonr_4489
right-2252,dn7-walmart-amazonr_4493
right-2253,dn7-walmart-amazonr_4494
right-2254,dn7-walmart-amazonr_4497
right-2255,dn7-walmart-amazonr_4498
right-2256,dn7-walmart-amazonr_4499
right-2257,dn7-walmart-amazonr_4501
right-2258,dn7-walmart-amazonr_4504
right-2259,dn7-walmart-amazonr_4505
right-2260,dn7-walmart-amazonr_4506
right-2261,dn7-walmart-amazonr_4507
right-2262,dn7-walmart-amazonr_4508
right-2263,dn7-walmart-amazonr_4509
right-2264,dn7-walmart-amazonr_4512
right-2265,dn7-walmart-amazonr_4519
right-2266,dn7-walmart-amazonr_4520
right-2267,dn7-walmart-amazonr_4524
right-2268,dn7-walmart-amazonr_4525
right-2269,dn7-walmart-amazonr_4526
right-2270,dn7-walmart-amazonr_4528
right-2271,dn7-walmart-amazonr_4532
right-2272,dn7-walmart-amazonr_4533
right-2273,dn7-walmart-amazonr_4534
right-2274,dn7-walmart-amazonr_4537
right-2275,dn7-walmart-amazonr_4539
right-2276,dn7-walmart-amazonr_4540
right-2277,dn7-walmart-amazonr_4543
right-2278,dn7-walmart-amazonr_4545
right-2279,dn7-walmart-amazonr_4546
right-2280,dn7-walmart-amazonr_4547
right-2281,dn7-walmart-amazonr_4550
right-2282,dn7-walmart-amazonr_4552
right-2283,dn7-walmart-amazonr_4553
right-2284,dn7-walmart-amazonr_4555
right-2285,dn7-walmart-amazonr_4556
right-2286,dn7-walmart-amazonr_4557
right-2287,dn7-walmart-amazonr_4562
right-2288,dn7-walmart-amazonr_4563
right-2289,dn7-walmart-amazonr_4564
right-2290,dn7-walmart-amazonr_4568
right-2291,dn7-walmart-amazonr_4569
right-2292,dn7-walmart-amazonr_4570
right-2293,dn7-walmart-amazonr_4571
right-2294,dn7-walmart-amazonr_4576
right-2295,dn7-walmart-amazonr_4581
right-2296,dn7-walmart-amazonr_4583
right-2297,dn7-walmart-amazonr_4586
right-2298,dn7-walmart-amazonr_4587
right-2299,dn7-walmart-amazonr_4591
right-2300,dn7-walmart-amazonr_4594
right-2301,dn7-walmart-amazonr_4596
right-2302,dn7-walmart-amazonr_4597
right-2303,dn7-walmart-amazonr_4601
right-2304,dn7-walmart-amazonr_4602
right-2305,dn7-walmart-amazonr_4603
right-2306,dn7-walmart-amazonr_4607
right-2307,dn7-walmart-amazonr_4608
right-2308,dn7-walmart-amazonr_4613
right-2309,dn7-walmart-amazonr_4614
right-2310,dn7-walmart-amazonr_4615
right-2311,dn7-walmart-amazonr_4616
right-2312,dn7-walmart-amazonr_4619
right-2313,dn7-walmart-amazonr_4620
right-2314,dn7-walmart-amazonr_4628
right-2315,dn7-walmart-amazonr_4629
right-2316,dn7-walmart-amazonr_4631
right-2317,dn7-walmart-amazonr_4634
right-2318,dn7-walmart-amazonr_4637
right-2319,dn7-walmart-amazonr_4638
right-2320,dn7-walmart-amazonr_4639
right-2321,dn7-walmart-amazonr_4641
right-2322,dn7-walmart-amazonr_4643
right-2323,dn7-walmart-amazonr_4644
right-2324,dn7-walmart-amazonr_4645
right-2325,dn7-walmart-amazonr_4646
right-2326,dn7-walmart-amazonr_4647
right-2327,dn7-walmart-amazonr_4648
right-2328,dn7-walmart-amazonr_4650
right-2329,dn7-walmart-amazonr_4651
right-2330,dn7-walmart-amazonr_4655
right-2331,dn7-walmart-amazonr_4658
right-2332,dn7-walmart-amazonr_4659
right-2333,dn7-walmart-amazonr_4660
right-2334,dn7-walmart-amazonr_4662
right-2335,dn7-walmart-amazonr_4663
right-2336,dn7-walmart-amazonr_4667
right-2337,dn7-walmart-amazonr_4668
right-2338,dn7-walmart-amazonr_4670
right-2339,dn7-walmart-amazonr_4671
right-2340,dn7-walmart-amazonr_4673
right-2341,dn7-walmart-amazonr_4675
right-2342,dn7-walmart-amazonr_4676
right-2343,dn7-walmart-amazonr_4677
right-2344,dn7-walmart-amazonr_4684
right-2345,dn7-walmart-amazonr_4689
right-2346,dn7-walmart-amazonr_4691
right-2347,dn7-walmart-amazonr_4693
right-2348,dn7-walmart-amazonr_4698
right-2349,dn7-walmart-amazonr_4700
right-2350,dn7-walmart-amazonr_4702
right-2351,dn7-walmart-amazonr_4703
right-2352,dn7-walmart-amazonr_4706
right-2353,dn7-walmart-amazonr_4708
right-2354,dn7-walmart-amazonr_4709
right-2355,dn7-walmart-amazonr_4711
right-2356,dn7-walmart-amazonr_4717
right-2357,dn7-walmart-amazonr_4718
right-2358,dn7-walmart-amazonr_4719
right-2359,dn7-walmart-amazonr_4722
right-2360,dn7-walmart-amazonr_4723
right-2361,dn7-walmart-amazonr_4724
right-2362,dn7-walmart-amazonr_4725
right-2363,dn7-walmart-amazonr_4726
right-2364,dn7-walmart-amazonr_4728
right-2365,dn7-walmart-amazonr_4729
right-2366,dn7-walmart-amazonr_4730
right-2367,dn7-walmart-amazonr_4733
right-2368,dn7-walmart-amazonr_4734
right-2369,dn7-walmart-amazonr_4735
right-2370,dn7-walmart-amazonr_4736
right-2371,dn7-walmart-amazonr_4737
right-2372,dn7-walmart-amazonr_4738
right-2373,dn7-walmart-amazonr_4739
right-2374,dn7-walmart-amazonr_4740
right-2375,dn7-walmart-amazonr_4743
right-2376,dn7-walmart-amazonr_4745
right-2377,dn7-walmart-amazonr_4752
right-2378,dn7-walmart-amazonr_4754
right-2379,dn7-walmart-amazonr_4755
right-2380,dn7-walmart-amazonr_4756
right-2381,dn7-walmart-amazonr_4757
right-2382,dn7-walmart-amazonr_4759
right-2383,dn7-walmart-amazonr_4760
right-2384,dn7-walmart-amazonr_4762
right-2385,dn7-walmart-amazonr_4763
right-2386,dn7-walmart-amazonr_4764
right-2387,dn7-walmart-amazonr_4767
right-2388,dn7-walmart-amazonr_4769
right-2389,dn7-walmart-amazonr_4772
right-2390,dn7-walmart-amazonr_4778
right-2391,dn7-walmart-amazonr_4780
right-2392,dn7-walmart-amazonr_4781
right-2393,dn7-walmart-amazonr_4782
right-2394,dn7-walmart-amazonr_4783
right-2395,dn7-walmart-amazonr_4784
right-2396,dn7-walmart-amazonr_4785
right-2397,dn7-walmart-amazonr_4786
right-2398,dn7-walmart-amazonr_4787
right-2399,dn7-walmart-amazonr_4788
right-2400,dn7-walmart-amazonr_4790
right-2401,dn7-walmart-amazonr_4792
right-2402,dn7-walmart-amazonr_4794
right-2403,dn7-walmart-amazonr_4795
right-2404,dn7-walmart-amazonr_4797
right-2405,dn7-walmart-amazonr_4800
right-2406,dn7-walmart-amazonr_4803
right-2407,dn7-walmart-amazonr_4806
right-2408,dn7-walmart-amazonr_4807
right-2409,dn7-walmart-amazonr_4813
right-2410,dn7-walmart-amazonr_4814
right-2411,dn7-walmart-amazonr_4815
right-2412,dn7-walmart-amazonr_4816
right-2413,dn7-walmart-amazonr_4817
right-2414,dn7-walmart-amazonr_4819
right-2415,dn7-walmart-amazonr_4820
right-2416,dn7-walmart-amazonr_4822
right-2417,dn7-walmart-amazonr_4823
right-2418,dn7-walmart-amazonr_4824
right-2419,dn7-walmart-amazonr_4828
right-2420,dn7-walmart-amazonr_4829
right-2421,dn7-walmart-amazonr_4830
right-2422,dn7-walmart-amazonr_4835
right-2423,dn7-walmart-amazonr_4836
right-2424,dn7-walmart-amazonr_4839
right-2425,dn7-walmart-amazonr_4840
right-2426,dn7-walmart-amazonr_4841
right-2427,dn7-walmart-amazonr_4842
right-2428,dn7-walmart-amazonr_4844
right-2429,dn7-walmart-amazonr_4848
right-2430,dn7-walmart-amazonr_4849
right-2431,dn7-walmart-amazonr_4850
right-2432,dn7-walmart-amazonr_4851
right-2433,dn7-walmart-amazonr_4853
right-2434,dn7-walmart-amazonr_4854
right-2435,dn7-walmart-amazonr_4855
right-2436,dn7-walmart-amazonr_4858
right-2437,dn7-walmart-amazonr_4859
right-2438,dn7-walmart-amazonr_4860
right-2439,dn7-walmart-amazonr_4861
right-2440,dn7-walmart-amazonr_4862
right-2441,dn7-walmart-amazonr_4865
right-2442,dn7-walmart-amazonr_4867
right-2443,dn7-walmart-amazonr_4868
right-2444,dn7-walmart-amazonr_4869
right-2445,dn7-walmart-amazonr_4871
right-2446,dn7-walmart-amazonr_4873
right-2447,dn7-walmart-amazonr_4879
right-2448,dn7-walmart-amazonr_4880
right-2449,dn7-walmart-amazonr_4881
right-2450,dn7-walmart-amazonr_4884
right-2451,dn7-walmart-amazonr_4890
right-2452,dn7-walmart-amazonr_4891
right-2453,dn7-walmart-amazonr_4892
right-2454,dn7-walmart-amazonr_4893
right-2455,dn7-walmart-amazonr_4894
right-2456,dn7-walmart-amazonr_4895
right-2457,dn7-walmart-amazonr_4896
right-2458,dn7-walmart-amazonr_4897
right-2459,dn7-walmart-amazonr_4899
right-2460,dn7-walmart-amazonr_4900
right-2461,dn7-walmart-amazonr_4903
right-2462,dn7-walmart-amazonr_4904
right-2463,dn7-walmart-amazonr_4907
right-2464,dn7-walmart-amazonr_4908
right-2465,dn7-walmart-amazonr_4909
right-2466,dn7-walmart-amazonr_4912
right-2467,dn7-walmart-amazonr_4913
right-2468,dn7-walmart-amazonr_4914
right-2469,dn7-walmart-amazonr_4916
right-2470,dn7-walmart-amazonr_4917
right-2471,dn7-walmart-amazonr_4918
right-2472,dn7-walmart-amazonr_4919
right-2473,dn7-walmart-amazonr_4921
right-2474,dn7-walmart-amazonr_4923
right-2475,dn7-walmart-amazonr_4924
right-2476,dn7-walmart-amazonr_4925
right-2477,dn7-walmart-amazonr_4927
right-2478,dn7-walmart-amazonr_4928
right-2479,dn7-walmart-amazonr_4931
right-2480,dn7-walmart-amazonr_4932
right-2481,dn7-walmart-amazonr_4936
right-2482,dn7-walmart-amazonr_4938
right-2483,dn7-walmart-amazonr_4941
right-2484,dn7-walmart-amazonr_4942
right-2485,dn7-walmart-amazonr_4946
right-2486,dn7-walmart-amazonr_4947
right-2487,dn7-walmart-amazonr_4958
right-2488,dn7-walmart-amazonr_4960
right-2489,dn7-walmart-amazonr_4961
right-2490,dn7-walmart-amazonr_4963
right-2491,dn7-walmart-amazonr_4965
right-2492,dn7-walmart-amazonr_4966
right-2493,dn7-walmart-amazonr_4971
right-2494,dn7-walmart-amazonr_4972
right-2495,dn7-walmart-amazonr_4973
right-2496,dn7-walmart-amazonr_4974
right-2497,dn7-walmart-amazonr_4975
right-2498,dn7-walmart-amazonr_4977
right-2499,dn7-walmart-amazonr_4979
right-2500,dn7-walmart-amazonr_4980
right-2501,dn7-walmart-amazonr_4982
right-2502,dn7-walmart-amazonr_4985
right-2503,dn7-walmart-amazonr_4987
right-2504,dn7-walmart-amazonr_4988
right-2505,dn7-walmart-amazonr_4991
right-2506,dn7-walmart-amazonr_4992
right-2507,dn7-walmart-amazonr_4994
right-2508,dn7-walmart-amazonr_4995
right-2509,dn7-walmart-amazonr_4996
right-2510,dn7-walmart-amazonr_4997
right-2511,dn7-walmart-amazonr_4998
right-2512,dn7-walmart-amazonr_4999
right-2513,dn7-walmart-amazonr_5002
right-2514,dn7-walmart-amazonr_5009
right-2515,dn7-walmart-amazonr_5010
right-2516,dn7-walmart-amazonr_5011
right-2517,dn7-walmart-amazonr_5013
right-2518,dn7-walmart-amazonr_5014
right-2519,dn7-walmart-amazonr_5021
right-2520,dn7-walmart-amazonr_5024
right-2521,dn7-walmart-amazonr_5030
right-2522,dn7-walmart-amazonr_5034
right-2523,dn7-walmart-amazonr_5035
right-2524,dn7-walmart-amazonr_5036
right-2525,dn7-walmart-amazonr_5037
right-2526,dn7-walmart-amazonr_5038
right-2527,dn7-walmart-amazonr_5041
right-2528,dn7-walmart-amazonr_5043
right-2529,dn7-walmart-amazonr_5044
right-2530,dn7-walmart-amazonr_5045
right-2531,dn7-walmart-amazonr_5049
right-2532,dn7-walmart-amazonr_5050
right-2533,dn7-walmart-amazonr_5051
right-2534,dn7-walmart-amazonr_5052
right-2535,dn7-walmart-amazonr_5055
right-2536,dn7-walmart-amazonr_5061
right-2537,dn7-walmart-amazonr_5063
right-2538,dn7-walmart-amazonr_5064
right-2539,dn7-walmart-amazonr_5065
right-2540,dn7-walmart-amazonr_5067
right-2541,dn7-walmart-amazonr_5069
right-2542,dn7-walmart-amazonr_5070
right-2543,dn7-walmart-amazonr_5071
right-2544,dn7-walmart-amazonr_5076
right-2545,dn7-walmart-amazonr_5080
right-2546,dn7-walmart-amazonr_5081
right-2547,dn7-walmart-amazonr_5089
right-2548,dn7-walmart-amazonr_5093
right-2549,dn7-walmart-amazonr_5094
right-2550,dn7-walmart-amazonr_5095
right-2551,dn7-walmart-amazonr_5103
right-2552,dn7-walmart-amazonr_5106
right-2553,dn7-walmart-amazonr_5107
right-2554,dn7-walmart-amazonr_5116
right-2555,dn7-walmart-amazonr_5117
right-2556,dn7-walmart-amazonr_5118
right-2557,dn7-walmart-amazonr_5119
right-2558,dn7-walmart-amazonr_5120
right-2559,dn7-walmart-amazonr_5124
right-2560,dn7-walmart-amazonr_5126
right-2561,dn7-walmart-amazonr_5127
right-2562,dn7-walmart-amazonr_5130
right-2563,dn7-walmart-amazonr_5134
right-2564,dn7-walmart-amazonr_5135
right-2565,dn7-walmart-amazonr_5136
right-2566,dn7-walmart-amazonr_5137
right-2567,dn7-walmart-amazonr_5138
right-2568,dn7-walmart-amazonr_5141
right-2569,dn7-walmart-amazonr_5144
right-2570,dn7-walmart-amazonr_5146
right-2571,dn7-walmart-amazonr_5147
right-2572,dn7-walmart-amazonr_5149
right-2573,dn7-walmart-amazonr_5150
right-2574,dn7-walmart-amazonr_5151
right-2575,dn7-walmart-amazonr_5153
right-2576,dn7-walmart-amazonr_5157
right-2577,dn7-walmart-amazonr_5162
right-2578,dn7-walmart-amazonr_5163
right-2579,dn7-walmart-amazonr_5172
right-2580,dn7-walmart-amazonr_5174
right-2581,dn7-walmart-amazonr_5175
right-2582,dn7-walmart-amazonr_5177
right-2583,dn7-walmart-amazonr_5179
right-2584,dn7-walmart-amazonr_5185
right-2585,dn7-walmart-amazonr_5191
right-2586,dn7-walmart-amazonr_5192
right-2587,dn7-walmart-amazonr_5194
right-2588,dn7-walmart-amazonr_5197
right-2589,dn7-walmart-amazonr_5200
right-2590,dn7-walmart-amazonr_5202
right-2591,dn7-walmart-amazonr_5203
right-2592,dn7-walmart-amazonr_5204
right-2593,dn7-walmart-amazonr_5205
right-2594,dn7-walmart-amazonr_5206
right-2595,dn7-walmart-amazonr_5207
right-2596,dn7-walmart-amazonr_5208
right-2597,dn7-walmart-amazonr_5209
right-2598,dn7-walmart-amazonr_5210
right-2599,dn7-walmart-amazonr_5211
right-2600,dn7-walmart-amazonr_5215
right-2601,dn7-walmart-amazonr_5217
right-2602,dn7-walmart-amazonr_5223
right-2603,dn7-walmart-amazonr_5224
right-2604,dn7-walmart-amazonr_5226
right-2605,dn7-walmart-amazonr_5228
right-2606,dn7-walmart-amazonr_5229
right-2607,dn7-walmart-amazonr_5230
right-2608,dn7-walmart-amazonr_5234
right-2609,dn7-walmart-amazonr_5235
right-2610,dn7-walmart-amazonr_5237
right-2611,dn7-walmart-amazonr_5238
right-2612,dn7-walmart-amazonr_5240
right-2613,dn7-walmart-amazonr_5242
right-2614,dn7-walmart-amazonr_5244
right-2615,dn7-walmart-amazonr_5247
right-2616,dn7-walmart-amazonr_5248
right-2617,dn7-walmart-amazonr_5249
right-2618,dn7-walmart-amazonr_5250
right-2619,dn7-walmart-amazonr_5253
right-2620,dn7-walmart-amazonr_5255
right-2621,dn7-walmart-amazonr_5257
right-2622,dn7-walmart-amazonr_5258
right-2623,dn7-walmart-amazonr_5259
right-2624,dn7-walmart-amazonr_5260
right-2625,dn7-walmart-amazonr_5266
right-2626,dn7-walmart-amazonr_5267
right-2627,dn7-walmart-amazonr_5268
right-2628,dn7-walmart-amazonr_5269
right-2629,dn7-walmart-amazonr_5270
right-2630,dn7-walmart-amazonr_5273
right-2631,dn7-walmart-amazonr_5274
right-2632,dn7-walmart-amazonr_5275
right-2633,dn7-walmart-amazonr_5276
right-2634,dn7-walmart-amazonr_5284
right-2635,dn7-walmart-amazonr_5285
right-2636,dn7-walmart-amazonr_5287
right-2637,dn7-walmart-amazonr_5297
right-2638,dn7-walmart-amazonr_5300
right-2639,dn7-walmart-amazonr_5301
right-2640,dn7-walmart-amazonr_5302
right-2641,dn7-walmart-amazonr_5303
right-2642,dn7-walmart-amazonr_5307
right-2643,dn7-walmart-amazonr_5308
right-2644,dn7-walmart-amazonr_5309
right-2645,dn7-walmart-amazonr_5311
right-2646,dn7-walmart-amazonr_5312
right-2647,dn7-walmart-amazonr_5319
right-2648,dn7-walmart-amazonr_5320
right-2649,dn7-walmart-amazonr_5323
right-2650,dn7-walmart-amazonr_5324
right-2651,dn7-walmart-amazonr_5328
right-2652,dn7-walmart-amazonr_5329
right-2653,dn7-walmart-amazonr_5330
right-2654,dn7-walmart-amazonr_5331
right-2655,dn7-walmart-amazonr_5332
right-2656,dn7-walmart-amazonr_5339
right-2657,dn7-walmart-amazonr_5341
right-2658,dn7-walmart-amazonr_5342
right-2659,dn7-walmart-amazonr_5343
right-2660,dn7-walmart-amazonr_5344
right-2661,dn7-walmart-amazonr_5345
right-2662,dn7-walmart-amazonr_5352
right-2663,dn7-walmart-amazonr_5354
right-2664,dn7-walmart-amazonr_5358
right-2665,dn7-walmart-amazonr_5359
right-2666,dn7-walmart-amazonr_5361
right-2667,dn7-walmart-amazonr_5363
right-2668,dn7-walmart-amazonr_5364
right-2669,dn7-walmart-amazonr_5366
right-2670,dn7-walmart-amazonr_5367
right-2671,dn7-walmart-amazonr_5368
right-2672,dn7-walmart-amazonr_5369
right-2673,dn7-walmart-amazonr_5371
right-2674,dn7-walmart-amazonr_5378
right-2675,dn7-walmart-amazonr_5380
right-2676,dn7-walmart-amazonr_5381
right-2677,dn7-walmart-amazonr_5382
right-2678,dn7-walmart-amazonr_5383
right-2679,dn7-walmart-amazonr_5384
right-2680,dn7-walmart-amazonr_5385
right-2681,dn7-walmart-amazonr_5386
right-2682,dn7-walmart-amazonr_5387
right-2683,dn7-walmart-amazonr_5389
right-2684,dn7-walmart-amazonr_5390
right-2685,dn7-walmart-amazonr_5395
right-2686,dn7-walmart-amazonr_5396
right-2687,dn7-walmart-amazonr_5397
right-2688,dn7-walmart-amazonr_5398
right-2689,dn7-walmart-amazonr_5399
right-2690,dn7-walmart-amazonr_5402
right-2691,dn7-walmart-amazonr_5403
right-2692,dn7-walmart-amazonr_5407
right-2693,dn7-walmart-amazonr_5410
right-2694,dn7-walmart-amazonr_5411
right-2695,dn7-walmart-amazonr_5413
right-2696,dn7-walmart-amazonr_5418
right-2697,dn7-walmart-amazonr_5419
right-2698,dn7-walmart-amazonr_5420
right-2699,dn7-walmart-amazonr_5421
right-2700,dn7-walmart-amazonr_5422
right-2701,dn7-walmart-amazonr_5423
right-2702,dn7-walmart-amazonr_5424
right-2703,dn7-walmart-amazonr_5425
right-2704,dn7-walmart-amazonr_5426
right-2705,dn7-walmart-amazonr_5427
right-2706,dn7-walmart-amazonr_5428
right-2707,dn7-walmart-amazonr_5430
right-2708,dn7-walmart-amazonr_5431
right-2709,dn7-walmart-amazonr_5434
right-2710,dn7-walmart-amazonr_5438
right-2711,dn7-walmart-amazonr_5439
right-2712,dn7-walmart-amazonr_5444
right-2713,dn7-walmart-amazonr_5450
right-2714,dn7-walmart-amazonr_5453
right-2715,dn7-walmart-amazonr_5454
right-2716,dn7-walmart-amazonr_5456
right-2717,dn7-walmart-amazonr_5458
right-2718,dn7-walmart-amazonr_5459
right-2719,dn7-walmart-amazonr_5462
right-2720,dn7-walmart-amazonr_5467
right-2721,dn7-walmart-amazonr_5470
right-2722,dn7-walmart-amazonr_5471
right-2723,dn7-walmart-amazonr_5472
right-2724,dn7-walmart-amazonr_5474
right-2725,dn7-walmart-amazonr_5477
right-2726,dn7-walmart-amazonr_5478
right-2727,dn7-walmart-amazonr_5479
right-2728,dn7-walmart-amazonr_5480
right-2729,dn7-walmart-amazonr_5481
right-2730,dn7-walmart-amazonr_5482
right-2731,dn7-walmart-amazonr_5486
right-2732,dn7-walmart-amazonr_5487
right-2733,dn7-walmart-amazonr_5489
right-2734,dn7-walmart-amazonr_5490
right-2735,dn7-walmart-amazonr_5491
right-2736,dn7-walmart-amazonr_5497
right-2737,dn7-walmart-amazonr_5498
right-2738,dn7-walmart-amazonr_5504
right-2739,dn7-walmart-amazonr_5506
right-2740,dn7-walmart-amazonr_5507
right-2741,dn7-walmart-amazonr_5511
right-2742,dn7-walmart-amazonr_5512
right-2743,dn7-walmart-amazonr_5514
right-2744,dn7-walmart-amazonr_5515
right-2745,dn7-walmart-amazonr_5517
right-2746,dn7-walmart-amazonr_5518
right-2747,dn7-walmart-amazonr_5519
right-2748,dn7-walmart-amazonr_5523
right-2749,dn7-walmart-amazonr_5525
right-2750,dn7-walmart-amazonr_5528
right-2751,dn7-walmart-amazonr_5529
right-2752,dn7-walmart-amazonr_5531
right-2753,dn7-walmart-amazonr_5533
right-2754,dn7-walmart-amazonr_5535
right-2755,dn7-walmart-amazonr_5536
right-2756,dn7-walmart-amazonr_5538
right-2757,dn7-walmart-amazonr_5540
right-2758,dn7-walmart-amazonr_5542
right-2759,dn7-walmart-amazonr_5543
right-2760,dn7-walmart-amazonr_5547
right-2761,dn7-walmart-amazonr_5548
right-2762,dn7-walmart-amazonr_5549
right-2763,dn7-walmart-amazonr_5554
right-2764,dn7-walmart-amazonr_5555
right-2765,dn7-walmart-amazonr_5559
right-2766,dn7-walmart-amazonr_5560
right-2767,dn7-walmart-amazonr_5561
right-2768,dn7-walmart-amazonr_5564
right-2769,dn7-walmart-amazonr_5565
right-2770,dn7-walmart-amazonr_5567
right-2771,dn7-walmart-amazonr_5568
right-2772,dn7-walmart-amazonr_5571
right-2773,dn7-walmart-amazonr_5572
right-2774,dn7-walmart-amazonr_5573
right-2775,dn7-walmart-amazonr_5577
right-2776,dn7-walmart-amazonr_5578
right-2777,dn7-walmart-amazonr_5582
right-2778,dn7-walmart-amazonr_5584
right-2779,dn7-walmart-amazonr_5585
right-2780,dn7-walmart-amazonr_5588
right-2781,dn7-walmart-amazonr_5589
right-2782,dn7-walmart-amazonr_5590
right-2783,dn7-walmart-amazonr_5593
right-2784,dn7-walmart-amazonr_5594
right-2785,dn7-walmart-amazonr_5595
right-2786,dn7-walmart-amazonr_5598
right-2787,dn7-walmart-amazonr_5600
right-2788,dn7-walmart-amazonr_5601
right-2789,dn7-walmart-amazonr_5603
right-2790,dn7-walmart-amazonr_5604
right-2791,dn7-walmart-amazonr_5605
right-2792,dn7-walmart-amazonr_5606
right-2793,dn7-walmart-amazonr_5607
right-2794,dn7-walmart-amazonr_5614
right-2795,dn7-walmart-amazonr_5618
right-2796,dn7-walmart-amazonr_5619
right-2797,dn7-walmart-amazonr_5621
right-2798,dn7-walmart-amazonr_5624
right-2799,dn7-walmart-amazonr_5626
right-2800,dn7-walmart-amazonr_5628
right-2801,dn7-walmart-amazonr_5630
right-2802,dn7-walmart-amazonr_5635
right-2803,dn7-walmart-amazonr_5636
right-2804,dn7-walmart-amazonr_5637
right-2805,dn7-walmart-amazonr_5639
right-2806,dn7-walmart-amazonr_5642
right-2807,dn7-walmart-amazonr_5646
right-2808,dn7-walmart-amazonr_5650
right-2809,dn7-walmart-amazonr_5651
right-2810,dn7-walmart-amazonr_5653
right-2811,dn7-walmart-amazonr_5654
right-2812,dn7-walmart-amazonr_5657
right-2813,dn7-walmart-amazonr_5659
right-2814,dn7-walmart-amazonr_5660
right-2815,dn7-walmart-amazonr_5661
right-2816,dn7-walmart-amazonr_5663
right-2817,dn7-walmart-amazonr_5664
right-2818,dn7-walmart-amazonr_5665
right-2819,dn7-walmart-amazonr_5666
right-2820,dn7-walmart-amazonr_5668
right-2821,dn7-walmart-amazonr_5669
right-2822,dn7-walmart-amazonr_5670
right-2823,dn7-walmart-amazonr_5671
right-2824,dn7-walmart-amazonr_5672
right-2825,dn7-walmart-amazonr_5673
right-2826,dn7-walmart-amazonr_5675
right-2827,dn7-walmart-amazonr_5679
right-2828,dn7-walmart-amazonr_5680
right-2829,dn7-walmart-amazonr_5682
right-2830,dn7-walmart-amazonr_5684
right-2831,dn7-walmart-amazonr_5685
right-2832,dn7-walmart-amazonr_5686
right-2833,dn7-walmart-amazonr_5687
right-2834,dn7-walmart-amazonr_5688
right-2835,dn7-walmart-amazonr_5690
right-2836,dn7-walmart-amazonr_5696
right-2837,dn7-walmart-amazonr_5699
right-2838,dn7-walmart-amazonr_5706
right-2839,dn7-walmart-amazonr_5708
right-2840,dn7-walmart-amazonr_5709
right-2841,dn7-walmart-amazonr_5711
right-2842,dn7-walmart-amazonr_5716
right-2843,dn7-walmart-amazonr_5721
right-2844,dn7-walmart-amazonr_5722
right-2845,dn7-walmart-amazonr_5723
right-2846,dn7-walmart-amazonr_5724
right-2847,dn7-walmart-amazonr_5725
right-2848,dn7-walmart-amazonr_5728
right-2849,dn7-walmart-amazonr_5730
right-2850,dn7-walmart-amazonr_5733
right-2851,dn7-walmart-amazonr_5734
right-2852,dn7-walmart-amazonr_5737
right-2853,dn7-walmart-amazonr_5741
right-2854,dn7-walmart-amazonr_5742
right-2855,dn7-walmart-amazonr_5747
right-2856,dn7-walmart-amazonr_5751
right-2857,dn7-walmart-amazonr_5756
right-2858,dn7-walmart-amazonr_5757
right-2859,dn7-walmart-amazonr_5766
right-2860,dn7-walmart-amazonr_5767
right-2861,dn7-walmart-amazonr_5771
right-2862,dn7-walmart-amazonr_5773
right-2863,dn7-walmart-amazonr_5774
right-2864,dn7-walmart-amazonr_5776
right-2865,dn7-walmart-amazonr_5777
right-2866,dn7-walmart-amazonr_5782
right-2867,dn7-walmart-amazonr_5787
right-2868,dn7-walmart-amazonr_5788
right-2869,dn7-walmart-amazonr_5789
right-2870,dn7-walmart-amazonr_5793
right-2871,dn7-walmart-amazonr_5796
right-2872,dn7-walmart-amazonr_5799
right-2873,dn7-walmart-amazonr_5800
right-2874,dn7-walmart-amazonr_5803
right-2875,dn7-walmart-amazonr_5805
right-2876,dn7-walmart-amazonr_5806
right-2877,dn7-walmart-amazonr_5807
right-2878,dn7-walmart-amazonr_5811
right-2879,dn7-walmart-amazonr_5812
right-2880,dn7-walmart-amazonr_5816
right-2881,dn7-walmart-amazonr_5817
right-2882,dn7-walmart-amazonr_5818
right-2883,dn7-walmart-amazonr_5820
right-2884,dn7-walmart-amazonr_5821
right-2885,dn7-walmart-amazonr_5824
right-2886,dn7-walmart-amazonr_5832
right-2887,dn7-walmart-amazonr_5836
right-2888,dn7-walmart-amazonr_5842
right-2889,dn7-walmart-amazonr_5843
right-2890,dn7-walmart-amazonr_5846
right-2891,dn7-walmart-amazonr_5848
right-2892,dn7-walmart-amazonr_5849
right-2893,dn7-walmart-amazonr_5850
right-2894,dn7-walmart-amazonr_5854
right-2895,dn7-walmart-amazonr_5855
right-2896,dn7-walmart-amazonr_5856
right-2897,dn7-walmart-amazonr_5864
right-2898,dn7-walmart-amazonr_5865
right-2899,dn7-walmart-amazonr_5873
right-2900,dn7-walmart-amazonr_5880
right-2901,dn7-walmart-amazonr_5883
right-2902,dn7-walmart-amazonr_5884
right-2903,dn7-walmart-amazonr_5885
right-2904,dn7-walmart-amazonr_5886
right-2905,dn7-walmart-amazonr_5888
right-2906,dn7-walmart-amazonr_5891
right-2907,dn7-walmart-amazonr_5895
right-2908,dn7-walmart-amazonr_5896
right-2909,dn7-walmart-amazonr_5898
right-2910,dn7-walmart-amazonr_5899
right-2911,dn7-walmart-amazonr_5900
right-2912,dn7-walmart-amazonr_5902
right-2913,dn7-walmart-amazonr_5905
right-2914,dn7-walmart-amazonr_5907
right-2915,dn7-walmart-amazonr_5912
right-2916,dn7-walmart-amazonr_5915
right-2917,dn7-walmart-amazonr_5916
right-2918,dn7-walmart-amazonr_5917
right-2919,dn7-walmart-amazonr_5918
right-2920,dn7-walmart-amazonr_5923
right-2921,dn7-walmart-amazonr_5924
right-2922,dn7-walmart-amazonr_5925
right-2923,dn7-walmart-amazonr_5927
right-2924,dn7-walmart-amazonr_5930
right-2925,dn7-walmart-amazonr_5935
right-2926,dn7-walmart-amazonr_5937
right-2927,dn7-walmart-amazonr_5940
right-2928,dn7-walmart-amazonr_5941
right-2929,dn7-walmart-amazonr_5942
right-2930,dn7-walmart-amazonr_5944
right-2931,dn7-walmart-amazonr_5945
right-2932,dn7-walmart-amazonr_5948
right-2933,dn7-walmart-amazonr_5952
right-2934,dn7-walmart-amazonr_5953
right-2935,dn7-walmart-amazonr_5954
right-2936,dn7-walmart-amazonr_5955
right-2937,dn7-walmart-amazonr_5957
right-2938,dn7-walmart-amazonr_5958
right-2939,dn7-walmart-amazonr_5959
right-2940,dn7-walmart-amazonr_5960
right-2941,dn7-walmart-amazonr_5964
right-2942,dn7-walmart-amazonr_5966
right-2943,dn7-walmart-amazonr_5968
right-2944,dn7-walmart-amazonr_5970
right-2945,dn7-walmart-amazonr_5971
right-2946,dn7-walmart-amazonr_5973
right-2947,dn7-walmart-amazonr_5974
right-2948,dn7-walmart-amazonr_5975
right-2949,dn7-walmart-amazonr_5980
right-2950,dn7-walmart-amazonr_5984
right-2951,dn7-walmart-amazonr_5985
right-2952,dn7-walmart-amazonr_5986
right-2953,dn7-walmart-amazonr_5989
right-2954,dn7-walmart-amazonr_5990
right-2955,dn7-walmart-amazonr_5991
right-2956,dn7-walmart-amazonr_5992
right-2957,dn7-walmart-amazonr_5993
right-2958,dn7-walmart-amazonr_5994
right-2959,dn7-walmart-amazonr_5995
right-2960,dn7-walmart-amazonr_5997
right-2961,dn7-walmart-amazonr_5998
right-2962,dn7-walmart-amazonr_5999
right-2963,dn7-walmart-amazonr_6000
right-2964,dn7-walmart-amazonr_6002
right-2965,dn7-walmart-amazonr_6003
right-2966,dn7-walmart-amazonr_6005
right-2967,dn7-walmart-amazonr_6006
right-2968,dn7-walmart-amazonr_6009
right-2969,dn7-walmart-amazonr_6011
right-2970,dn7-walmart-amazonr_6012
right-2971,dn7-walmart-amazonr_6013
right-2972,dn7-walmart-amazonr_6017
right-2973,dn7-walmart-amazonr_6018
right-2974,dn7-walmart-amazonr_6020
right-2975,dn7-walmart-amazonr_6022
right-2976,dn7-walmart-amazonr_6023
right-2977,dn7-walmart-amazonr_6024
right-2978,dn7-walmart-amazonr_6025
right-2979,dn7-walmart-amazonr_6026
right-2980,dn7-walmart-amazonr_6027
right-2981,dn7-walmart-amazonr_6029
right-2982,dn7-walmart-amazonr_6031
right-2983,dn7-walmart-amazonr_6032
right-2984,dn7-walmart-amazonr_6033
right-2985,dn7-walmart-amazonr_6036
right-2986,dn7-walmart-amazonr_6040
right-2987,dn7-walmart-amazonr_6043
right-2988,dn7-walmart-amazonr_6046
right-2989,dn7-walmart-amazonr_6048
right-2990,dn7-walmart-amazonr_6051
right-2991,dn7-walmart-amazonr_6052
right-2992,dn7-walmart-amazonr_6053
right-2993,dn7-walmart-amazonr_6060
right-2994,dn7-walmart-amazonr_6061
right-2995,dn7-walmart-amazonr_6063
right-2996,dn7-walmart-amazonr_6065
right-2997,dn7-walmart-amazonr_6069
right-2998,dn7-walmart-amazonr_6070
right-2999,dn7-walmart-amazonr_6071
right-3000,dn7-walmart-amazonr_6072
right-3001,dn7-walmart-amazonr_6075
right-3002,dn7-walmart-amazonr_6079
right-3003,dn7-walmart-amazonr_6080
right-3004,dn7-walmart-amazonr_6081
right-3005,dn7-walmart-amazonr_6083
right-3006,dn7-walmart-amazonr_6084
right-3007,dn7-walmart-amazonr_6085
right-3008,dn7-walmart-amazonr_6087
right-3009,dn7-walmart-amazonr_6088
right-3010,dn7-walmart-amazonr_6091
right-3011,dn7-walmart-amazonr_6095
right-3012,dn7-walmart-amazonr_6096
right-3013,dn7-walmart-amazonr_6097
right-3014,dn7-walmart-amazonr_6099
right-3015,dn7-walmart-amazonr_6101
right-3016,dn7-walmart-amazonr_6103
right-3017,dn7-walmart-amazonr_6105
right-3018,dn7-walmart-amazonr_6108
right-3019,dn7-walmart-amazonr_6109
right-3020,dn7-walmart-amazonr_6111
right-3021,dn7-walmart-amazonr_6113
right-3022,dn7-walmart-amazonr_6114
right-3023,dn7-walmart-amazonr_6115
right-3024,dn7-walmart-amazonr_6116
right-3025,dn7-walmart-amazonr_6123
right-3026,dn7-walmart-amazonr_6126
right-3027,dn7-walmart-amazonr_6129
right-3028,dn7-walmart-amazonr_6130
right-3029,dn7-walmart-amazonr_6131
right-3030,dn7-walmart-amazonr_6132
right-3031,dn7-walmart-amazonr_6139
right-3032,dn7-walmart-amazonr_6140
right-3033,dn7-walmart-amazonr_6143
right-3034,dn7-walmart-amazonr_6145
right-3035,dn7-walmart-amazonr_6147
right-3036,dn7-walmart-amazonr_6149
right-3037,dn7-walmart-amazonr_6150
right-3038,dn7-walmart-amazonr_6152
right-3039,dn7-walmart-amazonr_6153
right-3040,dn7-walmart-amazonr_6154
right-3041,dn7-walmart-amazonr_6156
right-3042,dn7-walmart-amazonr_6158
right-3043,dn7-walmart-amazonr_6165
right-3044,dn7-walmart-amazonr_6166
right-3045,dn7-walmart-amazonr_6167
right-3046,dn7-walmart-amazonr_6168
right-3047,dn7-walmart-amazonr_6171
right-3048,dn7-walmart-amazonr_6172
right-3049,dn7-walmart-amazonr_6173
right-3050,dn7-walmart-amazonr_6174
right-3051,dn7-walmart-amazonr_6177
right-3052,dn7-walmart-amazonr_6181
right-3053,dn7-walmart-amazonr_6182
right-3054,dn7-walmart-amazonr_6183
right-3055,dn7-walmart-amazonr_6184
right-3056,dn7-walmart-amazonr_6185
right-3057,dn7-walmart-amazonr_6186
right-3058,dn7-walmart-amazonr_6188
right-3059,dn7-walmart-amazonr_6189
right-3060,dn7-walmart-amazonr_6192
right-3061,dn7-walmart-amazonr_6194
right-3062,dn7-walmart-amazonr_6195
right-3063,dn7-walmart-amazonr_6197
right-3064,dn7-walmart-amazonr_6200
right-3065,dn7-walmart-amazonr_6201
right-3066,dn7-walmart-amazonr_6202
right-3067,dn7-walmart-amazonr_6203
right-3068,dn7-walmart-amazonr_6204
right-3069,dn7-walmart-amazonr_6206
right-3070,dn7-walmart-amazonr_6210
right-3071,dn7-walmart-amazonr_6211
right-3072,dn7-walmart-amazonr_6212
right-3073,dn7-walmart-amazonr_6215
right-3074,dn7-walmart-amazonr_6216
right-3075,dn7-walmart-amazonr_6217
right-3076,dn7-walmart-amazonr_6222
right-3077,dn7-walmart-amazonr_6230
right-3078,dn7-walmart-amazonr_6235
right-3079,dn7-walmart-amazonr_6236
right-3080,dn7-walmart-amazonr_6239
right-3081,dn7-walmart-amazonr_6240
right-3082,dn7-walmart-amazonr_6242
right-3083,dn7-walmart-amazonr_6243
right-3084,dn7-walmart-amazonr_6245
right-3085,dn7-walmart-amazonr_6246
right-3086,dn7-walmart-amazonr_6249
right-3087,dn7-walmart-amazonr_6250
right-3088,dn7-walmart-amazonr_6251
right-3089,dn7-walmart-amazonr_6253
right-3090,dn7-walmart-amazonr_6256
right-3091,dn7-walmart-amazonr_6257
right-3092,dn7-walmart-amazonr_6259
right-3093,dn7-walmart-amazonr_6260
right-3094,dn7-walmart-amazonr_6261
right-3095,dn7-walmart-amazonr_6262
right-3096,dn7-walmart-amazonr_6263
right-3097,dn7-walmart-amazonr_6264
right-3098,dn7-walmart-amazonr_6265
right-3099,dn7-walmart-amazonr_6266
right-3100,dn7-walmart-amazonr_6267
right-3101,dn7-walmart-amazonr_6268
right-3102,dn7-walmart-amazonr_6270
right-3103,dn7-walmart-amazonr_6271
right-3104,dn7-walmart-amazonr_6272
right-3105,dn7-walmart-amazonr_6273
right-3106,dn7-walmart-amazonr_6275
right-3107,dn7-walmart-amazonr_6279
right-3108,dn7-walmart-amazonr_6280
right-3109,dn7-walmart-amazonr_6282
right-3110,dn7-walmart-amazonr_6284
right-3111,dn7-walmart-amazonr_6285
right-3112,dn7-walmart-amazonr_6286
right-3113,dn7-walmart-amazonr_6287
right-3114,dn7-walmart-amazonr_6289
right-3115,dn7-walmart-amazonr_6291
right-3116,dn7-walmart-amazonr_6298
right-3117,dn7-walmart-amazonr_6300
right-3118,dn7-walmart-amazonr_6301
right-3119,dn7-walmart-amazonr_6302
right-3120,dn7-walmart-amazonr_6305
right-3121,dn7-walmart-amazonr_6307
right-3122,dn7-walmart-amazonr_6308
right-3123,dn7-walmart-amazonr_6309
right-3124,dn7-walmart-amazonr_6310
right-3125,dn7-walmart-amazonr_6311
right-3126,dn7-walmart-amazonr_6312
right-3127,dn7-walmart-amazonr_6315
right-3128,dn7-walmart-amazonr_6316
right-3129,dn7-walmart-amazonr_6317
right-3130,dn7-walmart-amazonr_6318
right-3131,dn7-walmart-amazonr_6319
right-3132,dn7-walmart-amazonr_6321
right-3133,dn7-walmart-amazonr_6322
right-3134,dn7-walmart-amazonr_6324
right-3135,dn7-walmart-amazonr_6327
right-3136,dn7-walmart-amazonr_6328
right-3137,dn7-walmart-amazonr_6329
right-3138,dn7-walmart-amazonr_6330
right-3139,dn7-walmart-amazonr_6332
right-3140,dn7-walmart-amazonr_6334
right-3141,dn7-walmart-amazonr_6335
right-3142,dn7-walmart-amazonr_6336
right-3143,dn7-walmart-amazonr_6337
right-3144,dn7-walmart-amazonr_6339
right-3145,dn7-walmart-amazonr_6340
right-3146,dn7-walmart-amazonr_6343
right-3147,dn7-walmart-amazonr_6344
right-3148,dn7-walmart-amazonr_6346
right-3149,dn7-walmart-amazonr_6349
right-3150,dn7-walmart-amazonr_6350
right-3151,dn7-walmart-amazonr_6352
right-3152,dn7-walmart-amazonr_6354
right-3153,dn7-walmart-amazonr_6356
right-3154,dn7-walmart-amazonr_6359
right-3155,dn7-walmart-amazonr_6360
right-3156,dn7-walmart-amazonr_6362
right-3157,dn7-walmart-amazonr_6363
right-3158,dn7-walmart-amazonr_6364
right-3159,dn7-walmart-amazonr_6367
right-3160,dn7-walmart-amazonr_6369
right-3161,dn7-walmart-amazonr_6371
right-3162,dn7-walmart-amazonr_6373
right-3163,dn7-walmart-amazonr_6376
right-3164,dn7-walmart-amazonr_6377
right-3165,dn7-walmart-amazonr_6378
right-3166,dn7-walmart-amazonr_6379
right-3167,dn7-walmart-amazonr_6381
right-3168,dn7-walmart-amazonr_6382
right-3169,dn7-walmart-amazonr_6384
right-3170,dn7-walmart-amazonr_6385
right-3171,dn7-walmart-amazonr_6386
right-3172,dn7-walmart-amazonr_6387
right-3173,dn7-walmart-amazonr_6388
right-3174,dn7-walmart-amazonr_6389
right-3175,dn7-walmart-amazonr_6390
right-3176,dn7-walmart-amazonr_6396
right-3177,dn7-walmart-amazonr_6397
right-3178,dn7-walmart-amazonr_6399
right-3179,dn7-walmart-amazonr_6400
right-3180,dn7-walmart-amazonr_6401
right-3181,dn7-walmart-amazonr_6402
right-3182,dn7-walmart-amazonr_6406
right-3183,dn7-walmart-amazonr_6407
right-3184,dn7-walmart-amazonr_6408
right-3185,dn7-walmart-amazonr_6409
right-3186,dn7-walmart-amazonr_6412
right-3187,dn7-walmart-amazonr_6414
right-3188,dn7-walmart-amazonr_6417
right-3189,dn7-walmart-amazonr_6418
right-3190,dn7-walmart-amazonr_6420
right-3191,dn7-walmart-amazonr_6421
right-3192,dn7-walmart-amazonr_6423
right-3193,dn7-walmart-amazonr_6425
right-3194,dn7-walmart-amazonr_6426
right-3195,dn7-walmart-amazonr_6428
right-3196,dn7-walmart-amazonr_6430
right-3197,dn7-walmart-amazonr_6433
right-3198,dn7-walmart-amazonr_6437
right-3199,dn7-walmart-amazonr_6438
right-3200,dn7-walmart-amazonr_6439
right-3201,dn7-walmart-amazonr_6440
right-3202,dn7-walmart-amazonr_6442
right-3203,dn7-walmart-amazonr_6443
right-3204,dn7-walmart-amazonr_6444
right-3205,dn7-walmart-amazonr_6446
right-3206,dn7-walmart-amazonr_6448
right-3207,dn7-walmart-amazonr_6450
right-3208,dn7-walmart-amazonr_6451
right-3209,dn7-walmart-amazonr_6452
right-3210,dn7-walmart-amazonr_6453
right-3211,dn7-walmart-amazonr_6454
right-3212,dn7-walmart-amazonr_6457
right-3213,dn7-walmart-amazonr_6458
right-3214,dn7-walmart-amazonr_6459
right-3215,dn7-walmart-amazonr_6460
right-3216,dn7-walmart-amazonr_6464
right-3217,dn7-walmart-amazonr_6465
right-3218,dn7-walmart-amazonr_6466
right-3219,dn7-walmart-amazonr_6468
right-3220,dn7-walmart-amazonr_6470
right-3221,dn7-walmart-amazonr_6473
right-3222,dn7-walmart-amazonr_6474
right-3223,dn7-walmart-amazonr_6475
right-3224,dn7-walmart-amazonr_6476
right-3225,dn7-walmart-amazonr_6477
right-3226,dn7-walmart-amazonr_6478
right-3227,dn7-walmart-amazonr_6479
right-3228,dn7-walmart-amazonr_6480
right-3229,dn7-walmart-amazonr_6482
right-3230,dn7-walmart-amazonr_6485
right-3231,dn7-walmart-amazonr_6487
right-3232,dn7-walmart-amazonr_6489
right-3233,dn7-walmart-amazonr_6494
right-3234,dn7-walmart-amazonr_6497
right-3235,dn7-walmart-amazonr_6499
right-3236,dn7-walmart-amazonr_6500
right-3237,dn7-walmart-amazonr_6501
right-3238,dn7-walmart-amazonr_6502
right-3239,dn7-walmart-amazonr_6503
right-3240,dn7-walmart-amazonr_6506
right-3241,dn7-walmart-amazonr_6508
right-3242,dn7-walmart-amazonr_6510
right-3243,dn7-walmart-amazonr_6512
right-3244,dn7-walmart-amazonr_6513
right-3245,dn7-walmart-amazonr_6516
right-3246,dn7-walmart-amazonr_6517
right-3247,dn7-walmart-amazonr_6519
right-3248,dn7-walmart-amazonr_6524
right-3249,dn7-walmart-amazonr_6526
right-3250,dn7-walmart-amazonr_6533
right-3251,dn7-walmart-amazonr_6534
right-3252,dn7-walmart-amazonr_6535
right-3253,dn7-walmart-amazonr_6536
right-3254,dn7-walmart-amazonr_6537
right-3255,dn7-walmart-amazonr_6538
right-3256,dn7-walmart-amazonr_6539
right-3257,dn7-walmart-amazonr_6540
right-3258,dn7-walmart-amazonr_6541
right-3259,dn7-walmart-amazonr_6545
right-3260,dn7-walmart-amazonr_6548
right-3261,dn7-walmart-amazonr_6550
right-3262,dn7-walmart-amazonr_6551
right-3263,dn7-walmart-amazonr_6555
right-3264,dn7-walmart-amazonr_6556
right-3265,dn7-walmart-amazonr_6557
right-3266,dn7-walmart-amazonr_6561
right-3267,dn7-walmart-amazonr_6563
right-3268,dn7-walmart-amazonr_6565
right-3269,dn7-walmart-amazonr_6566
right-3270,dn7-walmart-amazonr_6567
right-3271,dn7-walmart-amazonr_6568
right-3272,dn7-walmart-amazonr_6570
right-3273,dn7-walmart-amazonr_6573
right-3274,dn7-walmart-amazonr_6574
right-3275,dn7-walmart-amazonr_6579
right-3276,dn7-walmart-amazonr_6583
right-3277,dn7-walmart-amazonr_6584
right-3278,dn7-walmart-amazonr_6586
right-3279,dn7-walmart-amazonr_6587
right-3280,dn7-walmart-amazonr_6588
right-3281,dn7-walmart-amazonr_6590
right-3282,dn7-walmart-amazonr_6592
right-3283,dn7-walmart-amazonr_6593
right-3284,dn7-walmart-amazonr_6598
right-3285,dn7-walmart-amazonr_6601
right-3286,dn7-walmart-amazonr_6605
right-3287,dn7-walmart-amazonr_6607
right-3288,dn7-walmart-amazonr_6608
right-3289,dn7-walmart-amazonr_6609
right-3290,dn7-walmart-amazonr_6610
right-3291,dn7-walmart-amazonr_6613
right-3292,dn7-walmart-amazonr_6614
right-3293,dn7-walmart-amazonr_6615
right-3294,dn7-walmart-amazonr_6616
right-3295,dn7-walmart-amazonr_6617
right-3296,dn7-walmart-amazonr_6619
right-3297,dn7-walmart-amazonr_6620
right-3298,dn7-walmart-amazonr_6621
right-3299,dn7-walmart-amazonr_6626
right-3300,dn7-walmart-amazonr_6630
right-3301,dn7-walmart-amazonr_6631
right-3302,dn7-walmart-amazonr_6632
right-3303,dn7-walmart-amazonr_6637
right-3304,dn7-walmart-amazonr_6638
right-3305,dn7-walmart-amazonr_6639
right-3306,dn7-walmart-amazonr_6643
right-3307,dn7-walmart-amazonr_6646
right-3308,dn7-walmart-amazonr_6650
right-3309,dn7-walmart-amazonr_6653
right-3310,dn7-walmart-amazonr_6657
right-3311,dn7-walmart-amazonr_6658
right-3312,dn7-walmart-amazonr_6659
right-3313,dn7-walmart-amazonr_6660
right-3314,dn7-walmart-amazonr_6661
right-3315,dn7-walmart-amazonr_6662
right-3316,dn7-walmart-amazonr_6663
right-3317,dn7-walmart-amazonr_6666
right-3318,dn7-walmart-amazonr_6667
right-3319,dn7-walmart-amazonr_6669
right-3320,dn7-walmart-amazonr_6670
right-3321,dn7-walmart-amazonr_6672
right-3322,dn7-walmart-amazonr_6674
right-3323,dn7-walmart-amazonr_6675
right-3324,dn7-walmart-amazonr_6678
right-3325,dn7-walmart-amazonr_6681
right-3326,dn7-walmart-amazonr_6683
right-3327,dn7-walmart-amazonr_6684
right-3328,dn7-walmart-amazonr_6685
right-3329,dn7-walmart-amazonr_6686
right-3330,dn7-walmart-amazonr_6687
right-3331,dn7-walmart-amazonr_6690
right-3332,dn7-walmart-amazonr_6691
right-3333,dn7-walmart-amazonr_6692
right-3334,dn7-walmart-amazonr_6693
right-3335,dn7-walmart-amazonr_6696
right-3336,dn7-walmart-amazonr_6699
right-3337,dn7-walmart-amazonr_6700
right-3338,dn7-walmart-amazonr_6701
right-3339,dn7-walmart-amazonr_6704
right-3340,dn7-walmart-amazonr_6705
right-3341,dn7-walmart-amazonr_6706
right-3342,dn7-walmart-amazonr_6707
right-3343,dn7-walmart-amazonr_6708
right-3344,dn7-walmart-amazonr_6709
right-3345,dn7-walmart-amazonr_6710
right-3346,dn7-walmart-amazonr_6711
right-3347,dn7-walmart-amazonr_6712
right-3348,dn7-walmart-amazonr_6713
right-3349,dn7-walmart-amazonr_6717
right-3350,dn7-walmart-amazonr_6719
right-3351,dn7-walmart-amazonr_6721
right-3352,dn7-walmart-amazonr_6723
right-3353,dn7-walmart-amazonr_6726
right-3354,dn7-walmart-amazonr_6728
right-3355,dn7-walmart-amazonr_6729
right-3356,dn7-walmart-amazonr_6730
right-3357,dn7-walmart-amazonr_6731
right-3358,dn7-walmart-amazonr_6732
right-3359,dn7-walmart-amazonr_6735
right-3360,dn7-walmart-amazonr_6736
right-3361,dn7-walmart-amazonr_6737
right-3362,dn7-walmart-amazonr_6738
right-3363,dn7-walmart-amazonr_6741
right-3364,dn7-walmart-amazonr_6742
right-3365,dn7-walmart-amazonr_6744
right-3366,dn7-walmart-amazonr_6745
right-3367,dn7-walmart-amazonr_6746
right-3368,dn7-walmart-amazonr_6748
right-3369,dn7-walmart-amazonr_6749
right-3370,dn7-walmart-amazonr_6751
right-3371,dn7-walmart-amazonr_6752
right-3372,dn7-walmart-amazonr_6753
right-3373,dn7-walmart-amazonr_6754
right-3374,dn7-walmart-amazonr_6755
right-3375,dn7-walmart-amazonr_6757
right-3376,dn7-walmart-amazonr_6758
right-3377,dn7-walmart-amazonr_6759
right-3378,dn7-walmart-amazonr_6760
right-3379,dn7-walmart-amazonr_6761
right-3380,dn7-walmart-amazonr_6764
right-3381,dn7-walmart-amazonr_6766
right-3382,dn7-walmart-amazonr_6767
right-3383,dn7-walmart-amazonr_6769
right-3384,dn7-walmart-amazonr_6770
right-3385,dn7-walmart-amazonr_6771
right-3386,dn7-walmart-amazonr_6774
right-3387,dn7-walmart-amazonr_6775
right-3388,dn7-walmart-amazonr_6777
right-3389,dn7-walmart-amazonr_6778
right-3390,dn7-walmart-amazonr_6780
right-3391,dn7-walmart-amazonr_6781
right-3392,dn7-walmart-amazonr_6783
right-3393,dn7-walmart-amazonr_6785
right-3394,dn7-walmart-amazonr_6790
right-3395,dn7-walmart-amazonr_6791
right-3396,dn7-walmart-amazonr_6798
right-3397,dn7-walmart-amazonr_6799
right-3398,dn7-walmart-amazonr_6800
right-3399,dn7-walmart-amazonr_6801
right-3400,dn7-walmart-amazonr_6802
right-3401,dn7-walmart-amazonr_6803
right-3402,dn7-walmart-amazonr_6806
right-3403,dn7-walmart-amazonr_6807
right-3404,dn7-walmart-amazonr_6810
right-3405,dn7-walmart-amazonr_6811
right-3406,dn7-walmart-amazonr_6813
right-3407,dn7-walmart-amazonr_6815
right-3408,dn7-walmart-amazonr_6816
right-3409,dn7-walmart-amazonr_6817
right-3410,dn7-walmart-amazonr_6819
right-3411,dn7-walmart-amazonr_6820
right-3412,dn7-walmart-amazonr_6823
right-3413,dn7-walmart-amazonr_6824
right-3414,dn7-walmart-amazonr_6826
right-3415,dn7-walmart-amazonr_6828
right-3416,dn7-walmart-amazonr_6829
right-3417,dn7-walmart-amazonr_6832
right-3418,dn7-walmart-amazonr_6836
right-3419,dn7-walmart-amazonr_6838
right-3420,dn7-walmart-amazonr_6840
right-3421,dn7-walmart-amazonr_6841
right-3422,dn7-walmart-amazonr_6842
right-3423,dn7-walmart-amazonr_6844
right-3424,dn7-walmart-amazonr_6845
right-3425,dn7-walmart-amazonr_6846
right-3426,dn7-walmart-amazonr_6847
right-3427,dn7-walmart-amazonr_6849
right-3428,dn7-walmart-amazonr_6850
right-3429,dn7-walmart-amazonr_6854
right-3430,dn7-walmart-amazonr_6855
right-3431,dn7-walmart-amazonr_6861
right-3432,dn7-walmart-amazonr_6862
right-3433,dn7-walmart-amazonr_6865
right-3434,dn7-walmart-amazonr_6868
right-3435,dn7-walmart-amazonr_6870
right-3436,dn7-walmart-amazonr_6872
right-3437,dn7-walmart-amazonr_6873
right-3438,dn7-walmart-amazonr_6875
right-3439,dn7-walmart-amazonr_6876
right-3440,dn7-walmart-amazonr_6882
right-3441,dn7-walmart-amazonr_6889
right-3442,dn7-walmart-amazonr_6891
right-3443,dn7-walmart-amazonr_6892
right-3444,dn7-walmart-amazonr_6893
right-3445,dn7-walmart-amazonr_6896
right-3446,dn7-walmart-amazonr_6898
right-3447,dn7-walmart-amazonr_6899
right-3448,dn7-walmart-amazonr_6900
right-3449,dn7-walmart-amazonr_6902
right-3450,dn7-walmart-amazonr_6903
right-3451,dn7-walmart-amazonr_6907
right-3452,dn7-walmart-amazonr_6908
right-3453,dn7-walmart-amazonr_6909
right-3454,dn7-walmart-amazonr_6910
right-3455,dn7-walmart-amazonr_6912
right-3456,dn7-walmart-amazonr_6913
right-3457,dn7-walmart-amazonr_6914
right-3458,dn7-walmart-amazonr_6917
right-3459,dn7-walmart-amazonr_6922
right-3460,dn7-walmart-amazonr_6924
right-3461,dn7-walmart-amazonr_6925
right-3462,dn7-walmart-amazonr_6930
right-3463,dn7-walmart-amazonr_6932
right-3464,dn7-walmart-amazonr_6933
right-3465,dn7-walmart-amazonr_6935
right-3466,dn7-walmart-amazonr_6936
right-3467,dn7-walmart-amazonr_6937
right-3468,dn7-walmart-amazonr_6939
right-3469,dn7-walmart-amazonr_6943
right-3470,dn7-walmart-amazonr_6945
right-3471,dn7-walmart-amazonr_6947
right-3472,dn7-walmart-amazonr_6949
right-3473,dn7-walmart-amazonr_6950
right-3474,dn7-walmart-amazonr_6951
right-3475,dn7-walmart-amazonr_6952
right-3476,dn7-walmart-amazonr_6953
right-3477,dn7-walmart-amazonr_6954
right-3478,dn7-walmart-amazonr_6955
right-3479,dn7-walmart-amazonr_6956
right-3480,dn7-walmart-amazonr_6958
right-3481,dn7-walmart-amazonr_6960
right-3482,dn7-walmart-amazonr_6961
right-3483,dn7-walmart-amazonr_6962
right-3484,dn7-walmart-amazonr_6965
right-3485,dn7-walmart-amazonr_6969
right-3486,dn7-walmart-amazonr_6970
right-3487,dn7-walmart-amazonr_6974
right-3488,dn7-walmart-amazonr_6975
right-3489,dn7-walmart-amazonr_6979
right-3490,dn7-walmart-amazonr_6980
right-3491,dn7-walmart-amazonr_6988
right-3492,dn7-walmart-amazonr_6989
right-3493,dn7-walmart-amazonr_6990
right-3494,dn7-walmart-amazonr_6991
right-3495,dn7-walmart-amazonr_6994
right-3496,dn7-walmart-amazonr_6995
right-3497,dn7-walmart-amazonr_6997
right-3498,dn7-walmart-amazonr_6998
right-3499,dn7-walmart-amazonr_6999
right-3500,dn7-walmart-amazonr_7002
right-3501,dn7-walmart-amazonr_7003
right-3502,dn7-walmart-amazonr_7004
right-3503,dn7-walmart-amazonr_7005
right-3504,dn7-walmart-amazonr_7006
right-3505,dn7-walmart-amazonr_7008
right-3506,dn7-walmart-amazonr_7012
right-3507,dn7-walmart-amazonr_7015
right-3508,dn7-walmart-amazonr_7021
right-3509,dn7-walmart-amazonr_7022
right-3510,dn7-walmart-amazonr_7028
right-3511,dn7-walmart-amazonr_7032
right-3512,dn7-walmart-amazonr_7034
right-3513,dn7-walmart-amazonr_7035
right-3514,dn7-walmart-amazonr_7037
right-3515,dn7-walmart-amazonr_7038
right-3516,dn7-walmart-amazonr_7044
right-3517,dn7-walmart-amazonr_7045
right-3518,dn7-walmart-amazonr_7046
right-3519,dn7-walmart-amazonr_7048
right-3520,dn7-walmart-amazonr_7049
right-3521,dn7-walmart-amazonr_7050
right-3522,dn7-walmart-amazonr_7051
right-3523,dn7-walmart-amazonr_7052
right-3524,dn7-walmart-amazonr_7055
right-3525,dn7-walmart-amazonr_7056
right-3526,dn7-walmart-amazonr_7057
right-3527,dn7-walmart-amazonr_7061
right-3528,dn7-walmart-amazonr_7062
right-3529,dn7-walmart-amazonr_7067
right-3530,dn7-walmart-amazonr_7074
right-3531,dn7-walmart-amazonr_7075
right-3532,dn7-walmart-amazonr_7076
right-3533,dn7-walmart-amazonr_7077
right-3534,dn7-walmart-amazonr_7080
right-3535,dn7-walmart-amazonr_7082
right-3536,dn7-walmart-amazonr_7083
right-3537,dn7-walmart-amazonr_7086
right-3538,dn7-walmart-amazonr_7089
right-3539,dn7-walmart-amazonr_7095
right-3540,dn7-walmart-amazonr_7100
right-3541,dn7-walmart-amazonr_7101
right-3542,dn7-walmart-amazonr_7102
right-3543,dn7-walmart-amazonr_7103
right-3544,dn7-walmart-amazonr_7106
right-3545,dn7-walmart-amazonr_7108
right-3546,dn7-walmart-amazonr_7110
right-3547,dn7-walmart-amazonr_7112
right-3548,dn7-walmart-amazonr_7113
right-3549,dn7-walmart-amazonr_7115
right-3550,dn7-walmart-amazonr_7116
right-3551,dn7-walmart-amazonr_7119
right-3552,dn7-walmart-amazonr_7121
right-3553,dn7-walmart-amazonr_7122
right-3554,dn7-walmart-amazonr_7123
right-3555,dn7-walmart-amazonr_7124
right-3556,dn7-walmart-amazonr_7125
right-3557,dn7-walmart-amazonr_7126
right-3558,dn7-walmart-amazonr_7127
right-3559,dn7-walmart-amazonr_7128
right-3560,dn7-walmart-amazonr_7129
right-3561,dn7-walmart-amazonr_7131
right-3562,dn7-walmart-amazonr_7135
right-3563,dn7-walmart-amazonr_7138
right-3564,dn7-walmart-amazonr_7141
right-3565,dn7-walmart-amazonr_7143
right-3566,dn7-walmart-amazonr_7144
right-3567,dn7-walmart-amazonr_7145
right-3568,dn7-walmart-amazonr_7147
right-3569,dn7-walmart-amazonr_7148
right-3570,dn7-walmart-amazonr_7149
right-3571,dn7-walmart-amazonr_7151
right-3572,dn7-walmart-amazonr_7154
right-3573,dn7-walmart-amazonr_7155
right-3574,dn7-walmart-amazonr_7156
right-3575,dn7-walmart-amazonr_7158
right-3576,dn7-walmart-amazonr_7159
right-3577,dn7-walmart-amazonr_7161
right-3578,dn7-walmart-amazonr_7162
right-3579,dn7-walmart-amazonr_7163
right-3580,dn7-walmart-amazonr_7166
right-3581,dn7-walmart-amazonr_7167
right-3582,dn7-walmart-amazonr_7169
right-3583,dn7-walmart-amazonr_7170
right-3584,dn7-walmart-amazonr_7171
right-3585,dn7-walmart-amazonr_7172
right-3586,dn7-walmart-amazonr_7174
right-3587,dn7-walmart-amazonr_7178
right-3588,dn7-walmart-amazonr_7184
right-3589,dn7-walmart-amazonr_7185
right-3590,dn7-walmart-amazonr_7187
right-3591,dn7-walmart-amazonr_7191
right-3592,dn7-walmart-amazonr_7193
right-3593,dn7-walmart-amazonr_7194
right-3594,dn7-walmart-amazonr_7195
right-3595,dn7-walmart-amazonr_7204
right-3596,dn7-walmart-amazonr_7206
right-3597,dn7-walmart-amazonr_7207
right-3598,dn7-walmart-amazonr_7211
right-3599,dn7-walmart-amazonr_7212
right-3600,dn7-walmart-amazonr_7213
right-3601,dn7-walmart-amazonr_7215
right-3602,dn7-walmart-amazonr_7216
right-3603,dn7-walmart-amazonr_7218
right-3604,dn7-walmart-amazonr_7219
right-3605,dn7-walmart-amazonr_7220
right-3606,dn7-walmart-amazonr_7221
right-3607,dn7-walmart-amazonr_7226
right-3608,dn7-walmart-amazonr_7227
right-3609,dn7-walmart-amazonr_7229
right-3610,dn7-walmart-amazonr_7231
right-3611,dn7-walmart-amazonr_7232
right-3612,dn7-walmart-amazonr_7236
right-3613,dn7-walmart-amazonr_7240
right-3614,dn7-walmart-amazonr_7242
right-3615,dn7-walmart-amazonr_7244
right-3616,dn7-walmart-amazonr_7245
right-3617,dn7-walmart-amazonr_7246
right-3618,dn7-walmart-amazonr_7248
right-3619,dn7-walmart-amazonr_7255
right-3620,dn7-walmart-amazonr_7256
right-3621,dn7-walmart-amazonr_7257
right-3622,dn7-walmart-amazonr_7258
right-3623,dn7-walmart-amazonr_7259
right-3624,dn7-walmart-amazonr_7260
right-3625,dn7-walmart-amazonr_7261
right-3626,dn7-walmart-amazonr_7265
right-3627,dn7-walmart-amazonr_7266
right-3628,dn7-walmart-amazonr_7268
right-3629,dn7-walmart-amazonr_7271
right-3630,dn7-walmart-amazonr_7273
right-3631,dn7-walmart-amazonr_7279
right-3632,dn7-walmart-amazonr_7280
right-3633,dn7-walmart-amazonr_7282
right-3634,dn7-walmart-amazonr_7284
right-3635,dn7-walmart-amazonr_7287
right-3636,dn7-walmart-amazonr_7289
right-3637,dn7-walmart-amazonr_7290
right-3638,dn7-walmart-amazonr_7292
right-3639,dn7-walmart-amazonr_7294
right-3640,dn7-walmart-amazonr_7295
right-3641,dn7-walmart-amazonr_7297
right-3642,dn7-walmart-amazonr_7300
right-3643,dn7-walmart-amazonr_7301
right-3644,dn7-walmart-amazonr_7302
right-3645,dn7-walmart-amazonr_7303
right-3646,dn7-walmart-amazonr_7304
right-3647,dn7-walmart-amazonr_7305
right-3648,dn7-walmart-amazonr_7306
right-3649,dn7-walmart-amazonr_7308
right-3650,dn7-walmart-amazonr_7309
right-3651,dn7-walmart-amazonr_7310
right-3652,dn7-walmart-amazonr_7312
right-3653,dn7-walmart-amazonr_7313
right-3654,dn7-walmart-amazonr_7314
right-3655,dn7-walmart-amazonr_7315
right-3656,dn7-walmart-amazonr_7317
right-3657,dn7-walmart-amazonr_7318
right-3658,dn7-walmart-amazonr_7321
right-3659,dn7-walmart-amazonr_7322
right-3660,dn7-walmart-amazonr_7323
right-3661,dn7-walmart-amazonr_7325
right-3662,dn7-walmart-amazonr_7326
right-3663,dn7-walmart-amazonr_7328
right-3664,dn7-walmart-amazonr_7331
right-3665,dn7-walmart-amazonr_7334
right-3666,dn7-walmart-amazonr_7338
right-3667,dn7-walmart-amazonr_7339
right-3668,dn7-walmart-amazonr_7346
right-3669,dn7-walmart-amazonr_7347
right-3670,dn7-walmart-amazonr_7349
right-3671,dn7-walmart-amazonr_7352
right-3672,dn7-walmart-amazonr_7353
right-3673,dn7-walmart-amazonr_7356
right-3674,dn7-walmart-amazonr_7358
right-3675,dn7-walmart-amazonr_7359
right-3676,dn7-walmart-amazonr_7360
right-3677,dn7-walmart-amazonr_7361
right-3678,dn7-walmart-amazonr_7362
right-3679,dn7-walmart-amazonr_7364
right-3680,dn7-walmart-amazonr_7365
right-3681,dn7-walmart-amazonr_7366
right-3682,dn7-walmart-amazonr_7367
right-3683,dn7-walmart-amazonr_7368
right-3684,dn7-walmart-amazonr_7370
right-3685,dn7-walmart-amazonr_7371
right-3686,dn7-walmart-amazonr_7376
right-3687,dn7-walmart-amazonr_7380
right-3688,dn7-walmart-amazonr_7383
right-3689,dn7-walmart-amazonr_7386
right-3690,dn7-walmart-amazonr_7387
right-3691,dn7-walmart-amazonr_7390
right-3692,dn7-walmart-amazonr_7396
right-3693,dn7-walmart-amazonr_7400
right-3694,dn7-walmart-amazonr_7403
right-3695,dn7-walmart-amazonr_7404
right-3696,dn7-walmart-amazonr_7406
right-3697,dn7-walmart-amazonr_7407
right-3698,dn7-walmart-amazonr_7413
right-3699,dn7-walmart-amazonr_7415
right-3700,dn7-walmart-amazonr_7421
right-3701,dn7-walmart-amazonr_7422
right-3702,dn7-walmart-amazonr_7424
right-3703,dn7-walmart-amazonr_7426
right-3704,dn7-walmart-amazonr_7432
right-3705,dn7-walmart-amazonr_7434
right-3706,dn7-walmart-amazonr_7435
right-3707,dn7-walmart-amazonr_7436
right-3708,dn7-walmart-amazonr_7438
right-3709,dn7-walmart-amazonr_7439
right-3710,dn7-walmart-amazonr_7441
right-3711,dn7-walmart-amazonr_7442
right-3712,dn7-walmart-amazonr_7443
right-3713,dn7-walmart-amazonr_7444
right-3714,dn7-walmart-amazonr_7446
right-3715,dn7-walmart-amazonr_7447
right-3716,dn7-walmart-amazonr_7450
right-3717,dn7-walmart-amazonr_7451
right-3718,dn7-walmart-amazonr_7453
right-3719,dn7-walmart-amazonr_7454
right-3720,dn7-walmart-amazonr_7457
right-3721,dn7-walmart-amazonr_7458
right-3722,dn7-walmart-amazonr_7460
right-3723,dn7-walmart-amazonr_7462
right-3724,dn7-walmart-amazonr_7463
right-3725,dn7-walmart-amazonr_7468
right-3726,dn7-walmart-amazonr_7472
right-3727,dn7-walmart-amazonr_7474
right-3728,dn7-walmart-amazonr_7478
right-3729,dn7-walmart-amazonr_7479
right-3730,dn7-walmart-amazonr_7480
right-3731,dn7-walmart-amazonr_7482
right-3732,dn7-walmart-amazonr_7484
right-3733,dn7-walmart-amazonr_7488
right-3734,dn7-walmart-amazonr_7492
right-3735,dn7-walmart-amazonr_7493
right-3736,dn7-walmart-amazonr_7497
right-3737,dn7-walmart-amazonr_7498
right-3738,dn7-walmart-amazonr_7502
right-3739,dn7-walmart-amazonr_7503
right-3740,dn7-walmart-amazonr_7504
right-3741,dn7-walmart-amazonr_7505
right-3742,dn7-walmart-amazonr_7506
right-3743,dn7-walmart-amazonr_7507
right-3744,dn7-walmart-amazonr_7508
right-3745,dn7-walmart-amazonr_7509
right-3746,dn7-walmart-amazonr_7510
right-3747,dn7-walmart-amazonr_7521
right-3748,dn7-walmart-amazonr_7522
right-3749,dn7-walmart-amazonr_7524
right-3750,dn7-walmart-amazonr_7527
right-3751,dn7-walmart-amazonr_7530
right-3752,dn7-walmart-amazonr_7534
right-3753,dn7-walmart-amazonr_7535
right-3754,dn7-walmart-amazonr_7536
right-3755,dn7-walmart-amazonr_7547
right-3756,dn7-walmart-amazonr_7549
right-3757,dn7-walmart-amazonr_7550
right-3758,dn7-walmart-amazonr_7552
right-3759,dn7-walmart-amazonr_7553
right-3760,dn7-walmart-amazonr_7556
right-3761,dn7-walmart-amazonr_7557
right-3762,dn7-walmart-amazonr_7561
right-3763,dn7-walmart-amazonr_7562
right-3764,dn7-walmart-amazonr_7563
right-3765,dn7-walmart-amazonr_7566
right-3766,dn7-walmart-amazonr_7568
right-3767,dn7-walmart-amazonr_7569
right-3768,dn7-walmart-amazonr_7570
right-3769,dn7-walmart-amazonr_7576
right-3770,dn7-walmart-amazonr_7578
right-3771,dn7-walmart-amazonr_7581
right-3772,dn7-walmart-amazonr_7584
right-3773,dn7-walmart-amazonr_7585
right-3774,dn7-walmart-amazonr_7586
right-3775,dn7-walmart-amazonr_7587
right-3776,dn7-walmart-amazonr_7590
right-3777,dn7-walmart-amazonr_7591
right-3778,dn7-walmart-amazonr_7592
right-3779,dn7-walmart-amazonr_7594
right-3780,dn7-walmart-amazonr_7598
right-3781,dn7-walmart-amazonr_7599
right-3782,dn7-walmart-amazonr_7600
right-3783,dn7-walmart-amazonr_7601
right-3784,dn7-walmart-amazonr_7602
right-3785,dn7-walmart-amazonr_7603
right-3786,dn7-walmart-amazonr_7607
right-3787,dn7-walmart-amazonr_7612
right-3788,dn7-walmart-amazonr_7613
right-3789,dn7-walmart-amazonr_7615
right-3790,dn7-walmart-amazonr_7616
right-3791,dn7-walmart-amazonr_7617
right-3792,dn7-walmart-amazonr_7624
right-3793,dn7-walmart-amazonr_7625
right-3794,dn7-walmart-amazonr_7627
right-3795,dn7-walmart-amazonr_7631
right-3796,dn7-walmart-amazonr_7632
right-3797,dn7-walmart-amazonr_7636
right-3798,dn7-walmart-amazonr_7637
right-3799,dn7-walmart-amazonr_7644
right-3800,dn7-walmart-amazonr_7645
right-3801,dn7-walmart-amazonr_7649
right-3802,dn7-walmart-amazonr_7652
right-3803,dn7-walmart-amazonr_7653
right-3804,dn7-walmart-amazonr_7654
right-3805,dn7-walmart-amazonr_7655
right-3806,dn7-walmart-amazonr_7656
right-3807,dn7-walmart-amazonr_7659
right-3808,dn7-walmart-amazonr_7660
right-3809,dn7-walmart-amazonr_7661
right-3810,dn7-walmart-amazonr_7662
right-3811,dn7-walmart-amazonr_7663
right-3812,dn7-walmart-amazonr_7664
right-3813,dn7-walmart-amazonr_7667
right-3814,dn7-walmart-amazonr_7670
right-3815,dn7-walmart-amazonr_7671
right-3816,dn7-walmart-amazonr_7672
right-3817,dn7-walmart-amazonr_7673
right-3818,dn7-walmart-amazonr_7674
right-3819,dn7-walmart-amazonr_7676
right-3820,dn7-walmart-amazonr_7678
right-3821,dn7-walmart-amazonr_7679
right-3822,dn7-walmart-amazonr_7681
right-3823,dn7-walmart-amazonr_7684
right-3824,dn7-walmart-amazonr_7686
right-3825,dn7-walmart-amazonr_7689
right-3826,dn7-walmart-amazonr_7691
right-3827,dn7-walmart-amazonr_7692
right-3828,dn7-walmart-amazonr_7693
right-3829,dn7-walmart-amazonr_7694
right-3830,dn7-walmart-amazonr_7695
right-3831,dn7-walmart-amazonr_7696
right-3832,dn7-walmart-amazonr_7697
right-3833,dn7-walmart-amazonr_7699
right-3834,dn7-walmart-amazonr_7700
right-3835,dn7-walmart-amazonr_7702
right-3836,dn7-walmart-amazonr_7704
right-3837,dn7-walmart-amazonr_7705
right-3838,dn7-walmart-amazonr_7706
right-3839,dn7-walmart-amazonr_7707
right-3840,dn7-walmart-amazonr_7709
right-3841,dn7-walmart-amazonr_7710
right-3842,dn7-walmart-amazonr_7712
right-3843,dn7-walmart-amazonr_7714
right-3844,dn7-walmart-amazonr_7715
right-3845,dn7-walmart-amazonr_7716
right-3846,dn7-walmart-amazonr_7717
right-3847,dn7-walmart-amazonr_7722
right-3848,dn7-walmart-amazonr_7725
right-3849,dn7-walmart-amazonr_7727
right-3850,dn7-walmart-amazonr_7728
right-3851,dn7-walmart-amazonr_7730
right-3852,dn7-walmart-amazonr_7737
right-3853,dn7-walmart-amazonr_7739
right-3854,dn7-walmart-amazonr_7742
right-3855,dn7-walmart-amazonr_7743
right-3856,dn7-walmart-amazonr_7744
right-3857,dn7-walmart-amazonr_7747
right-3858,dn7-walmart-amazonr_7748
right-3859,dn7-walmart-amazonr_7751
right-3860,dn7-walmart-amazonr_7755
right-3861,dn7-walmart-amazonr_7758
right-3862,dn7-walmart-amazonr_7759
right-3863,dn7-walmart-amazonr_7760
right-3864,dn7-walmart-amazonr_7761
right-3865,dn7-walmart-amazonr_7762
right-3866,dn7-walmart-amazonr_7764
right-3867,dn7-walmart-amazonr_7765
right-3868,dn7-walmart-amazonr_7766
right-3869,dn7-walmart-amazonr_7767
right-3870,dn7-walmart-amazonr_7768
right-3871,dn7-walmart-amazonr_7769
right-3872,dn7-walmart-amazonr_7770
right-3873,dn7-walmart-amazonr_7771
right-3874,dn7-walmart-amazonr_7772
right-3875,dn7-walmart-amazonr_7776
right-3876,dn7-walmart-amazonr_7778
right-3877,dn7-walmart-amazonr_7783
right-3878,dn7-walmart-amazonr_7786
right-3879,dn7-walmart-amazonr_7787
right-3880,dn7-walmart-amazonr_7788
right-3881,dn7-walmart-amazonr_7795
right-3882,dn7-walmart-amazonr_7798
right-3883,dn7-walmart-amazonr_7799
right-3884,dn7-walmart-amazonr_7802
right-3885,dn7-walmart-amazonr_7803
right-3886,dn7-walmart-amazonr_7805
right-3887,dn7-walmart-amazonr_7808
right-3888,dn7-walmart-amazonr_7809
right-3889,dn7-walmart-amazonr_7810
right-3890,dn7-walmart-amazonr_7811
right-3891,dn7-walmart-amazonr_7820
right-3892,dn7-walmart-amazonr_7824
right-3893,dn7-walmart-amazonr_7826
right-3894,dn7-walmart-amazonr_7827
right-3895,dn7-walmart-amazonr_7828
right-3896,dn7-walmart-amazonr_7835
right-3897,dn7-walmart-amazonr_7836
right-3898,dn7-walmart-amazonr_7838
right-3899,dn7-walmart-amazonr_7841
right-3900,dn7-walmart-amazonr_7842
right-3901,dn7-walmart-amazonr_7843
right-3902,dn7-walmart-amazonr_7846
right-3903,dn7-walmart-amazonr_7847
right-3904,dn7-walmart-amazonr_7850
right-3905,dn7-walmart-amazonr_7853
right-3906,dn7-walmart-amazonr_7854
right-3907,dn7-walmart-amazonr_7856
right-3908,dn7-walmart-amazonr_7857
right-3909,dn7-walmart-amazonr_7859
right-3910,dn7-walmart-amazonr_7860
right-3911,dn7-walmart-amazonr_7862
right-3912,dn7-walmart-amazonr_7864
right-3913,dn7-walmart-amazonr_7865
right-3914,dn7-walmart-amazonr_7866
right-3915,dn7-walmart-amazonr_7868
right-3916,dn7-walmart-amazonr_7870
right-3917,dn7-walmart-amazonr_7871
right-3918,dn7-walmart-amazonr_7872
right-3919,dn7-walmart-amazonr_7873
right-3920,dn7-walmart-amazonr_7875
right-3921,dn7-walmart-amazonr_7878
right-3922,dn7-walmart-amazonr_7888
right-3923,dn7-walmart-amazonr_7891
right-3924,dn7-walmart-amazonr_7893
right-3925,dn7-walmart-amazonr_7896
right-3926,dn7-walmart-amazonr_7897
right-3927,dn7-walmart-amazonr_7898
right-3928,dn7-walmart-amazonr_7902
right-3929,dn7-walmart-amazonr_7904
right-3930,dn7-walmart-amazonr_7913
right-3931,dn7-walmart-amazonr_7917
right-3932,dn7-walmart-amazonr_7921
right-3933,dn7-walmart-amazonr_7922
right-3934,dn7-walmart-amazonr_7927
right-3935,dn7-walmart-amazonr_7930
right-3936,dn7-walmart-amazonr_7934
right-3937,dn7-walmart-amazonr_7937
right-3938,dn7-walmart-amazonr_7939
right-3939,dn7-walmart-amazonr_7944
right-3940,dn7-walmart-amazonr_7946
right-3941,dn7-walmart-amazonr_7948
right-3942,dn7-walmart-amazonr_7949
right-3943,dn7-walmart-amazonr_7953
right-3944,dn7-walmart-amazonr_7954
right-3945,dn7-walmart-amazonr_7956
right-3946,dn7-walmart-amazonr_7957
right-3947,dn7-walmart-amazonr_7958
right-3948,dn7-walmart-amazonr_7959
right-3949,dn7-walmart-amazonr_7960
right-3950,dn7-walmart-amazonr_7963
right-3951,dn7-walmart-amazonr_7964
right-3952,dn7-walmart-amazonr_7965
right-3953,dn7-walmart-amazonr_7967
right-3954,dn7-walmart-amazonr_7968
right-3955,dn7-walmart-amazonr_7970
right-3956,dn7-walmart-amazonr_7972
right-3957,dn7-walmart-amazonr_7973
right-3958,dn7-walmart-amazonr_7976
right-3959,dn7-walmart-amazonr_7977
right-3960,dn7-walmart-amazonr_7978
right-3961,dn7-walmart-amazonr_7981
right-3962,dn7-walmart-amazonr_7984
right-3963,dn7-walmart-amazonr_7986
right-3964,dn7-walmart-amazonr_7988
right-3965,dn7-walmart-amazonr_7993
right-3966,dn7-walmart-amazonr_7995
right-3967,dn7-walmart-amazonr_7997
right-3968,dn7-walmart-amazonr_8002
right-3969,dn7-walmart-amazonr_8004
right-3970,dn7-walmart-amazonr_8007
right-3971,dn7-walmart-amazonr_8008
right-3972,dn7-walmart-amazonr_8013
right-3973,dn7-walmart-amazonr_8014
right-3974,dn7-walmart-amazonr_8015
right-3975,dn7-walmart-amazonr_8016
right-3976,dn7-walmart-amazonr_8017
right-3977,dn7-walmart-amazonr_8019
right-3978,dn7-walmart-amazonr_8021
right-3979,dn7-walmart-amazonr_8025
right-3980,dn7-walmart-amazonr_8029
right-3981,dn7-walmart-amazonr_8030
right-3982,dn7-walmart-amazonr_8031
right-3983,dn7-walmart-amazonr_8034
right-3984,dn7-walmart-amazonr_8037
right-3985,dn7-walmart-amazonr_8042
right-3986,dn7-walmart-amazonr_8044
right-3987,dn7-walmart-amazonr_8046
right-3988,dn7-walmart-amazonr_8049
right-3989,dn7-walmart-amazonr_8052
right-3990,dn7-walmart-amazonr_8059
right-3991,dn7-walmart-amazonr_8062
right-3992,dn7-walmart-amazonr_8069
right-3993,dn7-walmart-amazonr_8070
right-3994,dn7-walmart-amazonr_8071
right-3995,dn7-walmart-amazonr_8072
right-3996,dn7-walmart-amazonr_8075
right-3997,dn7-walmart-amazonr_8077
right-3998,dn7-walmart-amazonr_8084
right-3999,dn7-walmart-amazonr_8086
right-4000,dn7-walmart-amazonr_8088
right-4001,dn7-walmart-amazonr_8091
right-4002,dn7-walmart-amazonr_8092
right-4003,dn7-walmart-amazonr_8093
right-4004,dn7-walmart-amazonr_8096
right-4005,dn7-walmart-amazonr_8097
right-4006,dn7-walmart-amazonr_8102
right-4007,dn7-walmart-amazonr_8103
right-4008,dn7-walmart-amazonr_8104
right-4009,dn7-walmart-amazonr_8105
right-4010,dn7-walmart-amazonr_8106
right-4011,dn7-walmart-amazonr_8107
right-4012,dn7-walmart-amazonr_8108
right-4013,dn7-walmart-amazonr_8109
right-4014,dn7-walmart-amazonr_8111
right-4015,dn7-walmart-amazonr_8112
right-4016,dn7-walmart-amazonr_8113
right-4017,dn7-walmart-amazonr_8114
right-4018,dn7-walmart-amazonr_8117
right-4019,dn7-walmart-amazonr_8118
right-4020,dn7-walmart-amazonr_8121
right-4021,dn7-walmart-amazonr_8122
right-4022,dn7-walmart-amazonr_8123
right-4023,dn7-walmart-amazonr_8127
right-4024,dn7-walmart-amazonr_8128
right-4025,dn7-walmart-amazonr_8129
right-4026,dn7-walmart-amazonr_8130
right-4027,dn7-walmart-amazonr_8132
right-4028,dn7-walmart-amazonr_8133
right-4029,dn7-walmart-amazonr_8134
right-4030,dn7-walmart-amazonr_8137
right-4031,dn7-walmart-amazonr_8142
right-4032,dn7-walmart-amazonr_8143
right-4033,dn7-walmart-amazonr_8147
right-4034,dn7-walmart-amazonr_8148
right-4035,dn7-walmart-amazonr_8153
right-4036,dn7-walmart-amazonr_8159
right-4037,dn7-walmart-amazonr_8160
right-4038,dn7-walmart-amazonr_8166
right-4039,dn7-walmart-amazonr_8167
right-4040,dn7-walmart-amazonr_8169
right-4041,dn7-walmart-amazonr_8170
right-4042,dn7-walmart-amazonr_8171
right-4043,dn7-walmart-amazonr_8172
right-4044,dn7-walmart-amazonr_8175
right-4045,dn7-walmart-amazonr_8177
right-4046,dn7-walmart-amazonr_8179
right-4047,dn7-walmart-amazonr_8180
right-4048,dn7-walmart-amazonr_8182
right-4049,dn7-walmart-amazonr_8183
right-4050,dn7-walmart-amazonr_8188
right-4051,dn7-walmart-amazonr_8190
right-4052,dn7-walmart-amazonr_8191
right-4053,dn7-walmart-amazonr_8192
right-4054,dn7-walmart-amazonr_8197
right-4055,dn7-walmart-amazonr_8201
right-4056,dn7-walmart-amazonr_8206
right-4057,dn7-walmart-amazonr_8207
right-4058,dn7-walmart-amazonr_8208
right-4059,dn7-walmart-amazonr_8210
right-4060,dn7-walmart-amazonr_8212
right-4061,dn7-walmart-amazonr_8215
right-4062,dn7-walmart-amazonr_8216
right-4063,dn7-walmart-amazonr_8217
right-4064,dn7-walmart-amazonr_8219
right-4065,dn7-walmart-amazonr_8220
right-4066,dn7-walmart-amazonr_8223
right-4067,dn7-walmart-amazonr_8225
right-4068,dn7-walmart-amazonr_8226
right-4069,dn7-walmart-amazonr_8230
right-4070,dn7-walmart-amazonr_8235
right-4071,dn7-walmart-amazonr_8236
right-4072,dn7-walmart-amazonr_8239
right-4073,dn7-walmart-amazonr_8240
right-4074,dn7-walmart-amazonr_8244
right-4075,dn7-walmart-amazonr_8245
right-4076,dn7-walmart-amazonr_8247
right-4077,dn7-walmart-amazonr_8249
right-4078,dn7-walmart-amazonr_8252
right-4079,dn7-walmart-amazonr_8253
right-4080,dn7-walmart-amazonr_8254
right-4081,dn7-walmart-amazonr_8255
right-4082,dn7-walmart-amazonr_8257
right-4083,dn7-walmart-amazonr_8263
right-4084,dn7-walmart-amazonr_8264
right-4085,dn7-walmart-amazonr_8266
right-4086,dn7-walmart-amazonr_8267
right-4087,dn7-walmart-amazonr_8270
right-4088,dn7-walmart-amazonr_8271
right-4089,dn7-walmart-amazonr_8281
right-4090,dn7-walmart-amazonr_8284
right-4091,dn7-walmart-amazonr_8285
right-4092,dn7-walmart-amazonr_8286
right-4093,dn7-walmart-amazonr_8287
right-4094,dn7-walmart-amazonr_8288
right-4095,dn7-walmart-amazonr_8289
right-4096,dn7-walmart-amazonr_8294
right-4097,dn7-walmart-amazonr_8295
right-4098,dn7-walmart-amazonr_8297
right-4099,dn7-walmart-amazonr_8298
right-4100,dn7-walmart-amazonr_8299
right-4101,dn7-walmart-amazonr_8300
right-4102,dn7-walmart-amazonr_8302
right-4103,dn7-walmart-amazonr_8303
right-4104,dn7-walmart-amazonr_8304
right-4105,dn7-walmart-amazonr_8305
right-4106,dn7-walmart-amazonr_8306
right-4107,dn7-walmart-amazonr_8307
right-4108,dn7-walmart-amazonr_8308
right-4109,dn7-walmart-amazonr_8312
right-4110,dn7-walmart-amazonr_8313
right-4111,dn7-walmart-amazonr_8315
right-4112,dn7-walmart-amazonr_8316
right-4113,dn7-walmart-amazonr_8317
right-4114,dn7-walmart-amazonr_8318
right-4115,dn7-walmart-amazonr_8319
right-4116,dn7-walmart-amazonr_8320
right-4117,dn7-walmart-amazonr_8321
right-4118,dn7-walmart-amazonr_8322
right-4119,dn7-walmart-amazonr_8324
right-4120,dn7-walmart-amazonr_8325
right-4121,dn7-walmart-amazonr_8326
right-4122,dn7-walmart-amazonr_8328
right-4123,dn7-walmart-amazonr_8329
right-4124,dn7-walmart-amazonr_8331
right-4125,dn7-walmart-amazonr_8332
right-4126,dn7-walmart-amazonr_8334
right-4127,dn7-walmart-amazonr_8335
right-4128,dn7-walmart-amazonr_8336
right-4129,dn7-walmart-amazonr_8337
right-4130,dn7-walmart-amazonr_8338
right-4131,dn7-walmart-amazonr_8339
right-4132,dn7-walmart-amazonr_8340
right-4133,dn7-walmart-amazonr_8341
right-4134,dn7-walmart-amazonr_8342
right-4135,dn7-walmart-amazonr_8343
right-4136,dn7-walmart-amazonr_8344
right-4137,dn7-walmart-amazonr_8347
right-4138,dn7-walmart-amazonr_8348
right-4139,dn7-walmart-amazonr_8350
right-4140,dn7-walmart-amazonr_8351
right-4141,dn7-walmart-amazonr_8356
right-4142,dn7-walmart-amazonr_8358
right-4143,dn7-walmart-amazonr_8362
right-4144,dn7-walmart-amazonr_8363
right-4145,dn7-walmart-amazonr_8364
right-4146,dn7-walmart-amazonr_8368
right-4147,dn7-walmart-amazonr_8369
right-4148,dn7-walmart-amazonr_8370
right-4149,dn7-walmart-amazonr_8372
right-4150,dn7-walmart-amazonr_8373
right-4151,dn7-walmart-amazonr_8377
right-4152,dn7-walmart-amazonr_8378
right-4153,dn7-walmart-amazonr_8379
right-4154,dn7-walmart-amazonr_8380
right-4155,dn7-walmart-amazonr_8381
right-4156,dn7-walmart-amazonr_8383
right-4157,dn7-walmart-amazonr_8384
right-4158,dn7-walmart-amazonr_8385
right-4159,dn7-walmart-amazonr_8387
right-4160,dn7-walmart-amazonr_8391
right-4161,dn7-walmart-amazonr_8392
right-4162,dn7-walmart-amazonr_8393
right-4163,dn7-walmart-amazonr_8398
right-4164,dn7-walmart-amazonr_8399
right-4165,dn7-walmart-amazonr_8400
right-4166,dn7-walmart-amazonr_8403
right-4167,dn7-walmart-amazonr_8404
right-4168,dn7-walmart-amazonr_8406
right-4169,dn7-walmart-amazonr_8407
right-4170,dn7-walmart-amazonr_8408
right-4171,dn7-walmart-amazonr_8410
right-4172,dn7-walmart-amazonr_8411
right-4173,dn7-walmart-amazonr_8414
right-4174,dn7-walmart-amazonr_8415
right-4175,dn7-walmart-amazonr_8418
right-4176,dn7-walmart-amazonr_8420
right-4177,dn7-walmart-amazonr_8421
right-4178,dn7-walmart-amazonr_8424
right-4179,dn7-walmart-amazonr_8428
right-4180,dn7-walmart-amazonr_8429
right-4181,dn7-walmart-amazonr_8430
right-4182,dn7-walmart-amazonr_8436
right-4183,dn7-walmart-amazonr_8441
right-4184,dn7-walmart-amazonr_8442
right-4185,dn7-walmart-amazonr_8443
right-4186,dn7-walmart-amazonr_8444
right-4187,dn7-walmart-amazonr_8445
right-4188,dn7-walmart-amazonr_8446
right-4189,dn7-walmart-amazonr_8450
right-4190,dn7-walmart-amazonr_8452
right-4191,dn7-walmart-amazonr_8454
right-4192,dn7-walmart-amazonr_8455
right-4193,dn7-walmart-amazonr_8457
right-4194,dn7-walmart-amazonr_8458
right-4195,dn7-walmart-amazonr_8459
right-4196,dn7-walmart-amazonr_8460
right-4197,dn7-walmart-amazonr_8464
right-4198,dn7-walmart-amazonr_8465
right-4199,dn7-walmart-amazonr_8468
right-4200,dn7-walmart-amazonr_8469
right-4201,dn7-walmart-amazonr_8471
right-4202,dn7-walmart-amazonr_8472
right-4203,dn7-walmart-amazonr_8475
right-4204,dn7-walmart-amazonr_8477
right-4205,dn7-walmart-amazonr_8479
right-4206,dn7-walmart-amazonr_8480
right-4207,dn7-walmart-amazonr_8482
right-4208,dn7-walmart-amazonr_8486
right-4209,dn7-walmart-amazonr_8489
right-4210,dn7-walmart-amazonr_8490
right-4211,dn7-walmart-amazonr_8491
right-4212,dn7-walmart-amazonr_8492
right-4213,dn7-walmart-amazonr_8493
right-4214,dn7-walmart-amazonr_8494
right-4215,dn7-walmart-amazonr_8496
right-4216,dn7-walmart-amazonr_8499
right-4217,dn7-walmart-amazonr_8500
right-4218,dn7-walmart-amazonr_8502
right-4219,dn7-walmart-amazonr_8506
right-4220,dn7-walmart-amazonr_8507
right-4221,dn7-walmart-amazonr_8508
right-4222,dn7-walmart-amazonr_8517
right-4223,dn7-walmart-amazonr_8519
right-4224,dn7-walmart-amazonr_8521
right-4225,dn7-walmart-amazonr_8523
right-4226,dn7-walmart-amazonr_8524
right-4227,dn7-walmart-amazonr_8525
right-4228,dn7-walmart-amazonr_8526
right-4229,dn7-walmart-amazonr_8528
right-4230,dn7-walmart-amazonr_8529
right-4231,dn7-walmart-amazonr_8530
right-4232,dn7-walmart-amazonr_8531
right-4233,dn7-walmart-amazonr_8532
right-4234,dn7-walmart-amazonr_8533
right-4235,dn7-walmart-amazonr_8534
right-4236,dn7-walmart-amazonr_8535
right-4237,dn7-walmart-amazonr_8536
right-4238,dn7-walmart-amazonr_8537
right-4239,dn7-walmart-amazonr_8538
right-4240,dn7-walmart-amazonr_8539
right-4241,dn7-walmart-amazonr_8540
right-4242,dn7-walmart-amazonr_8542
right-4243,dn7-walmart-amazonr_8543
right-4244,dn7-walmart-amazonr_8544
right-4245,dn7-walmart-amazonr_8545
right-4246,dn7-walmart-amazonr_8546
right-4247,dn7-walmart-amazonr_8555
right-4248,dn7-walmart-amazonr_8558
right-4249,dn7-walmart-amazonr_8559
right-4250,dn7-walmart-amazonr_8560
right-4251,dn7-walmart-amazonr_8561
right-4252,dn7-walmart-amazonr_8563
right-4253,dn7-walmart-amazonr_8566
right-4254,dn7-walmart-amazonr_8570
right-4255,dn7-walmart-amazonr_8573
right-4256,dn7-walmart-amazonr_8574
right-4257,dn7-walmart-amazonr_8577
right-4258,dn7-walmart-amazonr_8582
right-4259,dn7-walmart-amazonr_8585
right-4260,dn7-walmart-amazonr_8587
right-4261,dn7-walmart-amazonr_8588
right-4262,dn7-walmart-amazonr_8589
right-4263,dn7-walmart-amazonr_8590
right-4264,dn7-walmart-amazonr_8591
right-4265,dn7-walmart-amazonr_8595
right-4266,dn7-walmart-amazonr_8596
right-4267,dn7-walmart-amazonr_8597
right-4268,dn7-walmart-amazonr_8598
right-4269,dn7-walmart-amazonr_8600
right-4270,dn7-walmart-amazonr_8601
right-4271,dn7-walmart-amazonr_8602
right-4272,dn7-walmart-amazonr_8603
right-4273,dn7-walmart-amazonr_8605
right-4274,dn7-walmart-amazonr_8606
right-4275,dn7-walmart-amazonr_8607
right-4276,dn7-walmart-amazonr_8608
right-4277,dn7-walmart-amazonr_8609
right-4278,dn7-walmart-amazonr_8611
right-4279,dn7-walmart-amazonr_8617
right-4280,dn7-walmart-amazonr_8618
right-4281,dn7-walmart-amazonr_8619
right-4282,dn7-walmart-amazonr_8624
right-4283,dn7-walmart-amazonr_8632
right-4284,dn7-walmart-amazonr_8635
right-4285,dn7-walmart-amazonr_8636
right-4286,dn7-walmart-amazonr_8637
right-4287,dn7-walmart-amazonr_8638
right-4288,dn7-walmart-amazonr_8639
right-4289,dn7-walmart-amazonr_8640
right-4290,dn7-walmart-amazonr_8641
right-4291,dn7-walmart-amazonr_8642
right-4292,dn7-walmart-amazonr_8643
right-4293,dn7-walmart-amazonr_8644
right-4294,dn7-walmart-amazonr_8645
right-4295,dn7-walmart-amazonr_8646
right-4296,dn7-walmart-amazonr_8650
right-4297,dn7-walmart-amazonr_8651
right-4298,dn7-walmart-amazonr_8652
right-4299,dn7-walmart-amazonr_8653
right-4300,dn7-walmart-amazonr_8655
right-4301,dn7-walmart-amazonr_8656
right-4302,dn7-walmart-amazonr_8658
right-4303,dn7-walmart-amazonr_8660
right-4304,dn7-walmart-amazonr_8661
right-4305,dn7-walmart-amazonr_8663
right-4306,dn7-walmart-amazonr_8667
right-4307,dn7-walmart-amazonr_8674
right-4308,dn7-walmart-amazonr_8675
right-4309,dn7-walmart-amazonr_8676
right-4310,dn7-walmart-amazonr_8677
right-4311,dn7-walmart-amazonr_8680
right-4312,dn7-walmart-amazonr_8681
right-4313,dn7-walmart-amazonr_8682
right-4314,dn7-walmart-amazonr_8687
right-4315,dn7-walmart-amazonr_8688
right-4316,dn7-walmart-amazonr_8689
right-4317,dn7-walmart-amazonr_8693
right-4318,dn7-walmart-amazonr_8694
right-4319,dn7-walmart-amazonr_8695
right-4320,dn7-walmart-amazonr_8696
right-4321,dn7-walmart-amazonr_8697
right-4322,dn7-walmart-amazonr_8698
right-4323,dn7-walmart-amazonr_8701
right-4324,dn7-walmart-amazonr_8704
right-4325,dn7-walmart-amazonr_8705
right-4326,dn7-walmart-amazonr_8707
right-4327,dn7-walmart-amazonr_8708
right-4328,dn7-walmart-amazonr_8710
right-4329,dn7-walmart-amazonr_8713
right-4330,dn7-walmart-amazonr_8714
right-4331,dn7-walmart-amazonr_8715
right-4332,dn7-walmart-amazonr_8716
right-4333,dn7-walmart-amazonr_8718
right-4334,dn7-walmart-amazonr_8720
right-4335,dn7-walmart-amazonr_8723
right-4336,dn7-walmart-amazonr_8725
right-4337,dn7-walmart-amazonr_8727
right-4338,dn7-walmart-amazonr_8728
right-4339,dn7-walmart-amazonr_8730
right-4340,dn7-walmart-amazonr_8732
right-4341,dn7-walmart-amazonr_8734
right-4342,dn7-walmart-amazonr_8735
right-4343,dn7-walmart-amazonr_8736
right-4344,dn7-walmart-amazonr_8737
right-4345,dn7-walmart-amazonr_8738
right-4346,dn7-walmart-amazonr_8739
right-4347,dn7-walmart-amazonr_8742
right-4348,dn7-walmart-amazonr_8743
right-4349,dn7-walmart-amazonr_8744
right-4350,dn7-walmart-amazonr_8745
right-4351,dn7-walmart-amazonr_8746
right-4352,dn7-walmart-amazonr_8752
right-4353,dn7-walmart-amazonr_8753
right-4354,dn7-walmart-amazonr_8754
right-4355,dn7-walmart-amazonr_8756
right-4356,dn7-walmart-amazonr_8757
right-4357,dn7-walmart-amazonr_8758
right-4358,dn7-walmart-amazonr_8759
right-4359,dn7-walmart-amazonr_8760
right-4360,dn7-walmart-amazonr_8764
right-4361,dn7-walmart-amazonr_8765
right-4362,dn7-walmart-amazonr_8766
right-4363,dn7-walmart-amazonr_8767
right-4364,dn7-walmart-amazonr_8768
right-4365,dn7-walmart-amazonr_8770
right-4366,dn7-walmart-amazonr_8771
right-4367,dn7-walmart-amazonr_8772
right-4368,dn7-walmart-amazonr_8773
right-4369,dn7-walmart-amazonr_8775
right-4370,dn7-walmart-amazonr_8781
right-4371,dn7-walmart-amazonr_8782
right-4372,dn7-walmart-amazonr_8783
right-4373,dn7-walmart-amazonr_8784
right-4374,dn7-walmart-amazonr_8786
right-4375,dn7-walmart-amazonr_8788
right-4376,dn7-walmart-amazonr_8789
right-4377,dn7-walmart-amazonr_8790
right-4378,dn7-walmart-amazonr_8791
right-4379,dn7-walmart-amazonr_8793
right-4380,dn7-walmart-amazonr_8794
right-4381,dn7-walmart-amazonr_8795
right-4382,dn7-walmart-amazonr_8802
right-4383,dn7-walmart-amazonr_8803
right-4384,dn7-walmart-amazonr_8804
right-4385,dn7-walmart-amazonr_8809
right-4386,dn7-walmart-amazonr_8810
right-4387,dn7-walmart-amazonr_8812
right-4388,dn7-walmart-amazonr_8813
right-4389,dn7-walmart-amazonr_8814
right-4390,dn7-walmart-amazonr_8815
right-4391,dn7-walmart-amazonr_8820
right-4392,dn7-walmart-amazonr_8824
right-4393,dn7-walmart-amazonr_8825
right-4394,dn7-walmart-amazonr_8826
right-4395,dn7-walmart-amazonr_8827
right-4396,dn7-walmart-amazonr_8831
right-4397,dn7-walmart-amazonr_8832
right-4398,dn7-walmart-amazonr_8839
right-4399,dn7-walmart-amazonr_8840
right-4400,dn7-walmart-amazonr_8841
right-4401,dn7-walmart-amazonr_8842
right-4402,dn7-walmart-amazonr_8846
right-4403,dn7-walmart-amazonr_8849
right-4404,dn7-walmart-amazonr_8850
right-4405,dn7-walmart-amazonr_8854
right-4406,dn7-walmart-amazonr_8857
right-4407,dn7-walmart-amazonr_8858
right-4408,dn7-walmart-amazonr_8860
right-4409,dn7-walmart-amazonr_8861
right-4410,dn7-walmart-amazonr_8863
right-4411,dn7-walmart-amazonr_8869
right-4412,dn7-walmart-amazonr_8873
right-4413,dn7-walmart-amazonr_8875
right-4414,dn7-walmart-amazonr_8876
right-4415,dn7-walmart-amazonr_8877
right-4416,dn7-walmart-amazonr_8878
right-4417,dn7-walmart-amazonr_8879
right-4418,dn7-walmart-amazonr_8880
right-4419,dn7-walmart-amazonr_8881
right-4420,dn7-walmart-amazonr_8882
right-4421,dn7-walmart-amazonr_8883
right-4422,dn7-walmart-amazonr_8884
right-4423,dn7-walmart-amazonr_8885
right-4424,dn7-walmart-amazonr_8887
right-4425,dn7-walmart-amazonr_8888
right-4426,dn7-walmart-amazonr_8891
right-4427,dn7-walmart-amazonr_8895
right-4428,dn7-walmart-amazonr_8897
right-4429,dn7-walmart-amazonr_8898
right-4430,dn7-walmart-amazonr_8901
right-4431,dn7-walmart-amazonr_8903
right-4432,dn7-walmart-amazonr_8907
right-4433,dn7-walmart-amazonr_8908
right-4434,dn7-walmart-amazonr_8909
right-4435,dn7-walmart-amazonr_8910
right-4436,dn7-walmart-amazonr_8913
right-4437,dn7-walmart-amazonr_8914
right-4438,dn7-walmart-amazonr_8915
right-4439,dn7-walmart-amazonr_8917
right-4440,dn7-walmart-amazonr_8919
right-4441,dn7-walmart-amazonr_8921
right-4442,dn7-walmart-amazonr_8922
right-4443,dn7-walmart-amazonr_8923
right-4444,dn7-walmart-amazonr_8924
right-4445,dn7-walmart-amazonr_8926
right-4446,dn7-walmart-amazonr_8927
right-4447,dn7-walmart-amazonr_8929
right-4448,dn7-walmart-amazonr_8930
right-4449,dn7-walmart-amazonr_8933
right-4450,dn7-walmart-amazonr_8934
right-4451,dn7-walmart-amazonr_8938
right-4452,dn7-walmart-amazonr_8941
right-4453,dn7-walmart-amazonr_8943
right-4454,dn7-walmart-amazonr_8945
right-4455,dn7-walmart-amazonr_8947
right-4456,dn7-walmart-amazonr_8949
right-4457,dn7-walmart-amazonr_8952
right-4458,dn7-walmart-amazonr_8957
right-4459,dn7-walmart-amazonr_8958
right-4460,dn7-walmart-amazonr_8962
right-4461,dn7-walmart-amazonr_8963
right-4462,dn7-walmart-amazonr_8964
right-4463,dn7-walmart-amazonr_8965
right-4464,dn7-walmart-amazonr_8966
right-4465,dn7-walmart-amazonr_8967
right-4466,dn7-walmart-amazonr_8968
right-4467,dn7-walmart-amazonr_8969
right-4468,dn7-walmart-amazonr_8970
right-4469,dn7-walmart-amazonr_8972
right-4470,dn7-walmart-amazonr_8973
right-4471,dn7-walmart-amazonr_8974
right-4472,dn7-walmart-amazonr_8978
right-4473,dn7-walmart-amazonr_8980
right-4474,dn7-walmart-amazonr_8983
right-4475,dn7-walmart-amazonr_8984
right-4476,dn7-walmart-amazonr_8985
right-4477,dn7-walmart-amazonr_8986
right-4478,dn7-walmart-amazonr_8988
right-4479,dn7-walmart-amazonr_8989
right-4480,dn7-walmart-amazonr_8992
right-4481,dn7-walmart-amazonr_8993
right-4482,dn7-walmart-amazonr_8994
right-4483,dn7-walmart-amazonr_8995
right-4484,dn7-walmart-amazonr_8996
right-4485,dn7-walmart-amazonr_8997
right-4486,dn7-walmart-amazonr_9000
right-4487,dn7-walmart-amazonr_9002
right-4488,dn7-walmart-amazonr_9009
right-4489,dn7-walmart-amazonr_9012
right-4490,dn7-walmart-amazonr_9013
right-4491,dn7-walmart-amazonr_9014
right-4492,dn7-walmart-amazonr_9015
right-4493,dn7-walmart-amazonr_9016
right-4494,dn7-walmart-amazonr_9017
right-4495,dn7-walmart-amazonr_9018
right-4496,dn7-walmart-amazonr_9019
right-4497,dn7-walmart-amazonr_9021
right-4498,dn7-walmart-amazonr_9022
right-4499,dn7-walmart-amazonr_9026
right-4500,dn7-walmart-amazonr_9027
right-4501,dn7-walmart-amazonr_9028
right-4502,dn7-walmart-amazonr_9031
right-4503,dn7-walmart-amazonr_9032
right-4504,dn7-walmart-amazonr_9033
right-4505,dn7-walmart-amazonr_9036
right-4506,dn7-walmart-amazonr_9037
right-4507,dn7-walmart-amazonr_9039
right-4508,dn7-walmart-amazonr_9040
right-4509,dn7-walmart-amazonr_9043
right-4510,dn7-walmart-amazonr_9044
right-4511,dn7-walmart-amazonr_9046
right-4512,dn7-walmart-amazonr_9047
right-4513,dn7-walmart-amazonr_9062
right-4514,dn7-walmart-amazonr_9063
right-4515,dn7-walmart-amazonr_9064
right-4516,dn7-walmart-amazonr_9068
right-4517,dn7-walmart-amazonr_9070
right-4518,dn7-walmart-amazonr_9072
right-4519,dn7-walmart-amazonr_9077
right-4520,dn7-walmart-amazonr_9079
right-4521,dn7-walmart-amazonr_9080
right-4522,dn7-walmart-amazonr_9081
right-4523,dn7-walmart-amazonr_9082
right-4524,dn7-walmart-amazonr_9083
right-4525,dn7-walmart-amazonr_9085
right-4526,dn7-walmart-amazonr_9087
right-4527,dn7-walmart-amazonr_9088
right-4528,dn7-walmart-amazonr_9091
right-4529,dn7-walmart-amazonr_9092
right-4530,dn7-walmart-amazonr_9095
right-4531,dn7-walmart-amazonr_9097
right-4532,dn7-walmart-amazonr_9098
right-4533,dn7-walmart-amazonr_9099
right-4534,dn7-walmart-amazonr_9101
right-4535,dn7-walmart-amazonr_9102
right-4536,dn7-walmart-amazonr_9103
right-4537,dn7-walmart-amazonr_9104
right-4538,dn7-walmart-amazonr_9112
right-4539,dn7-walmart-amazonr_9114
right-4540,dn7-walmart-amazonr_9116
right-4541,dn7-walmart-amazonr_9118
right-4542,dn7-walmart-amazonr_9119
right-4543,dn7-walmart-amazonr_9120
right-4544,dn7-walmart-amazonr_9123
right-4545,dn7-walmart-amazonr_9124
right-4546,dn7-walmart-amazonr_9128
right-4547,dn7-walmart-amazonr_9130
right-4548,dn7-walmart-amazonr_9132
right-4549,dn7-walmart-amazonr_9134
right-4550,dn7-walmart-amazonr_9135
right-4551,dn7-walmart-amazonr_9137
right-4552,dn7-walmart-amazonr_9138
right-4553,dn7-walmart-amazonr_9143
right-4554,dn7-walmart-amazonr_9144
right-4555,dn7-walmart-amazonr_9145
right-4556,dn7-walmart-amazonr_9146
right-4557,dn7-walmart-amazonr_9148
right-4558,dn7-walmart-amazonr_9149
right-4559,dn7-walmart-amazonr_9150
right-4560,dn7-walmart-amazonr_9151
right-4561,dn7-walmart-amazonr_9152
right-4562,dn7-walmart-amazonr_9153
right-4563,dn7-walmart-amazonr_9154
right-4564,dn7-walmart-amazonr_9155
right-4565,dn7-walmart-amazonr_9156
right-4566,dn7-walmart-amazonr_9157
right-4567,dn7-walmart-amazonr_9160
right-4568,dn7-walmart-amazonr_9162
right-4569,dn7-walmart-amazonr_9166
right-4570,dn7-walmart-amazonr_9169
right-4571,dn7-walmart-amazonr_9170
right-4572,dn7-walmart-amazonr_9171
right-4573,dn7-walmart-amazonr_9173
right-4574,dn7-walmart-amazonr_9175
right-4575,dn7-walmart-amazonr_9177
right-4576,dn7-walmart-amazonr_9179
right-4577,dn7-walmart-amazonr_9180
right-4578,dn7-walmart-amazonr_9181
right-4579,dn7-walmart-amazonr_9183
right-4580,dn7-walmart-amazonr_9189
right-4581,dn7-walmart-amazonr_9191
right-4582,dn7-walmart-amazonr_9192
right-4583,dn7-walmart-amazonr_9194
right-4584,dn7-walmart-amazonr_9198
right-4585,dn7-walmart-amazonr_9199
right-4586,dn7-walmart-amazonr_9202
right-4587,dn7-walmart-amazonr_9204
right-4588,dn7-walmart-amazonr_9207
right-4589,dn7-walmart-amazonr_9209
right-4590,dn7-walmart-amazonr_9210
right-4591,dn7-walmart-amazonr_9213
right-4592,dn7-walmart-amazonr_9215
right-4593,dn7-walmart-amazonr_9216
right-4594,dn7-walmart-amazonr_9218
right-4595,dn7-walmart-amazonr_9219
right-4596,dn7-walmart-amazonr_9221
right-4597,dn7-walmart-amazonr_9222
right-4598,dn7-walmart-amazonr_9223
right-4599,dn7-walmart-amazonr_9224
right-4600,dn7-walmart-amazonr_9226
right-4601,dn7-walmart-amazonr_9229
right-4602,dn7-walmart-amazonr_9234
right-4603,dn7-walmart-amazonr_9236
right-4604,dn7-walmart-amazonr_9237
right-4605,dn7-walmart-amazonr_9240
right-4606,dn7-walmart-amazonr_9241
right-4607,dn7-walmart-amazonr_9245
right-4608,dn7-walmart-amazonr_9246
right-4609,dn7-walmart-amazonr_9253
right-4610,dn7-walmart-amazonr_9256
right-4611,dn7-walmart-amazonr_9257
right-4612,dn7-walmart-amazonr_9258
right-4613,dn7-walmart-amazonr_9261
right-4614,dn7-walmart-amazonr_9262
right-4615,dn7-walmart-amazonr_9266
right-4616,dn7-walmart-amazonr_9268
right-4617,dn7-walmart-amazonr_9269
right-4618,dn7-walmart-amazonr_9272
right-4619,dn7-walmart-amazonr_9273
right-4620,dn7-walmart-amazonr_9274
right-4621,dn7-walmart-amazonr_9277
right-4622,dn7-walmart-amazonr_9279
right-4623,dn7-walmart-amazonr_9282
right-4624,dn7-walmart-amazonr_9283
right-4625,dn7-walmart-amazonr_9284
right-4626,dn7-walmart-amazonr_9285
right-4627,dn7-walmart-amazonr_9286
right-4628,dn7-walmart-amazonr_9287
right-4629,dn7-walmart-amazonr_9292
right-4630,dn7-walmart-amazonr_9293
right-4631,dn7-walmart-amazonr_9294
right-4632,dn7-walmart-amazonr_9295
right-4633,dn7-walmart-amazonr_9296
right-4634,dn7-walmart-amazonr_9297
right-4635,dn7-walmart-amazonr_9300
right-4636,dn7-walmart-amazonr_9301
right-4637,dn7-walmart-amazonr_9302
right-4638,dn7-walmart-amazonr_9303
right-4639,dn7-walmart-amazonr_9305
right-4640,dn7-walmart-amazonr_9306
right-4641,dn7-walmart-amazonr_9311
right-4642,dn7-walmart-amazonr_9319
right-4643,dn7-walmart-amazonr_9322
right-4644,dn7-walmart-amazonr_9323
right-4645,dn7-walmart-amazonr_9324
right-4646,dn7-walmart-amazonr_9325
right-4647,dn7-walmart-amazonr_9327
right-4648,dn7-walmart-amazonr_9328
right-4649,dn7-walmart-amazonr_9329
right-4650,dn7-walmart-amazonr_9336
right-4651,dn7-walmart-amazonr_9337
right-4652,dn7-walmart-amazonr_9339
right-4653,dn7-walmart-amazonr_9342
right-4654,dn7-walmart-amazonr_9344
right-4655,dn7-walmart-amazonr_9347
right-4656,dn7-walmart-amazonr_9348
right-4657,dn7-walmart-amazonr_9349
right-4658,dn7-walmart-amazonr_9350
right-4659,dn7-walmart-amazonr_9354
right-4660,dn7-walmart-amazonr_9355
right-4661,dn7-walmart-amazonr_9361
right-4662,dn7-walmart-amazonr_9362
right-4663,dn7-walmart-amazonr_9365
right-4664,dn7-walmart-amazonr_9366
right-4665,dn7-walmart-amazonr_9368
right-4666,dn7-walmart-amazonr_9380
right-4667,dn7-walmart-amazonr_9381
right-4668,dn7-walmart-amazonr_9385
right-4669,dn7-walmart-amazonr_9387
right-4670,dn7-walmart-amazonr_9398
right-4671,dn7-walmart-amazonr_9399
right-4672,dn7-walmart-amazonr_9404
right-4673,dn7-walmart-amazonr_9405
right-4674,dn7-walmart-amazonr_9406
right-4675,dn7-walmart-amazonr_9407
right-4676,dn7-walmart-amazonr_9409
right-4677,dn7-walmart-amazonr_9413
right-4678,dn7-walmart-amazonr_9419
right-4679,dn7-walmart-amazonr_9421
right-4680,dn7-walmart-amazonr_9423
right-4681,dn7-walmart-amazonr_9424
right-4682,dn7-walmart-amazonr_9426
right-4683,dn7-walmart-amazonr_9427
right-4684,dn7-walmart-amazonr_9428
right-4685,dn7-walmart-amazonr_9431
right-4686,dn7-walmart-amazonr_9432
right-4687,dn7-walmart-amazonr_9433
right-4688,dn7-walmart-amazonr_9434
right-4689,dn7-walmart-amazonr_9435
right-4690,dn7-walmart-amazonr_9436
right-4691,dn7-walmart-amazonr_9438
right-4692,dn7-walmart-amazonr_9440
right-4693,dn7-walmart-amazonr_9443
right-4694,dn7-walmart-amazonr_9444
right-4695,dn7-walmart-amazonr_9447
right-4696,dn7-walmart-amazonr_9449
right-4697,dn7-walmart-amazonr_9450
right-4698,dn7-walmart-amazonr_9451
right-4699,dn7-walmart-amazonr_9458
right-4700,dn7-walmart-amazonr_9460
right-4701,dn7-walmart-amazonr_9461
right-4702,dn7-walmart-amazonr_9462
right-4703,dn7-walmart-amazonr_9464
right-4704,dn7-walmart-amazonr_9465
right-4705,dn7-walmart-amazonr_9466
right-4706,dn7-walmart-amazonr_9467
right-4707,dn7-walmart-amazonr_9468
right-4708,dn7-walmart-amazonr_9469
right-4709,dn7-walmart-amazonr_9470
right-4710,dn7-walmart-amazonr_9472
right-4711,dn7-walmart-amazonr_9473
right-4712,dn7-walmart-amazonr_9474
right-4713,dn7-walmart-amazonr_9479
right-4714,dn7-walmart-amazonr_9480
right-4715,dn7-walmart-amazonr_9481
right-4716,dn7-walmart-amazonr_9482
right-4717,dn7-walmart-amazonr_9484
right-4718,dn7-walmart-amazonr_9486
right-4719,dn7-walmart-amazonr_9492
right-4720,dn7-walmart-amazonr_9497
right-4721,dn7-walmart-amazonr_9499
right-4722,dn7-walmart-amazonr_9501
right-4723,dn7-walmart-amazonr_9502
right-4724,dn7-walmart-amazonr_9510
right-4725,dn7-walmart-amazonr_9514
right-4726,dn7-walmart-amazonr_9516
right-4727,dn7-walmart-amazonr_9517
right-4728,dn7-walmart-amazonr_9518
right-4729,dn7-walmart-amazonr_9519
right-4730,dn7-walmart-amazonr_9521
right-4731,dn7-walmart-amazonr_9523
right-4732,dn7-walmart-amazonr_9524
right-4733,dn7-walmart-amazonr_9525
right-4734,dn7-walmart-amazonr_9526
right-4735,dn7-walmart-amazonr_9527
right-4736,dn7-walmart-amazonr_9528
right-4737,dn7-walmart-amazonr_9529
right-4738,dn7-walmart-amazonr_9530
right-4739,dn7-walmart-amazonr_9532
right-4740,dn7-walmart-amazonr_9534
right-4741,dn7-walmart-amazonr_9535
right-4742,dn7-walmart-amazonr_9536
right-4743,dn7-walmart-amazonr_9537
right-4744,dn7-walmart-amazonr_9542
right-4745,dn7-walmart-amazonr_9543
right-4746,dn7-walmart-amazonr_9545
right-4747,dn7-walmart-amazonr_9548
right-4748,dn7-walmart-amazonr_9550
right-4749,dn7-walmart-amazonr_9551
right-4750,dn7-walmart-amazonr_9553
right-4751,dn7-walmart-amazonr_9554
right-4752,dn7-walmart-amazonr_9556
right-4753,dn7-walmart-amazonr_9557
right-4754,dn7-walmart-amazonr_9559
right-4755,dn7-walmart-amazonr_9560
right-4756,dn7-walmart-amazonr_9564
right-4757,dn7-walmart-amazonr_9571
right-4758,dn7-walmart-amazonr_9572
right-4759,dn7-walmart-amazonr_9573
right-4760,dn7-walmart-amazonr_9575
right-4761,dn7-walmart-amazonr_9576
right-4762,dn7-walmart-amazonr_9582
right-4763,dn7-walmart-amazonr_9584
right-4764,dn7-walmart-amazonr_9585
right-4765,dn7-walmart-amazonr_9587
right-4766,dn7-walmart-amazonr_9588
right-4767,dn7-walmart-amazonr_9590
right-4768,dn7-walmart-amazonr_9594
right-4769,dn7-walmart-amazonr_9595
right-4770,dn7-walmart-amazonr_9596
right-4771,dn7-walmart-amazonr_9597
right-4772,dn7-walmart-amazonr_9604
right-4773,dn7-walmart-amazonr_9608
right-4774,dn7-walmart-amazonr_9610
right-4775,dn7-walmart-amazonr_9611
right-4776,dn7-walmart-amazonr_9612
right-4777,dn7-walmart-amazonr_9613
right-4778,dn7-walmart-amazonr_9619
right-4779,dn7-walmart-amazonr_9622
right-4780,dn7-walmart-amazonr_9623
right-4781,dn7-walmart-amazonr_9624
right-4782,dn7-walmart-amazonr_9630
right-4783,dn7-walmart-amazonr_9634
right-4784,dn7-walmart-amazonr_9635
right-4785,dn7-walmart-amazonr_9636
right-4786,dn7-walmart-amazonr_9637
right-4787,dn7-walmart-amazonr_9644
right-4788,dn7-walmart-amazonr_9645
right-4789,dn7-walmart-amazonr_9648
right-4790,dn7-walmart-amazonr_9650
right-4791,dn7-walmart-amazonr_9653
right-4792,dn7-walmart-amazonr_9657
right-4793,dn7-walmart-amazonr_9658
right-4794,dn7-walmart-amazonr_9659
right-4795,dn7-walmart-amazonr_9660
right-4796,dn7-walmart-amazonr_9663
right-4797,dn7-walmart-amazonr_9664
right-4798,dn7-walmart-amazonr_9670
right-4799,dn7-walmart-amazonr_9673
right-4800,dn7-walmart-amazonr_9675
right-4801,dn7-walmart-amazonr_9676
right-4802,dn7-walmart-amazonr_9677
right-4803,dn7-walmart-amazonr_9681
right-4804,dn7-walmart-amazonr_9684
right-4805,dn7-walmart-amazonr_9685
right-4806,dn7-walmart-amazonr_9688
right-4807,dn7-walmart-amazonr_9698
right-4808,dn7-walmart-amazonr_9701
right-4809,dn7-walmart-amazonr_9704
right-4810,dn7-walmart-amazonr_9705
right-4811,dn7-walmart-amazonr_9709
right-4812,dn7-walmart-amazonr_9710
right-4813,dn7-walmart-amazonr_9711
right-4814,dn7-walmart-amazonr_9712
right-4815,dn7-walmart-amazonr_9713
right-4816,dn7-walmart-amazonr_9714
right-4817,dn7-walmart-amazonr_9715
right-4818,dn7-walmart-amazonr_9716
right-4819,dn7-walmart-amazonr_9717
right-4820,dn7-walmart-amazonr_9719
right-4821,dn7-walmart-amazonr_9720
right-4822,dn7-walmart-amazonr_9721
right-4823,dn7-walmart-amazonr_9722
right-4824,dn7-walmart-amazonr_9724
right-4825,dn7-walmart-amazonr_9726
right-4826,dn7-walmart-amazonr_9727
right-4827,dn7-walmart-amazonr_9732
right-4828,dn7-walmart-amazonr_9733
right-4829,dn7-walmart-amazonr_9734
right-4830,dn7-walmart-amazonr_9737
right-4831,dn7-walmart-amazonr_9738
right-4832,dn7-walmart-amazonr_9739
right-4833,dn7-walmart-amazonr_9742
right-4834,dn7-walmart-amazonr_9744
right-4835,dn7-walmart-amazonr_9745
right-4836,dn7-walmart-amazonr_9757
right-4837,dn7-walmart-amazonr_9758
right-4838,dn7-walmart-amazonr_9765
right-4839,dn7-walmart-amazonr_9766
right-4840,dn7-walmart-amazonr_9770
right-4841,dn7-walmart-amazonr_9771
right-4842,dn7-walmart-amazonr_9772
right-4843,dn7-walmart-amazonr_9775
right-4844,dn7-walmart-amazonr_9779
right-4845,dn7-walmart-amazonr_9781
right-4846,dn7-walmart-amazonr_9784
right-4847,dn7-walmart-amazonr_9789
right-4848,dn7-walmart-amazonr_9791
right-4849,dn7-walmart-amazonr_9792
right-4850,dn7-walmart-amazonr_9793
right-4851,dn7-walmart-amazonr_9795
right-4852,dn7-walmart-amazonr_9798
right-4853,dn7-walmart-amazonr_9799
right-4854,dn7-walmart-amazonr_9801
right-4855,dn7-walmart-amazonr_9802
right-4856,dn7-walmart-amazonr_9803
right-4857,dn7-walmart-amazonr_9804
right-4858,dn7-walmart-amazonr_9805
right-4859,dn7-walmart-amazonr_9806
right-4860,dn7-walmart-amazonr_9812
right-4861,dn7-walmart-amazonr_9815
right-4862,dn7-walmart-amazonr_9816
right-4863,dn7-walmart-amazonr_9823
right-4864,dn7-walmart-amazonr_9824
right-4865,dn7-walmart-amazonr_9825
right-4866,dn7-walmart-amazonr_9835
right-4867,dn7-walmart-amazonr_9838
right-4868,dn7-walmart-amazonr_9841
right-4869,dn7-walmart-amazonr_9842
right-4870,dn7-walmart-amazonr_9847
right-4871,dn7-walmart-amazonr_9855
right-4872,dn7-walmart-amazonr_9856
right-4873,dn7-walmart-amazonr_9862
right-4874,dn7-walmart-amazonr_9866
right-4875,dn7-walmart-amazonr_9867
right-4876,dn7-walmart-amazonr_9868
right-4877,dn7-walmart-amazonr_9870
right-4878,dn7-walmart-amazonr_9873
right-4879,dn7-walmart-amazonr_9876
right-4880,dn7-walmart-amazonr_9877
right-4881,dn7-walmart-amazonr_9878
right-4882,dn7-walmart-amazonr_9879
right-4883,dn7-walmart-amazonr_9880
right-4884,dn7-walmart-amazonr_9881
right-4885,dn7-walmart-amazonr_9882
right-4886,dn7-walmart-amazonr_9888
right-4887,dn7-walmart-amazonr_9889
right-4888,dn7-walmart-amazonr_9890
right-4889,dn7-walmart-amazonr_9891
right-4890,dn7-walmart-amazonr_9892
right-4891,dn7-walmart-amazonr_9893
right-4892,dn7-walmart-amazonr_9895
right-4893,dn7-walmart-amazonr_9896
right-4894,dn7-walmart-amazonr_9904
right-4895,dn7-walmart-amazonr_9908
right-4896,dn7-walmart-amazonr_9909
right-4897,dn7-walmart-amazonr_9910
right-4898,dn7-walmart-amazonr_9911
right-4899,dn7-walmart-amazonr_9912
right-4900,dn7-walmart-amazonr_9914
right-4901,dn7-walmart-amazonr_9919
right-4902,dn7-walmart-amazonr_9923
right-4903,dn7-walmart-amazonr_9925
right-4904,dn7-walmart-amazonr_9928
right-4905,dn7-walmart-amazonr_9930
right-4906,dn7-walmart-amazonr_9934
right-4907,dn7-walmart-amazonr_9937
right-4908,dn7-walmart-amazonr_9938
right-4909,dn7-walmart-amazonr_9940
right-4910,dn7-walmart-amazonr_9944
right-4911,dn7-walmart-amazonr_9945
right-4912,dn7-walmart-amazonr_9946
right-4913,dn7-walmart-amazonr_9948
right-4914,dn7-walmart-amazonr_9955
right-4915,dn7-walmart-amazonr_9956
right-4916,dn7-walmart-amazonr_9961
right-4917,dn7-walmart-amazonr_9963
right-4918,dn7-walmart-amazonr_9965
right-4919,dn7-walmart-amazonr_9967
right-4920,dn7-walmart-amazonr_9968
right-4921,dn7-walmart-amazonr_9969
right-4922,dn7-walmart-amazonr_9970
right-4923,dn7-walmart-amazonr_9971
right-4924,dn7-walmart-amazonr_9972
right-4925,dn7-walmart-amazonr_9973
right-4926,dn7-walmart-amazonr_9974
right-4927,dn7-walmart-amazonr_9975
right-4928,dn7-walmart-amazonr_9978
right-4929,dn7-walmart-amazonr_9981
right-4930,dn7-walmart-amazonr_9985
right-4931,dn7-walmart-amazonr_9986
right-4932,dn7-walmart-amazonr_9987
right-4933,dn7-walmart-amazonr_9989
right-4934,dn7-walmart-amazonr_9990
right-4935,dn7-walmart-amazonr_9991
right-4936,dn7-walmart-amazonr_9994
right-4937,dn7-walmart-amazonr_9998
right-4938,dn7-walmart-amazonr_10000
right-4939,dn7-walmart-amazonr_10001
right-4940,dn7-walmart-amazonr_10002
right-4941,dn7-walmart-amazonr_10003
right-4942,dn7-walmart-amazonr_10004
right-4943,dn7-walmart-amazonr_10009
right-4944,dn7-walmart-amazonr_10012
right-4945,dn7-walmart-amazonr_10015
right-4946,dn7-walmart-amazonr_10016
right-4947,dn7-walmart-amazonr_10017
right-4948,dn7-walmart-amazonr_10018
right-4949,dn7-walmart-amazonr_10019
right-4950,dn7-walmart-amazonr_10022
right-4951,dn7-walmart-amazonr_10023
right-4952,dn7-walmart-amazonr_10025
right-4953,dn7-walmart-amazonr_10026
right-4954,dn7-walmart-amazonr_10028
right-4955,dn7-walmart-amazonr_10029
right-4956,dn7-walmart-amazonr_10030
right-4957,dn7-walmart-amazonr_10032
right-4958,dn7-walmart-amazonr_10036
right-4959,dn7-walmart-amazonr_10041
right-4960,dn7-walmart-amazonr_10042
right-4961,dn7-walmart-amazonr_10043
right-4962,dn7-walmart-amazonr_10044
right-4963,dn7-walmart-amazonr_10045
right-4964,dn7-walmart-amazonr_10048
right-4965,dn7-walmart-amazonr_10049
right-4966,dn7-walmart-amazonr_10050
right-4967,dn7-walmart-amazonr_10052
right-4968,dn7-walmart-amazonr_10053
right-4969,dn7-walmart-amazonr_10055
right-4970,dn7-walmart-amazonr_10056
right-4971,dn7-walmart-amazonr_10060
right-4972,dn7-walmart-amazonr_10061
right-4973,dn7-walmart-amazonr_10064
right-4974,dn7-walmart-amazonr_10070
right-4975,dn7-walmart-amazonr_10073
right-4976,dn7-walmart-amazonr_10075
right-4977,dn7-walmart-amazonr_10076
right-4978,dn7-walmart-amazonr_10077
right-4979,dn7-walmart-amazonr_10078
right-4980,dn7-walmart-amazonr_10080
right-4981,dn7-walmart-amazonr_10082
right-4982,dn7-walmart-amazonr_10083
right-4983,dn7-walmart-amazonr_10086
right-4984,dn7-walmart-amazonr_10087
right-4985,dn7-walmart-amazonr_10089
right-4986,dn7-walmart-amazonr_10093
right-4987,dn7-walmart-amazonr_10097
right-4988,dn7-walmart-amazonr_10099
right-4989,dn7-walmart-amazonr_10106
right-4990,dn7-walmart-amazonr_10107
right-4991,dn7-walmart-amazonr_10108
right-4992,dn7-walmart-amazonr_10109
right-4993,dn7-walmart-amazonr_10110
right-4994,dn7-walmart-amazonr_10111
right-4995,dn7-walmart-amazonr_10112
right-4996,dn7-walmart-amazonr_10114
right-4997,dn7-walmart-amazonr_10115
right-4998,dn7-walmart-amazonr_10117
right-4999,dn7-walmart-amazonr_10118
right-5000,dn7-walmart-amazonr_10123
right-5001,dn7-walmart-amazonr_10128
right-5002,dn7-walmart-amazonr_10133
right-5003,dn7-walmart-amazonr_10137
right-5004,dn7-walmart-amazonr_10138
right-5005,dn7-walmart-amazonr_10141
right-5006,dn7-walmart-amazonr_10142
right-5007,dn7-walmart-amazonr_10144
right-5008,dn7-walmart-amazonr_10145
right-5009,dn7-walmart-amazonr_10146
right-5010,dn7-walmart-amazonr_10148
right-5011,dn7-walmart-amazonr_10151
right-5012,dn7-walmart-amazonr_10152
right-5013,dn7-walmart-amazonr_10153
right-5014,dn7-walmart-amazonr_10156
right-5015,dn7-walmart-amazonr_10160
right-5016,dn7-walmart-amazonr_10161
right-5017,dn7-walmart-amazonr_10165
right-5018,dn7-walmart-amazonr_10166
right-5019,dn7-walmart-amazonr_10168
right-5020,dn7-walmart-amazonr_10169
right-5021,dn7-walmart-amazonr_10171
right-5022,dn7-walmart-amazonr_10172
right-5023,dn7-walmart-amazonr_10173
right-5024,dn7-walmart-amazonr_10175
right-5025,dn7-walmart-amazonr_10176
right-5026,dn7-walmart-amazonr_10177
right-5027,dn7-walmart-amazonr_10180
right-5028,dn7-walmart-amazonr_10181
right-5029,dn7-walmart-amazonr_10183
right-5030,dn7-walmart-amazonr_10185
right-5031,dn7-walmart-amazonr_10186
right-5032,dn7-walmart-amazonr_10188
right-5033,dn7-walmart-amazonr_10189
right-5034,dn7-walmart-amazonr_10191
right-5035,dn7-walmart-amazonr_10192
right-5036,dn7-walmart-amazonr_10193
right-5037,dn7-walmart-amazonr_10194
right-5038,dn7-walmart-amazonr_10197
right-5039,dn7-walmart-amazonr_10198
right-5040,dn7-walmart-amazonr_10199
right-5041,dn7-walmart-amazonr_10202
right-5042,dn7-walmart-amazonr_10206
right-5043,dn7-walmart-amazonr_10209
right-5044,dn7-walmart-amazonr_10217
right-5045,dn7-walmart-amazonr_10218
right-5046,dn7-walmart-amazonr_10220
right-5047,dn7-walmart-amazonr_10222
right-5048,dn7-walmart-amazonr_10228
right-5049,dn7-walmart-amazonr_10229
right-5050,dn7-walmart-amazonr_10234
right-5051,dn7-walmart-amazonr_10238
right-5052,dn7-walmart-amazonr_10239
right-5053,dn7-walmart-amazonr_10243
right-5054,dn7-walmart-amazonr_10244
right-5055,dn7-walmart-amazonr_10245
right-5056,dn7-walmart-amazonr_10247
right-5057,dn7-walmart-amazonr_10249
right-5058,dn7-walmart-amazonr_10250
right-5059,dn7-walmart-amazonr_10251
right-5060,dn7-walmart-amazonr_10255
right-5061,dn7-walmart-amazonr_10256
right-5062,dn7-walmart-amazonr_10258
right-5063,dn7-walmart-amazonr_10259
right-5064,dn7-walmart-amazonr_10261
right-5065,dn7-walmart-amazonr_10265
right-5066,dn7-walmart-amazonr_10266
right-5067,dn7-walmart-amazonr_10267
right-5068,dn7-walmart-amazonr_10268
right-5069,dn7-walmart-amazonr_10271
right-5070,dn7-walmart-amazonr_10272
right-5071,dn7-walmart-amazonr_10273
right-5072,dn7-walmart-amazonr_10274
right-5073,dn7-walmart-amazonr_10275
right-5074,dn7-walmart-amazonr_10276
right-5075,dn7-walmart-amazonr_10279
right-5076,dn7-walmart-amazonr_10283
right-5077,dn7-walmart-amazonr_10284
right-5078,dn7-walmart-amazonr_10285
right-5079,dn7-walmart-amazonr_10286
right-5080,dn7-walmart-amazonr_10287
right-5081,dn7-walmart-amazonr_10288
right-5082,dn7-walmart-amazonr_10290
right-5083,dn7-walmart-amazonr_10292
right-5084,dn7-walmart-amazonr_10293
right-5085,dn7-walmart-amazonr_10294
right-5086,dn7-walmart-amazonr_10299
right-5087,dn7-walmart-amazonr_10301
right-5088,dn7-walmart-amazonr_10303
right-5089,dn7-walmart-amazonr_10305
right-5090,dn7-walmart-amazonr_10306
right-5091,dn7-walmart-amazonr_10307
right-5092,dn7-walmart-amazonr_10308
right-5093,dn7-walmart-amazonr_10309
right-5094,dn7-walmart-amazonr_10311
right-5095,dn7-walmart-amazonr_10312
right-5096,dn7-walmart-amazonr_10314
right-5097,dn7-walmart-amazonr_10315
right-5098,dn7-walmart-amazonr_10316
right-5099,dn7-walmart-amazonr_10319
right-5100,dn7-walmart-amazonr_10320
right-5101,dn7-walmart-amazonr_10321
right-5102,dn7-walmart-amazonr_10322
right-5103,dn7-walmart-amazonr_10333
right-5104,dn7-walmart-amazonr_10335
right-5105,dn7-walmart-amazonr_10336
right-5106,dn7-walmart-amazonr_10337
right-5107,dn7-walmart-amazonr_10343
right-5108,dn7-walmart-amazonr_10344
right-5109,dn7-walmart-amazonr_10345
right-5110,dn7-walmart-amazonr_10346
right-5111,dn7-walmart-amazonr_10348
right-5112,dn7-walmart-amazonr_10353
right-5113,dn7-walmart-amazonr_10356
right-5114,dn7-walmart-amazonr_10357
right-5115,dn7-walmart-amazonr_10365
right-5116,dn7-walmart-amazonr_10366
right-5117,dn7-walmart-amazonr_10367
right-5118,dn7-walmart-amazonr_10368
right-5119,dn7-walmart-amazonr_10372
right-5120,dn7-walmart-amazonr_10374
right-5121,dn7-walmart-amazonr_10375
right-5122,dn7-walmart-amazonr_10377
right-5123,dn7-walmart-amazonr_10379
right-5124,dn7-walmart-amazonr_10382
right-5125,dn7-walmart-amazonr_10384
right-5126,dn7-walmart-amazonr_10385
right-5127,dn7-walmart-amazonr_10386
right-5128,dn7-walmart-amazonr_10387
right-5129,dn7-walmart-amazonr_10388
right-5130,dn7-walmart-amazonr_10389
right-5131,dn7-walmart-amazonr_10391
right-5132,dn7-walmart-amazonr_10392
right-5133,dn7-walmart-amazonr_10395
right-5134,dn7-walmart-amazonr_10396
right-5135,dn7-walmart-amazonr_10397
right-5136,dn7-walmart-amazonr_10398
right-5137,dn7-walmart-amazonr_10399
right-5138,dn7-walmart-amazonr_10401
right-5139,dn7-walmart-amazonr_10402
right-5140,dn7-walmart-amazonr_10407
right-5141,dn7-walmart-amazonr_10408
right-5142,dn7-walmart-amazonr_10411
right-5143,dn7-walmart-amazonr_10413
right-5144,dn7-walmart-amazonr_10415
right-5145,dn7-walmart-amazonr_10417
right-5146,dn7-walmart-amazonr_10418
right-5147,dn7-walmart-amazonr_10419
right-5148,dn7-walmart-amazonr_10422
right-5149,dn7-walmart-amazonr_10424
right-5150,dn7-walmart-amazonr_10426
right-5151,dn7-walmart-amazonr_10428
right-5152,dn7-walmart-amazonr_10431
right-5153,dn7-walmart-amazonr_10432
right-5154,dn7-walmart-amazonr_10434
right-5155,dn7-walmart-amazonr_10435
right-5156,dn7-walmart-amazonr_10440
right-5157,dn7-walmart-amazonr_10441
right-5158,dn7-walmart-amazonr_10445
right-5159,dn7-walmart-amazonr_10447
right-5160,dn7-walmart-amazonr_10449
right-5161,dn7-walmart-amazonr_10450
right-5162,dn7-walmart-amazonr_10451
right-5163,dn7-walmart-amazonr_10452
right-5164,dn7-walmart-amazonr_10455
right-5165,dn7-walmart-amazonr_10456
right-5166,dn7-walmart-amazonr_10458
right-5167,dn7-walmart-amazonr_10460
right-5168,dn7-walmart-amazonr_10463
right-5169,dn7-walmart-amazonr_10465
right-5170,dn7-walmart-amazonr_10466
right-5171,dn7-walmart-amazonr_10467
right-5172,dn7-walmart-amazonr_10469
right-5173,dn7-walmart-amazonr_10471
right-5174,dn7-walmart-amazonr_10472
right-5175,dn7-walmart-amazonr_10473
right-5176,dn7-walmart-amazonr_10474
right-5177,dn7-walmart-amazonr_10475
right-5178,dn7-walmart-amazonr_10476
right-5179,dn7-walmart-amazonr_10479
right-5180,dn7-walmart-amazonr_10480
right-5181,dn7-walmart-amazonr_10481
right-5182,dn7-walmart-amazonr_10482
right-5183,dn7-walmart-amazonr_10484
right-5184,dn7-walmart-amazonr_10486
right-5185,dn7-walmart-amazonr_10487
right-5186,dn7-walmart-amazonr_10488
right-5187,dn7-walmart-amazonr_10494
right-5188,dn7-walmart-amazonr_10495
right-5189,dn7-walmart-amazonr_10496
right-5190,dn7-walmart-amazonr_10497
right-5191,dn7-walmart-amazonr_10500
right-5192,dn7-walmart-amazonr_10504
right-5193,dn7-walmart-amazonr_10505
right-5194,dn7-walmart-amazonr_10508
right-5195,dn7-walmart-amazonr_10511
right-5196,dn7-walmart-amazonr_10515
right-5197,dn7-walmart-amazonr_10517
right-5198,dn7-walmart-amazonr_10526
right-5199,dn7-walmart-amazonr_10527
right-5200,dn7-walmart-amazonr_10532
right-5201,dn7-walmart-amazonr_10533
right-5202,dn7-walmart-amazonr_10535
right-5203,dn7-walmart-amazonr_10538
right-5204,dn7-walmart-amazonr_10540
right-5205,dn7-walmart-amazonr_10545
right-5206,dn7-walmart-amazonr_10546
right-5207,dn7-walmart-amazonr_10547
right-5208,dn7-walmart-amazonr_10549
right-5209,dn7-walmart-amazonr_10550
right-5210,dn7-walmart-amazonr_10551
right-5211,dn7-walmart-amazonr_10552
right-5212,dn7-walmart-amazonr_10554
right-5213,dn7-walmart-amazonr_10556
right-5214,dn7-walmart-amazonr_10560
right-5215,dn7-walmart-amazonr_10564
right-5216,dn7-walmart-amazonr_10568
right-5217,dn7-walmart-amazonr_10569
right-5218,dn7-walmart-amazonr_10570
right-5219,dn7-walmart-amazonr_10571
right-5220,dn7-walmart-amazonr_10573
right-5221,dn7-walmart-amazonr_10577
right-5222,dn7-walmart-amazonr_10580
right-5223,dn7-walmart-amazonr_10582
right-5224,dn7-walmart-amazonr_10586
right-5225,dn7-walmart-amazonr_10587
right-5226,dn7-walmart-amazonr_10591
right-5227,dn7-walmart-amazonr_10592
right-5228,dn7-walmart-amazonr_10593
right-5229,dn7-walmart-amazonr_10594
right-5230,dn7-walmart-amazonr_10597
right-5231,dn7-walmart-amazonr_10598
right-5232,dn7-walmart-amazonr_10600
right-5233,dn7-walmart-amazonr_10601
right-5234,dn7-walmart-amazonr_10602
right-5235,dn7-walmart-amazonr_10603
right-5236,dn7-walmart-amazonr_10605
right-5237,dn7-walmart-amazonr_10606
right-5238,dn7-walmart-amazonr_10607
right-5239,dn7-walmart-amazonr_10608
right-5240,dn7-walmart-amazonr_10609
right-5241,dn7-walmart-amazonr_10612
right-5242,dn7-walmart-amazonr_10615
right-5243,dn7-walmart-amazonr_10616
right-5244,dn7-walmart-amazonr_10617
right-5245,dn7-walmart-amazonr_10618
right-5246,dn7-walmart-amazonr_10620
right-5247,dn7-walmart-amazonr_10622
right-5248,dn7-walmart-amazonr_10624
right-5249,dn7-walmart-amazonr_10625
right-5250,dn7-walmart-amazonr_10626
right-5251,dn7-walmart-amazonr_10627
right-5252,dn7-walmart-amazonr_10630
right-5253,dn7-walmart-amazonr_10631
right-5254,dn7-walmart-amazonr_10638
right-5255,dn7-walmart-amazonr_10639
right-5256,dn7-walmart-amazonr_10640
right-5257,dn7-walmart-amazonr_10641
right-5258,dn7-walmart-amazonr_10643
right-5259,dn7-walmart-amazonr_10644
right-5260,dn7-walmart-amazonr_10645
right-5261,dn7-walmart-amazonr_10646
right-5262,dn7-walmart-amazonr_10650
right-5263,dn7-walmart-amazonr_10652
right-5264,dn7-walmart-amazonr_10654
right-5265,dn7-walmart-amazonr_10658
right-5266,dn7-walmart-amazonr_10661
right-5267,dn7-walmart-amazonr_10662
right-5268,dn7-walmart-amazonr_10663
right-5269,dn7-walmart-amazonr_10664
right-5270,dn7-walmart-amazonr_10665
right-5271,dn7-walmart-amazonr_10666
right-5272,dn7-walmart-amazonr_10668
right-5273,dn7-walmart-amazonr_10669
right-5274,dn7-walmart-amazonr_10670
right-5275,dn7-walmart-amazonr_10671
right-5276,dn7-walmart-amazonr_10672
right-5277,dn7-walmart-amazonr_10673
right-5278,dn7-walmart-amazonr_10674
right-5279,dn7-walmart-amazonr_10675
right-5280,dn7-walmart-amazonr_10679
right-5281,dn7-walmart-amazonr_10680
right-5282,dn7-walmart-amazonr_10681
right-5283,dn7-walmart-amazonr_10682
right-5284,dn7-walmart-amazonr_10683
right-5285,dn7-walmart-amazonr_10684
right-5286,dn7-walmart-amazonr_10688
right-5287,dn7-walmart-amazonr_10690
right-5288,dn7-walmart-amazonr_10692
right-5289,dn7-walmart-amazonr_10694
right-5290,dn7-walmart-amazonr_10697
right-5291,dn7-walmart-amazonr_10698
right-5292,dn7-walmart-amazonr_10699
right-5293,dn7-walmart-amazonr_10701
right-5294,dn7-walmart-amazonr_10702
right-5295,dn7-walmart-amazonr_10704
right-5296,dn7-walmart-amazonr_10706
right-5297,dn7-walmart-amazonr_10707
right-5298,dn7-walmart-amazonr_10708
right-5299,dn7-walmart-amazonr_10711
right-5300,dn7-walmart-amazonr_10712
right-5301,dn7-walmart-amazonr_10713
right-5302,dn7-walmart-amazonr_10716
right-5303,dn7-walmart-amazonr_10717
right-5304,dn7-walmart-amazonr_10718
right-5305,dn7-walmart-amazonr_10719
right-5306,dn7-walmart-amazonr_10720
right-5307,dn7-walmart-amazonr_10721
right-5308,dn7-walmart-amazonr_10722
right-5309,dn7-walmart-amazonr_10724
right-5310,dn7-walmart-amazonr_10726
right-5311,dn7-walmart-amazonr_10727
right-5312,dn7-walmart-amazonr_10728
right-5313,dn7-walmart-amazonr_10729
right-5314,dn7-walmart-amazonr_10730
right-5315,dn7-walmart-amazonr_10731
right-5316,dn7-walmart-amazonr_10733
right-5317,dn7-walmart-amazonr_10734
right-5318,dn7-walmart-amazonr_10736
right-5319,dn7-walmart-amazonr_10739
right-5320,dn7-walmart-amazonr_10740
right-5321,dn7-walmart-amazonr_10741
right-5322,dn7-walmart-amazonr_10744
right-5323,dn7-walmart-amazonr_10745
right-5324,dn7-walmart-amazonr_10746
right-5325,dn7-walmart-amazonr_10747
right-5326,dn7-walmart-amazonr_10749
right-5327,dn7-walmart-amazonr_10750
right-5328,dn7-walmart-amazonr_10751
right-5329,dn7-walmart-amazonr_10753
right-5330,dn7-walmart-amazonr_10754
right-5331,dn7-walmart-amazonr_10756
right-5332,dn7-walmart-amazonr_10758
right-5333,dn7-walmart-amazonr_10759
right-5334,dn7-walmart-amazonr_10760
right-5335,dn7-walmart-amazonr_10762
right-5336,dn7-walmart-amazonr_10763
right-5337,dn7-walmart-amazonr_10764
right-5338,dn7-walmart-amazonr_10770
right-5339,dn7-walmart-amazonr_10771
right-5340,dn7-walmart-amazonr_10773
right-5341,dn7-walmart-amazonr_10778
right-5342,dn7-walmart-amazonr_10779
right-5343,dn7-walmart-amazonr_10783
right-5344,dn7-walmart-amazonr_10786
right-5345,dn7-walmart-amazonr_10787
right-5346,dn7-walmart-amazonr_10790
right-5347,dn7-walmart-amazonr_10791
right-5348,dn7-walmart-amazonr_10792
right-5349,dn7-walmart-amazonr_10793
right-5350,dn7-walmart-amazonr_10795
right-5351,dn7-walmart-amazonr_10796
right-5352,dn7-walmart-amazonr_10797
right-5353,dn7-walmart-amazonr_10800
right-5354,dn7-walmart-amazonr_10802
right-5355,dn7-walmart-amazonr_10803
right-5356,dn7-walmart-amazonr_10804
right-5357,dn7-walmart-amazonr_10806
right-5358,dn7-walmart-amazonr_10808
right-5359,dn7-walmart-amazonr_10809
right-5360,dn7-walmart-amazonr_10810
right-5361,dn7-walmart-amazonr_10812
right-5362,dn7-walmart-amazonr_10813
right-5363,dn7-walmart-amazonr_10819
right-5364,dn7-walmart-amazonr_10820
right-5365,dn7-walmart-amazonr_10821
right-5366,dn7-walmart-amazonr_10822
right-5367,dn7-walmart-amazonr_10823
right-5368,dn7-walmart-amazonr_10825
right-5369,dn7-walmart-amazonr_10826
right-5370,dn7-walmart-amazonr_10832
right-5371,dn7-walmart-amazonr_10833
right-5372,dn7-walmart-amazonr_10834
right-5373,dn7-walmart-amazonr_10835
right-5374,dn7-walmart-amazonr_10836
right-5375,dn7-walmart-amazonr_10838
right-5376,dn7-walmart-amazonr_10840
right-5377,dn7-walmart-amazonr_10841
right-5378,dn7-walmart-amazonr_10843
right-5379,dn7-walmart-amazonr_10845
right-5380,dn7-walmart-amazonr_10846
right-5381,dn7-walmart-amazonr_10851
right-5382,dn7-walmart-amazonr_10852
right-5383,dn7-walmart-amazonr_10854
right-5384,dn7-walmart-amazonr_10855
right-5385,dn7-walmart-amazonr_10856
right-5386,dn7-walmart-amazonr_10857
right-5387,dn7-walmart-amazonr_10859
right-5388,dn7-walmart-amazonr_10864
right-5389,dn7-walmart-amazonr_10867
right-5390,dn7-walmart-amazonr_10868
right-5391,dn7-walmart-amazonr_10869
right-5392,dn7-walmart-amazonr_10872
right-5393,dn7-walmart-amazonr_10873
right-5394,dn7-walmart-amazonr_10874
right-5395,dn7-walmart-amazonr_10875
right-5396,dn7-walmart-amazonr_10876
right-5397,dn7-walmart-amazonr_10879
right-5398,dn7-walmart-amazonr_10880
right-5399,dn7-walmart-amazonr_10881
right-5400,dn7-walmart-amazonr_10883
right-5401,dn7-walmart-amazonr_10884
right-5402,dn7-walmart-amazonr_10885
right-5403,dn7-walmart-amazonr_10886
right-5404,dn7-walmart-amazonr_10887
right-5405,dn7-walmart-amazonr_10889
right-5406,dn7-walmart-amazonr_10891
right-5407,dn7-walmart-amazonr_10892
right-5408,dn7-walmart-amazonr_10893
right-5409,dn7-walmart-amazonr_10894
right-5410,dn7-walmart-amazonr_10895
right-5411,dn7-walmart-amazonr_10896
right-5412,dn7-walmart-amazonr_10898
right-5413,dn7-walmart-amazonr_10899
right-5414,dn7-walmart-amazonr_10902
right-5415,dn7-walmart-amazonr_10904
right-5416,dn7-walmart-amazonr_10909
right-5417,dn7-walmart-amazonr_10911
right-5418,dn7-walmart-amazonr_10912
right-5419,dn7-walmart-amazonr_10914
right-5420,dn7-walmart-amazonr_10915
right-5421,dn7-walmart-amazonr_10916
right-5422,dn7-walmart-amazonr_10917
right-5423,dn7-walmart-amazonr_10918
right-5424,dn7-walmart-amazonr_10919
right-5425,dn7-walmart-amazonr_10920
right-5426,dn7-walmart-amazonr_10921
right-5427,dn7-walmart-amazonr_10922
right-5428,dn7-walmart-amazonr_10923
right-5429,dn7-walmart-amazonr_10924
right-5430,dn7-walmart-amazonr_10925
right-5431,dn7-walmart-amazonr_10927
right-5432,dn7-walmart-amazonr_10928
right-5433,dn7-walmart-amazonr_10929
right-5434,dn7-walmart-amazonr_10930
right-5435,dn7-walmart-amazonr_10935
right-5436,dn7-walmart-amazonr_10942
right-5437,dn7-walmart-amazonr_10943
right-5438,dn7-walmart-amazonr_10944
right-5439,dn7-walmart-amazonr_10949
right-5440,dn7-walmart-amazonr_10950
right-5441,dn7-walmart-amazonr_10952
right-5442,dn7-walmart-amazonr_10953
right-5443,dn7-walmart-amazonr_10956
right-5444,dn7-walmart-amazonr_10959
right-5445,dn7-walmart-amazonr_10967
right-5446,dn7-walmart-amazonr_10968
right-5447,dn7-walmart-amazonr_10970
right-5448,dn7-walmart-amazonr_10971
right-5449,dn7-walmart-amazonr_10973
right-5450,dn7-walmart-amazonr_10975
right-5451,dn7-walmart-amazonr_10976
right-5452,dn7-walmart-amazonr_10977
right-5453,dn7-walmart-amazonr_10978
right-5454,dn7-walmart-amazonr_10979
right-5455,dn7-walmart-amazonr_10980
right-5456,dn7-walmart-amazonr_10981
right-5457,dn7-walmart-amazonr_10982
right-5458,dn7-walmart-amazonr_10983
right-5459,dn7-walmart-amazonr_10984
right-5460,dn7-walmart-amazonr_10991
right-5461,dn7-walmart-amazonr_10999
right-5462,dn7-walmart-amazonr_11000
right-5463,dn7-walmart-amazonr_11004
right-5464,dn7-walmart-amazonr_11005
right-5465,dn7-walmart-amazonr_11006
right-5466,dn7-walmart-amazonr_11007
right-5467,dn7-walmart-amazonr_11013
right-5468,dn7-walmart-amazonr_11014
right-5469,dn7-walmart-amazonr_11015
right-5470,dn7-walmart-amazonr_11016
right-5471,dn7-walmart-amazonr_11018
right-5472,dn7-walmart-amazonr_11019
right-5473,dn7-walmart-amazonr_11023
right-5474,dn7-walmart-amazonr_11024
right-5475,dn7-walmart-amazonr_11025
right-5476,dn7-walmart-amazonr_11026
right-5477,dn7-walmart-amazonr_11027
right-5478,dn7-walmart-amazonr_11029
right-5479,dn7-walmart-amazonr_11033
right-5480,dn7-walmart-amazonr_11034
right-5481,dn7-walmart-amazonr_11035
right-5482,dn7-walmart-amazonr_11036
right-5483,dn7-walmart-amazonr_11037
right-5484,dn7-walmart-amazonr_11038
right-5485,dn7-walmart-amazonr_11039
right-5486,dn7-walmart-amazonr_11041
right-5487,dn7-walmart-amazonr_11044
right-5488,dn7-walmart-amazonr_11048
right-5489,dn7-walmart-amazonr_11050
right-5490,dn7-walmart-amazonr_11051
right-5491,dn7-walmart-amazonr_11054
right-5492,dn7-walmart-amazonr_11057
right-5493,dn7-walmart-amazonr_11058
right-5494,dn7-walmart-amazonr_11062
right-5495,dn7-walmart-amazonr_11070
right-5496,dn7-walmart-amazonr_11071
right-5497,dn7-walmart-amazonr_11072
right-5498,dn7-walmart-amazonr_11075
right-5499,dn7-walmart-amazonr_11076
right-5500,dn7-walmart-amazonr_11077
right-5501,dn7-walmart-amazonr_11078
right-5502,dn7-walmart-amazonr_11081
right-5503,dn7-walmart-amazonr_11082
right-5504,dn7-walmart-amazonr_11083
right-5505,dn7-walmart-amazonr_11084
right-5506,dn7-walmart-amazonr_11086
right-5507,dn7-walmart-amazonr_11091
right-5508,dn7-walmart-amazonr_11094
right-5509,dn7-walmart-amazonr_11095
right-5510,dn7-walmart-amazonr_11098
right-5511,dn7-walmart-amazonr_11099
right-5512,dn7-walmart-amazonr_11100
right-5513,dn7-walmart-amazonr_11103
right-5514,dn7-walmart-amazonr_11106
right-5515,dn7-walmart-amazonr_11107
right-5516,dn7-walmart-amazonr_11109
right-5517,dn7-walmart-amazonr_11111
right-5518,dn7-walmart-amazonr_11113
right-5519,dn7-walmart-amazonr_11116
right-5520,dn7-walmart-amazonr_11118
right-5521,dn7-walmart-amazonr_11119
right-5522,dn7-walmart-amazonr_11120
right-5523,dn7-walmart-amazonr_11121
right-5524,dn7-walmart-amazonr_11123
right-5525,dn7-walmart-amazonr_11129
right-5526,dn7-walmart-amazonr_11131
right-5527,dn7-walmart-amazonr_11133
right-5528,dn7-walmart-amazonr_11138
right-5529,dn7-walmart-amazonr_11139
right-5530,dn7-walmart-amazonr_11140
right-5531,dn7-walmart-amazonr_11141
right-5532,dn7-walmart-amazonr_11143
right-5533,dn7-walmart-amazonr_11144
right-5534,dn7-walmart-amazonr_11145
right-5535,dn7-walmart-amazonr_11146
right-5536,dn7-walmart-amazonr_11147
right-5537,dn7-walmart-amazonr_11148
right-5538,dn7-walmart-amazonr_11153
right-5539,dn7-walmart-amazonr_11155
right-5540,dn7-walmart-amazonr_11161
right-5541,dn7-walmart-amazonr_11163
right-5542,dn7-walmart-amazonr_11166
right-5543,dn7-walmart-amazonr_11167
right-5544,dn7-walmart-amazonr_11169
right-5545,dn7-walmart-amazonr_11170
right-5546,dn7-walmart-amazonr_11172
right-5547,dn7-walmart-amazonr_11175
right-5548,dn7-walmart-amazonr_11178
right-5549,dn7-walmart-amazonr_11179
right-5550,dn7-walmart-amazonr_11180
right-5551,dn7-walmart-amazonr_11181
right-5552,dn7-walmart-amazonr_11183
right-5553,dn7-walmart-amazonr_11184
right-5554,dn7-walmart-amazonr_11185
right-5555,dn7-walmart-amazonr_11187
right-5556,dn7-walmart-amazonr_11189
right-5557,dn7-walmart-amazonr_11190
right-5558,dn7-walmart-amazonr_11191
right-5559,dn7-walmart-amazonr_11194
right-5560,dn7-walmart-amazonr_11195
right-5561,dn7-walmart-amazonr_11197
right-5562,dn7-walmart-amazonr_11200
right-5563,dn7-walmart-amazonr_11201
right-5564,dn7-walmart-amazonr_11202
right-5565,dn7-walmart-amazonr_11205
right-5566,dn7-walmart-amazonr_11206
right-5567,dn7-walmart-amazonr_11209
right-5568,dn7-walmart-amazonr_11210
right-5569,dn7-walmart-amazonr_11214
right-5570,dn7-walmart-amazonr_11220
right-5571,dn7-walmart-amazonr_11223
right-5572,dn7-walmart-amazonr_11228
right-5573,dn7-walmart-amazonr_11229
right-5574,dn7-walmart-amazonr_11230
right-5575,dn7-walmart-amazonr_11235
right-5576,dn7-walmart-amazonr_11237
right-5577,dn7-walmart-amazonr_11238
right-5578,dn7-walmart-amazonr_11239
right-5579,dn7-walmart-amazonr_11241
right-5580,dn7-walmart-amazonr_11242
right-5581,dn7-walmart-amazonr_11245
right-5582,dn7-walmart-amazonr_11248
right-5583,dn7-walmart-amazonr_11250
right-5584,dn7-walmart-amazonr_11254
right-5585,dn7-walmart-amazonr_11256
right-5586,dn7-walmart-amazonr_11257
right-5587,dn7-walmart-amazonr_11258
right-5588,dn7-walmart-amazonr_11259
right-5589,dn7-walmart-amazonr_11263
right-5590,dn7-walmart-amazonr_11264
right-5591,dn7-walmart-amazonr_11265
right-5592,dn7-walmart-amazonr_11267
right-5593,dn7-walmart-amazonr_11268
right-5594,dn7-walmart-amazonr_11269
right-5595,dn7-walmart-amazonr_11270
right-5596,dn7-walmart-amazonr_11271
right-5597,dn7-walmart-amazonr_11272
right-5598,dn7-walmart-amazonr_11274
right-5599,dn7-walmart-amazonr_11276
right-5600,dn7-walmart-amazonr_11278
right-5601,dn7-walmart-amazonr_11279
right-5602,dn7-walmart-amazonr_11280
right-5603,dn7-walmart-amazonr_11284
right-5604,dn7-walmart-amazonr_11285
right-5605,dn7-walmart-amazonr_11287
right-5606,dn7-walmart-amazonr_11288
right-5607,dn7-walmart-amazonr_11289
right-5608,dn7-walmart-amazonr_11292
right-5609,dn7-walmart-amazonr_11293
right-5610,dn7-walmart-amazonr_11294
right-5611,dn7-walmart-amazonr_11295
right-5612,dn7-walmart-amazonr_11297
right-5613,dn7-walmart-amazonr_11298
right-5614,dn7-walmart-amazonr_11299
right-5615,dn7-walmart-amazonr_11301
right-5616,dn7-walmart-amazonr_11305
right-5617,dn7-walmart-amazonr_11307
right-5618,dn7-walmart-amazonr_11318
right-5619,dn7-walmart-amazonr_11319
right-5620,dn7-walmart-amazonr_11321
right-5621,dn7-walmart-amazonr_11322
right-5622,dn7-walmart-amazonr_11323
right-5623,dn7-walmart-amazonr_11325
right-5624,dn7-walmart-amazonr_11326
right-5625,dn7-walmart-amazonr_11329
right-5626,dn7-walmart-amazonr_11330
right-5627,dn7-walmart-amazonr_11334
right-5628,dn7-walmart-amazonr_11338
right-5629,dn7-walmart-amazonr_11340
right-5630,dn7-walmart-amazonr_11343
right-5631,dn7-walmart-amazonr_11345
right-5632,dn7-walmart-amazonr_11347
right-5633,dn7-walmart-amazonr_11348
right-5634,dn7-walmart-amazonr_11349
right-5635,dn7-walmart-amazonr_11351
right-5636,dn7-walmart-amazonr_11354
right-5637,dn7-walmart-amazonr_11358
right-5638,dn7-walmart-amazonr_11359
right-5639,dn7-walmart-amazonr_11362
right-5640,dn7-walmart-amazonr_11363
right-5641,dn7-walmart-amazonr_11365
right-5642,dn7-walmart-amazonr_11366
right-5643,dn7-walmart-amazonr_11367
right-5644,dn7-walmart-amazonr_11370
right-5645,dn7-walmart-amazonr_11372
right-5646,dn7-walmart-amazonr_11378
right-5647,dn7-walmart-amazonr_11379
right-5648,dn7-walmart-amazonr_11382
right-5649,dn7-walmart-amazonr_11383
right-5650,dn7-walmart-amazonr_11384
right-5651,dn7-walmart-amazonr_11386
right-5652,dn7-walmart-amazonr_11387
right-5653,dn7-walmart-amazonr_11388
right-5654,dn7-walmart-amazonr_11390
right-5655,dn7-walmart-amazonr_11391
right-5656,dn7-walmart-amazonr_11392
right-5657,dn7-walmart-amazonr_11393
right-5658,dn7-walmart-amazonr_11394
right-5659,dn7-walmart-amazonr_11395
right-5660,dn7-walmart-amazonr_11396
right-5661,dn7-walmart-amazonr_11403
right-5662,dn7-walmart-amazonr_11405
right-5663,dn7-walmart-amazonr_11406
right-5664,dn7-walmart-amazonr_11407
right-5665,dn7-walmart-amazonr_11408
right-5666,dn7-walmart-amazonr_11411
right-5667,dn7-walmart-amazonr_11414
right-5668,dn7-walmart-amazonr_11417
right-5669,dn7-walmart-amazonr_11418
right-5670,dn7-walmart-amazonr_11419
right-5671,dn7-walmart-amazonr_11422
right-5672,dn7-walmart-amazonr_11426
right-5673,dn7-walmart-amazonr_11427
right-5674,dn7-walmart-amazonr_11428
right-5675,dn7-walmart-amazonr_11429
right-5676,dn7-walmart-amazonr_11431
right-5677,dn7-walmart-amazonr_11433
right-5678,dn7-walmart-amazonr_11434
right-5679,dn7-walmart-amazonr_11435
right-5680,dn7-walmart-amazonr_11436
right-5681,dn7-walmart-amazonr_11440
right-5682,dn7-walmart-amazonr_11443
right-5683,dn7-walmart-amazonr_11444
right-5684,dn7-walmart-amazonr_11445
right-5685,dn7-walmart-amazonr_11446
right-5686,dn7-walmart-amazonr_11447
right-5687,dn7-walmart-amazonr_11453
right-5688,dn7-walmart-amazonr_11456
right-5689,dn7-walmart-amazonr_11458
right-5690,dn7-walmart-amazonr_11459
right-5691,dn7-walmart-amazonr_11462
right-5692,dn7-walmart-amazonr_11464
right-5693,dn7-walmart-amazonr_11465
right-5694,dn7-walmart-amazonr_11468
right-5695,dn7-walmart-amazonr_11469
right-5696,dn7-walmart-amazonr_11471
right-5697,dn7-walmart-amazonr_11475
right-5698,dn7-walmart-amazonr_11476
right-5699,dn7-walmart-amazonr_11481
right-5700,dn7-walmart-amazonr_11482
right-5701,dn7-walmart-amazonr_11483
right-5702,dn7-walmart-amazonr_11484
right-5703,dn7-walmart-amazonr_11485
right-5704,dn7-walmart-amazonr_11488
right-5705,dn7-walmart-amazonr_11490
right-5706,dn7-walmart-amazonr_11491
right-5707,dn7-walmart-amazonr_11498
right-5708,dn7-walmart-amazonr_11499
right-5709,dn7-walmart-amazonr_11500
right-5710,dn7-walmart-amazonr_11502
right-5711,dn7-walmart-amazonr_11505
right-5712,dn7-walmart-amazonr_11507
right-5713,dn7-walmart-amazonr_11512
right-5714,dn7-walmart-amazonr_11513
right-5715,dn7-walmart-amazonr_11515
right-5716,dn7-walmart-amazonr_11516
right-5717,dn7-walmart-amazonr_11518
right-5718,dn7-walmart-amazonr_11519
right-5719,dn7-walmart-amazonr_11521
right-5720,dn7-walmart-amazonr_11523
right-5721,dn7-walmart-amazonr_11528
right-5722,dn7-walmart-amazonr_11532
right-5723,dn7-walmart-amazonr_11533
right-5724,dn7-walmart-amazonr_11535
right-5725,dn7-walmart-amazonr_11536
right-5726,dn7-walmart-amazonr_11537
right-5727,dn7-walmart-amazonr_11538
right-5728,dn7-walmart-amazonr_11539
right-5729,dn7-walmart-amazonr_11541
right-5730,dn7-walmart-amazonr_11542
right-5731,dn7-walmart-amazonr_11543
right-5732,dn7-walmart-amazonr_11545
right-5733,dn7-walmart-amazonr_11548
right-5734,dn7-walmart-amazonr_11550
right-5735,dn7-walmart-amazonr_11556
right-5736,dn7-walmart-amazonr_11561
right-5737,dn7-walmart-amazonr_11562
right-5738,dn7-walmart-amazonr_11566
right-5739,dn7-walmart-amazonr_11567
right-5740,dn7-walmart-amazonr_11569
right-5741,dn7-walmart-amazonr_11571
right-5742,dn7-walmart-amazonr_11573
right-5743,dn7-walmart-amazonr_11575
right-5744,dn7-walmart-amazonr_11576
right-5745,dn7-walmart-amazonr_11581
right-5746,dn7-walmart-amazonr_11582
right-5747,dn7-walmart-amazonr_11583
right-5748,dn7-walmart-amazonr_11588
right-5749,dn7-walmart-amazonr_11589
right-5750,dn7-walmart-amazonr_11592
right-5751,dn7-walmart-amazonr_11596
right-5752,dn7-walmart-amazonr_11598
right-5753,dn7-walmart-amazonr_11601
right-5754,dn7-walmart-amazonr_11602
right-5755,dn7-walmart-amazonr_11603
right-5756,dn7-walmart-amazonr_11605
right-5757,dn7-walmart-amazonr_11608
right-5758,dn7-walmart-amazonr_11610
right-5759,dn7-walmart-amazonr_11611
right-5760,dn7-walmart-amazonr_11613
right-5761,dn7-walmart-amazonr_11616
right-5762,dn7-walmart-amazonr_11617
right-5763,dn7-walmart-amazonr_11620
right-5764,dn7-walmart-amazonr_11624
right-5765,dn7-walmart-amazonr_11625
right-5766,dn7-walmart-amazonr_11626
right-5767,dn7-walmart-amazonr_11629
right-5768,dn7-walmart-amazonr_11630
right-5769,dn7-walmart-amazonr_11631
right-5770,dn7-walmart-amazonr_11632
right-5771,dn7-walmart-amazonr_11634
right-5772,dn7-walmart-amazonr_11635
right-5773,dn7-walmart-amazonr_11637
right-5774,dn7-walmart-amazonr_11639
right-5775,dn7-walmart-amazonr_11640
right-5776,dn7-walmart-amazonr_11641
right-5777,dn7-walmart-amazonr_11642
right-5778,dn7-walmart-amazonr_11643
right-5779,dn7-walmart-amazonr_11644
right-5780,dn7-walmart-amazonr_11645
right-5781,dn7-walmart-amazonr_11651
right-5782,dn7-walmart-amazonr_11652
right-5783,dn7-walmart-amazonr_11656
right-5784,dn7-walmart-amazonr_11658
right-5785,dn7-walmart-amazonr_11659
right-5786,dn7-walmart-amazonr_11660
right-5787,dn7-walmart-amazonr_11662
right-5788,dn7-walmart-amazonr_11665
right-5789,dn7-walmart-amazonr_11676
right-5790,dn7-walmart-amazonr_11682
right-5791,dn7-walmart-amazonr_11687
right-5792,dn7-walmart-amazonr_11689
right-5793,dn7-walmart-amazonr_11691
right-5794,dn7-walmart-amazonr_11692
right-5795,dn7-walmart-amazonr_11693
right-5796,dn7-walmart-amazonr_11696
right-5797,dn7-walmart-amazonr_11697
right-5798,dn7-walmart-amazonr_11698
right-5799,dn7-walmart-amazonr_11701
right-5800,dn7-walmart-amazonr_11703
right-5801,dn7-walmart-amazonr_11704
right-5802,dn7-walmart-amazonr_11705
right-5803,dn7-walmart-amazonr_11708
right-5804,dn7-walmart-amazonr_11711
right-5805,dn7-walmart-amazonr_11712
right-5806,dn7-walmart-amazonr_11713
right-5807,dn7-walmart-amazonr_11714
right-5808,dn7-walmart-amazonr_11715
right-5809,dn7-walmart-amazonr_11716
right-5810,dn7-walmart-amazonr_11720
right-5811,dn7-walmart-amazonr_11722
right-5812,dn7-walmart-amazonr_11723
right-5813,dn7-walmart-amazonr_11724
right-5814,dn7-walmart-amazonr_11725
right-5815,dn7-walmart-amazonr_11726
right-5816,dn7-walmart-amazonr_11728
right-5817,dn7-walmart-amazonr_11730
right-5818,dn7-walmart-amazonr_11732
right-5819,dn7-walmart-amazonr_11735
right-5820,dn7-walmart-amazonr_11736
right-5821,dn7-walmart-amazonr_11738
right-5822,dn7-walmart-amazonr_11740
right-5823,dn7-walmart-amazonr_11741
right-5824,dn7-walmart-amazonr_11742
right-5825,dn7-walmart-amazonr_11745
right-5826,dn7-walmart-amazonr_11748
right-5827,dn7-walmart-amazonr_11749
right-5828,dn7-walmart-amazonr_11750
right-5829,dn7-walmart-amazonr_11756
right-5830,dn7-walmart-amazonr_11757
right-5831,dn7-walmart-amazonr_11758
right-5832,dn7-walmart-amazonr_11762
right-5833,dn7-walmart-amazonr_11763
right-5834,dn7-walmart-amazonr_11765
right-5835,dn7-walmart-amazonr_11766
right-5836,dn7-walmart-amazonr_11771
right-5837,dn7-walmart-amazonr_11775
right-5838,dn7-walmart-amazonr_11776
right-5839,dn7-walmart-amazonr_11779
right-5840,dn7-walmart-amazonr_11782
right-5841,dn7-walmart-amazonr_11783
right-5842,dn7-walmart-amazonr_11784
right-5843,dn7-walmart-amazonr_11786
right-5844,dn7-walmart-amazonr_11788
right-5845,dn7-walmart-amazonr_11791
right-5846,dn7-walmart-amazonr_11792
right-5847,dn7-walmart-amazonr_11799
right-5848,dn7-walmart-amazonr_11800
right-5849,dn7-walmart-amazonr_11801
right-5850,dn7-walmart-amazonr_11809
right-5851,dn7-walmart-amazonr_11811
right-5852,dn7-walmart-amazonr_11814
right-5853,dn7-walmart-amazonr_11819
right-5854,dn7-walmart-amazonr_11822
right-5855,dn7-walmart-amazonr_11824
right-5856,dn7-walmart-amazonr_11829
right-5857,dn7-walmart-amazonr_11830
right-5858,dn7-walmart-amazonr_11836
right-5859,dn7-walmart-amazonr_11838
right-5860,dn7-walmart-amazonr_11841
right-5861,dn7-walmart-amazonr_11842
right-5862,dn7-walmart-amazonr_11845
right-5863,dn7-walmart-amazonr_11848
right-5864,dn7-walmart-amazonr_11849
right-5865,dn7-walmart-amazonr_11851
right-5866,dn7-walmart-amazonr_11852
right-5867,dn7-walmart-amazonr_11853
right-5868,dn7-walmart-amazonr_11857
right-5869,dn7-walmart-amazonr_11858
right-5870,dn7-walmart-amazonr_11860
right-5871,dn7-walmart-amazonr_11861
right-5872,dn7-walmart-amazonr_11862
right-5873,dn7-walmart-amazonr_11869
right-5874,dn7-walmart-amazonr_11872
right-5875,dn7-walmart-amazonr_11874
right-5876,dn7-walmart-amazonr_11876
right-5877,dn7-walmart-amazonr_11881
right-5878,dn7-walmart-amazonr_11884
right-5879,dn7-walmart-amazonr_11886
right-5880,dn7-walmart-amazonr_11889
right-5881,dn7-walmart-amazonr_11893
right-5882,dn7-walmart-amazonr_11894
right-5883,dn7-walmart-amazonr_11897
right-5884,dn7-walmart-amazonr_11899
right-5885,dn7-walmart-amazonr_11900
right-5886,dn7-walmart-amazonr_11901
right-5887,dn7-walmart-amazonr_11905
right-5888,dn7-walmart-amazonr_11906
right-5889,dn7-walmart-amazonr_11910
right-5890,dn7-walmart-amazonr_11913
right-5891,dn7-walmart-amazonr_11915
right-5892,dn7-walmart-amazonr_11918
right-5893,dn7-walmart-amazonr_11919
right-5894,dn7-walmart-amazonr_11920
right-5895,dn7-walmart-amazonr_11922
right-5896,dn7-walmart-amazonr_11928
right-5897,dn7-walmart-amazonr_11929
right-5898,dn7-walmart-amazonr_11930
right-5899,dn7-walmart-amazonr_11933
right-5900,dn7-walmart-amazonr_11934
right-5901,dn7-walmart-amazonr_11935
right-5902,dn7-walmart-amazonr_11936
right-5903,dn7-walmart-amazonr_11937
right-5904,dn7-walmart-amazonr_11938
right-5905,dn7-walmart-amazonr_11939
right-5906,dn7-walmart-amazonr_11942
right-5907,dn7-walmart-amazonr_11943
right-5908,dn7-walmart-amazonr_11944
right-5909,dn7-walmart-amazonr_11948
right-5910,dn7-walmart-amazonr_11949
right-5911,dn7-walmart-amazonr_11950
right-5912,dn7-walmart-amazonr_11951
right-5913,dn7-walmart-amazonr_11952
right-5914,dn7-walmart-amazonr_11953
right-5915,dn7-walmart-amazonr_11954
right-5916,dn7-walmart-amazonr_11955
right-5917,dn7-walmart-amazonr_11956
right-5918,dn7-walmart-amazonr_11959
right-5919,dn7-walmart-amazonr_11960
right-5920,dn7-walmart-amazonr_11961
right-5921,dn7-walmart-amazonr_11963
right-5922,dn7-walmart-amazonr_11964
right-5923,dn7-walmart-amazonr_11966
right-5924,dn7-walmart-amazonr_11967
right-5925,dn7-walmart-amazonr_11968
right-5926,dn7-walmart-amazonr_11969
right-5927,dn7-walmart-amazonr_11970
right-5928,dn7-walmart-amazonr_11971
right-5929,dn7-walmart-amazonr_11972
right-5930,dn7-walmart-amazonr_11974
right-5931,dn7-walmart-amazonr_11976
right-5932,dn7-walmart-amazonr_11977
right-5933,dn7-walmart-amazonr_11978
right-5934,dn7-walmart-amazonr_11979
right-5935,dn7-walmart-amazonr_11980
right-5936,dn7-walmart-amazonr_11982
right-5937,dn7-walmart-amazonr_11986
right-5938,dn7-walmart-amazonr_11987
right-5939,dn7-walmart-amazonr_11988
right-5940,dn7-walmart-amazonr_11990
right-5941,dn7-walmart-amazonr_11992
right-5942,dn7-walmart-amazonr_11994
right-5943,dn7-walmart-amazonr_11995
right-5944,dn7-walmart-amazonr_11998
right-5945,dn7-walmart-amazonr_11999
right-5946,dn7-walmart-amazonr_12000
right-5947,dn7-walmart-amazonr_12001
right-5948,dn7-walmart-amazonr_12002
right-5949,dn7-walmart-amazonr_12006
right-5950,dn7-walmart-amazonr_12007
right-5951,dn7-walmart-amazonr_12009
right-5952,dn7-walmart-amazonr_12012
right-5953,dn7-walmart-amazonr_12014
right-5954,dn7-walmart-amazonr_12016
right-5955,dn7-walmart-amazonr_12019
right-5956,dn7-walmart-amazonr_12020
right-5957,dn7-walmart-amazonr_12021
right-5958,dn7-walmart-amazonr_12025
right-5959,dn7-walmart-amazonr_12026
right-5960,dn7-walmart-amazonr_12027
right-5961,dn7-walmart-amazonr_12029
right-5962,dn7-walmart-amazonr_12030
right-5963,dn7-walmart-amazonr_12032
right-5964,dn7-walmart-amazonr_12034
right-5965,dn7-walmart-amazonr_12036
right-5966,dn7-walmart-amazonr_12039
right-5967,dn7-walmart-amazonr_12044
right-5968,dn7-walmart-amazonr_12053
right-5969,dn7-walmart-amazonr_12055
right-5970,dn7-walmart-amazonr_12056
right-5971,dn7-walmart-amazonr_12058
right-5972,dn7-walmart-amazonr_12059
right-5973,dn7-walmart-amazonr_12069
right-5974,dn7-walmart-amazonr_12070
right-5975,dn7-walmart-amazonr_12071
right-5976,dn7-walmart-amazonr_12072
right-5977,dn7-walmart-amazonr_12077
right-5978,dn7-walmart-amazonr_12078
right-5979,dn7-walmart-amazonr_12086
right-5980,dn7-walmart-amazonr_12087
right-5981,dn7-walmart-amazonr_12088
right-5982,dn7-walmart-amazonr_12090
right-5983,dn7-walmart-amazonr_12091
right-5984,dn7-walmart-amazonr_12092
right-5985,dn7-walmart-amazonr_12093
right-5986,dn7-walmart-amazonr_12094
right-5987,dn7-walmart-amazonr_12097
right-5988,dn7-walmart-amazonr_12098
right-5989,dn7-walmart-amazonr_12099
right-5990,dn7-walmart-amazonr_12100
right-5991,dn7-walmart-amazonr_12102
right-5992,dn7-walmart-amazonr_12104
right-5993,dn7-walmart-amazonr_12105
right-5994,dn7-walmart-amazonr_12109
right-5995,dn7-walmart-amazonr_12110
right-5996,dn7-walmart-amazonr_12114
right-5997,dn7-walmart-amazonr_12116
right-5998,dn7-walmart-amazonr_12120
right-5999,dn7-walmart-amazonr_12125
right-6000,dn7-walmart-amazonr_12134
right-6001,dn7-walmart-amazonr_12135
right-6002,dn7-walmart-amazonr_12138
right-6003,dn7-walmart-amazonr_12140
right-6004,dn7-walmart-amazonr_12146
right-6005,dn7-walmart-amazonr_12154
right-6006,dn7-walmart-amazonr_12155
right-6007,dn7-walmart-amazonr_12157
right-6008,dn7-walmart-amazonr_12162
right-6009,dn7-walmart-amazonr_12163
right-6010,dn7-walmart-amazonr_12165
right-6011,dn7-walmart-amazonr_12168
right-6012,dn7-walmart-amazonr_12169
right-6013,dn7-walmart-amazonr_12170
right-6014,dn7-walmart-amazonr_12171
right-6015,dn7-walmart-amazonr_12174
right-6016,dn7-walmart-amazonr_12177
right-6017,dn7-walmart-amazonr_12178
right-6018,dn7-walmart-amazonr_12183
right-6019,dn7-walmart-amazonr_12185
right-6020,dn7-walmart-amazonr_12188
right-6021,dn7-walmart-amazonr_12191
right-6022,dn7-walmart-amazonr_12192
right-6023,dn7-walmart-amazonr_12194
right-6024,dn7-walmart-amazonr_12197
right-6025,dn7-walmart-amazonr_12200
right-6026,dn7-walmart-amazonr_12201
right-6027,dn7-walmart-amazonr_12202
right-6028,dn7-walmart-amazonr_12204
right-6029,dn7-walmart-amazonr_12207
right-6030,dn7-walmart-amazonr_12209
right-6031,dn7-walmart-amazonr_12210
right-6032,dn7-walmart-amazonr_12214
right-6033,dn7-walmart-amazonr_12216
right-6034,dn7-walmart-amazonr_12218
right-6035,dn7-walmart-amazonr_12219
right-6036,dn7-walmart-amazonr_12220
right-6037,dn7-walmart-amazonr_12221
right-6038,dn7-walmart-amazonr_12222
right-6039,dn7-walmart-amazonr_12223
right-6040,dn7-walmart-amazonr_12225
right-6041,dn7-walmart-amazonr_12227
right-6042,dn7-walmart-amazonr_12228
right-6043,dn7-walmart-amazonr_12231
right-6044,dn7-walmart-amazonr_12232
right-6045,dn7-walmart-amazonr_12233
right-6046,dn7-walmart-amazonr_12234
right-6047,dn7-walmart-amazonr_12235
right-6048,dn7-walmart-amazonr_12239
right-6049,dn7-walmart-amazonr_12242
right-6050,dn7-walmart-amazonr_12244
right-6051,dn7-walmart-amazonr_12245
right-6052,dn7-walmart-amazonr_12246
right-6053,dn7-walmart-amazonr_12247
right-6054,dn7-walmart-amazonr_12248
right-6055,dn7-walmart-amazonr_12249
right-6056,dn7-walmart-amazonr_12252
right-6057,dn7-walmart-amazonr_12253
right-6058,dn7-walmart-amazonr_12257
right-6059,dn7-walmart-amazonr_12260
right-6060,dn7-walmart-amazonr_12266
right-6061,dn7-walmart-amazonr_12267
right-6062,dn7-walmart-amazonr_12268
right-6063,dn7-walmart-amazonr_12269
right-6064,dn7-walmart-amazonr_12271
right-6065,dn7-walmart-amazonr_12273
right-6066,dn7-walmart-amazonr_12275
right-6067,dn7-walmart-amazonr_12276
right-6068,dn7-walmart-amazonr_12277
right-6069,dn7-walmart-amazonr_12279
right-6070,dn7-walmart-amazonr_12282
right-6071,dn7-walmart-amazonr_12283
right-6072,dn7-walmart-amazonr_12284
right-6073,dn7-walmart-amazonr_12285
right-6074,dn7-walmart-amazonr_12286
right-6075,dn7-walmart-amazonr_12287
right-6076,dn7-walmart-amazonr_12289
right-6077,dn7-walmart-amazonr_12291
right-6078,dn7-walmart-amazonr_12292
right-6079,dn7-walmart-amazonr_12293
right-6080,dn7-walmart-amazonr_12295
right-6081,dn7-walmart-amazonr_12299
right-6082,dn7-walmart-amazonr_12301
right-6083,dn7-walmart-amazonr_12302
right-6084,dn7-walmart-amazonr_12305
right-6085,dn7-walmart-amazonr_12306
right-6086,dn7-walmart-amazonr_12307
right-6087,dn7-walmart-amazonr_12310
right-6088,dn7-walmart-amazonr_12311
right-6089,dn7-walmart-amazonr_12312
right-6090,dn7-walmart-amazonr_12314
right-6091,dn7-walmart-amazonr_12315
right-6092,dn7-walmart-amazonr_12316
right-6093,dn7-walmart-amazonr_12318
right-6094,dn7-walmart-amazonr_12321
right-6095,dn7-walmart-amazonr_12322
right-6096,dn7-walmart-amazonr_12323
right-6097,dn7-walmart-amazonr_12327
right-6098,dn7-walmart-amazonr_12329
right-6099,dn7-walmart-amazonr_12330
right-6100,dn7-walmart-amazonr_12331
right-6101,dn7-walmart-amazonr_12333
right-6102,dn7-walmart-amazonr_12337
right-6103,dn7-walmart-amazonr_12342
right-6104,dn7-walmart-amazonr_12344
right-6105,dn7-walmart-amazonr_12347
right-6106,dn7-walmart-amazonr_12349
right-6107,dn7-walmart-amazonr_12351
right-6108,dn7-walmart-amazonr_12353
right-6109,dn7-walmart-amazonr_12354
right-6110,dn7-walmart-amazonr_12357
right-6111,dn7-walmart-amazonr_12358
right-6112,dn7-walmart-amazonr_12360
right-6113,dn7-walmart-amazonr_12363
right-6114,dn7-walmart-amazonr_12364
right-6115,dn7-walmart-amazonr_12365
right-6116,dn7-walmart-amazonr_12366
right-6117,dn7-walmart-amazonr_12367
right-6118,dn7-walmart-amazonr_12368
right-6119,dn7-walmart-amazonr_12369
right-6120,dn7-walmart-amazonr_12370
right-6121,dn7-walmart-amazonr_12375
right-6122,dn7-walmart-amazonr_12377
right-6123,dn7-walmart-amazonr_12379
right-6124,dn7-walmart-amazonr_12381
right-6125,dn7-walmart-amazonr_12382
right-6126,dn7-walmart-amazonr_12383
right-6127,dn7-walmart-amazonr_12384
right-6128,dn7-walmart-amazonr_12388
right-6129,dn7-walmart-amazonr_12392
right-6130,dn7-walmart-amazonr_12393
right-6131,dn7-walmart-amazonr_12394
right-6132,dn7-walmart-amazonr_12397
right-6133,dn7-walmart-amazonr_12398
right-6134,dn7-walmart-amazonr_12399
right-6135,dn7-walmart-amazonr_12403
right-6136,dn7-walmart-amazonr_12405
right-6137,dn7-walmart-amazonr_12406
right-6138,dn7-walmart-amazonr_12410
right-6139,dn7-walmart-amazonr_12412
right-6140,dn7-walmart-amazonr_12413
right-6141,dn7-walmart-amazonr_12416
right-6142,dn7-walmart-amazonr_12417
right-6143,dn7-walmart-amazonr_12418
right-6144,dn7-walmart-amazonr_12420
right-6145,dn7-walmart-amazonr_12422
right-6146,dn7-walmart-amazonr_12423
right-6147,dn7-walmart-amazonr_12426
right-6148,dn7-walmart-amazonr_12427
right-6149,dn7-walmart-amazonr_12437
right-6150,dn7-walmart-amazonr_12439
right-6151,dn7-walmart-amazonr_12443
right-6152,dn7-walmart-amazonr_12445
right-6153,dn7-walmart-amazonr_12449
right-6154,dn7-walmart-amazonr_12450
right-6155,dn7-walmart-amazonr_12451
right-6156,dn7-walmart-amazonr_12458
right-6157,dn7-walmart-amazonr_12461
right-6158,dn7-walmart-amazonr_12463
right-6159,dn7-walmart-amazonr_12464
right-6160,dn7-walmart-amazonr_12465
right-6161,dn7-walmart-amazonr_12466
right-6162,dn7-walmart-amazonr_12468
right-6163,dn7-walmart-amazonr_12470
right-6164,dn7-walmart-amazonr_12471
right-6165,dn7-walmart-amazonr_12473
right-6166,dn7-walmart-amazonr_12475
right-6167,dn7-walmart-amazonr_12477
right-6168,dn7-walmart-amazonr_12483
right-6169,dn7-walmart-amazonr_12484
right-6170,dn7-walmart-amazonr_12486
right-6171,dn7-walmart-amazonr_12487
right-6172,dn7-walmart-amazonr_12489
right-6173,dn7-walmart-amazonr_12490
right-6174,dn7-walmart-amazonr_12492
right-6175,dn7-walmart-amazonr_12494
right-6176,dn7-walmart-amazonr_12496
right-6177,dn7-walmart-amazonr_12497
right-6178,dn7-walmart-amazonr_12499
right-6179,dn7-walmart-amazonr_12501
right-6180,dn7-walmart-amazonr_12504
right-6181,dn7-walmart-amazonr_12506
right-6182,dn7-walmart-amazonr_12507
right-6183,dn7-walmart-amazonr_12510
right-6184,dn7-walmart-amazonr_12511
right-6185,dn7-walmart-amazonr_12513
right-6186,dn7-walmart-amazonr_12514
right-6187,dn7-walmart-amazonr_12516
right-6188,dn7-walmart-amazonr_12517
right-6189,dn7-walmart-amazonr_12518
right-6190,dn7-walmart-amazonr_12519
right-6191,dn7-walmart-amazonr_12520
right-6192,dn7-walmart-amazonr_12521
right-6193,dn7-walmart-amazonr_12525
right-6194,dn7-walmart-amazonr_12532
right-6195,dn7-walmart-amazonr_12533
right-6196,dn7-walmart-amazonr_12534
right-6197,dn7-walmart-amazonr_12536
right-6198,dn7-walmart-amazonr_12537
right-6199,dn7-walmart-amazonr_12538
right-6200,dn7-walmart-amazonr_12539
right-6201,dn7-walmart-amazonr_12543
right-6202,dn7-walmart-amazonr_12544
right-6203,dn7-walmart-amazonr_12545
right-6204,dn7-walmart-amazonr_12546
right-6205,dn7-walmart-amazonr_12550
right-6206,dn7-walmart-amazonr_12552
right-6207,dn7-walmart-amazonr_12555
right-6208,dn7-walmart-amazonr_12556
right-6209,dn7-walmart-amazonr_12567
right-6210,dn7-walmart-amazonr_12568
right-6211,dn7-walmart-amazonr_12569
right-6212,dn7-walmart-amazonr_12570
right-6213,dn7-walmart-amazonr_12572
right-6214,dn7-walmart-amazonr_12573
right-6215,dn7-walmart-amazonr_12576
right-6216,dn7-walmart-amazonr_12579
right-6217,dn7-walmart-amazonr_12580
right-6218,dn7-walmart-amazonr_12582
right-6219,dn7-walmart-amazonr_12584
right-6220,dn7-walmart-amazonr_12586
right-6221,dn7-walmart-amazonr_12588
right-6222,dn7-walmart-amazonr_12589
right-6223,dn7-walmart-amazonr_12590
right-6224,dn7-walmart-amazonr_12592
right-6225,dn7-walmart-amazonr_12593
right-6226,dn7-walmart-amazonr_12594
right-6227,dn7-walmart-amazonr_12595
right-6228,dn7-walmart-amazonr_12597
right-6229,dn7-walmart-amazonr_12599
right-6230,dn7-walmart-amazonr_12600
right-6231,dn7-walmart-amazonr_12607
right-6232,dn7-walmart-amazonr_12608
right-6233,dn7-walmart-amazonr_12610
right-6234,dn7-walmart-amazonr_12619
right-6235,dn7-walmart-amazonr_12620
right-6236,dn7-walmart-amazonr_12622
right-6237,dn7-walmart-amazonr_12623
right-6238,dn7-walmart-amazonr_12624
right-6239,dn7-walmart-amazonr_12625
right-6240,dn7-walmart-amazonr_12626
right-6241,dn7-walmart-amazonr_12627
right-6242,dn7-walmart-amazonr_12628
right-6243,dn7-walmart-amazonr_12629
right-6244,dn7-walmart-amazonr_12630
right-6245,dn7-walmart-amazonr_12631
right-6246,dn7-walmart-amazonr_12632
right-6247,dn7-walmart-amazonr_12634
right-6248,dn7-walmart-amazonr_12635
right-6249,dn7-walmart-amazonr_12638
right-6250,dn7-walmart-amazonr_12640
right-6251,dn7-walmart-amazonr_12643
right-6252,dn7-walmart-amazonr_12644
right-6253,dn7-walmart-amazonr_12646
right-6254,dn7-walmart-amazonr_12647
right-6255,dn7-walmart-amazonr_12648
right-6256,dn7-walmart-amazonr_12649
right-6257,dn7-walmart-amazonr_12650
right-6258,dn7-walmart-amazonr_12651
right-6259,dn7-walmart-amazonr_12654
right-6260,dn7-walmart-amazonr_12656
right-6261,dn7-walmart-amazonr_12657
right-6262,dn7-walmart-amazonr_12665
right-6263,dn7-walmart-amazonr_12674
right-6264,dn7-walmart-amazonr_12675
right-6265,dn7-walmart-amazonr_12677
right-6266,dn7-walmart-amazonr_12678
right-6267,dn7-walmart-amazonr_12679
right-6268,dn7-walmart-amazonr_12681
right-6269,dn7-walmart-amazonr_12687
right-6270,dn7-walmart-amazonr_12688
right-6271,dn7-walmart-amazonr_12689
right-6272,dn7-walmart-amazonr_12693
right-6273,dn7-walmart-amazonr_12696
right-6274,dn7-walmart-amazonr_12697
right-6275,dn7-walmart-amazonr_12700
right-6276,dn7-walmart-amazonr_12701
right-6277,dn7-walmart-amazonr_12705
right-6278,dn7-walmart-amazonr_12708
right-6279,dn7-walmart-amazonr_12709
right-6280,dn7-walmart-amazonr_12710
right-6281,dn7-walmart-amazonr_12711
right-6282,dn7-walmart-amazonr_12714
right-6283,dn7-walmart-amazonr_12717
right-6284,dn7-walmart-amazonr_12719
right-6285,dn7-walmart-amazonr_12722
right-6286,dn7-walmart-amazonr_12725
right-6287,dn7-walmart-amazonr_12726
right-6288,dn7-walmart-amazonr_12727
right-6289,dn7-walmart-amazonr_12728
right-6290,dn7-walmart-amazonr_12733
right-6291,dn7-walmart-amazonr_12735
right-6292,dn7-walmart-amazonr_12738
right-6293,dn7-walmart-amazonr_12741
right-6294,dn7-walmart-amazonr_12744
right-6295,dn7-walmart-amazonr_12745
right-6296,dn7-walmart-amazonr_12746
right-6297,dn7-walmart-amazonr_12753
right-6298,dn7-walmart-amazonr_12754
right-6299,dn7-walmart-amazonr_12756
right-6300,dn7-walmart-amazonr_12758
right-6301,dn7-walmart-amazonr_12760
right-6302,dn7-walmart-amazonr_12761
right-6303,dn7-walmart-amazonr_12762
right-6304,dn7-walmart-amazonr_12764
right-6305,dn7-walmart-amazonr_12765
right-6306,dn7-walmart-amazonr_12766
right-6307,dn7-walmart-amazonr_12767
right-6308,dn7-walmart-amazonr_12768
right-6309,dn7-walmart-amazonr_12770
right-6310,dn7-walmart-amazonr_12771
right-6311,dn7-walmart-amazonr_12772
right-6312,dn7-walmart-amazonr_12776
right-6313,dn7-walmart-amazonr_12778
right-6314,dn7-walmart-amazonr_12779
right-6315,dn7-walmart-amazonr_12781
right-6316,dn7-walmart-amazonr_12783
right-6317,dn7-walmart-amazonr_12785
right-6318,dn7-walmart-amazonr_12789
right-6319,dn7-walmart-amazonr_12793
right-6320,dn7-walmart-amazonr_12794
right-6321,dn7-walmart-amazonr_12795
right-6322,dn7-walmart-amazonr_12801
right-6323,dn7-walmart-amazonr_12802
right-6324,dn7-walmart-amazonr_12803
right-6325,dn7-walmart-amazonr_12804
right-6326,dn7-walmart-amazonr_12805
right-6327,dn7-walmart-amazonr_12806
right-6328,dn7-walmart-amazonr_12807
right-6329,dn7-walmart-amazonr_12813
right-6330,dn7-walmart-amazonr_12814
right-6331,dn7-walmart-amazonr_12816
right-6332,dn7-walmart-amazonr_12817
right-6333,dn7-walmart-amazonr_12818
right-6334,dn7-walmart-amazonr_12819
right-6335,dn7-walmart-amazonr_12820
right-6336,dn7-walmart-amazonr_12821
right-6337,dn7-walmart-amazonr_12823
right-6338,dn7-walmart-amazonr_12825
right-6339,dn7-walmart-amazonr_12827
right-6340,dn7-walmart-amazonr_12828
right-6341,dn7-walmart-amazonr_12829
right-6342,dn7-walmart-amazonr_12831
right-6343,dn7-walmart-amazonr_12833
right-6344,dn7-walmart-amazonr_12836
right-6345,dn7-walmart-amazonr_12838
right-6346,dn7-walmart-amazonr_12839
right-6347,dn7-walmart-amazonr_12840
right-6348,dn7-walmart-amazonr_12843
right-6349,dn7-walmart-amazonr_12844
right-6350,dn7-walmart-amazonr_12846
right-6351,dn7-walmart-amazonr_12847
right-6352,dn7-walmart-amazonr_12849
right-6353,dn7-walmart-amazonr_12850
right-6354,dn7-walmart-amazonr_12851
right-6355,dn7-walmart-amazonr_12852
right-6356,dn7-walmart-amazonr_12853
right-6357,dn7-walmart-amazonr_12857
right-6358,dn7-walmart-amazonr_12859
right-6359,dn7-walmart-amazonr_12860
right-6360,dn7-walmart-amazonr_12863
right-6361,dn7-walmart-amazonr_12866
right-6362,dn7-walmart-amazonr_12870
right-6363,dn7-walmart-amazonr_12871
right-6364,dn7-walmart-amazonr_12873
right-6365,dn7-walmart-amazonr_12875
right-6366,dn7-walmart-amazonr_12878
right-6367,dn7-walmart-amazonr_12879
right-6368,dn7-walmart-amazonr_12880
right-6369,dn7-walmart-amazonr_12881
right-6370,dn7-walmart-amazonr_12882
right-6371,dn7-walmart-amazonr_12885
right-6372,dn7-walmart-amazonr_12886
right-6373,dn7-walmart-amazonr_12887
right-6374,dn7-walmart-amazonr_12888
right-6375,dn7-walmart-amazonr_12891
right-6376,dn7-walmart-amazonr_12892
right-6377,dn7-walmart-amazonr_12894
right-6378,dn7-walmart-amazonr_12895
right-6379,dn7-walmart-amazonr_12896
right-6380,dn7-walmart-amazonr_12897
right-6381,dn7-walmart-amazonr_12898
right-6382,dn7-walmart-amazonr_12899
right-6383,dn7-walmart-amazonr_12900
right-6384,dn7-walmart-amazonr_12903
right-6385,dn7-walmart-amazonr_12906
right-6386,dn7-walmart-amazonr_12907
right-6387,dn7-walmart-amazonr_12909
right-6388,dn7-walmart-amazonr_12911
right-6389,dn7-walmart-amazonr_12913
right-6390,dn7-walmart-amazonr_12915
right-6391,dn7-walmart-amazonr_12918
right-6392,dn7-walmart-amazonr_12920
right-6393,dn7-walmart-amazonr_12922
right-6394,dn7-walmart-amazonr_12923
right-6395,dn7-walmart-amazonr_12924
right-6396,dn7-walmart-amazonr_12925
right-6397,dn7-walmart-amazonr_12926
right-6398,dn7-walmart-amazonr_12927
right-6399,dn7-walmart-amazonr_12928
right-6400,dn7-walmart-amazonr_12929
right-6401,dn7-walmart-amazonr_12930
right-6402,dn7-walmart-amazonr_12931
right-6403,dn7-walmart-amazonr_12932
right-6404,dn7-walmart-amazonr_12933
right-6405,dn7-walmart-amazonr_12936
right-6406,dn7-walmart-amazonr_12940
right-6407,dn7-walmart-amazonr_12941
right-6408,dn7-walmart-amazonr_12943
right-6409,dn7-walmart-amazonr_12945
right-6410,dn7-walmart-amazonr_12947
right-6411,dn7-walmart-amazonr_12948
right-6412,dn7-walmart-amazonr_12950
right-6413,dn7-walmart-amazonr_12953
right-6414,dn7-walmart-amazonr_12954
right-6415,dn7-walmart-amazonr_12957
right-6416,dn7-walmart-amazonr_12958
right-6417,dn7-walmart-amazonr_12960
right-6418,dn7-walmart-amazonr_12961
right-6419,dn7-walmart-amazonr_12964
right-6420,dn7-walmart-amazonr_12967
right-6421,dn7-walmart-amazonr_12968
right-6422,dn7-walmart-amazonr_12969
right-6423,dn7-walmart-amazonr_12970
right-6424,dn7-walmart-amazonr_12971
right-6425,dn7-walmart-amazonr_12972
right-6426,dn7-walmart-amazonr_12973
right-6427,dn7-walmart-amazonr_12974
right-6428,dn7-walmart-amazonr_12976
right-6429,dn7-walmart-amazonr_12977
right-6430,dn7-walmart-amazonr_12978
right-6431,dn7-walmart-amazonr_12979
right-6432,dn7-walmart-amazonr_12980
right-6433,dn7-walmart-amazonr_12982
right-6434,dn7-walmart-amazonr_12983
right-6435,dn7-walmart-amazonr_12986
right-6436,dn7-walmart-amazonr_12995
right-6437,dn7-walmart-amazonr_12997
right-6438,dn7-walmart-amazonr_12998
right-6439,dn7-walmart-amazonr_12999
right-6440,dn7-walmart-amazonr_13000
right-6441,dn7-walmart-amazonr_13001
right-6442,dn7-walmart-amazonr_13006
right-6443,dn7-walmart-amazonr_13007
right-6444,dn7-walmart-amazonr_13008
right-6445,dn7-walmart-amazonr_13010
right-6446,dn7-walmart-amazonr_13012
right-6447,dn7-walmart-amazonr_13013
right-6448,dn7-walmart-amazonr_13014
right-6449,dn7-walmart-amazonr_13022
right-6450,dn7-walmart-amazonr_13023
right-6451,dn7-walmart-amazonr_13026
right-6452,dn7-walmart-amazonr_13029
right-6453,dn7-walmart-amazonr_13031
right-6454,dn7-walmart-amazonr_13034
right-6455,dn7-walmart-amazonr_13036
right-6456,dn7-walmart-amazonr_13037
right-6457,dn7-walmart-amazonr_13040
right-6458,dn7-walmart-amazonr_13042
right-6459,dn7-walmart-amazonr_13044
right-6460,dn7-walmart-amazonr_13045
right-6461,dn7-walmart-amazonr_13046
right-6462,dn7-walmart-amazonr_13047
right-6463,dn7-walmart-amazonr_13050
right-6464,dn7-walmart-amazonr_13051
right-6465,dn7-walmart-amazonr_13053
right-6466,dn7-walmart-amazonr_13060
right-6467,dn7-walmart-amazonr_13061
right-6468,dn7-walmart-amazonr_13062
right-6469,dn7-walmart-amazonr_13063
right-6470,dn7-walmart-amazonr_13070
right-6471,dn7-walmart-amazonr_13073
right-6472,dn7-walmart-amazonr_13074
right-6473,dn7-walmart-amazonr_13076
right-6474,dn7-walmart-amazonr_13078
right-6475,dn7-walmart-amazonr_13079
right-6476,dn7-walmart-amazonr_13080
right-6477,dn7-walmart-amazonr_13081
right-6478,dn7-walmart-amazonr_13082
right-6479,dn7-walmart-amazonr_13083
right-6480,dn7-walmart-amazonr_13085
right-6481,dn7-walmart-amazonr_13086
right-6482,dn7-walmart-amazonr_13087
right-6483,dn7-walmart-amazonr_13088
right-6484,dn7-walmart-amazonr_13089
right-6485,dn7-walmart-amazonr_13092
right-6486,dn7-walmart-amazonr_13094
right-6487,dn7-walmart-amazonr_13095
right-6488,dn7-walmart-amazonr_13096
right-6489,dn7-walmart-amazonr_13099
right-6490,dn7-walmart-amazonr_13100
right-6491,dn7-walmart-amazonr_13101
right-6492,dn7-walmart-amazonr_13103
right-6493,dn7-walmart-amazonr_13104
right-6494,dn7-walmart-amazonr_13106
right-6495,dn7-walmart-amazonr_13107
right-6496,dn7-walmart-amazonr_13108
right-6497,dn7-walmart-amazonr_13115
right-6498,dn7-walmart-amazonr_13125
right-6499,dn7-walmart-amazonr_13128
right-6500,dn7-walmart-amazonr_13130
right-6501,dn7-walmart-amazonr_13131
right-6502,dn7-walmart-amazonr_13134
right-6503,dn7-walmart-amazonr_13135
right-6504,dn7-walmart-amazonr_13143
right-6505,dn7-walmart-amazonr_13146
right-6506,dn7-walmart-amazonr_13147
right-6507,dn7-walmart-amazonr_13149
right-6508,dn7-walmart-amazonr_13150
right-6509,dn7-walmart-amazonr_13152
right-6510,dn7-walmart-amazonr_13153
right-6511,dn7-walmart-amazonr_13157
right-6512,dn7-walmart-amazonr_13158
right-6513,dn7-walmart-amazonr_13159
right-6514,dn7-walmart-amazonr_13164
right-6515,dn7-walmart-amazonr_13166
right-6516,dn7-walmart-amazonr_13167
right-6517,dn7-walmart-amazonr_13170
right-6518,dn7-walmart-amazonr_13173
right-6519,dn7-walmart-amazonr_13174
right-6520,dn7-walmart-amazonr_13175
right-6521,dn7-walmart-amazonr_13176
right-6522,dn7-walmart-amazonr_13179
right-6523,dn7-walmart-amazonr_13180
right-6524,dn7-walmart-amazonr_13181
right-6525,dn7-walmart-amazonr_13183
right-6526,dn7-walmart-amazonr_13184
right-6527,dn7-walmart-amazonr_13185
right-6528,dn7-walmart-amazonr_13186
right-6529,dn7-walmart-amazonr_13187
right-6530,dn7-walmart-amazonr_13188
right-6531,dn7-walmart-amazonr_13191
right-6532,dn7-walmart-amazonr_13192
right-6533,dn7-walmart-amazonr_13193
right-6534,dn7-walmart-amazonr_13195
right-6535,dn7-walmart-amazonr_13196
right-6536,dn7-walmart-amazonr_13197
right-6537,dn7-walmart-amazonr_13199
right-6538,dn7-walmart-amazonr_13200
right-6539,dn7-walmart-amazonr_13205
right-6540,dn7-walmart-amazonr_13207
right-6541,dn7-walmart-amazonr_13212
right-6542,dn7-walmart-amazonr_13213
right-6543,dn7-walmart-amazonr_13214
right-6544,dn7-walmart-amazonr_13216
right-6545,dn7-walmart-amazonr_13218
right-6546,dn7-walmart-amazonr_13226
right-6547,dn7-walmart-amazonr_13229
right-6548,dn7-walmart-amazonr_13230
right-6549,dn7-walmart-amazonr_13231
right-6550,dn7-walmart-amazonr_13233
right-6551,dn7-walmart-amazonr_13238
right-6552,dn7-walmart-amazonr_13241
right-6553,dn7-walmart-amazonr_13242
right-6554,dn7-walmart-amazonr_13243
right-6555,dn7-walmart-amazonr_13244
right-6556,dn7-walmart-amazonr_13245
right-6557,dn7-walmart-amazonr_13247
right-6558,dn7-walmart-amazonr_13250
right-6559,dn7-walmart-amazonr_13251
right-6560,dn7-walmart-amazonr_13252
right-6561,dn7-walmart-amazonr_13253
right-6562,dn7-walmart-amazonr_13254
right-6563,dn7-walmart-amazonr_13255
right-6564,dn7-walmart-amazonr_13260
right-6565,dn7-walmart-amazonr_13261
right-6566,dn7-walmart-amazonr_13263
right-6567,dn7-walmart-amazonr_13269
right-6568,dn7-walmart-amazonr_13271
right-6569,dn7-walmart-amazonr_13273
right-6570,dn7-walmart-amazonr_13275
right-6571,dn7-walmart-amazonr_13276
right-6572,dn7-walmart-amazonr_13279
right-6573,dn7-walmart-amazonr_13281
right-6574,dn7-walmart-amazonr_13282
right-6575,dn7-walmart-amazonr_13283
right-6576,dn7-walmart-amazonr_13284
right-6577,dn7-walmart-amazonr_13285
right-6578,dn7-walmart-amazonr_13286
right-6579,dn7-walmart-amazonr_13287
right-6580,dn7-walmart-amazonr_13292
right-6581,dn7-walmart-amazonr_13293
right-6582,dn7-walmart-amazonr_13295
right-6583,dn7-walmart-amazonr_13296
right-6584,dn7-walmart-amazonr_13297
right-6585,dn7-walmart-amazonr_13298
right-6586,dn7-walmart-amazonr_13300
right-6587,dn7-walmart-amazonr_13303
right-6588,dn7-walmart-amazonr_13307
right-6589,dn7-walmart-amazonr_13308
right-6590,dn7-walmart-amazonr_13309
right-6591,dn7-walmart-amazonr_13310
right-6592,dn7-walmart-amazonr_13311
right-6593,dn7-walmart-amazonr_13312
right-6594,dn7-walmart-amazonr_13313
right-6595,dn7-walmart-amazonr_13317
right-6596,dn7-walmart-amazonr_13318
right-6597,dn7-walmart-amazonr_13319
right-6598,dn7-walmart-amazonr_13320
right-6599,dn7-walmart-amazonr_13322
right-6600,dn7-walmart-amazonr_13325
right-6601,dn7-walmart-amazonr_13328
right-6602,dn7-walmart-amazonr_13329
right-6603,dn7-walmart-amazonr_13330
right-6604,dn7-walmart-amazonr_13331
right-6605,dn7-walmart-amazonr_13332
right-6606,dn7-walmart-amazonr_13334
right-6607,dn7-walmart-amazonr_13338
right-6608,dn7-walmart-amazonr_13343
right-6609,dn7-walmart-amazonr_13344
right-6610,dn7-walmart-amazonr_13350
right-6611,dn7-walmart-amazonr_13353
right-6612,dn7-walmart-amazonr_13355
right-6613,dn7-walmart-amazonr_13356
right-6614,dn7-walmart-amazonr_13363
right-6615,dn7-walmart-amazonr_13365
right-6616,dn7-walmart-amazonr_13368
right-6617,dn7-walmart-amazonr_13369
right-6618,dn7-walmart-amazonr_13370
right-6619,dn7-walmart-amazonr_13371
right-6620,dn7-walmart-amazonr_13374
right-6621,dn7-walmart-amazonr_13375
right-6622,dn7-walmart-amazonr_13377
right-6623,dn7-walmart-amazonr_13378
right-6624,dn7-walmart-amazonr_13380
right-6625,dn7-walmart-amazonr_13381
right-6626,dn7-walmart-amazonr_13383
right-6627,dn7-walmart-amazonr_13386
right-6628,dn7-walmart-amazonr_13387
right-6629,dn7-walmart-amazonr_13390
right-6630,dn7-walmart-amazonr_13391
right-6631,dn7-walmart-amazonr_13392
right-6632,dn7-walmart-amazonr_13396
right-6633,dn7-walmart-amazonr_13398
right-6634,dn7-walmart-amazonr_13401
right-6635,dn7-walmart-amazonr_13402
right-6636,dn7-walmart-amazonr_13403
right-6637,dn7-walmart-amazonr_13405
right-6638,dn7-walmart-amazonr_13412
right-6639,dn7-walmart-amazonr_13413
right-6640,dn7-walmart-amazonr_13414
right-6641,dn7-walmart-amazonr_13415
right-6642,dn7-walmart-amazonr_13416
right-6643,dn7-walmart-amazonr_13418
right-6644,dn7-walmart-amazonr_13420
right-6645,dn7-walmart-amazonr_13422
right-6646,dn7-walmart-amazonr_13423
right-6647,dn7-walmart-amazonr_13424
right-6648,dn7-walmart-amazonr_13426
right-6649,dn7-walmart-amazonr_13427
right-6650,dn7-walmart-amazonr_13429
right-6651,dn7-walmart-amazonr_13431
right-6652,dn7-walmart-amazonr_13432
right-6653,dn7-walmart-amazonr_13437
right-6654,dn7-walmart-amazonr_13438
right-6655,dn7-walmart-amazonr_13439
right-6656,dn7-walmart-amazonr_13443
right-6657,dn7-walmart-amazonr_13446
right-6658,dn7-walmart-amazonr_13449
right-6659,dn7-walmart-amazonr_13451
right-6660,dn7-walmart-amazonr_13453
right-6661,dn7-walmart-amazonr_13454
right-6662,dn7-walmart-amazonr_13460
right-6663,dn7-walmart-amazonr_13461
right-6664,dn7-walmart-amazonr_13463
right-6665,dn7-walmart-amazonr_13465
right-6666,dn7-walmart-amazonr_13466
right-6667,dn7-walmart-amazonr_13467
right-6668,dn7-walmart-amazonr_13468
right-6669,dn7-walmart-amazonr_13469
right-6670,dn7-walmart-amazonr_13472
right-6671,dn7-walmart-amazonr_13473
right-6672,dn7-walmart-amazonr_13474
right-6673,dn7-walmart-amazonr_13476
right-6674,dn7-walmart-amazonr_13479
right-6675,dn7-walmart-amazonr_13480
right-6676,dn7-walmart-amazonr_13481
right-6677,dn7-walmart-amazonr_13483
right-6678,dn7-walmart-amazonr_13486
right-6679,dn7-walmart-amazonr_13487
right-6680,dn7-walmart-amazonr_13488
right-6681,dn7-walmart-amazonr_13490
right-6682,dn7-walmart-amazonr_13492
right-6683,dn7-walmart-amazonr_13493
right-6684,dn7-walmart-amazonr_13499
right-6685,dn7-walmart-amazonr_13502
right-6686,dn7-walmart-amazonr_13504
right-6687,dn7-walmart-amazonr_13505
right-6688,dn7-walmart-amazonr_13506
right-6689,dn7-walmart-amazonr_13507
right-6690,dn7-walmart-amazonr_13508
right-6691,dn7-walmart-amazonr_13509
right-6692,dn7-walmart-amazonr_13517
right-6693,dn7-walmart-amazonr_13518
right-6694,dn7-walmart-amazonr_13519
right-6695,dn7-walmart-amazonr_13520
right-6696,dn7-walmart-amazonr_13527
right-6697,dn7-walmart-amazonr_13529
right-6698,dn7-walmart-amazonr_13530
right-6699,dn7-walmart-amazonr_13531
right-6700,dn7-walmart-amazonr_13535
right-6701,dn7-walmart-amazonr_13536
right-6702,dn7-walmart-amazonr_13544
right-6703,dn7-walmart-amazonr_13545
right-6704,dn7-walmart-amazonr_13546
right-6705,dn7-walmart-amazonr_13548
right-6706,dn7-walmart-amazonr_13549
right-6707,dn7-walmart-amazonr_13553
right-6708,dn7-walmart-amazonr_13557
right-6709,dn7-walmart-amazonr_13558
right-6710,dn7-walmart-amazonr_13560
right-6711,dn7-walmart-amazonr_13562
right-6712,dn7-walmart-amazonr_13564
right-6713,dn7-walmart-amazonr_13565
right-6714,dn7-walmart-amazonr_13566
right-6715,dn7-walmart-amazonr_13567
right-6716,dn7-walmart-amazonr_13572
right-6717,dn7-walmart-amazonr_13574
right-6718,dn7-walmart-amazonr_13575
right-6719,dn7-walmart-amazonr_13576
right-6720,dn7-walmart-amazonr_13579
right-6721,dn7-walmart-amazonr_13581
right-6722,dn7-walmart-amazonr_13582
right-6723,dn7-walmart-amazonr_13583
right-6724,dn7-walmart-amazonr_13584
right-6725,dn7-walmart-amazonr_13589
right-6726,dn7-walmart-amazonr_13590
right-6727,dn7-walmart-amazonr_13591
right-6728,dn7-walmart-amazonr_13592
right-6729,dn7-walmart-amazonr_13593
right-6730,dn7-walmart-amazonr_13600
right-6731,dn7-walmart-amazonr_13602
right-6732,dn7-walmart-amazonr_13605
right-6733,dn7-walmart-amazonr_13607
right-6734,dn7-walmart-amazonr_13608
right-6735,dn7-walmart-amazonr_13609
right-6736,dn7-walmart-amazonr_13610
right-6737,dn7-walmart-amazonr_13612
right-6738,dn7-walmart-amazonr_13618
right-6739,dn7-walmart-amazonr_13619
right-6740,dn7-walmart-amazonr_13620
right-6741,dn7-walmart-amazonr_13621
right-6742,dn7-walmart-amazonr_13623
right-6743,dn7-walmart-amazonr_13624
right-6744,dn7-walmart-amazonr_13628
right-6745,dn7-walmart-amazonr_13629
right-6746,dn7-walmart-amazonr_13636
right-6747,dn7-walmart-amazonr_13637
right-6748,dn7-walmart-amazonr_13639
right-6749,dn7-walmart-amazonr_13645
right-6750,dn7-walmart-amazonr_13646
right-6751,dn7-walmart-amazonr_13648
right-6752,dn7-walmart-amazonr_13649
right-6753,dn7-walmart-amazonr_13653
right-6754,dn7-walmart-amazonr_13658
right-6755,dn7-walmart-amazonr_13659
right-6756,dn7-walmart-amazonr_13660
right-6757,dn7-walmart-amazonr_13661
right-6758,dn7-walmart-amazonr_13663
right-6759,dn7-walmart-amazonr_13666
right-6760,dn7-walmart-amazonr_13668
right-6761,dn7-walmart-amazonr_13669
right-6762,dn7-walmart-amazonr_13670
right-6763,dn7-walmart-amazonr_13674
right-6764,dn7-walmart-amazonr_13675
right-6765,dn7-walmart-amazonr_13676
right-6766,dn7-walmart-amazonr_13677
right-6767,dn7-walmart-amazonr_13678
right-6768,dn7-walmart-amazonr_13679
right-6769,dn7-walmart-amazonr_13681
right-6770,dn7-walmart-amazonr_13684
right-6771,dn7-walmart-amazonr_13685
right-6772,dn7-walmart-amazonr_13686
right-6773,dn7-walmart-amazonr_13687
right-6774,dn7-walmart-amazonr_13688
right-6775,dn7-walmart-amazonr_13690
right-6776,dn7-walmart-amazonr_13691
right-6777,dn7-walmart-amazonr_13694
right-6778,dn7-walmart-amazonr_13695
right-6779,dn7-walmart-amazonr_13697
right-6780,dn7-walmart-amazonr_13699
right-6781,dn7-walmart-amazonr_13700
right-6782,dn7-walmart-amazonr_13703
right-6783,dn7-walmart-amazonr_13704
right-6784,dn7-walmart-amazonr_13705
right-6785,dn7-walmart-amazonr_13706
right-6786,dn7-walmart-amazonr_13711
right-6787,dn7-walmart-amazonr_13712
right-6788,dn7-walmart-amazonr_13713
right-6789,dn7-walmart-amazonr_13714
right-6790,dn7-walmart-amazonr_13715
right-6791,dn7-walmart-amazonr_13716
right-6792,dn7-walmart-amazonr_13717
right-6793,dn7-walmart-amazonr_13727
right-6794,dn7-walmart-amazonr_13729
right-6795,dn7-walmart-amazonr_13730
right-6796,dn7-walmart-amazonr_13733
right-6797,dn7-walmart-amazonr_13734
right-6798,dn7-walmart-amazonr_13737
right-6799,dn7-walmart-amazonr_13745
right-6800,dn7-walmart-amazonr_13747
right-6801,dn7-walmart-amazonr_13751
right-6802,dn7-walmart-amazonr_13752
right-6803,dn7-walmart-amazonr_13753
right-6804,dn7-walmart-amazonr_13754
right-6805,dn7-walmart-amazonr_13756
right-6806,dn7-walmart-amazonr_13757
right-6807,dn7-walmart-amazonr_13758
right-6808,dn7-walmart-amazonr_13764
right-6809,dn7-walmart-amazonr_13765
right-6810,dn7-walmart-amazonr_13766
right-6811,dn7-walmart-amazonr_13767
right-6812,dn7-walmart-amazonr_13768
right-6813,dn7-walmart-amazonr_13769
right-6814,dn7-walmart-amazonr_13770
right-6815,dn7-walmart-amazonr_13771
right-6816,dn7-walmart-amazonr_13775
right-6817,dn7-walmart-amazonr_13776
right-6818,dn7-walmart-amazonr_13782
right-6819,dn7-walmart-amazonr_13786
right-6820,dn7-walmart-amazonr_13789
right-6821,dn7-walmart-amazonr_13795
right-6822,dn7-walmart-amazonr_13799
right-6823,dn7-walmart-amazonr_13800
right-6824,dn7-walmart-amazonr_13803
right-6825,dn7-walmart-amazonr_13804
right-6826,dn7-walmart-amazonr_13809
right-6827,dn7-walmart-amazonr_13810
right-6828,dn7-walmart-amazonr_13811
right-6829,dn7-walmart-amazonr_13812
right-6830,dn7-walmart-amazonr_13816
right-6831,dn7-walmart-amazonr_13817
right-6832,dn7-walmart-amazonr_13818
right-6833,dn7-walmart-amazonr_13820
right-6834,dn7-walmart-amazonr_13821
right-6835,dn7-walmart-amazonr_13822
right-6836,dn7-walmart-amazonr_13824
right-6837,dn7-walmart-amazonr_13827
right-6838,dn7-walmart-amazonr_13829
right-6839,dn7-walmart-amazonr_13830
right-6840,dn7-walmart-amazonr_13831
right-6841,dn7-walmart-amazonr_13832
right-6842,dn7-walmart-amazonr_13834
right-6843,dn7-walmart-amazonr_13835
right-6844,dn7-walmart-amazonr_13842
right-6845,dn7-walmart-amazonr_13844
right-6846,dn7-walmart-amazonr_13845
right-6847,dn7-walmart-amazonr_13846
right-6848,dn7-walmart-amazonr_13847
right-6849,dn7-walmart-amazonr_13849
right-6850,dn7-walmart-amazonr_13850
right-6851,dn7-walmart-amazonr_13852
right-6852,dn7-walmart-amazonr_13853
right-6853,dn7-walmart-amazonr_13854
right-6854,dn7-walmart-amazonr_13855
right-6855,dn7-walmart-amazonr_13856
right-6856,dn7-walmart-amazonr_13859
right-6857,dn7-walmart-amazonr_13860
right-6858,dn7-walmart-amazonr_13861
right-6859,dn7-walmart-amazonr_13863
right-6860,dn7-walmart-amazonr_13865
right-6861,dn7-walmart-amazonr_13866
right-6862,dn7-walmart-amazonr_13867
right-6863,dn7-walmart-amazonr_13868
right-6864,dn7-walmart-amazonr_13869
right-6865,dn7-walmart-amazonr_13871
right-6866,dn7-walmart-amazonr_13872
right-6867,dn7-walmart-amazonr_13873
right-6868,dn7-walmart-amazonr_13874
right-6869,dn7-walmart-amazonr_13878
right-6870,dn7-walmart-amazonr_13879
right-6871,dn7-walmart-amazonr_13882
right-6872,dn7-walmart-amazonr_13884
right-6873,dn7-walmart-amazonr_13885
right-6874,dn7-walmart-amazonr_13888
right-6875,dn7-walmart-amazonr_13889
right-6876,dn7-walmart-amazonr_13891
right-6877,dn7-walmart-amazonr_13893
right-6878,dn7-walmart-amazonr_13894
right-6879,dn7-walmart-amazonr_13895
right-6880,dn7-walmart-amazonr_13897
right-6881,dn7-walmart-amazonr_13899
right-6882,dn7-walmart-amazonr_13901
right-6883,dn7-walmart-amazonr_13903
right-6884,dn7-walmart-amazonr_13906
right-6885,dn7-walmart-amazonr_13908
right-6886,dn7-walmart-amazonr_13909
right-6887,dn7-walmart-amazonr_13910
right-6888,dn7-walmart-amazonr_13912
right-6889,dn7-walmart-amazonr_13913
right-6890,dn7-walmart-amazonr_13916
right-6891,dn7-walmart-amazonr_13919
right-6892,dn7-walmart-amazonr_13921
right-6893,dn7-walmart-amazonr_13922
right-6894,dn7-walmart-amazonr_13927
right-6895,dn7-walmart-amazonr_13928
right-6896,dn7-walmart-amazonr_13929
right-6897,dn7-walmart-amazonr_13930
right-6898,dn7-walmart-amazonr_13931
right-6899,dn7-walmart-amazonr_13933
right-6900,dn7-walmart-amazonr_13936
right-6901,dn7-walmart-amazonr_13940
right-6902,dn7-walmart-amazonr_13944
right-6903,dn7-walmart-amazonr_13948
right-6904,dn7-walmart-amazonr_13949
right-6905,dn7-walmart-amazonr_13950
right-6906,dn7-walmart-amazonr_13957
right-6907,dn7-walmart-amazonr_13958
right-6908,dn7-walmart-amazonr_13963
right-6909,dn7-walmart-amazonr_13964
right-6910,dn7-walmart-amazonr_13965
right-6911,dn7-walmart-amazonr_13967
right-6912,dn7-walmart-amazonr_13969
right-6913,dn7-walmart-amazonr_13974
right-6914,dn7-walmart-amazonr_13975
right-6915,dn7-walmart-amazonr_13976
right-6916,dn7-walmart-amazonr_13977
right-6917,dn7-walmart-amazonr_13979
right-6918,dn7-walmart-amazonr_13983
right-6919,dn7-walmart-amazonr_13986
right-6920,dn7-walmart-amazonr_13987
right-6921,dn7-walmart-amazonr_13988
right-6922,dn7-walmart-amazonr_13994
right-6923,dn7-walmart-amazonr_13996
right-6924,dn7-walmart-amazonr_14001
right-6925,dn7-walmart-amazonr_14002
right-6926,dn7-walmart-amazonr_14004
right-6927,dn7-walmart-amazonr_14006
right-6928,dn7-walmart-amazonr_14008
right-6929,dn7-walmart-amazonr_14012
right-6930,dn7-walmart-amazonr_14014
right-6931,dn7-walmart-amazonr_14015
right-6932,dn7-walmart-amazonr_14016
right-6933,dn7-walmart-amazonr_14022
right-6934,dn7-walmart-amazonr_14024
right-6935,dn7-walmart-amazonr_14032
right-6936,dn7-walmart-amazonr_14034
right-6937,dn7-walmart-amazonr_14035
right-6938,dn7-walmart-amazonr_14036
right-6939,dn7-walmart-amazonr_14037
right-6940,dn7-walmart-amazonr_14042
right-6941,dn7-walmart-amazonr_14043
right-6942,dn7-walmart-amazonr_14044
right-6943,dn7-walmart-amazonr_14046
right-6944,dn7-walmart-amazonr_14047
right-6945,dn7-walmart-amazonr_14048
right-6946,dn7-walmart-amazonr_14050
right-6947,dn7-walmart-amazonr_14051
right-6948,dn7-walmart-amazonr_14054
right-6949,dn7-walmart-amazonr_14055
right-6950,dn7-walmart-amazonr_14056
right-6951,dn7-walmart-amazonr_14057
right-6952,dn7-walmart-amazonr_14059
right-6953,dn7-walmart-amazonr_14063
right-6954,dn7-walmart-amazonr_14065
right-6955,dn7-walmart-amazonr_14066
right-6956,dn7-walmart-amazonr_14073
right-6957,dn7-walmart-amazonr_14074
right-6958,dn7-walmart-amazonr_14075
right-6959,dn7-walmart-amazonr_14076
right-6960,dn7-walmart-amazonr_14077
right-6961,dn7-walmart-amazonr_14080
right-6962,dn7-walmart-amazonr_14081
right-6963,dn7-walmart-amazonr_14082
right-6964,dn7-walmart-amazonr_14086
right-6965,dn7-walmart-amazonr_14088
right-6966,dn7-walmart-amazonr_14089
right-6967,dn7-walmart-amazonr_14090
right-6968,dn7-walmart-amazonr_14091
right-6969,dn7-walmart-amazonr_14092
right-6970,dn7-walmart-amazonr_14094
right-6971,dn7-walmart-amazonr_14095
right-6972,dn7-walmart-amazonr_14096
right-6973,dn7-walmart-amazonr_14097
right-6974,dn7-walmart-amazonr_14106
right-6975,dn7-walmart-amazonr_14107
right-6976,dn7-walmart-amazonr_14109
right-6977,dn7-walmart-amazonr_14110
right-6978,dn7-walmart-amazonr_14112
right-6979,dn7-walmart-amazonr_14113
right-6980,dn7-walmart-amazonr_14115
right-6981,dn7-walmart-amazonr_14118
right-6982,dn7-walmart-amazonr_14119
right-6983,dn7-walmart-amazonr_14120
right-6984,dn7-walmart-amazonr_14123
right-6985,dn7-walmart-amazonr_14124
right-6986,dn7-walmart-amazonr_14127
right-6987,dn7-walmart-amazonr_14128
right-6988,dn7-walmart-amazonr_14131
right-6989,dn7-walmart-amazonr_14134
right-6990,dn7-walmart-amazonr_14138
right-6991,dn7-walmart-amazonr_14140
right-6992,dn7-walmart-amazonr_14141
right-6993,dn7-walmart-amazonr_14143
right-6994,dn7-walmart-amazonr_14144
right-6995,dn7-walmart-amazonr_14146
right-6996,dn7-walmart-amazonr_14149
right-6997,dn7-walmart-amazonr_14151
right-6998,dn7-walmart-amazonr_14154
right-6999,dn7-walmart-amazonr_14156
right-7000,dn7-walmart-amazonr_14157
right-7001,dn7-walmart-amazonr_14160
right-7002,dn7-walmart-amazonr_14168
right-7003,dn7-walmart-amazonr_14170
right-7004,dn7-walmart-amazonr_14171
right-7005,dn7-walmart-amazonr_14173
right-7006,dn7-walmart-amazonr_14174
right-7007,dn7-walmart-amazonr_14176
right-7008,dn7-walmart-amazonr_14177
right-7009,dn7-walmart-amazonr_14178
right-7010,dn7-walmart-amazonr_14180
right-7011,dn7-walmart-amazonr_14182
right-7012,dn7-walmart-amazonr_14183
right-7013,dn7-walmart-amazonr_14185
right-7014,dn7-walmart-amazonr_14187
right-7015,dn7-walmart-amazonr_14188
right-7016,dn7-walmart-amazonr_14189
right-7017,dn7-walmart-amazonr_14190
right-7018,dn7-walmart-amazonr_14191
right-7019,dn7-walmart-amazonr_14196
right-7020,dn7-walmart-amazonr_14198
right-7021,dn7-walmart-amazonr_14202
right-7022,dn7-walmart-amazonr_14203
right-7023,dn7-walmart-amazonr_14204
right-7024,dn7-walmart-amazonr_14205
right-7025,dn7-walmart-amazonr_14206
right-7026,dn7-walmart-amazonr_14210
right-7027,dn7-walmart-amazonr_14213
right-7028,dn7-walmart-amazonr_14214
right-7029,dn7-walmart-amazonr_14215
right-7030,dn7-walmart-amazonr_14219
right-7031,dn7-walmart-amazonr_14220
right-7032,dn7-walmart-amazonr_14222
right-7033,dn7-walmart-amazonr_14223
right-7034,dn7-walmart-amazonr_14224
right-7035,dn7-walmart-amazonr_14226
right-7036,dn7-walmart-amazonr_14227
right-7037,dn7-walmart-amazonr_14232
right-7038,dn7-walmart-amazonr_14233
right-7039,dn7-walmart-amazonr_14234
right-7040,dn7-walmart-amazonr_14236
right-7041,dn7-walmart-amazonr_14238
right-7042,dn7-walmart-amazonr_14239
right-7043,dn7-walmart-amazonr_14242
right-7044,dn7-walmart-amazonr_14243
right-7045,dn7-walmart-amazonr_14244
right-7046,dn7-walmart-amazonr_14245
right-7047,dn7-walmart-amazonr_14246
right-7048,dn7-walmart-amazonr_14247
right-7049,dn7-walmart-amazonr_14249
right-7050,dn7-walmart-amazonr_14250
right-7051,dn7-walmart-amazonr_14251
right-7052,dn7-walmart-amazonr_14252
right-7053,dn7-walmart-amazonr_14253
right-7054,dn7-walmart-amazonr_14254
right-7055,dn7-walmart-amazonr_14255
right-7056,dn7-walmart-amazonr_14256
right-7057,dn7-walmart-amazonr_14257
right-7058,dn7-walmart-amazonr_14258
right-7059,dn7-walmart-amazonr_14259
right-7060,dn7-walmart-amazonr_14261
right-7061,dn7-walmart-amazonr_14262
right-7062,dn7-walmart-amazonr_14265
right-7063,dn7-walmart-amazonr_14266
right-7064,dn7-walmart-amazonr_14268
right-7065,dn7-walmart-amazonr_14269
right-7066,dn7-walmart-amazonr_14271
right-7067,dn7-walmart-amazonr_14276
right-7068,dn7-walmart-amazonr_14278
right-7069,dn7-walmart-amazonr_14283
right-7070,dn7-walmart-amazonr_14284
right-7071,dn7-walmart-amazonr_14286
right-7072,dn7-walmart-amazonr_14287
right-7073,dn7-walmart-amazonr_14293
right-7074,dn7-walmart-amazonr_14294
right-7075,dn7-walmart-amazonr_14296
right-7076,dn7-walmart-amazonr_14297
right-7077,dn7-walmart-amazonr_14299
right-7078,dn7-walmart-amazonr_14300
right-7079,dn7-walmart-amazonr_14302
right-7080,dn7-walmart-amazonr_14303
right-7081,dn7-walmart-amazonr_14304
right-7082,dn7-walmart-amazonr_14305
right-7083,dn7-walmart-amazonr_14307
right-7084,dn7-walmart-amazonr_14312
right-7085,dn7-walmart-amazonr_14314
right-7086,dn7-walmart-amazonr_14317
right-7087,dn7-walmart-amazonr_14321
right-7088,dn7-walmart-amazonr_14322
right-7089,dn7-walmart-amazonr_14323
right-7090,dn7-walmart-amazonr_14327
right-7091,dn7-walmart-amazonr_14332
right-7092,dn7-walmart-amazonr_14334
right-7093,dn7-walmart-amazonr_14336
right-7094,dn7-walmart-amazonr_14344
right-7095,dn7-walmart-amazonr_14346
right-7096,dn7-walmart-amazonr_14347
right-7097,dn7-walmart-amazonr_14348
right-7098,dn7-walmart-amazonr_14349
right-7099,dn7-walmart-amazonr_14353
right-7100,dn7-walmart-amazonr_14354
right-7101,dn7-walmart-amazonr_14356
right-7102,dn7-walmart-amazonr_14357
right-7103,dn7-walmart-amazonr_14360
right-7104,dn7-walmart-amazonr_14361
right-7105,dn7-walmart-amazonr_14362
right-7106,dn7-walmart-amazonr_14363
right-7107,dn7-walmart-amazonr_14366
right-7108,dn7-walmart-amazonr_14367
right-7109,dn7-walmart-amazonr_14368
right-7110,dn7-walmart-amazonr_14369
right-7111,dn7-walmart-amazonr_14371
right-7112,dn7-walmart-amazonr_14372
right-7113,dn7-walmart-amazonr_14373
right-7114,dn7-walmart-amazonr_14378
right-7115,dn7-walmart-amazonr_14383
right-7116,dn7-walmart-amazonr_14385
right-7117,dn7-walmart-amazonr_14386
right-7118,dn7-walmart-amazonr_14391
right-7119,dn7-walmart-amazonr_14395
right-7120,dn7-walmart-amazonr_14397
right-7121,dn7-walmart-amazonr_14400
right-7122,dn7-walmart-amazonr_14401
right-7123,dn7-walmart-amazonr_14403
right-7124,dn7-walmart-amazonr_14404
right-7125,dn7-walmart-amazonr_14406
right-7126,dn7-walmart-amazonr_14407
right-7127,dn7-walmart-amazonr_14408
right-7128,dn7-walmart-amazonr_14414
right-7129,dn7-walmart-amazonr_14415
right-7130,dn7-walmart-amazonr_14416
right-7131,dn7-walmart-amazonr_14418
right-7132,dn7-walmart-amazonr_14421
right-7133,dn7-walmart-amazonr_14423
right-7134,dn7-walmart-amazonr_14425
right-7135,dn7-walmart-amazonr_14426
right-7136,dn7-walmart-amazonr_14428
right-7137,dn7-walmart-amazonr_14430
right-7138,dn7-walmart-amazonr_14431
right-7139,dn7-walmart-amazonr_14433
right-7140,dn7-walmart-amazonr_14434
right-7141,dn7-walmart-amazonr_14437
right-7142,dn7-walmart-amazonr_14439
right-7143,dn7-walmart-amazonr_14440
right-7144,dn7-walmart-amazonr_14442
right-7145,dn7-walmart-amazonr_14443
right-7146,dn7-walmart-amazonr_14444
right-7147,dn7-walmart-amazonr_14451
right-7148,dn7-walmart-amazonr_14453
right-7149,dn7-walmart-amazonr_14454
right-7150,dn7-walmart-amazonr_14455
right-7151,dn7-walmart-amazonr_14456
right-7152,dn7-walmart-amazonr_14458
right-7153,dn7-walmart-amazonr_14460
right-7154,dn7-walmart-amazonr_14461
right-7155,dn7-walmart-amazonr_14462
right-7156,dn7-walmart-amazonr_14463
right-7157,dn7-walmart-amazonr_14465
right-7158,dn7-walmart-amazonr_14467
right-7159,dn7-walmart-amazonr_14471
right-7160,dn7-walmart-amazonr_14472
right-7161,dn7-walmart-amazonr_14473
right-7162,dn7-walmart-amazonr_14474
right-7163,dn7-walmart-amazonr_14479
right-7164,dn7-walmart-amazonr_14481
right-7165,dn7-walmart-amazonr_14483
right-7166,dn7-walmart-amazonr_14485
right-7167,dn7-walmart-amazonr_14486
right-7168,dn7-walmart-amazonr_14487
right-7169,dn7-walmart-amazonr_14488
right-7170,dn7-walmart-amazonr_14489
right-7171,dn7-walmart-amazonr_14490
right-7172,dn7-walmart-amazonr_14491
right-7173,dn7-walmart-amazonr_14492
right-7174,dn7-walmart-amazonr_14493
right-7175,dn7-walmart-amazonr_14494
right-7176,dn7-walmart-amazonr_14496
right-7177,dn7-walmart-amazonr_14497
right-7178,dn7-walmart-amazonr_14498
right-7179,dn7-walmart-amazonr_14500
right-7180,dn7-walmart-amazonr_14502
right-7181,dn7-walmart-amazonr_14504
right-7182,dn7-walmart-amazonr_14509
right-7183,dn7-walmart-amazonr_14514
right-7184,dn7-walmart-amazonr_14517
right-7185,dn7-walmart-amazonr_14519
right-7186,dn7-walmart-amazonr_14520
right-7187,dn7-walmart-amazonr_14524
right-7188,dn7-walmart-amazonr_14525
right-7189,dn7-walmart-amazonr_14528
right-7190,dn7-walmart-amazonr_14531
right-7191,dn7-walmart-amazonr_14538
right-7192,dn7-walmart-amazonr_14539
right-7193,dn7-walmart-amazonr_14540
right-7194,dn7-walmart-amazonr_14542
right-7195,dn7-walmart-amazonr_14543
right-7196,dn7-walmart-amazonr_14545
right-7197,dn7-walmart-amazonr_14547
right-7198,dn7-walmart-amazonr_14553
right-7199,dn7-walmart-amazonr_14555
right-7200,dn7-walmart-amazonr_14556
right-7201,dn7-walmart-amazonr_14557
right-7202,dn7-walmart-amazonr_14558
right-7203,dn7-walmart-amazonr_14561
right-7204,dn7-walmart-amazonr_14564
right-7205,dn7-walmart-amazonr_14565
right-7206,dn7-walmart-amazonr_14569
right-7207,dn7-walmart-amazonr_14570
right-7208,dn7-walmart-amazonr_14573
right-7209,dn7-walmart-amazonr_14575
right-7210,dn7-walmart-amazonr_14577
right-7211,dn7-walmart-amazonr_14580
right-7212,dn7-walmart-amazonr_14586
right-7213,dn7-walmart-amazonr_14587
right-7214,dn7-walmart-amazonr_14595
right-7215,dn7-walmart-amazonr_14596
right-7216,dn7-walmart-amazonr_14599
right-7217,dn7-walmart-amazonr_14602
right-7218,dn7-walmart-amazonr_14606
right-7219,dn7-walmart-amazonr_14609
right-7220,dn7-walmart-amazonr_14611
right-7221,dn7-walmart-amazonr_14612
right-7222,dn7-walmart-amazonr_14615
right-7223,dn7-walmart-amazonr_14617
right-7224,dn7-walmart-amazonr_14619
right-7225,dn7-walmart-amazonr_14620
right-7226,dn7-walmart-amazonr_14621
right-7227,dn7-walmart-amazonr_14623
right-7228,dn7-walmart-amazonr_14624
right-7229,dn7-walmart-amazonr_14627
right-7230,dn7-walmart-amazonr_14630
right-7231,dn7-walmart-amazonr_14631
right-7232,dn7-walmart-amazonr_14632
right-7233,dn7-walmart-amazonr_14634
right-7234,dn7-walmart-amazonr_14635
right-7235,dn7-walmart-amazonr_14638
right-7236,dn7-walmart-amazonr_14639
right-7237,dn7-walmart-amazonr_14642
right-7238,dn7-walmart-amazonr_14644
right-7239,dn7-walmart-amazonr_14645
right-7240,dn7-walmart-amazonr_14646
right-7241,dn7-walmart-amazonr_14649
right-7242,dn7-walmart-amazonr_14652
right-7243,dn7-walmart-amazonr_14655
right-7244,dn7-walmart-amazonr_14656
right-7245,dn7-walmart-amazonr_14658
right-7246,dn7-walmart-amazonr_14661
right-7247,dn7-walmart-amazonr_14662
right-7248,dn7-walmart-amazonr_14663
right-7249,dn7-walmart-amazonr_14665
right-7250,dn7-walmart-amazonr_14667
right-7251,dn7-walmart-amazonr_14668
right-7252,dn7-walmart-amazonr_14670
right-7253,dn7-walmart-amazonr_14671
right-7254,dn7-walmart-amazonr_14673
right-7255,dn7-walmart-amazonr_14674
right-7256,dn7-walmart-amazonr_14676
right-7257,dn7-walmart-amazonr_14677
right-7258,dn7-walmart-amazonr_14680
right-7259,dn7-walmart-amazonr_14681
right-7260,dn7-walmart-amazonr_14682
right-7261,dn7-walmart-amazonr_14684
right-7262,dn7-walmart-amazonr_14686
right-7263,dn7-walmart-amazonr_14687
right-7264,dn7-walmart-amazonr_14689
right-7265,dn7-walmart-amazonr_14690
right-7266,dn7-walmart-amazonr_14691
right-7267,dn7-walmart-amazonr_14692
right-7268,dn7-walmart-amazonr_14698
right-7269,dn7-walmart-amazonr_14699
right-7270,dn7-walmart-amazonr_14701
right-7271,dn7-walmart-amazonr_14702
right-7272,dn7-walmart-amazonr_14704
right-7273,dn7-walmart-amazonr_14707
right-7274,dn7-walmart-amazonr_14710
right-7275,dn7-walmart-amazonr_14712
right-7276,dn7-walmart-amazonr_14713
right-7277,dn7-walmart-amazonr_14714
right-7278,dn7-walmart-amazonr_14716
right-7279,dn7-walmart-amazonr_14719
right-7280,dn7-walmart-amazonr_14721
right-7281,dn7-walmart-amazonr_14722
right-7282,dn7-walmart-amazonr_14723
right-7283,dn7-walmart-amazonr_14724
right-7284,dn7-walmart-amazonr_14726
right-7285,dn7-walmart-amazonr_14727
right-7286,dn7-walmart-amazonr_14728
right-7287,dn7-walmart-amazonr_14729
right-7288,dn7-walmart-amazonr_14731
right-7289,dn7-walmart-amazonr_14735
right-7290,dn7-walmart-amazonr_14736
right-7291,dn7-walmart-amazonr_14737
right-7292,dn7-walmart-amazonr_14742
right-7293,dn7-walmart-amazonr_14744
right-7294,dn7-walmart-amazonr_14746
right-7295,dn7-walmart-amazonr_14750
right-7296,dn7-walmart-amazonr_14755
right-7297,dn7-walmart-amazonr_14757
right-7298,dn7-walmart-amazonr_14758
right-7299,dn7-walmart-amazonr_14759
right-7300,dn7-walmart-amazonr_14760
right-7301,dn7-walmart-amazonr_14762
right-7302,dn7-walmart-amazonr_14767
right-7303,dn7-walmart-amazonr_14769
right-7304,dn7-walmart-amazonr_14774
right-7305,dn7-walmart-amazonr_14777
right-7306,dn7-walmart-amazonr_14781
right-7307,dn7-walmart-amazonr_14783
right-7308,dn7-walmart-amazonr_14784
right-7309,dn7-walmart-amazonr_14785
right-7310,dn7-walmart-amazonr_14786
right-7311,dn7-walmart-amazonr_14795
right-7312,dn7-walmart-amazonr_14796
right-7313,dn7-walmart-amazonr_14798
right-7314,dn7-walmart-amazonr_14799
right-7315,dn7-walmart-amazonr_14800
right-7316,dn7-walmart-amazonr_14801
right-7317,dn7-walmart-amazonr_14802
right-7318,dn7-walmart-amazonr_14804
right-7319,dn7-walmart-amazonr_14808
right-7320,dn7-walmart-amazonr_14810
right-7321,dn7-walmart-amazonr_14811
right-7322,dn7-walmart-amazonr_14813
right-7323,dn7-walmart-amazonr_14814
right-7324,dn7-walmart-amazonr_14815
right-7325,dn7-walmart-amazonr_14818
right-7326,dn7-walmart-amazonr_14820
right-7327,dn7-walmart-amazonr_14821
right-7328,dn7-walmart-amazonr_14822
right-7329,dn7-walmart-amazonr_14823
right-7330,dn7-walmart-amazonr_14825
right-7331,dn7-walmart-amazonr_14826
right-7332,dn7-walmart-amazonr_14833
right-7333,dn7-walmart-amazonr_14835
right-7334,dn7-walmart-amazonr_14836
right-7335,dn7-walmart-amazonr_14837
right-7336,dn7-walmart-amazonr_14839
right-7337,dn7-walmart-amazonr_14840
right-7338,dn7-walmart-amazonr_14841
right-7339,dn7-walmart-amazonr_14842
right-7340,dn7-walmart-amazonr_14844
right-7341,dn7-walmart-amazonr_14845
right-7342,dn7-walmart-amazonr_14847
right-7343,dn7-walmart-amazonr_14848
right-7344,dn7-walmart-amazonr_14849
right-7345,dn7-walmart-amazonr_14851
right-7346,dn7-walmart-amazonr_14852
right-7347,dn7-walmart-amazonr_14853
right-7348,dn7-walmart-amazonr_14854
right-7349,dn7-walmart-amazonr_14855
right-7350,dn7-walmart-amazonr_14857
right-7351,dn7-walmart-amazonr_14859
right-7352,dn7-walmart-amazonr_14860
right-7353,dn7-walmart-amazonr_14862
right-7354,dn7-walmart-amazonr_14864
right-7355,dn7-walmart-amazonr_14865
right-7356,dn7-walmart-amazonr_14866
right-7357,dn7-walmart-amazonr_14867
right-7358,dn7-walmart-amazonr_14868
right-7359,dn7-walmart-amazonr_14871
right-7360,dn7-walmart-amazonr_14874
right-7361,dn7-walmart-amazonr_14878
right-7362,dn7-walmart-amazonr_14880
right-7363,dn7-walmart-amazonr_14881
right-7364,dn7-walmart-amazonr_14882
right-7365,dn7-walmart-amazonr_14883
right-7366,dn7-walmart-amazonr_14884
right-7367,dn7-walmart-amazonr_14887
right-7368,dn7-walmart-amazonr_14888
right-7369,dn7-walmart-amazonr_14891
right-7370,dn7-walmart-amazonr_14892
right-7371,dn7-walmart-amazonr_14898
right-7372,dn7-walmart-amazonr_14901
right-7373,dn7-walmart-amazonr_14903
right-7374,dn7-walmart-amazonr_14906
right-7375,dn7-walmart-amazonr_14911
right-7376,dn7-walmart-amazonr_14912
right-7377,dn7-walmart-amazonr_14913
right-7378,dn7-walmart-amazonr_14914
right-7379,dn7-walmart-amazonr_14916
right-7380,dn7-walmart-amazonr_14918
right-7381,dn7-walmart-amazonr_14919
right-7382,dn7-walmart-amazonr_14920
right-7383,dn7-walmart-amazonr_14922
right-7384,dn7-walmart-amazonr_14924
right-7385,dn7-walmart-amazonr_14927
right-7386,dn7-walmart-amazonr_14931
right-7387,dn7-walmart-amazonr_14932
right-7388,dn7-walmart-amazonr_14934
right-7389,dn7-walmart-amazonr_14936
right-7390,dn7-walmart-amazonr_14937
right-7391,dn7-walmart-amazonr_14939
right-7392,dn7-walmart-amazonr_14943
right-7393,dn7-walmart-amazonr_14944
right-7394,dn7-walmart-amazonr_14946
right-7395,dn7-walmart-amazonr_14948
right-7396,dn7-walmart-amazonr_14949
right-7397,dn7-walmart-amazonr_14950
right-7398,dn7-walmart-amazonr_14952
right-7399,dn7-walmart-amazonr_14956
right-7400,dn7-walmart-amazonr_14961
right-7401,dn7-walmart-amazonr_14964
right-7402,dn7-walmart-amazonr_14966
right-7403,dn7-walmart-amazonr_14967
right-7404,dn7-walmart-amazonr_14968
right-7405,dn7-walmart-amazonr_14971
right-7406,dn7-walmart-amazonr_14977
right-7407,dn7-walmart-amazonr_14978
right-7408,dn7-walmart-amazonr_14979
right-7409,dn7-walmart-amazonr_14983
right-7410,dn7-walmart-amazonr_14992
right-7411,dn7-walmart-amazonr_14997
right-7412,dn7-walmart-amazonr_15004
right-7413,dn7-walmart-amazonr_15006
right-7414,dn7-walmart-amazonr_15007
right-7415,dn7-walmart-amazonr_15009
right-7416,dn7-walmart-amazonr_15013
right-7417,dn7-walmart-amazonr_15014
right-7418,dn7-walmart-amazonr_15015
right-7419,dn7-walmart-amazonr_15017
right-7420,dn7-walmart-amazonr_15021
right-7421,dn7-walmart-amazonr_15022
right-7422,dn7-walmart-amazonr_15023
right-7423,dn7-walmart-amazonr_15024
right-7424,dn7-walmart-amazonr_15027
right-7425,dn7-walmart-amazonr_15029
right-7426,dn7-walmart-amazonr_15030
right-7427,dn7-walmart-amazonr_15032
right-7428,dn7-walmart-amazonr_15033
right-7429,dn7-walmart-amazonr_15034
right-7430,dn7-walmart-amazonr_15035
right-7431,dn7-walmart-amazonr_15037
right-7432,dn7-walmart-amazonr_15038
right-7433,dn7-walmart-amazonr_15040
right-7434,dn7-walmart-amazonr_15043
right-7435,dn7-walmart-amazonr_15050
right-7436,dn7-walmart-amazonr_15051
right-7437,dn7-walmart-amazonr_15052
right-7438,dn7-walmart-amazonr_15053
right-7439,dn7-walmart-amazonr_15056
right-7440,dn7-walmart-amazonr_15057
right-7441,dn7-walmart-amazonr_15059
right-7442,dn7-walmart-amazonr_15061
right-7443,dn7-walmart-amazonr_15062
right-7444,dn7-walmart-amazonr_15063
right-7445,dn7-walmart-amazonr_15068
right-7446,dn7-walmart-amazonr_15075
right-7447,dn7-walmart-amazonr_15076
right-7448,dn7-walmart-amazonr_15077
right-7449,dn7-walmart-amazonr_15078
right-7450,dn7-walmart-amazonr_15079
right-7451,dn7-walmart-amazonr_15081
right-7452,dn7-walmart-amazonr_15083
right-7453,dn7-walmart-amazonr_15084
right-7454,dn7-walmart-amazonr_15085
right-7455,dn7-walmart-amazonr_15086
right-7456,dn7-walmart-amazonr_15087
right-7457,dn7-walmart-amazonr_15097
right-7458,dn7-walmart-amazonr_15098
right-7459,dn7-walmart-amazonr_15099
right-7460,dn7-walmart-amazonr_15100
right-7461,dn7-walmart-amazonr_15101
right-7462,dn7-walmart-amazonr_15103
right-7463,dn7-walmart-amazonr_15104
right-7464,dn7-walmart-amazonr_15107
right-7465,dn7-walmart-amazonr_15112
right-7466,dn7-walmart-amazonr_15116
right-7467,dn7-walmart-amazonr_15118
right-7468,dn7-walmart-amazonr_15119
right-7469,dn7-walmart-amazonr_15120
right-7470,dn7-walmart-amazonr_15121
right-7471,dn7-walmart-amazonr_15123
right-7472,dn7-walmart-amazonr_15124
right-7473,dn7-walmart-amazonr_15126
right-7474,dn7-walmart-amazonr_15128
right-7475,dn7-walmart-amazonr_15129
right-7476,dn7-walmart-amazonr_15133
right-7477,dn7-walmart-amazonr_15136
right-7478,dn7-walmart-amazonr_15139
right-7479,dn7-walmart-amazonr_15140
right-7480,dn7-walmart-amazonr_15142
right-7481,dn7-walmart-amazonr_15144
right-7482,dn7-walmart-amazonr_15146
right-7483,dn7-walmart-amazonr_15147
right-7484,dn7-walmart-amazonr_15151
right-7485,dn7-walmart-amazonr_15155
right-7486,dn7-walmart-amazonr_15156
right-7487,dn7-walmart-amazonr_15158
right-7488,dn7-walmart-amazonr_15161
right-7489,dn7-walmart-amazonr_15162
right-7490,dn7-walmart-amazonr_15163
right-7491,dn7-walmart-amazonr_15164
right-7492,dn7-walmart-amazonr_15166
right-7493,dn7-walmart-amazonr_15167
right-7494,dn7-walmart-amazonr_15168
right-7495,dn7-walmart-amazonr_15170
right-7496,dn7-walmart-amazonr_15171
right-7497,dn7-walmart-amazonr_15173
right-7498,dn7-walmart-amazonr_15174
right-7499,dn7-walmart-amazonr_15177
right-7500,dn7-walmart-amazonr_15181
right-7501,dn7-walmart-amazonr_15182
right-7502,dn7-walmart-amazonr_15184
right-7503,dn7-walmart-amazonr_15186
right-7504,dn7-walmart-amazonr_15187
right-7505,dn7-walmart-amazonr_15190
right-7506,dn7-walmart-amazonr_15191
right-7507,dn7-walmart-amazonr_15194
right-7508,dn7-walmart-amazonr_15195
right-7509,dn7-walmart-amazonr_15196
right-7510,dn7-walmart-amazonr_15197
right-7511,dn7-walmart-amazonr_15198
right-7512,dn7-walmart-amazonr_15200
right-7513,dn7-walmart-amazonr_15202
right-7514,dn7-walmart-amazonr_15203
right-7515,dn7-walmart-amazonr_15208
right-7516,dn7-walmart-amazonr_15209
right-7517,dn7-walmart-amazonr_15210
right-7518,dn7-walmart-amazonr_15211
right-7519,dn7-walmart-amazonr_15213
right-7520,dn7-walmart-amazonr_15215
right-7521,dn7-walmart-amazonr_15216
right-7522,dn7-walmart-amazonr_15224
right-7523,dn7-walmart-amazonr_15225
right-7524,dn7-walmart-amazonr_15229
right-7525,dn7-walmart-amazonr_15230
right-7526,dn7-walmart-amazonr_15231
right-7527,dn7-walmart-amazonr_15232
right-7528,dn7-walmart-amazonr_15233
right-7529,dn7-walmart-amazonr_15235
right-7530,dn7-walmart-amazonr_15237
right-7531,dn7-walmart-amazonr_15238
right-7532,dn7-walmart-amazonr_15244
right-7533,dn7-walmart-amazonr_15245
right-7534,dn7-walmart-amazonr_15246
right-7535,dn7-walmart-amazonr_15247
right-7536,dn7-walmart-amazonr_15248
right-7537,dn7-walmart-amazonr_15249
right-7538,dn7-walmart-amazonr_15252
right-7539,dn7-walmart-amazonr_15253
right-7540,dn7-walmart-amazonr_15256
right-7541,dn7-walmart-amazonr_15258
right-7542,dn7-walmart-amazonr_15262
right-7543,dn7-walmart-amazonr_15264
right-7544,dn7-walmart-amazonr_15268
right-7545,dn7-walmart-amazonr_15269
right-7546,dn7-walmart-amazonr_15270
right-7547,dn7-walmart-amazonr_15272
right-7548,dn7-walmart-amazonr_15273
right-7549,dn7-walmart-amazonr_15274
right-7550,dn7-walmart-amazonr_15277
right-7551,dn7-walmart-amazonr_15278
right-7552,dn7-walmart-amazonr_15279
right-7553,dn7-walmart-amazonr_15280
right-7554,dn7-walmart-amazonr_15282
right-7555,dn7-walmart-amazonr_15284
right-7556,dn7-walmart-amazonr_15285
right-7557,dn7-walmart-amazonr_15286
right-7558,dn7-walmart-amazonr_15288
right-7559,dn7-walmart-amazonr_15290
right-7560,dn7-walmart-amazonr_15291
right-7561,dn7-walmart-amazonr_15292
right-7562,dn7-walmart-amazonr_15293
right-7563,dn7-walmart-amazonr_15294
right-7564,dn7-walmart-amazonr_15295
right-7565,dn7-walmart-amazonr_15296
right-7566,dn7-walmart-amazonr_15297
right-7567,dn7-walmart-amazonr_15298
right-7568,dn7-walmart-amazonr_15301
right-7569,dn7-walmart-amazonr_15302
right-7570,dn7-walmart-amazonr_15303
right-7571,dn7-walmart-amazonr_15304
right-7572,dn7-walmart-amazonr_15305
right-7573,dn7-walmart-amazonr_15307
right-7574,dn7-walmart-amazonr_15314
right-7575,dn7-walmart-amazonr_15318
right-7576,dn7-walmart-amazonr_15319
right-7577,dn7-walmart-amazonr_15321
right-7578,dn7-walmart-amazonr_15322
right-7579,dn7-walmart-amazonr_15323
right-7580,dn7-walmart-amazonr_15324
right-7581,dn7-walmart-amazonr_15325
right-7582,dn7-walmart-amazonr_15326
right-7583,dn7-walmart-amazonr_15327
right-7584,dn7-walmart-amazonr_15328
right-7585,dn7-walmart-amazonr_15332
right-7586,dn7-walmart-amazonr_15333
right-7587,dn7-walmart-amazonr_15335
right-7588,dn7-walmart-amazonr_15337
right-7589,dn7-walmart-amazonr_15338
right-7590,dn7-walmart-amazonr_15341
right-7591,dn7-walmart-amazonr_15342
right-7592,dn7-walmart-amazonr_15347
right-7593,dn7-walmart-amazonr_15349
right-7594,dn7-walmart-amazonr_15350
right-7595,dn7-walmart-amazonr_15351
right-7596,dn7-walmart-amazonr_15352
right-7597,dn7-walmart-amazonr_15354
right-7598,dn7-walmart-amazonr_15357
right-7599,dn7-walmart-amazonr_15361
right-7600,dn7-walmart-amazonr_15363
right-7601,dn7-walmart-amazonr_15367
right-7602,dn7-walmart-amazonr_15369
right-7603,dn7-walmart-amazonr_15370
right-7604,dn7-walmart-amazonr_15372
right-7605,dn7-walmart-amazonr_15374
right-7606,dn7-walmart-amazonr_15375
right-7607,dn7-walmart-amazonr_15376
right-7608,dn7-walmart-amazonr_15377
right-7609,dn7-walmart-amazonr_15384
right-7610,dn7-walmart-amazonr_15386
right-7611,dn7-walmart-amazonr_15387
right-7612,dn7-walmart-amazonr_15388
right-7613,dn7-walmart-amazonr_15393
right-7614,dn7-walmart-amazonr_15394
right-7615,dn7-walmart-amazonr_15395
right-7616,dn7-walmart-amazonr_15398
right-7617,dn7-walmart-amazonr_15399
right-7618,dn7-walmart-amazonr_15400
right-7619,dn7-walmart-amazonr_15402
right-7620,dn7-walmart-amazonr_15404
right-7621,dn7-walmart-amazonr_15406
right-7622,dn7-walmart-amazonr_15407
right-7623,dn7-walmart-amazonr_15409
right-7624,dn7-walmart-amazonr_15410
right-7625,dn7-walmart-amazonr_15411
right-7626,dn7-walmart-amazonr_15412
right-7627,dn7-walmart-amazonr_15415
right-7628,dn7-walmart-amazonr_15416
right-7629,dn7-walmart-amazonr_15417
right-7630,dn7-walmart-amazonr_15419
right-7631,dn7-walmart-amazonr_15421
right-7632,dn7-walmart-amazonr_15423
right-7633,dn7-walmart-amazonr_15424
right-7634,dn7-walmart-amazonr_15425
right-7635,dn7-walmart-amazonr_15426
right-7636,dn7-walmart-amazonr_15427
right-7637,dn7-walmart-amazonr_15428
right-7638,dn7-walmart-amazonr_15431
right-7639,dn7-walmart-amazonr_15436
right-7640,dn7-walmart-amazonr_15437
right-7641,dn7-walmart-amazonr_15438
right-7642,dn7-walmart-amazonr_15441
right-7643,dn7-walmart-amazonr_15442
right-7644,dn7-walmart-amazonr_15444
right-7645,dn7-walmart-amazonr_15446
right-7646,dn7-walmart-amazonr_15448
right-7647,dn7-walmart-amazonr_15449
right-7648,dn7-walmart-amazonr_15450
right-7649,dn7-walmart-amazonr_15453
right-7650,dn7-walmart-amazonr_15454
right-7651,dn7-walmart-amazonr_15456
right-7652,dn7-walmart-amazonr_15458
right-7653,dn7-walmart-amazonr_15461
right-7654,dn7-walmart-amazonr_15463
right-7655,dn7-walmart-amazonr_15469
right-7656,dn7-walmart-amazonr_15472
right-7657,dn7-walmart-amazonr_15473
right-7658,dn7-walmart-amazonr_15474
right-7659,dn7-walmart-amazonr_15475
right-7660,dn7-walmart-amazonr_15477
right-7661,dn7-walmart-amazonr_15478
right-7662,dn7-walmart-amazonr_15479
right-7663,dn7-walmart-amazonr_15480
right-7664,dn7-walmart-amazonr_15481
right-7665,dn7-walmart-amazonr_15482
right-7666,dn7-walmart-amazonr_15484
right-7667,dn7-walmart-amazonr_15485
right-7668,dn7-walmart-amazonr_15486
right-7669,dn7-walmart-amazonr_15488
right-7670,dn7-walmart-amazonr_15489
right-7671,dn7-walmart-amazonr_15490
right-7672,dn7-walmart-amazonr_15492
right-7673,dn7-walmart-amazonr_15493
right-7674,dn7-walmart-amazonr_15495
right-7675,dn7-walmart-amazonr_15499
right-7676,dn7-walmart-amazonr_15500
right-7677,dn7-walmart-amazonr_15501
right-7678,dn7-walmart-amazonr_15502
right-7679,dn7-walmart-amazonr_15503
right-7680,dn7-walmart-amazonr_15505
right-7681,dn7-walmart-amazonr_15506
right-7682,dn7-walmart-amazonr_15507
right-7683,dn7-walmart-amazonr_15508
right-7684,dn7-walmart-amazonr_15509
right-7685,dn7-walmart-amazonr_15512
right-7686,dn7-walmart-amazonr_15515
right-7687,dn7-walmart-amazonr_15519
right-7688,dn7-walmart-amazonr_15522
right-7689,dn7-walmart-amazonr_15523
right-7690,dn7-walmart-amazonr_15525
right-7691,dn7-walmart-amazonr_15527
right-7692,dn7-walmart-amazonr_15528
right-7693,dn7-walmart-amazonr_15531
right-7694,dn7-walmart-amazonr_15532
right-7695,dn7-walmart-amazonr_15535
right-7696,dn7-walmart-amazonr_15536
right-7697,dn7-walmart-amazonr_15541
right-7698,dn7-walmart-amazonr_15544
right-7699,dn7-walmart-amazonr_15546
right-7700,dn7-walmart-amazonr_15549
right-7701,dn7-walmart-amazonr_15550
right-7702,dn7-walmart-amazonr_15551
right-7703,dn7-walmart-amazonr_15553
right-7704,dn7-walmart-amazonr_15555
right-7705,dn7-walmart-amazonr_15560
right-7706,dn7-walmart-amazonr_15562
right-7707,dn7-walmart-amazonr_15563
right-7708,dn7-walmart-amazonr_15564
right-7709,dn7-walmart-amazonr_15567
right-7710,dn7-walmart-amazonr_15568
right-7711,dn7-walmart-amazonr_15569
right-7712,dn7-walmart-amazonr_15570
right-7713,dn7-walmart-amazonr_15571
right-7714,dn7-walmart-amazonr_15572
right-7715,dn7-walmart-amazonr_15573
right-7716,dn7-walmart-amazonr_15574
right-7717,dn7-walmart-amazonr_15575
right-7718,dn7-walmart-amazonr_15577
right-7719,dn7-walmart-amazonr_15579
right-7720,dn7-walmart-amazonr_15580
right-7721,dn7-walmart-amazonr_15587
right-7722,dn7-walmart-amazonr_15590
right-7723,dn7-walmart-amazonr_15591
right-7724,dn7-walmart-amazonr_15592
right-7725,dn7-walmart-amazonr_15596
right-7726,dn7-walmart-amazonr_15597
right-7727,dn7-walmart-amazonr_15598
right-7728,dn7-walmart-amazonr_15600
right-7729,dn7-walmart-amazonr_15601
right-7730,dn7-walmart-amazonr_15602
right-7731,dn7-walmart-amazonr_15603
right-7732,dn7-walmart-amazonr_15610
right-7733,dn7-walmart-amazonr_15614
right-7734,dn7-walmart-amazonr_15617
right-7735,dn7-walmart-amazonr_15622
right-7736,dn7-walmart-amazonr_15628
right-7737,dn7-walmart-amazonr_15630
right-7738,dn7-walmart-amazonr_15631
right-7739,dn7-walmart-amazonr_15632
right-7740,dn7-walmart-amazonr_15634
right-7741,dn7-walmart-amazonr_15635
right-7742,dn7-walmart-amazonr_15637
right-7743,dn7-walmart-amazonr_15638
right-7744,dn7-walmart-amazonr_15639
right-7745,dn7-walmart-amazonr_15640
right-7746,dn7-walmart-amazonr_15641
right-7747,dn7-walmart-amazonr_15643
right-7748,dn7-walmart-amazonr_15647
right-7749,dn7-walmart-amazonr_15648
right-7750,dn7-walmart-amazonr_15649
right-7751,dn7-walmart-amazonr_15650
right-7752,dn7-walmart-amazonr_15652
right-7753,dn7-walmart-amazonr_15653
right-7754,dn7-walmart-amazonr_15654
right-7755,dn7-walmart-amazonr_15657
right-7756,dn7-walmart-amazonr_15658
right-7757,dn7-walmart-amazonr_15659
right-7758,dn7-walmart-amazonr_15660
right-7759,dn7-walmart-amazonr_15661
right-7760,dn7-walmart-amazonr_15662
right-7761,dn7-walmart-amazonr_15664
right-7762,dn7-walmart-amazonr_15665
right-7763,dn7-walmart-amazonr_15666
right-7764,dn7-walmart-amazonr_15667
right-7765,dn7-walmart-amazonr_15670
right-7766,dn7-walmart-amazonr_15671
right-7767,dn7-walmart-amazonr_15678
right-7768,dn7-walmart-amazonr_15680
right-7769,dn7-walmart-amazonr_15683
right-7770,dn7-walmart-amazonr_15684
right-7771,dn7-walmart-amazonr_15685
right-7772,dn7-walmart-amazonr_15687
right-7773,dn7-walmart-amazonr_15688
right-7774,dn7-walmart-amazonr_15693
right-7775,dn7-walmart-amazonr_15695
right-7776,dn7-walmart-amazonr_15696
right-7777,dn7-walmart-amazonr_15698
right-7778,dn7-walmart-amazonr_15700
right-7779,dn7-walmart-amazonr_15704
right-7780,dn7-walmart-amazonr_15709
right-7781,dn7-walmart-amazonr_15711
right-7782,dn7-walmart-amazonr_15714
right-7783,dn7-walmart-amazonr_15715
right-7784,dn7-walmart-amazonr_15719
right-7785,dn7-walmart-amazonr_15722
right-7786,dn7-walmart-amazonr_15723
right-7787,dn7-walmart-amazonr_15724
right-7788,dn7-walmart-amazonr_15731
right-7789,dn7-walmart-amazonr_15734
right-7790,dn7-walmart-amazonr_15737
right-7791,dn7-walmart-amazonr_15745
right-7792,dn7-walmart-amazonr_15747
right-7793,dn7-walmart-amazonr_15748
right-7794,dn7-walmart-amazonr_15751
right-7795,dn7-walmart-amazonr_15757
right-7796,dn7-walmart-amazonr_15758
right-7797,dn7-walmart-amazonr_15759
right-7798,dn7-walmart-amazonr_15763
right-7799,dn7-walmart-amazonr_15769
right-7800,dn7-walmart-amazonr_15773
right-7801,dn7-walmart-amazonr_15774
right-7802,dn7-walmart-amazonr_15776
right-7803,dn7-walmart-amazonr_15779
right-7804,dn7-walmart-amazonr_15780
right-7805,dn7-walmart-amazonr_15781
right-7806,dn7-walmart-amazonr_15782
right-7807,dn7-walmart-amazonr_15783
right-7808,dn7-walmart-amazonr_15787
right-7809,dn7-walmart-amazonr_15790
right-7810,dn7-walmart-amazonr_15798
right-7811,dn7-walmart-amazonr_15799
right-7812,dn7-walmart-amazonr_15802
right-7813,dn7-walmart-amazonr_15803
right-7814,dn7-walmart-amazonr_15804
right-7815,dn7-walmart-amazonr_15805
right-7816,dn7-walmart-amazonr_15808
right-7817,dn7-walmart-amazonr_15809
right-7818,dn7-walmart-amazonr_15812
right-7819,dn7-walmart-amazonr_15813
right-7820,dn7-walmart-amazonr_15815
right-7821,dn7-walmart-amazonr_15819
right-7822,dn7-walmart-amazonr_15825
right-7823,dn7-walmart-amazonr_15826
right-7824,dn7-walmart-amazonr_15829
right-7825,dn7-walmart-amazonr_15836
right-7826,dn7-walmart-amazonr_15838
right-7827,dn7-walmart-amazonr_15841
right-7828,dn7-walmart-amazonr_15842
right-7829,dn7-walmart-amazonr_15843
right-7830,dn7-walmart-amazonr_15844
right-7831,dn7-walmart-amazonr_15847
right-7832,dn7-walmart-amazonr_15850
right-7833,dn7-walmart-amazonr_15853
right-7834,dn7-walmart-amazonr_15854
right-7835,dn7-walmart-amazonr_15860
right-7836,dn7-walmart-amazonr_15864
right-7837,dn7-walmart-amazonr_15869
right-7838,dn7-walmart-amazonr_15871
right-7839,dn7-walmart-amazonr_15875
right-7840,dn7-walmart-amazonr_15876
right-7841,dn7-walmart-amazonr_15878
right-7842,dn7-walmart-amazonr_15879
right-7843,dn7-walmart-amazonr_15881
right-7844,dn7-walmart-amazonr_15882
right-7845,dn7-walmart-amazonr_15883
right-7846,dn7-walmart-amazonr_15885
right-7847,dn7-walmart-amazonr_15886
right-7848,dn7-walmart-amazonr_15888
right-7849,dn7-walmart-amazonr_15891
right-7850,dn7-walmart-amazonr_15892
right-7851,dn7-walmart-amazonr_15893
right-7852,dn7-walmart-amazonr_15894
right-7853,dn7-walmart-amazonr_15896
right-7854,dn7-walmart-amazonr_15900
right-7855,dn7-walmart-amazonr_15901
right-7856,dn7-walmart-amazonr_15903
right-7857,dn7-walmart-amazonr_15904
right-7858,dn7-walmart-amazonr_15912
right-7859,dn7-walmart-amazonr_15919
right-7860,dn7-walmart-amazonr_15920
right-7861,dn7-walmart-amazonr_15921
right-7862,dn7-walmart-amazonr_15923
right-7863,dn7-walmart-amazonr_15924
right-7864,dn7-walmart-amazonr_15925
right-7865,dn7-walmart-amazonr_15926
right-7866,dn7-walmart-amazonr_15927
right-7867,dn7-walmart-amazonr_15935
right-7868,dn7-walmart-amazonr_15936
right-7869,dn7-walmart-amazonr_15937
right-7870,dn7-walmart-amazonr_15938
right-7871,dn7-walmart-amazonr_15939
right-7872,dn7-walmart-amazonr_15941
right-7873,dn7-walmart-amazonr_15942
right-7874,dn7-walmart-amazonr_15943
right-7875,dn7-walmart-amazonr_15944
right-7876,dn7-walmart-amazonr_15945
right-7877,dn7-walmart-amazonr_15947
right-7878,dn7-walmart-amazonr_15951
right-7879,dn7-walmart-amazonr_15954
right-7880,dn7-walmart-amazonr_15956
right-7881,dn7-walmart-amazonr_15957
right-7882,dn7-walmart-amazonr_15958
right-7883,dn7-walmart-amazonr_15960
right-7884,dn7-walmart-amazonr_15961
right-7885,dn7-walmart-amazonr_15962
right-7886,dn7-walmart-amazonr_15963
right-7887,dn7-walmart-amazonr_15968
right-7888,dn7-walmart-amazonr_15969
right-7889,dn7-walmart-amazonr_15971
right-7890,dn7-walmart-amazonr_15972
right-7891,dn7-walmart-amazonr_15977
right-7892,dn7-walmart-amazonr_15978
right-7893,dn7-walmart-amazonr_15982
right-7894,dn7-walmart-amazonr_15983
right-7895,dn7-walmart-amazonr_15986
right-7896,dn7-walmart-amazonr_15987
right-7897,dn7-walmart-amazonr_15988
right-7898,dn7-walmart-amazonr_15993
right-7899,dn7-walmart-amazonr_15994
right-7900,dn7-walmart-amazonr_15997
right-7901,dn7-walmart-amazonr_15998
right-7902,dn7-walmart-amazonr_16004
right-7903,dn7-walmart-amazonr_16007
right-7904,dn7-walmart-amazonr_16008
right-7905,dn7-walmart-amazonr_16009
right-7906,dn7-walmart-amazonr_16010
right-7907,dn7-walmart-amazonr_16012
right-7908,dn7-walmart-amazonr_16013
right-7909,dn7-walmart-amazonr_16014
right-7910,dn7-walmart-amazonr_16015
right-7911,dn7-walmart-amazonr_16017
right-7912,dn7-walmart-amazonr_16019
right-7913,dn7-walmart-amazonr_16020
right-7914,dn7-walmart-amazonr_16021
right-7915,dn7-walmart-amazonr_16022
right-7916,dn7-walmart-amazonr_16026
right-7917,dn7-walmart-amazonr_16028
right-7918,dn7-walmart-amazonr_16029
right-7919,dn7-walmart-amazonr_16030
right-7920,dn7-walmart-amazonr_16031
right-7921,dn7-walmart-amazonr_16032
right-7922,dn7-walmart-amazonr_16033
right-7923,dn7-walmart-amazonr_16034
right-7924,dn7-walmart-amazonr_16035
right-7925,dn7-walmart-amazonr_16037
right-7926,dn7-walmart-amazonr_16039
right-7927,dn7-walmart-amazonr_16040
right-7928,dn7-walmart-amazonr_16041
right-7929,dn7-walmart-amazonr_16042
right-7930,dn7-walmart-amazonr_16043
right-7931,dn7-walmart-amazonr_16044
right-7932,dn7-walmart-amazonr_16047
right-7933,dn7-walmart-amazonr_16048
right-7934,dn7-walmart-amazonr_16049
right-7935,dn7-walmart-amazonr_16058
right-7936,dn7-walmart-amazonr_16059
right-7937,dn7-walmart-amazonr_16063
right-7938,dn7-walmart-amazonr_16068
right-7939,dn7-walmart-amazonr_16070
right-7940,dn7-walmart-amazonr_16071
right-7941,dn7-walmart-amazonr_16072
right-7942,dn7-walmart-amazonr_16073
right-7943,dn7-walmart-amazonr_16078
right-7944,dn7-walmart-amazonr_16081
right-7945,dn7-walmart-amazonr_16084
right-7946,dn7-walmart-amazonr_16085
right-7947,dn7-walmart-amazonr_16086
right-7948,dn7-walmart-amazonr_16087
right-7949,dn7-walmart-amazonr_16088
right-7950,dn7-walmart-amazonr_16090
right-7951,dn7-walmart-amazonr_16092
right-7952,dn7-walmart-amazonr_16093
right-7953,dn7-walmart-amazonr_16095
right-7954,dn7-walmart-amazonr_16096
right-7955,dn7-walmart-amazonr_16100
right-7956,dn7-walmart-amazonr_16101
right-7957,dn7-walmart-amazonr_16104
right-7958,dn7-walmart-amazonr_16105
right-7959,dn7-walmart-amazonr_16106
right-7960,dn7-walmart-amazonr_16107
right-7961,dn7-walmart-amazonr_16108
right-7962,dn7-walmart-amazonr_16111
right-7963,dn7-walmart-amazonr_16112
right-7964,dn7-walmart-amazonr_16114
right-7965,dn7-walmart-amazonr_16115
right-7966,dn7-walmart-amazonr_16118
right-7967,dn7-walmart-amazonr_16119
right-7968,dn7-walmart-amazonr_16120
right-7969,dn7-walmart-amazonr_16123
right-7970,dn7-walmart-amazonr_16126
right-7971,dn7-walmart-amazonr_16128
right-7972,dn7-walmart-amazonr_16129
right-7973,dn7-walmart-amazonr_16130
right-7974,dn7-walmart-amazonr_16134
right-7975,dn7-walmart-amazonr_16138
right-7976,dn7-walmart-amazonr_16140
right-7977,dn7-walmart-amazonr_16141
right-7978,dn7-walmart-amazonr_16142
right-7979,dn7-walmart-amazonr_16147
right-7980,dn7-walmart-amazonr_16148
right-7981,dn7-walmart-amazonr_16149
right-7982,dn7-walmart-amazonr_16150
right-7983,dn7-walmart-amazonr_16157
right-7984,dn7-walmart-amazonr_16158
right-7985,dn7-walmart-amazonr_16160
right-7986,dn7-walmart-amazonr_16163
right-7987,dn7-walmart-amazonr_16167
right-7988,dn7-walmart-amazonr_16169
right-7989,dn7-walmart-amazonr_16173
right-7990,dn7-walmart-amazonr_16175
right-7991,dn7-walmart-amazonr_16177
right-7992,dn7-walmart-amazonr_16178
right-7993,dn7-walmart-amazonr_16179
right-7994,dn7-walmart-amazonr_16180
right-7995,dn7-walmart-amazonr_16181
right-7996,dn7-walmart-amazonr_16182
right-7997,dn7-walmart-amazonr_16183
right-7998,dn7-walmart-amazonr_16184
right-7999,dn7-walmart-amazonr_16186
right-8000,dn7-walmart-amazonr_16187
right-8001,dn7-walmart-amazonr_16192
right-8002,dn7-walmart-amazonr_16194
right-8003,dn7-walmart-amazonr_16195
right-8004,dn7-walmart-amazonr_16196
right-8005,dn7-walmart-amazonr_16197
right-8006,dn7-walmart-amazonr_16199
right-8007,dn7-walmart-amazonr_16200
right-8008,dn7-walmart-amazonr_16202
right-8009,dn7-walmart-amazonr_16204
right-8010,dn7-walmart-amazonr_16205
right-8011,dn7-walmart-amazonr_16206
right-8012,dn7-walmart-amazonr_16207
right-8013,dn7-walmart-amazonr_16208
right-8014,dn7-walmart-amazonr_16209
right-8015,dn7-walmart-amazonr_16210
right-8016,dn7-walmart-amazonr_16211
right-8017,dn7-walmart-amazonr_16215
right-8018,dn7-walmart-amazonr_16216
right-8019,dn7-walmart-amazonr_16217
right-8020,dn7-walmart-amazonr_16219
right-8021,dn7-walmart-amazonr_16222
right-8022,dn7-walmart-amazonr_16223
right-8023,dn7-walmart-amazonr_16230
right-8024,dn7-walmart-amazonr_16231
right-8025,dn7-walmart-amazonr_16233
right-8026,dn7-walmart-amazonr_16238
right-8027,dn7-walmart-amazonr_16239
right-8028,dn7-walmart-amazonr_16244
right-8029,dn7-walmart-amazonr_16248
right-8030,dn7-walmart-amazonr_16249
right-8031,dn7-walmart-amazonr_16251
right-8032,dn7-walmart-amazonr_16252
right-8033,dn7-walmart-amazonr_16253
right-8034,dn7-walmart-amazonr_16255
right-8035,dn7-walmart-amazonr_16257
right-8036,dn7-walmart-amazonr_16258
right-8037,dn7-walmart-amazonr_16259
right-8038,dn7-walmart-amazonr_16260
right-8039,dn7-walmart-amazonr_16261
right-8040,dn7-walmart-amazonr_16265
right-8041,dn7-walmart-amazonr_16268
right-8042,dn7-walmart-amazonr_16269
right-8043,dn7-walmart-amazonr_16273
right-8044,dn7-walmart-amazonr_16274
right-8045,dn7-walmart-amazonr_16276
right-8046,dn7-walmart-amazonr_16277
right-8047,dn7-walmart-amazonr_16278
right-8048,dn7-walmart-amazonr_16279
right-8049,dn7-walmart-amazonr_16280
right-8050,dn7-walmart-amazonr_16281
right-8051,dn7-walmart-amazonr_16284
right-8052,dn7-walmart-amazonr_16287
right-8053,dn7-walmart-amazonr_16289
right-8054,dn7-walmart-amazonr_16291
right-8055,dn7-walmart-amazonr_16292
right-8056,dn7-walmart-amazonr_16293
right-8057,dn7-walmart-amazonr_16294
right-8058,dn7-walmart-amazonr_16295
right-8059,dn7-walmart-amazonr_16296
right-8060,dn7-walmart-amazonr_16297
right-8061,dn7-walmart-amazonr_16306
right-8062,dn7-walmart-amazonr_16307
right-8063,dn7-walmart-amazonr_16308
right-8064,dn7-walmart-amazonr_16312
right-8065,dn7-walmart-amazonr_16314
right-8066,dn7-walmart-amazonr_16315
right-8067,dn7-walmart-amazonr_16316
right-8068,dn7-walmart-amazonr_16317
right-8069,dn7-walmart-amazonr_16318
right-8070,dn7-walmart-amazonr_16319
right-8071,dn7-walmart-amazonr_16320
right-8072,dn7-walmart-amazonr_16323
right-8073,dn7-walmart-amazonr_16324
right-8074,dn7-walmart-amazonr_16326
right-8075,dn7-walmart-amazonr_16327
right-8076,dn7-walmart-amazonr_16330
right-8077,dn7-walmart-amazonr_16331
right-8078,dn7-walmart-amazonr_16332
right-8079,dn7-walmart-amazonr_16333
right-8080,dn7-walmart-amazonr_16336
right-8081,dn7-walmart-amazonr_16342
right-8082,dn7-walmart-amazonr_16345
right-8083,dn7-walmart-amazonr_16346
right-8084,dn7-walmart-amazonr_16347
right-8085,dn7-walmart-amazonr_16349
right-8086,dn7-walmart-amazonr_16350
right-8087,dn7-walmart-amazonr_16351
right-8088,dn7-walmart-amazonr_16352
right-8089,dn7-walmart-amazonr_16356
right-8090,dn7-walmart-amazonr_16357
right-8091,dn7-walmart-amazonr_16358
right-8092,dn7-walmart-amazonr_16359
right-8093,dn7-walmart-amazonr_16360
right-8094,dn7-walmart-amazonr_16364
right-8095,dn7-walmart-amazonr_16366
right-8096,dn7-walmart-amazonr_16368
right-8097,dn7-walmart-amazonr_16371
right-8098,dn7-walmart-amazonr_16372
right-8099,dn7-walmart-amazonr_16375
right-8100,dn7-walmart-amazonr_16377
right-8101,dn7-walmart-amazonr_16381
right-8102,dn7-walmart-amazonr_16382
right-8103,dn7-walmart-amazonr_16383
right-8104,dn7-walmart-amazonr_16387
right-8105,dn7-walmart-amazonr_16388
right-8106,dn7-walmart-amazonr_16389
right-8107,dn7-walmart-amazonr_16392
right-8108,dn7-walmart-amazonr_16394
right-8109,dn7-walmart-amazonr_16399
right-8110,dn7-walmart-amazonr_16400
right-8111,dn7-walmart-amazonr_16401
right-8112,dn7-walmart-amazonr_16402
right-8113,dn7-walmart-amazonr_16404
right-8114,dn7-walmart-amazonr_16407
right-8115,dn7-walmart-amazonr_16408
right-8116,dn7-walmart-amazonr_16409
right-8117,dn7-walmart-amazonr_16410
right-8118,dn7-walmart-amazonr_16413
right-8119,dn7-walmart-amazonr_16416
right-8120,dn7-walmart-amazonr_16425
right-8121,dn7-walmart-amazonr_16428
right-8122,dn7-walmart-amazonr_16432
right-8123,dn7-walmart-amazonr_16435
right-8124,dn7-walmart-amazonr_16436
right-8125,dn7-walmart-amazonr_16437
right-8126,dn7-walmart-amazonr_16438
right-8127,dn7-walmart-amazonr_16439
right-8128,dn7-walmart-amazonr_16441
right-8129,dn7-walmart-amazonr_16442
right-8130,dn7-walmart-amazonr_16444
right-8131,dn7-walmart-amazonr_16445
right-8132,dn7-walmart-amazonr_16447
right-8133,dn7-walmart-amazonr_16449
right-8134,dn7-walmart-amazonr_16451
right-8135,dn7-walmart-amazonr_16455
right-8136,dn7-walmart-amazonr_16456
right-8137,dn7-walmart-amazonr_16457
right-8138,dn7-walmart-amazonr_16458
right-8139,dn7-walmart-amazonr_16461
right-8140,dn7-walmart-amazonr_16467
right-8141,dn7-walmart-amazonr_16468
right-8142,dn7-walmart-amazonr_16470
right-8143,dn7-walmart-amazonr_16471
right-8144,dn7-walmart-amazonr_16473
right-8145,dn7-walmart-amazonr_16478
right-8146,dn7-walmart-amazonr_16479
right-8147,dn7-walmart-amazonr_16480
right-8148,dn7-walmart-amazonr_16482
right-8149,dn7-walmart-amazonr_16486
right-8150,dn7-walmart-amazonr_16487
right-8151,dn7-walmart-amazonr_16488
right-8152,dn7-walmart-amazonr_16489
right-8153,dn7-walmart-amazonr_16491
right-8154,dn7-walmart-amazonr_16492
right-8155,dn7-walmart-amazonr_16494
right-8156,dn7-walmart-amazonr_16495
right-8157,dn7-walmart-amazonr_16496
right-8158,dn7-walmart-amazonr_16500
right-8159,dn7-walmart-amazonr_16501
right-8160,dn7-walmart-amazonr_16502
right-8161,dn7-walmart-amazonr_16503
right-8162,dn7-walmart-amazonr_16512
right-8163,dn7-walmart-amazonr_16514
right-8164,dn7-walmart-amazonr_16515
right-8165,dn7-walmart-amazonr_16516
right-8166,dn7-walmart-amazonr_16518
right-8167,dn7-walmart-amazonr_16524
right-8168,dn7-walmart-amazonr_16530
right-8169,dn7-walmart-amazonr_16531
right-8170,dn7-walmart-amazonr_16533
right-8171,dn7-walmart-amazonr_16535
right-8172,dn7-walmart-amazonr_16537
right-8173,dn7-walmart-amazonr_16543
right-8174,dn7-walmart-amazonr_16545
right-8175,dn7-walmart-amazonr_16547
right-8176,dn7-walmart-amazonr_16550
right-8177,dn7-walmart-amazonr_16551
right-8178,dn7-walmart-amazonr_16556
right-8179,dn7-walmart-amazonr_16558
right-8180,dn7-walmart-amazonr_16560
right-8181,dn7-walmart-amazonr_16561
right-8182,dn7-walmart-amazonr_16562
right-8183,dn7-walmart-amazonr_16563
right-8184,dn7-walmart-amazonr_16565
right-8185,dn7-walmart-amazonr_16573
right-8186,dn7-walmart-amazonr_16575
right-8187,dn7-walmart-amazonr_16576
right-8188,dn7-walmart-amazonr_16577
right-8189,dn7-walmart-amazonr_16578
right-8190,dn7-walmart-amazonr_16579
right-8191,dn7-walmart-amazonr_16580
right-8192,dn7-walmart-amazonr_16581
right-8193,dn7-walmart-amazonr_16582
right-8194,dn7-walmart-amazonr_16583
right-8195,dn7-walmart-amazonr_16588
right-8196,dn7-walmart-amazonr_16591
right-8197,dn7-walmart-amazonr_16594
right-8198,dn7-walmart-amazonr_16596
right-8199,dn7-walmart-amazonr_16597
right-8200,dn7-walmart-amazonr_16598
right-8201,dn7-walmart-amazonr_16599
right-8202,dn7-walmart-amazonr_16601
right-8203,dn7-walmart-amazonr_16604
right-8204,dn7-walmart-amazonr_16609
right-8205,dn7-walmart-amazonr_16610
right-8206,dn7-walmart-amazonr_16613
right-8207,dn7-walmart-amazonr_16614
right-8208,dn7-walmart-amazonr_16617
right-8209,dn7-walmart-amazonr_16618
right-8210,dn7-walmart-amazonr_16619
right-8211,dn7-walmart-amazonr_16621
right-8212,dn7-walmart-amazonr_16624
right-8213,dn7-walmart-amazonr_16625
right-8214,dn7-walmart-amazonr_16626
right-8215,dn7-walmart-amazonr_16628
right-8216,dn7-walmart-amazonr_16633
right-8217,dn7-walmart-amazonr_16634
right-8218,dn7-walmart-amazonr_16635
right-8219,dn7-walmart-amazonr_16636
right-8220,dn7-walmart-amazonr_16639
right-8221,dn7-walmart-amazonr_16640
right-8222,dn7-walmart-amazonr_16641
right-8223,dn7-walmart-amazonr_16642
right-8224,dn7-walmart-amazonr_16643
right-8225,dn7-walmart-amazonr_16645
right-8226,dn7-walmart-amazonr_16646
right-8227,dn7-walmart-amazonr_16647
right-8228,dn7-walmart-amazonr_16649
right-8229,dn7-walmart-amazonr_16650
right-8230,dn7-walmart-amazonr_16651
right-8231,dn7-walmart-amazonr_16653
right-8232,dn7-walmart-amazonr_16655
right-8233,dn7-walmart-amazonr_16658
right-8234,dn7-walmart-amazonr_16661
right-8235,dn7-walmart-amazonr_16665
right-8236,dn7-walmart-amazonr_16666
right-8237,dn7-walmart-amazonr_16667
right-8238,dn7-walmart-amazonr_16669
right-8239,dn7-walmart-amazonr_16675
right-8240,dn7-walmart-amazonr_16677
right-8241,dn7-walmart-amazonr_16681
right-8242,dn7-walmart-amazonr_16682
right-8243,dn7-walmart-amazonr_16685
right-8244,dn7-walmart-amazonr_16686
right-8245,dn7-walmart-amazonr_16687
right-8246,dn7-walmart-amazonr_16688
right-8247,dn7-walmart-amazonr_16692
right-8248,dn7-walmart-amazonr_16693
right-8249,dn7-walmart-amazonr_16695
right-8250,dn7-walmart-amazonr_16696
right-8251,dn7-walmart-amazonr_16697
right-8252,dn7-walmart-amazonr_16698
right-8253,dn7-walmart-amazonr_16701
right-8254,dn7-walmart-amazonr_16705
right-8255,dn7-walmart-amazonr_16707
right-8256,dn7-walmart-amazonr_16708
right-8257,dn7-walmart-amazonr_16709
right-8258,dn7-walmart-amazonr_16716
right-8259,dn7-walmart-amazonr_16720
right-8260,dn7-walmart-amazonr_16723
right-8261,dn7-walmart-amazonr_16729
right-8262,dn7-walmart-amazonr_16733
right-8263,dn7-walmart-amazonr_16738
right-8264,dn7-walmart-amazonr_16739
right-8265,dn7-walmart-amazonr_16740
right-8266,dn7-walmart-amazonr_16743
right-8267,dn7-walmart-amazonr_16745
right-8268,dn7-walmart-amazonr_16748
right-8269,dn7-walmart-amazonr_16750
right-8270,dn7-walmart-amazonr_16752
right-8271,dn7-walmart-amazonr_16755
right-8272,dn7-walmart-amazonr_16756
right-8273,dn7-walmart-amazonr_16760
right-8274,dn7-walmart-amazonr_16761
right-8275,dn7-walmart-amazonr_16762
right-8276,dn7-walmart-amazonr_16763
right-8277,dn7-walmart-amazonr_16769
right-8278,dn7-walmart-amazonr_16771
right-8279,dn7-walmart-amazonr_16772
right-8280,dn7-walmart-amazonr_16773
right-8281,dn7-walmart-amazonr_16774
right-8282,dn7-walmart-amazonr_16778
right-8283,dn7-walmart-amazonr_16782
right-8284,dn7-walmart-amazonr_16783
right-8285,dn7-walmart-amazonr_16785
right-8286,dn7-walmart-amazonr_16789
right-8287,dn7-walmart-amazonr_16790
right-8288,dn7-walmart-amazonr_16791
right-8289,dn7-walmart-amazonr_16792
right-8290,dn7-walmart-amazonr_16793
right-8291,dn7-walmart-amazonr_16794
right-8292,dn7-walmart-amazonr_16797
right-8293,dn7-walmart-amazonr_16799
right-8294,dn7-walmart-amazonr_16800
right-8295,dn7-walmart-amazonr_16801
right-8296,dn7-walmart-amazonr_16803
right-8297,dn7-walmart-amazonr_16807
right-8298,dn7-walmart-amazonr_16808
right-8299,dn7-walmart-amazonr_16809
right-8300,dn7-walmart-amazonr_16811
right-8301,dn7-walmart-amazonr_16812
right-8302,dn7-walmart-amazonr_16813
right-8303,dn7-walmart-amazonr_16817
right-8304,dn7-walmart-amazonr_16820
right-8305,dn7-walmart-amazonr_16822
right-8306,dn7-walmart-amazonr_16823
right-8307,dn7-walmart-amazonr_16827
right-8308,dn7-walmart-amazonr_16831
right-8309,dn7-walmart-amazonr_16832
right-8310,dn7-walmart-amazonr_16833
right-8311,dn7-walmart-amazonr_16835
right-8312,dn7-walmart-amazonr_16837
right-8313,dn7-walmart-amazonr_16838
right-8314,dn7-walmart-amazonr_16844
right-8315,dn7-walmart-amazonr_16845
right-8316,dn7-walmart-amazonr_16846
right-8317,dn7-walmart-amazonr_16851
right-8318,dn7-walmart-amazonr_16854
right-8319,dn7-walmart-amazonr_16857
right-8320,dn7-walmart-amazonr_16859
right-8321,dn7-walmart-amazonr_16862
right-8322,dn7-walmart-amazonr_16866
right-8323,dn7-walmart-amazonr_16867
right-8324,dn7-walmart-amazonr_16868
right-8325,dn7-walmart-amazonr_16870
right-8326,dn7-walmart-amazonr_16872
right-8327,dn7-walmart-amazonr_16874
right-8328,dn7-walmart-amazonr_16876
right-8329,dn7-walmart-amazonr_16879
right-8330,dn7-walmart-amazonr_16880
right-8331,dn7-walmart-amazonr_16881
right-8332,dn7-walmart-amazonr_16882
right-8333,dn7-walmart-amazonr_16883
right-8334,dn7-walmart-amazonr_16886
right-8335,dn7-walmart-amazonr_16888
right-8336,dn7-walmart-amazonr_16889
right-8337,dn7-walmart-amazonr_16891
right-8338,dn7-walmart-amazonr_16894
right-8339,dn7-walmart-amazonr_16896
right-8340,dn7-walmart-amazonr_16898
right-8341,dn7-walmart-amazonr_16900
right-8342,dn7-walmart-amazonr_16901
right-8343,dn7-walmart-amazonr_16907
right-8344,dn7-walmart-amazonr_16909
right-8345,dn7-walmart-amazonr_16910
right-8346,dn7-walmart-amazonr_16911
right-8347,dn7-walmart-amazonr_16912
right-8348,dn7-walmart-amazonr_16913
right-8349,dn7-walmart-amazonr_16915
right-8350,dn7-walmart-amazonr_16916
right-8351,dn7-walmart-amazonr_16917
right-8352,dn7-walmart-amazonr_16919
right-8353,dn7-walmart-amazonr_16921
right-8354,dn7-walmart-amazonr_16922
right-8355,dn7-walmart-amazonr_16926
right-8356,dn7-walmart-amazonr_16929
right-8357,dn7-walmart-amazonr_16932
right-8358,dn7-walmart-amazonr_16934
right-8359,dn7-walmart-amazonr_16935
right-8360,dn7-walmart-amazonr_16936
right-8361,dn7-walmart-amazonr_16938
right-8362,dn7-walmart-amazonr_16941
right-8363,dn7-walmart-amazonr_16951
right-8364,dn7-walmart-amazonr_16953
right-8365,dn7-walmart-amazonr_16955
right-8366,dn7-walmart-amazonr_16956
right-8367,dn7-walmart-amazonr_16957
right-8368,dn7-walmart-amazonr_16958
right-8369,dn7-walmart-amazonr_16959
right-8370,dn7-walmart-amazonr_16962
right-8371,dn7-walmart-amazonr_16963
right-8372,dn7-walmart-amazonr_16967
right-8373,dn7-walmart-amazonr_16970
right-8374,dn7-walmart-amazonr_16971
right-8375,dn7-walmart-amazonr_16975
right-8376,dn7-walmart-amazonr_16976
right-8377,dn7-walmart-amazonr_16977
right-8378,dn7-walmart-amazonr_16978
right-8379,dn7-walmart-amazonr_16980
right-8380,dn7-walmart-amazonr_16982
right-8381,dn7-walmart-amazonr_16985
right-8382,dn7-walmart-amazonr_16987
right-8383,dn7-walmart-amazonr_16989
right-8384,dn7-walmart-amazonr_16992
right-8385,dn7-walmart-amazonr_16993
right-8386,dn7-walmart-amazonr_17002
right-8387,dn7-walmart-amazonr_17005
right-8388,dn7-walmart-amazonr_17007
right-8389,dn7-walmart-amazonr_17008
right-8390,dn7-walmart-amazonr_17009
right-8391,dn7-walmart-amazonr_17010
right-8392,dn7-walmart-amazonr_17011
right-8393,dn7-walmart-amazonr_17018
right-8394,dn7-walmart-amazonr_17020
right-8395,dn7-walmart-amazonr_17027
right-8396,dn7-walmart-amazonr_17028
right-8397,dn7-walmart-amazonr_17033
right-8398,dn7-walmart-amazonr_17034
right-8399,dn7-walmart-amazonr_17035
right-8400,dn7-walmart-amazonr_17036
right-8401,dn7-walmart-amazonr_17038
right-8402,dn7-walmart-amazonr_17041
right-8403,dn7-walmart-amazonr_17047
right-8404,dn7-walmart-amazonr_17048
right-8405,dn7-walmart-amazonr_17049
right-8406,dn7-walmart-amazonr_17050
right-8407,dn7-walmart-amazonr_17051
right-8408,dn7-walmart-amazonr_17056
right-8409,dn7-walmart-amazonr_17059
right-8410,dn7-walmart-amazonr_17060
right-8411,dn7-walmart-amazonr_17063
right-8412,dn7-walmart-amazonr_17064
right-8413,dn7-walmart-amazonr_17065
right-8414,dn7-walmart-amazonr_17066
right-8415,dn7-walmart-amazonr_17067
right-8416,dn7-walmart-amazonr_17071
right-8417,dn7-walmart-amazonr_17072
right-8418,dn7-walmart-amazonr_17073
right-8419,dn7-walmart-amazonr_17077
right-8420,dn7-walmart-amazonr_17078
right-8421,dn7-walmart-amazonr_17079
right-8422,dn7-walmart-amazonr_17085
right-8423,dn7-walmart-amazonr_17087
right-8424,dn7-walmart-amazonr_17090
right-8425,dn7-walmart-amazonr_17093
right-8426,dn7-walmart-amazonr_17094
right-8427,dn7-walmart-amazonr_17095
right-8428,dn7-walmart-amazonr_17096
right-8429,dn7-walmart-amazonr_17097
right-8430,dn7-walmart-amazonr_17098
right-8431,dn7-walmart-amazonr_17101
right-8432,dn7-walmart-amazonr_17102
right-8433,dn7-walmart-amazonr_17103
right-8434,dn7-walmart-amazonr_17105
right-8435,dn7-walmart-amazonr_17106
right-8436,dn7-walmart-amazonr_17112
right-8437,dn7-walmart-amazonr_17115
right-8438,dn7-walmart-amazonr_17116
right-8439,dn7-walmart-amazonr_17118
right-8440,dn7-walmart-amazonr_17119
right-8441,dn7-walmart-amazonr_17120
right-8442,dn7-walmart-amazonr_17121
right-8443,dn7-walmart-amazonr_17122
right-8444,dn7-walmart-amazonr_17124
right-8445,dn7-walmart-amazonr_17128
right-8446,dn7-walmart-amazonr_17130
right-8447,dn7-walmart-amazonr_17133
right-8448,dn7-walmart-amazonr_17134
right-8449,dn7-walmart-amazonr_17135
right-8450,dn7-walmart-amazonr_17136
right-8451,dn7-walmart-amazonr_17137
right-8452,dn7-walmart-amazonr_17139
right-8453,dn7-walmart-amazonr_17142
right-8454,dn7-walmart-amazonr_17144
right-8455,dn7-walmart-amazonr_17146
right-8456,dn7-walmart-amazonr_17151
right-8457,dn7-walmart-amazonr_17154
right-8458,dn7-walmart-amazonr_17155
right-8459,dn7-walmart-amazonr_17156
right-8460,dn7-walmart-amazonr_17161
right-8461,dn7-walmart-amazonr_17162
right-8462,dn7-walmart-amazonr_17164
right-8463,dn7-walmart-amazonr_17165
right-8464,dn7-walmart-amazonr_17167
right-8465,dn7-walmart-amazonr_17169
right-8466,dn7-walmart-amazonr_17170
right-8467,dn7-walmart-amazonr_17171
right-8468,dn7-walmart-amazonr_17173
right-8469,dn7-walmart-amazonr_17174
right-8470,dn7-walmart-amazonr_17178
right-8471,dn7-walmart-amazonr_17184
right-8472,dn7-walmart-amazonr_17185
right-8473,dn7-walmart-amazonr_17186
right-8474,dn7-walmart-amazonr_17188
right-8475,dn7-walmart-amazonr_17190
right-8476,dn7-walmart-amazonr_17191
right-8477,dn7-walmart-amazonr_17192
right-8478,dn7-walmart-amazonr_17194
right-8479,dn7-walmart-amazonr_17197
right-8480,dn7-walmart-amazonr_17198
right-8481,dn7-walmart-amazonr_17199
right-8482,dn7-walmart-amazonr_17201
right-8483,dn7-walmart-amazonr_17202
right-8484,dn7-walmart-amazonr_17204
right-8485,dn7-walmart-amazonr_17205
right-8486,dn7-walmart-amazonr_17206
right-8487,dn7-walmart-amazonr_17207
right-8488,dn7-walmart-amazonr_17215
right-8489,dn7-walmart-amazonr_17216
right-8490,dn7-walmart-amazonr_17217
right-8491,dn7-walmart-amazonr_17218
right-8492,dn7-walmart-amazonr_17220
right-8493,dn7-walmart-amazonr_17223
right-8494,dn7-walmart-amazonr_17224
right-8495,dn7-walmart-amazonr_17226
right-8496,dn7-walmart-amazonr_17230
right-8497,dn7-walmart-amazonr_17232
right-8498,dn7-walmart-amazonr_17234
right-8499,dn7-walmart-amazonr_17235
right-8500,dn7-walmart-amazonr_17237
right-8501,dn7-walmart-amazonr_17238
right-8502,dn7-walmart-amazonr_17239
right-8503,dn7-walmart-amazonr_17243
right-8504,dn7-walmart-amazonr_17244
right-8505,dn7-walmart-amazonr_17246
right-8506,dn7-walmart-amazonr_17247
right-8507,dn7-walmart-amazonr_17249
right-8508,dn7-walmart-amazonr_17254
right-8509,dn7-walmart-amazonr_17256
right-8510,dn7-walmart-amazonr_17257
right-8511,dn7-walmart-amazonr_17258
right-8512,dn7-walmart-amazonr_17259
right-8513,dn7-walmart-amazonr_17263
right-8514,dn7-walmart-amazonr_17266
right-8515,dn7-walmart-amazonr_17267
right-8516,dn7-walmart-amazonr_17268
right-8517,dn7-walmart-amazonr_17269
right-8518,dn7-walmart-amazonr_17274
right-8519,dn7-walmart-amazonr_17275
right-8520,dn7-walmart-amazonr_17276
right-8521,dn7-walmart-amazonr_17279
right-8522,dn7-walmart-amazonr_17281
right-8523,dn7-walmart-amazonr_17289
right-8524,dn7-walmart-amazonr_17294
right-8525,dn7-walmart-amazonr_17295
right-8526,dn7-walmart-amazonr_17302
right-8527,dn7-walmart-amazonr_17304
right-8528,dn7-walmart-amazonr_17310
right-8529,dn7-walmart-amazonr_17311
right-8530,dn7-walmart-amazonr_17312
right-8531,dn7-walmart-amazonr_17313
right-8532,dn7-walmart-amazonr_17314
right-8533,dn7-walmart-amazonr_17315
right-8534,dn7-walmart-amazonr_17317
right-8535,dn7-walmart-amazonr_17318
right-8536,dn7-walmart-amazonr_17321
right-8537,dn7-walmart-amazonr_17324
right-8538,dn7-walmart-amazonr_17326
right-8539,dn7-walmart-amazonr_17327
right-8540,dn7-walmart-amazonr_17329
right-8541,dn7-walmart-amazonr_17330
right-8542,dn7-walmart-amazonr_17332
right-8543,dn7-walmart-amazonr_17333
right-8544,dn7-walmart-amazonr_17336
right-8545,dn7-walmart-amazonr_17342
right-8546,dn7-walmart-amazonr_17343
right-8547,dn7-walmart-amazonr_17345
right-8548,dn7-walmart-amazonr_17346
right-8549,dn7-walmart-amazonr_17347
right-8550,dn7-walmart-amazonr_17351
right-8551,dn7-walmart-amazonr_17353
right-8552,dn7-walmart-amazonr_17354
right-8553,dn7-walmart-amazonr_17358
right-8554,dn7-walmart-amazonr_17362
right-8555,dn7-walmart-amazonr_17363
right-8556,dn7-walmart-amazonr_17364
right-8557,dn7-walmart-amazonr_17366
right-8558,dn7-walmart-amazonr_17369
right-8559,dn7-walmart-amazonr_17373
right-8560,dn7-walmart-amazonr_17374
right-8561,dn7-walmart-amazonr_17376
right-8562,dn7-walmart-amazonr_17380
right-8563,dn7-walmart-amazonr_17381
right-8564,dn7-walmart-amazonr_17383
right-8565,dn7-walmart-amazonr_17390
right-8566,dn7-walmart-amazonr_17391
right-8567,dn7-walmart-amazonr_17392
right-8568,dn7-walmart-amazonr_17396
right-8569,dn7-walmart-amazonr_17399
right-8570,dn7-walmart-amazonr_17404
right-8571,dn7-walmart-amazonr_17408
right-8572,dn7-walmart-amazonr_17410
right-8573,dn7-walmart-amazonr_17412
right-8574,dn7-walmart-amazonr_17413
right-8575,dn7-walmart-amazonr_17423
right-8576,dn7-walmart-amazonr_17427
right-8577,dn7-walmart-amazonr_17428
right-8578,dn7-walmart-amazonr_17429
right-8579,dn7-walmart-amazonr_17431
right-8580,dn7-walmart-amazonr_17432
right-8581,dn7-walmart-amazonr_17433
right-8582,dn7-walmart-amazonr_17436
right-8583,dn7-walmart-amazonr_17437
right-8584,dn7-walmart-amazonr_17440
right-8585,dn7-walmart-amazonr_17443
right-8586,dn7-walmart-amazonr_17446
right-8587,dn7-walmart-amazonr_17449
right-8588,dn7-walmart-amazonr_17450
right-8589,dn7-walmart-amazonr_17451
right-8590,dn7-walmart-amazonr_17453
right-8591,dn7-walmart-amazonr_17456
right-8592,dn7-walmart-amazonr_17464
right-8593,dn7-walmart-amazonr_17465
right-8594,dn7-walmart-amazonr_17467
right-8595,dn7-walmart-amazonr_17469
right-8596,dn7-walmart-amazonr_17471
right-8597,dn7-walmart-amazonr_17472
right-8598,dn7-walmart-amazonr_17473
right-8599,dn7-walmart-amazonr_17474
right-8600,dn7-walmart-amazonr_17475
right-8601,dn7-walmart-amazonr_17476
right-8602,dn7-walmart-amazonr_17477
right-8603,dn7-walmart-amazonr_17478
right-8604,dn7-walmart-amazonr_17479
right-8605,dn7-walmart-amazonr_17483
right-8606,dn7-walmart-amazonr_17488
right-8607,dn7-walmart-amazonr_17495
right-8608,dn7-walmart-amazonr_17501
right-8609,dn7-walmart-amazonr_17502
right-8610,dn7-walmart-amazonr_17503
right-8611,dn7-walmart-amazonr_17504
right-8612,dn7-walmart-amazonr_17505
right-8613,dn7-walmart-amazonr_17506
right-8614,dn7-walmart-amazonr_17510
right-8615,dn7-walmart-amazonr_17511
right-8616,dn7-walmart-amazonr_17517
right-8617,dn7-walmart-amazonr_17521
right-8618,dn7-walmart-amazonr_17522
right-8619,dn7-walmart-amazonr_17529
right-8620,dn7-walmart-amazonr_17530
right-8621,dn7-walmart-amazonr_17534
right-8622,dn7-walmart-amazonr_17536
right-8623,dn7-walmart-amazonr_17543
right-8624,dn7-walmart-amazonr_17547
right-8625,dn7-walmart-amazonr_17548
right-8626,dn7-walmart-amazonr_17549
right-8627,dn7-walmart-amazonr_17550
right-8628,dn7-walmart-amazonr_17551
right-8629,dn7-walmart-amazonr_17553
right-8630,dn7-walmart-amazonr_17556
right-8631,dn7-walmart-amazonr_17557
right-8632,dn7-walmart-amazonr_17561
right-8633,dn7-walmart-amazonr_17562
right-8634,dn7-walmart-amazonr_17563
right-8635,dn7-walmart-amazonr_17564
right-8636,dn7-walmart-amazonr_17565
right-8637,dn7-walmart-amazonr_17566
right-8638,dn7-walmart-amazonr_17567
right-8639,dn7-walmart-amazonr_17570
right-8640,dn7-walmart-amazonr_17571
right-8641,dn7-walmart-amazonr_17572
right-8642,dn7-walmart-amazonr_17573
right-8643,dn7-walmart-amazonr_17576
right-8644,dn7-walmart-amazonr_17577
right-8645,dn7-walmart-amazonr_17581
right-8646,dn7-walmart-amazonr_17582
right-8647,dn7-walmart-amazonr_17583
right-8648,dn7-walmart-amazonr_17588
right-8649,dn7-walmart-amazonr_17589
right-8650,dn7-walmart-amazonr_17590
right-8651,dn7-walmart-amazonr_17591
right-8652,dn7-walmart-amazonr_17593
right-8653,dn7-walmart-amazonr_17594
right-8654,dn7-walmart-amazonr_17599
right-8655,dn7-walmart-amazonr_17603
right-8656,dn7-walmart-amazonr_17604
right-8657,dn7-walmart-amazonr_17605
right-8658,dn7-walmart-amazonr_17612
right-8659,dn7-walmart-amazonr_17613
right-8660,dn7-walmart-amazonr_17614
right-8661,dn7-walmart-amazonr_17616
right-8662,dn7-walmart-amazonr_17617
right-8663,dn7-walmart-amazonr_17620
right-8664,dn7-walmart-amazonr_17623
right-8665,dn7-walmart-amazonr_17625
right-8666,dn7-walmart-amazonr_17626
right-8667,dn7-walmart-amazonr_17627
right-8668,dn7-walmart-amazonr_17628
right-8669,dn7-walmart-amazonr_17631
right-8670,dn7-walmart-amazonr_17632
right-8671,dn7-walmart-amazonr_17635
right-8672,dn7-walmart-amazonr_17636
right-8673,dn7-walmart-amazonr_17637
right-8674,dn7-walmart-amazonr_17639
right-8675,dn7-walmart-amazonr_17642
right-8676,dn7-walmart-amazonr_17643
right-8677,dn7-walmart-amazonr_17645
right-8678,dn7-walmart-amazonr_17646
right-8679,dn7-walmart-amazonr_17647
right-8680,dn7-walmart-amazonr_17652
right-8681,dn7-walmart-amazonr_17653
right-8682,dn7-walmart-amazonr_17654
right-8683,dn7-walmart-amazonr_17660
right-8684,dn7-walmart-amazonr_17661
right-8685,dn7-walmart-amazonr_17662
right-8686,dn7-walmart-amazonr_17664
right-8687,dn7-walmart-amazonr_17667
right-8688,dn7-walmart-amazonr_17670
right-8689,dn7-walmart-amazonr_17671
right-8690,dn7-walmart-amazonr_17672
right-8691,dn7-walmart-amazonr_17673
right-8692,dn7-walmart-amazonr_17674
right-8693,dn7-walmart-amazonr_17676
right-8694,dn7-walmart-amazonr_17677
right-8695,dn7-walmart-amazonr_17680
right-8696,dn7-walmart-amazonr_17683
right-8697,dn7-walmart-amazonr_17685
right-8698,dn7-walmart-amazonr_17687
right-8699,dn7-walmart-amazonr_17688
right-8700,dn7-walmart-amazonr_17690
right-8701,dn7-walmart-amazonr_17691
right-8702,dn7-walmart-amazonr_17695
right-8703,dn7-walmart-amazonr_17697
right-8704,dn7-walmart-amazonr_17700
right-8705,dn7-walmart-amazonr_17702
right-8706,dn7-walmart-amazonr_17704
right-8707,dn7-walmart-amazonr_17712
right-8708,dn7-walmart-amazonr_17714
right-8709,dn7-walmart-amazonr_17717
right-8710,dn7-walmart-amazonr_17718
right-8711,dn7-walmart-amazonr_17720
right-8712,dn7-walmart-amazonr_17722
right-8713,dn7-walmart-amazonr_17724
right-8714,dn7-walmart-amazonr_17726
right-8715,dn7-walmart-amazonr_17727
right-8716,dn7-walmart-amazonr_17733
right-8717,dn7-walmart-amazonr_17735
right-8718,dn7-walmart-amazonr_17736
right-8719,dn7-walmart-amazonr_17737
right-8720,dn7-walmart-amazonr_17741
right-8721,dn7-walmart-amazonr_17749
right-8722,dn7-walmart-amazonr_17752
right-8723,dn7-walmart-amazonr_17753
right-8724,dn7-walmart-amazonr_17754
right-8725,dn7-walmart-amazonr_17756
right-8726,dn7-walmart-amazonr_17759
right-8727,dn7-walmart-amazonr_17761
right-8728,dn7-walmart-amazonr_17765
right-8729,dn7-walmart-amazonr_17766
right-8730,dn7-walmart-amazonr_17768
right-8731,dn7-walmart-amazonr_17769
right-8732,dn7-walmart-amazonr_17771
right-8733,dn7-walmart-amazonr_17775
right-8734,dn7-walmart-amazonr_17780
right-8735,dn7-walmart-amazonr_17781
right-8736,dn7-walmart-amazonr_17785
right-8737,dn7-walmart-amazonr_17786
right-8738,dn7-walmart-amazonr_17788
right-8739,dn7-walmart-amazonr_17790
right-8740,dn7-walmart-amazonr_17796
right-8741,dn7-walmart-amazonr_17798
right-8742,dn7-walmart-amazonr_17800
right-8743,dn7-walmart-amazonr_17805
right-8744,dn7-walmart-amazonr_17806
right-8745,dn7-walmart-amazonr_17807
right-8746,dn7-walmart-amazonr_17808
right-8747,dn7-walmart-amazonr_17810
right-8748,dn7-walmart-amazonr_17812
right-8749,dn7-walmart-amazonr_17814
right-8750,dn7-walmart-amazonr_17816
right-8751,dn7-walmart-amazonr_17817
right-8752,dn7-walmart-amazonr_17819
right-8753,dn7-walmart-amazonr_17824
right-8754,dn7-walmart-amazonr_17828
right-8755,dn7-walmart-amazonr_17829
right-8756,dn7-walmart-amazonr_17833
right-8757,dn7-walmart-amazonr_17835
right-8758,dn7-walmart-amazonr_17836
right-8759,dn7-walmart-amazonr_17837
right-8760,dn7-walmart-amazonr_17839
right-8761,dn7-walmart-amazonr_17840
right-8762,dn7-walmart-amazonr_17843
right-8763,dn7-walmart-amazonr_17845
right-8764,dn7-walmart-amazonr_17846
right-8765,dn7-walmart-amazonr_17850
right-8766,dn7-walmart-amazonr_17853
right-8767,dn7-walmart-amazonr_17855
right-8768,dn7-walmart-amazonr_17856
right-8769,dn7-walmart-amazonr_17860
right-8770,dn7-walmart-amazonr_17861
right-8771,dn7-walmart-amazonr_17863
right-8772,dn7-walmart-amazonr_17864
right-8773,dn7-walmart-amazonr_17867
right-8774,dn7-walmart-amazonr_17871
right-8775,dn7-walmart-amazonr_17874
right-8776,dn7-walmart-amazonr_17875
right-8777,dn7-walmart-amazonr_17879
right-8778,dn7-walmart-amazonr_17882
right-8779,dn7-walmart-amazonr_17885
right-8780,dn7-walmart-amazonr_17887
right-8781,dn7-walmart-amazonr_17888
right-8782,dn7-walmart-amazonr_17889
right-8783,dn7-walmart-amazonr_17890
right-8784,dn7-walmart-amazonr_17894
right-8785,dn7-walmart-amazonr_17895
right-8786,dn7-walmart-amazonr_17897
right-8787,dn7-walmart-amazonr_17898
right-8788,dn7-walmart-amazonr_17899
right-8789,dn7-walmart-amazonr_17900
right-8790,dn7-walmart-amazonr_17903
right-8791,dn7-walmart-amazonr_17905
right-8792,dn7-walmart-amazonr_17906
right-8793,dn7-walmart-amazonr_17909
right-8794,dn7-walmart-amazonr_17914
right-8795,dn7-walmart-amazonr_17915
right-8796,dn7-walmart-amazonr_17917
right-8797,dn7-walmart-amazonr_17918
right-8798,dn7-walmart-amazonr_17920
right-8799,dn7-walmart-amazonr_17924
right-8800,dn7-walmart-amazonr_17936
right-8801,dn7-walmart-amazonr_17939
right-8802,dn7-walmart-amazonr_17941
right-8803,dn7-walmart-amazonr_17942
right-8804,dn7-walmart-amazonr_17943
right-8805,dn7-walmart-amazonr_17944
right-8806,dn7-walmart-amazonr_17947
right-8807,dn7-walmart-amazonr_17948
right-8808,dn7-walmart-amazonr_17949
right-8809,dn7-walmart-amazonr_17950
right-8810,dn7-walmart-amazonr_17952
right-8811,dn7-walmart-amazonr_17954
right-8812,dn7-walmart-amazonr_17957
right-8813,dn7-walmart-amazonr_17960
right-8814,dn7-walmart-amazonr_17961
right-8815,dn7-walmart-amazonr_17962
right-8816,dn7-walmart-amazonr_17971
right-8817,dn7-walmart-amazonr_17972
right-8818,dn7-walmart-amazonr_17979
right-8819,dn7-walmart-amazonr_17980
right-8820,dn7-walmart-amazonr_17983
right-8821,dn7-walmart-amazonr_17989
right-8822,dn7-walmart-amazonr_17991
right-8823,dn7-walmart-amazonr_17993
right-8824,dn7-walmart-amazonr_17994
right-8825,dn7-walmart-amazonr_17995
right-8826,dn7-walmart-amazonr_17996
right-8827,dn7-walmart-amazonr_17999
right-8828,dn7-walmart-amazonr_18002
right-8829,dn7-walmart-amazonr_18005
right-8830,dn7-walmart-amazonr_18007
right-8831,dn7-walmart-amazonr_18011
right-8832,dn7-walmart-amazonr_18014
right-8833,dn7-walmart-amazonr_18015
right-8834,dn7-walmart-amazonr_18019
right-8835,dn7-walmart-amazonr_18020
right-8836,dn7-walmart-amazonr_18024
right-8837,dn7-walmart-amazonr_18025
right-8838,dn7-walmart-amazonr_18026
right-8839,dn7-walmart-amazonr_18029
right-8840,dn7-walmart-amazonr_18030
right-8841,dn7-walmart-amazonr_18035
right-8842,dn7-walmart-amazonr_18037
right-8843,dn7-walmart-amazonr_18038
right-8844,dn7-walmart-amazonr_18043
right-8845,dn7-walmart-amazonr_18044
right-8846,dn7-walmart-amazonr_18045
right-8847,dn7-walmart-amazonr_18047
right-8848,dn7-walmart-amazonr_18048
right-8849,dn7-walmart-amazonr_18049
right-8850,dn7-walmart-amazonr_18050
right-8851,dn7-walmart-amazonr_18051
right-8852,dn7-walmart-amazonr_18057
right-8853,dn7-walmart-amazonr_18060
right-8854,dn7-walmart-amazonr_18063
right-8855,dn7-walmart-amazonr_18064
right-8856,dn7-walmart-amazonr_18069
right-8857,dn7-walmart-amazonr_18072
right-8858,dn7-walmart-amazonr_18074
right-8859,dn7-walmart-amazonr_18075
right-8860,dn7-walmart-amazonr_18076
right-8861,dn7-walmart-amazonr_18079
right-8862,dn7-walmart-amazonr_18081
right-8863,dn7-walmart-amazonr_18082
right-8864,dn7-walmart-amazonr_18085
right-8865,dn7-walmart-amazonr_18086
right-8866,dn7-walmart-amazonr_18089
right-8867,dn7-walmart-amazonr_18090
right-8868,dn7-walmart-amazonr_18093
right-8869,dn7-walmart-amazonr_18094
right-8870,dn7-walmart-amazonr_18096
right-8871,dn7-walmart-amazonr_18098
right-8872,dn7-walmart-amazonr_18099
right-8873,dn7-walmart-amazonr_18100
right-8874,dn7-walmart-amazonr_18101
right-8875,dn7-walmart-amazonr_18102
right-8876,dn7-walmart-amazonr_18103
right-8877,dn7-walmart-amazonr_18107
right-8878,dn7-walmart-amazonr_18109
right-8879,dn7-walmart-amazonr_18111
right-8880,dn7-walmart-amazonr_18114
right-8881,dn7-walmart-amazonr_18115
right-8882,dn7-walmart-amazonr_18117
right-8883,dn7-walmart-amazonr_18118
right-8884,dn7-walmart-amazonr_18122
right-8885,dn7-walmart-amazonr_18123
right-8886,dn7-walmart-amazonr_18125
right-8887,dn7-walmart-amazonr_18126
right-8888,dn7-walmart-amazonr_18127
right-8889,dn7-walmart-amazonr_18128
right-8890,dn7-walmart-amazonr_18129
right-8891,dn7-walmart-amazonr_18134
right-8892,dn7-walmart-amazonr_18139
right-8893,dn7-walmart-amazonr_18142
right-8894,dn7-walmart-amazonr_18143
right-8895,dn7-walmart-amazonr_18144
right-8896,dn7-walmart-amazonr_18145
right-8897,dn7-walmart-amazonr_18147
right-8898,dn7-walmart-amazonr_18148
right-8899,dn7-walmart-amazonr_18149
right-8900,dn7-walmart-amazonr_18151
right-8901,dn7-walmart-amazonr_18152
right-8902,dn7-walmart-amazonr_18153
right-8903,dn7-walmart-amazonr_18154
right-8904,dn7-walmart-amazonr_18155
right-8905,dn7-walmart-amazonr_18156
right-8906,dn7-walmart-amazonr_18157
right-8907,dn7-walmart-amazonr_18161
right-8908,dn7-walmart-amazonr_18165
right-8909,dn7-walmart-amazonr_18166
right-8910,dn7-walmart-amazonr_18170
right-8911,dn7-walmart-amazonr_18172
right-8912,dn7-walmart-amazonr_18173
right-8913,dn7-walmart-amazonr_18176
right-8914,dn7-walmart-amazonr_18177
right-8915,dn7-walmart-amazonr_18178
right-8916,dn7-walmart-amazonr_18181
right-8917,dn7-walmart-amazonr_18182
right-8918,dn7-walmart-amazonr_18184
right-8919,dn7-walmart-amazonr_18186
right-8920,dn7-walmart-amazonr_18187
right-8921,dn7-walmart-amazonr_18188
right-8922,dn7-walmart-amazonr_18191
right-8923,dn7-walmart-amazonr_18192
right-8924,dn7-walmart-amazonr_18194
right-8925,dn7-walmart-amazonr_18196
right-8926,dn7-walmart-amazonr_18197
right-8927,dn7-walmart-amazonr_18199
right-8928,dn7-walmart-amazonr_18204
right-8929,dn7-walmart-amazonr_18206
right-8930,dn7-walmart-amazonr_18207
right-8931,dn7-walmart-amazonr_18208
right-8932,dn7-walmart-amazonr_18215
right-8933,dn7-walmart-amazonr_18217
right-8934,dn7-walmart-amazonr_18219
right-8935,dn7-walmart-amazonr_18220
right-8936,dn7-walmart-amazonr_18221
right-8937,dn7-walmart-amazonr_18222
right-8938,dn7-walmart-amazonr_18224
right-8939,dn7-walmart-amazonr_18231
right-8940,dn7-walmart-amazonr_18232
right-8941,dn7-walmart-amazonr_18234
right-8942,dn7-walmart-amazonr_18248
right-8943,dn7-walmart-amazonr_18250
right-8944,dn7-walmart-amazonr_18252
right-8945,dn7-walmart-amazonr_18260
right-8946,dn7-walmart-amazonr_18265
right-8947,dn7-walmart-amazonr_18271
right-8948,dn7-walmart-amazonr_18276
right-8949,dn7-walmart-amazonr_18279
right-8950,dn7-walmart-amazonr_18280
right-8951,dn7-walmart-amazonr_18283
right-8952,dn7-walmart-amazonr_18285
right-8953,dn7-walmart-amazonr_18287
right-8954,dn7-walmart-amazonr_18293
right-8955,dn7-walmart-amazonr_18295
right-8956,dn7-walmart-amazonr_18297
right-8957,dn7-walmart-amazonr_18300
right-8958,dn7-walmart-amazonr_18301
right-8959,dn7-walmart-amazonr_18307
right-8960,dn7-walmart-amazonr_18310
right-8961,dn7-walmart-amazonr_18311
right-8962,dn7-walmart-amazonr_18313
right-8963,dn7-walmart-amazonr_18315
right-8964,dn7-walmart-amazonr_18317
right-8965,dn7-walmart-amazonr_18318
right-8966,dn7-walmart-amazonr_18319
right-8967,dn7-walmart-amazonr_18321
right-8968,dn7-walmart-amazonr_18322
right-8969,dn7-walmart-amazonr_18325
right-8970,dn7-walmart-amazonr_18326
right-8971,dn7-walmart-amazonr_18329
right-8972,dn7-walmart-amazonr_18330
right-8973,dn7-walmart-amazonr_18334
right-8974,dn7-walmart-amazonr_18335
right-8975,dn7-walmart-amazonr_18337
right-8976,dn7-walmart-amazonr_18338
right-8977,dn7-walmart-amazonr_18341
right-8978,dn7-walmart-amazonr_18344
right-8979,dn7-walmart-amazonr_18345
right-8980,dn7-walmart-amazonr_18350
right-8981,dn7-walmart-amazonr_18352
right-8982,dn7-walmart-amazonr_18353
right-8983,dn7-walmart-amazonr_18355
right-8984,dn7-walmart-amazonr_18356
right-8985,dn7-walmart-amazonr_18357
right-8986,dn7-walmart-amazonr_18359
right-8987,dn7-walmart-amazonr_18361
right-8988,dn7-walmart-amazonr_18362
right-8989,dn7-walmart-amazonr_18364
right-8990,dn7-walmart-amazonr_18367
right-8991,dn7-walmart-amazonr_18370
right-8992,dn7-walmart-amazonr_18372
right-8993,dn7-walmart-amazonr_18373
right-8994,dn7-walmart-amazonr_18377
right-8995,dn7-walmart-amazonr_18380
right-8996,dn7-walmart-amazonr_18382
right-8997,dn7-walmart-amazonr_18384
right-8998,dn7-walmart-amazonr_18391
right-8999,dn7-walmart-amazonr_18392
right-9000,dn7-walmart-amazonr_18398
right-9001,dn7-walmart-amazonr_18399
right-9002,dn7-walmart-amazonr_18401
right-9003,dn7-walmart-amazonr_18402
right-9004,dn7-walmart-amazonr_18405
right-9005,dn7-walmart-amazonr_18406
right-9006,dn7-walmart-amazonr_18409
right-9007,dn7-walmart-amazonr_18412
right-9008,dn7-walmart-amazonr_18413
right-9009,dn7-walmart-amazonr_18416
right-9010,dn7-walmart-amazonr_18417
right-9011,dn7-walmart-amazonr_18418
right-9012,dn7-walmart-amazonr_18420
right-9013,dn7-walmart-amazonr_18421
right-9014,dn7-walmart-amazonr_18423
right-9015,dn7-walmart-amazonr_18425
right-9016,dn7-walmart-amazonr_18427
right-9017,dn7-walmart-amazonr_18430
right-9018,dn7-walmart-amazonr_18431
right-9019,dn7-walmart-amazonr_18433
right-9020,dn7-walmart-amazonr_18435
right-9021,dn7-walmart-amazonr_18440
right-9022,dn7-walmart-amazonr_18443
right-9023,dn7-walmart-amazonr_18444
right-9024,dn7-walmart-amazonr_18445
right-9025,dn7-walmart-amazonr_18446
right-9026,dn7-walmart-amazonr_18454
right-9027,dn7-walmart-amazonr_18456
right-9028,dn7-walmart-amazonr_18458
right-9029,dn7-walmart-amazonr_18462
right-9030,dn7-walmart-amazonr_18463
right-9031,dn7-walmart-amazonr_18465
right-9032,dn7-walmart-amazonr_18469
right-9033,dn7-walmart-amazonr_18471
right-9034,dn7-walmart-amazonr_18472
right-9035,dn7-walmart-amazonr_18473
right-9036,dn7-walmart-amazonr_18478
right-9037,dn7-walmart-amazonr_18484
right-9038,dn7-walmart-amazonr_18485
right-9039,dn7-walmart-amazonr_18486
right-9040,dn7-walmart-amazonr_18491
right-9041,dn7-walmart-amazonr_18492
right-9042,dn7-walmart-amazonr_18493
right-9043,dn7-walmart-amazonr_18495
right-9044,dn7-walmart-amazonr_18497
right-9045,dn7-walmart-amazonr_18498
right-9046,dn7-walmart-amazonr_18501
right-9047,dn7-walmart-amazonr_18503
right-9048,dn7-walmart-amazonr_18504
right-9049,dn7-walmart-amazonr_18505
right-9050,dn7-walmart-amazonr_18507
right-9051,dn7-walmart-amazonr_18509
right-9052,dn7-walmart-amazonr_18510
right-9053,dn7-walmart-amazonr_18511
right-9054,dn7-walmart-amazonr_18512
right-9055,dn7-walmart-amazonr_18519
right-9056,dn7-walmart-amazonr_18522
right-9057,dn7-walmart-amazonr_18523
right-9058,dn7-walmart-amazonr_18524
right-9059,dn7-walmart-amazonr_18529
right-9060,dn7-walmart-amazonr_18530
right-9061,dn7-walmart-amazonr_18531
right-9062,dn7-walmart-amazonr_18532
right-9063,dn7-walmart-amazonr_18534
right-9064,dn7-walmart-amazonr_18541
right-9065,dn7-walmart-amazonr_18542
right-9066,dn7-walmart-amazonr_18543
right-9067,dn7-walmart-amazonr_18544
right-9068,dn7-walmart-amazonr_18546
right-9069,dn7-walmart-amazonr_18548
right-9070,dn7-walmart-amazonr_18549
right-9071,dn7-walmart-amazonr_18550
right-9072,dn7-walmart-amazonr_18551
right-9073,dn7-walmart-amazonr_18552
right-9074,dn7-walmart-amazonr_18556
right-9075,dn7-walmart-amazonr_18557
right-9076,dn7-walmart-amazonr_18558
right-9077,dn7-walmart-amazonr_18559
right-9078,dn7-walmart-amazonr_18561
right-9079,dn7-walmart-amazonr_18563
right-9080,dn7-walmart-amazonr_18564
right-9081,dn7-walmart-amazonr_18565
right-9082,dn7-walmart-amazonr_18575
right-9083,dn7-walmart-amazonr_18577
right-9084,dn7-walmart-amazonr_18580
right-9085,dn7-walmart-amazonr_18581
right-9086,dn7-walmart-amazonr_18583
right-9087,dn7-walmart-amazonr_18584
right-9088,dn7-walmart-amazonr_18587
right-9089,dn7-walmart-amazonr_18589
right-9090,dn7-walmart-amazonr_18590
right-9091,dn7-walmart-amazonr_18591
right-9092,dn7-walmart-amazonr_18594
right-9093,dn7-walmart-amazonr_18596
right-9094,dn7-walmart-amazonr_18601
right-9095,dn7-walmart-amazonr_18602
right-9096,dn7-walmart-amazonr_18604
right-9097,dn7-walmart-amazonr_18605
right-9098,dn7-walmart-amazonr_18607
right-9099,dn7-walmart-amazonr_18608
right-9100,dn7-walmart-amazonr_18609
right-9101,dn7-walmart-amazonr_18611
right-9102,dn7-walmart-amazonr_18612
right-9103,dn7-walmart-amazonr_18617
right-9104,dn7-walmart-amazonr_18618
right-9105,dn7-walmart-amazonr_18620
right-9106,dn7-walmart-amazonr_18622
right-9107,dn7-walmart-amazonr_18623
right-9108,dn7-walmart-amazonr_18629
right-9109,dn7-walmart-amazonr_18630
right-9110,dn7-walmart-amazonr_18631
right-9111,dn7-walmart-amazonr_18632
right-9112,dn7-walmart-amazonr_18633
right-9113,dn7-walmart-amazonr_18634
right-9114,dn7-walmart-amazonr_18635
right-9115,dn7-walmart-amazonr_18637
right-9116,dn7-walmart-amazonr_18641
right-9117,dn7-walmart-amazonr_18643
right-9118,dn7-walmart-amazonr_18644
right-9119,dn7-walmart-amazonr_18645
right-9120,dn7-walmart-amazonr_18648
right-9121,dn7-walmart-amazonr_18649
right-9122,dn7-walmart-amazonr_18650
right-9123,dn7-walmart-amazonr_18652
right-9124,dn7-walmart-amazonr_18654
right-9125,dn7-walmart-amazonr_18655
right-9126,dn7-walmart-amazonr_18663
right-9127,dn7-walmart-amazonr_18664
right-9128,dn7-walmart-amazonr_18665
right-9129,dn7-walmart-amazonr_18666
right-9130,dn7-walmart-amazonr_18670
right-9131,dn7-walmart-amazonr_18673
right-9132,dn7-walmart-amazonr_18674
right-9133,dn7-walmart-amazonr_18675
right-9134,dn7-walmart-amazonr_18676
right-9135,dn7-walmart-amazonr_18679
right-9136,dn7-walmart-amazonr_18684
right-9137,dn7-walmart-amazonr_18691
right-9138,dn7-walmart-amazonr_18692
right-9139,dn7-walmart-amazonr_18694
right-9140,dn7-walmart-amazonr_18697
right-9141,dn7-walmart-amazonr_18698
right-9142,dn7-walmart-amazonr_18701
right-9143,dn7-walmart-amazonr_18702
right-9144,dn7-walmart-amazonr_18704
right-9145,dn7-walmart-amazonr_18707
right-9146,dn7-walmart-amazonr_18708
right-9147,dn7-walmart-amazonr_18709
right-9148,dn7-walmart-amazonr_18710
right-9149,dn7-walmart-amazonr_18711
right-9150,dn7-walmart-amazonr_18712
right-9151,dn7-walmart-amazonr_18717
right-9152,dn7-walmart-amazonr_18718
right-9153,dn7-walmart-amazonr_18719
right-9154,dn7-walmart-amazonr_18720
right-9155,dn7-walmart-amazonr_18721
right-9156,dn7-walmart-amazonr_18722
right-9157,dn7-walmart-amazonr_18724
right-9158,dn7-walmart-amazonr_18725
right-9159,dn7-walmart-amazonr_18728
right-9160,dn7-walmart-amazonr_18729
right-9161,dn7-walmart-amazonr_18736
right-9162,dn7-walmart-amazonr_18739
right-9163,dn7-walmart-amazonr_18742
right-9164,dn7-walmart-amazonr_18746
right-9165,dn7-walmart-amazonr_18747
right-9166,dn7-walmart-amazonr_18748
right-9167,dn7-walmart-amazonr_18751
right-9168,dn7-walmart-amazonr_18752
right-9169,dn7-walmart-amazonr_18754
right-9170,dn7-walmart-amazonr_18755
right-9171,dn7-walmart-amazonr_18756
right-9172,dn7-walmart-amazonr_18759
right-9173,dn7-walmart-amazonr_18760
right-9174,dn7-walmart-amazonr_18761
right-9175,dn7-walmart-amazonr_18762
right-9176,dn7-walmart-amazonr_18763
right-9177,dn7-walmart-amazonr_18768
right-9178,dn7-walmart-amazonr_18770
right-9179,dn7-walmart-amazonr_18772
right-9180,dn7-walmart-amazonr_18773
right-9181,dn7-walmart-amazonr_18775
right-9182,dn7-walmart-amazonr_18776
right-9183,dn7-walmart-amazonr_18777
right-9184,dn7-walmart-amazonr_18778
right-9185,dn7-walmart-amazonr_18779
right-9186,dn7-walmart-amazonr_18787
right-9187,dn7-walmart-amazonr_18788
right-9188,dn7-walmart-amazonr_18792
right-9189,dn7-walmart-amazonr_18799
right-9190,dn7-walmart-amazonr_18800
right-9191,dn7-walmart-amazonr_18801
right-9192,dn7-walmart-amazonr_18804
right-9193,dn7-walmart-amazonr_18805
right-9194,dn7-walmart-amazonr_18808
right-9195,dn7-walmart-amazonr_18810
right-9196,dn7-walmart-amazonr_18811
right-9197,dn7-walmart-amazonr_18813
right-9198,dn7-walmart-amazonr_18814
right-9199,dn7-walmart-amazonr_18815
right-9200,dn7-walmart-amazonr_18816
right-9201,dn7-walmart-amazonr_18821
right-9202,dn7-walmart-amazonr_18822
right-9203,dn7-walmart-amazonr_18826
right-9204,dn7-walmart-amazonr_18827
right-9205,dn7-walmart-amazonr_18828
right-9206,dn7-walmart-amazonr_18829
right-9207,dn7-walmart-amazonr_18834
right-9208,dn7-walmart-amazonr_18835
right-9209,dn7-walmart-amazonr_18836
right-9210,dn7-walmart-amazonr_18837
right-9211,dn7-walmart-amazonr_18838
right-9212,dn7-walmart-amazonr_18840
right-9213,dn7-walmart-amazonr_18841
right-9214,dn7-walmart-amazonr_18845
right-9215,dn7-walmart-amazonr_18850
right-9216,dn7-walmart-amazonr_18852
right-9217,dn7-walmart-amazonr_18855
right-9218,dn7-walmart-amazonr_18856
right-9219,dn7-walmart-amazonr_18857
right-9220,dn7-walmart-amazonr_18863
right-9221,dn7-walmart-amazonr_18864
right-9222,dn7-walmart-amazonr_18866
right-9223,dn7-walmart-amazonr_18869
right-9224,dn7-walmart-amazonr_18872
right-9225,dn7-walmart-amazonr_18874
right-9226,dn7-walmart-amazonr_18876
right-9227,dn7-walmart-amazonr_18880
right-9228,dn7-walmart-amazonr_18881
right-9229,dn7-walmart-amazonr_18882
right-9230,dn7-walmart-amazonr_18883
right-9231,dn7-walmart-amazonr_18887
right-9232,dn7-walmart-amazonr_18888
right-9233,dn7-walmart-amazonr_18890
right-9234,dn7-walmart-amazonr_18891
right-9235,dn7-walmart-amazonr_18892
right-9236,dn7-walmart-amazonr_18893
right-9237,dn7-walmart-amazonr_18895
right-9238,dn7-walmart-amazonr_18897
right-9239,dn7-walmart-amazonr_18898
right-9240,dn7-walmart-amazonr_18901
right-9241,dn7-walmart-amazonr_18902
right-9242,dn7-walmart-amazonr_18904
right-9243,dn7-walmart-amazonr_18905
right-9244,dn7-walmart-amazonr_18907
right-9245,dn7-walmart-amazonr_18908
right-9246,dn7-walmart-amazonr_18909
right-9247,dn7-walmart-amazonr_18910
right-9248,dn7-walmart-amazonr_18913
right-9249,dn7-walmart-amazonr_18914
right-9250,dn7-walmart-amazonr_18915
right-9251,dn7-walmart-amazonr_18917
right-9252,dn7-walmart-amazonr_18919
right-9253,dn7-walmart-amazonr_18923
right-9254,dn7-walmart-amazonr_18926
right-9255,dn7-walmart-amazonr_18927
right-9256,dn7-walmart-amazonr_18929
right-9257,dn7-walmart-amazonr_18937
right-9258,dn7-walmart-amazonr_18938
right-9259,dn7-walmart-amazonr_18940
right-9260,dn7-walmart-amazonr_18943
right-9261,dn7-walmart-amazonr_18945
right-9262,dn7-walmart-amazonr_18946
right-9263,dn7-walmart-amazonr_18948
right-9264,dn7-walmart-amazonr_18953
right-9265,dn7-walmart-amazonr_18954
right-9266,dn7-walmart-amazonr_18955
right-9267,dn7-walmart-amazonr_18962
right-9268,dn7-walmart-amazonr_18964
right-9269,dn7-walmart-amazonr_18966
right-9270,dn7-walmart-amazonr_18967
right-9271,dn7-walmart-amazonr_18973
right-9272,dn7-walmart-amazonr_18977
right-9273,dn7-walmart-amazonr_18982
right-9274,dn7-walmart-amazonr_18988
right-9275,dn7-walmart-amazonr_18989
right-9276,dn7-walmart-amazonr_18990
right-9277,dn7-walmart-amazonr_18991
right-9278,dn7-walmart-amazonr_18994
right-9279,dn7-walmart-amazonr_18999
right-9280,dn7-walmart-amazonr_19000
right-9281,dn7-walmart-amazonr_19001
right-9282,dn7-walmart-amazonr_19003
right-9283,dn7-walmart-amazonr_19006
right-9284,dn7-walmart-amazonr_19008
right-9285,dn7-walmart-amazonr_19009
right-9286,dn7-walmart-amazonr_19011
right-9287,dn7-walmart-amazonr_19014
right-9288,dn7-walmart-amazonr_19016
right-9289,dn7-walmart-amazonr_19020
right-9290,dn7-walmart-amazonr_19021
right-9291,dn7-walmart-amazonr_19022
right-9292,dn7-walmart-amazonr_19023
right-9293,dn7-walmart-amazonr_19024
right-9294,dn7-walmart-amazonr_19025
right-9295,dn7-walmart-amazonr_19026
right-9296,dn7-walmart-amazonr_19027
right-9297,dn7-walmart-amazonr_19029
right-9298,dn7-walmart-amazonr_19030
right-9299,dn7-walmart-amazonr_19031
right-9300,dn7-walmart-amazonr_19032
right-9301,dn7-walmart-amazonr_19033
right-9302,dn7-walmart-amazonr_19035
right-9303,dn7-walmart-amazonr_19037
right-9304,dn7-walmart-amazonr_19039
right-9305,dn7-walmart-amazonr_19042
right-9306,dn7-walmart-amazonr_19046
right-9307,dn7-walmart-amazonr_19048
right-9308,dn7-walmart-amazonr_19050
right-9309,dn7-walmart-amazonr_19051
right-9310,dn7-walmart-amazonr_19053
right-9311,dn7-walmart-amazonr_19054
right-9312,dn7-walmart-amazonr_19056
right-9313,dn7-walmart-amazonr_19057
right-9314,dn7-walmart-amazonr_19060
right-9315,dn7-walmart-amazonr_19064
right-9316,dn7-walmart-amazonr_19071
right-9317,dn7-walmart-amazonr_19072
right-9318,dn7-walmart-amazonr_19076
right-9319,dn7-walmart-amazonr_19081
right-9320,dn7-walmart-amazonr_19085
right-9321,dn7-walmart-amazonr_19087
right-9322,dn7-walmart-amazonr_19089
right-9323,dn7-walmart-amazonr_19092
right-9324,dn7-walmart-amazonr_19094
right-9325,dn7-walmart-amazonr_19095
right-9326,dn7-walmart-amazonr_19096
right-9327,dn7-walmart-amazonr_19099
right-9328,dn7-walmart-amazonr_19100
right-9329,dn7-walmart-amazonr_19102
right-9330,dn7-walmart-amazonr_19103
right-9331,dn7-walmart-amazonr_19108
right-9332,dn7-walmart-amazonr_19110
right-9333,dn7-walmart-amazonr_19117
right-9334,dn7-walmart-amazonr_19121
right-9335,dn7-walmart-amazonr_19123
right-9336,dn7-walmart-amazonr_19124
right-9337,dn7-walmart-amazonr_19125
right-9338,dn7-walmart-amazonr_19126
right-9339,dn7-walmart-amazonr_19129
right-9340,dn7-walmart-amazonr_19130
right-9341,dn7-walmart-amazonr_19132
right-9342,dn7-walmart-amazonr_19133
right-9343,dn7-walmart-amazonr_19140
right-9344,dn7-walmart-amazonr_19142
right-9345,dn7-walmart-amazonr_19143
right-9346,dn7-walmart-amazonr_19144
right-9347,dn7-walmart-amazonr_19146
right-9348,dn7-walmart-amazonr_19147
right-9349,dn7-walmart-amazonr_19152
right-9350,dn7-walmart-amazonr_19154
right-9351,dn7-walmart-amazonr_19163
right-9352,dn7-walmart-amazonr_19165
right-9353,dn7-walmart-amazonr_19166
right-9354,dn7-walmart-amazonr_19167
right-9355,dn7-walmart-amazonr_19168
right-9356,dn7-walmart-amazonr_19171
right-9357,dn7-walmart-amazonr_19172
right-9358,dn7-walmart-amazonr_19173
right-9359,dn7-walmart-amazonr_19174
right-9360,dn7-walmart-amazonr_19175
right-9361,dn7-walmart-amazonr_19176
right-9362,dn7-walmart-amazonr_19179
right-9363,dn7-walmart-amazonr_19181
right-9364,dn7-walmart-amazonr_19182
right-9365,dn7-walmart-amazonr_19183
right-9366,dn7-walmart-amazonr_19185
right-9367,dn7-walmart-amazonr_19186
right-9368,dn7-walmart-amazonr_19188
right-9369,dn7-walmart-amazonr_19190
right-9370,dn7-walmart-amazonr_19194
right-9371,dn7-walmart-amazonr_19195
right-9372,dn7-walmart-amazonr_19199
right-9373,dn7-walmart-amazonr_19201
right-9374,dn7-walmart-amazonr_19203
right-9375,dn7-walmart-amazonr_19204
right-9376,dn7-walmart-amazonr_19205
right-9377,dn7-walmart-amazonr_19206
right-9378,dn7-walmart-amazonr_19207
right-9379,dn7-walmart-amazonr_19209
right-9380,dn7-walmart-amazonr_19210
right-9381,dn7-walmart-amazonr_19211
right-9382,dn7-walmart-amazonr_19212
right-9383,dn7-walmart-amazonr_19216
right-9384,dn7-walmart-amazonr_19219
right-9385,dn7-walmart-amazonr_19223
right-9386,dn7-walmart-amazonr_19226
right-9387,dn7-walmart-amazonr_19230
right-9388,dn7-walmart-amazonr_19231
right-9389,dn7-walmart-amazonr_19232
right-9390,dn7-walmart-amazonr_19234
right-9391,dn7-walmart-amazonr_19238
right-9392,dn7-walmart-amazonr_19239
right-9393,dn7-walmart-amazonr_19242
right-9394,dn7-walmart-amazonr_19244
right-9395,dn7-walmart-amazonr_19246
right-9396,dn7-walmart-amazonr_19247
right-9397,dn7-walmart-amazonr_19248
right-9398,dn7-walmart-amazonr_19250
right-9399,dn7-walmart-amazonr_19251
right-9400,dn7-walmart-amazonr_19257
right-9401,dn7-walmart-amazonr_19261
right-9402,dn7-walmart-amazonr_19262
right-9403,dn7-walmart-amazonr_19267
right-9404,dn7-walmart-amazonr_19268
right-9405,dn7-walmart-amazonr_19271
right-9406,dn7-walmart-amazonr_19272
right-9407,dn7-walmart-amazonr_19274
right-9408,dn7-walmart-amazonr_19276
right-9409,dn7-walmart-amazonr_19277
right-9410,dn7-walmart-amazonr_19279
right-9411,dn7-walmart-amazonr_19283
right-9412,dn7-walmart-amazonr_19285
right-9413,dn7-walmart-amazonr_19291
right-9414,dn7-walmart-amazonr_19292
right-9415,dn7-walmart-amazonr_19293
right-9416,dn7-walmart-amazonr_19294
right-9417,dn7-walmart-amazonr_19295
right-9418,dn7-walmart-amazonr_19296
right-9419,dn7-walmart-amazonr_19297
right-9420,dn7-walmart-amazonr_19298
right-9421,dn7-walmart-amazonr_19299
right-9422,dn7-walmart-amazonr_19301
right-9423,dn7-walmart-amazonr_19303
right-9424,dn7-walmart-amazonr_19305
right-9425,dn7-walmart-amazonr_19309
right-9426,dn7-walmart-amazonr_19314
right-9427,dn7-walmart-amazonr_19315
right-9428,dn7-walmart-amazonr_19317
right-9429,dn7-walmart-amazonr_19319
right-9430,dn7-walmart-amazonr_19320
right-9431,dn7-walmart-amazonr_19321
right-9432,dn7-walmart-amazonr_19324
right-9433,dn7-walmart-amazonr_19326
right-9434,dn7-walmart-amazonr_19327
right-9435,dn7-walmart-amazonr_19328
right-9436,dn7-walmart-amazonr_19329
right-9437,dn7-walmart-amazonr_19330
right-9438,dn7-walmart-amazonr_19332
right-9439,dn7-walmart-amazonr_19334
right-9440,dn7-walmart-amazonr_19339
right-9441,dn7-walmart-amazonr_19340
right-9442,dn7-walmart-amazonr_19344
right-9443,dn7-walmart-amazonr_19345
right-9444,dn7-walmart-amazonr_19346
right-9445,dn7-walmart-amazonr_19347
right-9446,dn7-walmart-amazonr_19348
right-9447,dn7-walmart-amazonr_19350
right-9448,dn7-walmart-amazonr_19351
right-9449,dn7-walmart-amazonr_19352
right-9450,dn7-walmart-amazonr_19353
right-9451,dn7-walmart-amazonr_19354
right-9452,dn7-walmart-amazonr_19356
right-9453,dn7-walmart-amazonr_19358
right-9454,dn7-walmart-amazonr_19359
right-9455,dn7-walmart-amazonr_19363
right-9456,dn7-walmart-amazonr_19369
right-9457,dn7-walmart-amazonr_19371
right-9458,dn7-walmart-amazonr_19373
right-9459,dn7-walmart-amazonr_19374
right-9460,dn7-walmart-amazonr_19376
right-9461,dn7-walmart-amazonr_19377
right-9462,dn7-walmart-amazonr_19378
right-9463,dn7-walmart-amazonr_19383
right-9464,dn7-walmart-amazonr_19384
right-9465,dn7-walmart-amazonr_19385
right-9466,dn7-walmart-amazonr_19387
right-9467,dn7-walmart-amazonr_19388
right-9468,dn7-walmart-amazonr_19392
right-9469,dn7-walmart-amazonr_19394
right-9470,dn7-walmart-amazonr_19397
right-9471,dn7-walmart-amazonr_19401
right-9472,dn7-walmart-amazonr_19402
right-9473,dn7-walmart-amazonr_19403
right-9474,dn7-walmart-amazonr_19405
right-9475,dn7-walmart-amazonr_19407
right-9476,dn7-walmart-amazonr_19408
right-9477,dn7-walmart-amazonr_19409
right-9478,dn7-walmart-amazonr_19412
right-9479,dn7-walmart-amazonr_19414
right-9480,dn7-walmart-amazonr_19415
right-9481,dn7-walmart-amazonr_19417
right-9482,dn7-walmart-amazonr_19423
right-9483,dn7-walmart-amazonr_19428
right-9484,dn7-walmart-amazonr_19430
right-9485,dn7-walmart-amazonr_19432
right-9486,dn7-walmart-amazonr_19433
right-9487,dn7-walmart-amazonr_19435
right-9488,dn7-walmart-amazonr_19436
right-9489,dn7-walmart-amazonr_19437
right-9490,dn7-walmart-amazonr_19438
right-9491,dn7-walmart-amazonr_19440
right-9492,dn7-walmart-amazonr_19441
right-9493,dn7-walmart-amazonr_19448
right-9494,dn7-walmart-amazonr_19452
right-9495,dn7-walmart-amazonr_19454
right-9496,dn7-walmart-amazonr_19455
right-9497,dn7-walmart-amazonr_19456
right-9498,dn7-walmart-amazonr_19462
right-9499,dn7-walmart-amazonr_19463
right-9500,dn7-walmart-amazonr_19467
right-9501,dn7-walmart-amazonr_19468
right-9502,dn7-walmart-amazonr_19469
right-9503,dn7-walmart-amazonr_19473
right-9504,dn7-walmart-amazonr_19475
right-9505,dn7-walmart-amazonr_19479
right-9506,dn7-walmart-amazonr_19483
right-9507,dn7-walmart-amazonr_19484
right-9508,dn7-walmart-amazonr_19486
right-9509,dn7-walmart-amazonr_19487
right-9510,dn7-walmart-amazonr_19489
right-9511,dn7-walmart-amazonr_19491
right-9512,dn7-walmart-amazonr_19492
right-9513,dn7-walmart-amazonr_19497
right-9514,dn7-walmart-amazonr_19498
right-9515,dn7-walmart-amazonr_19500
right-9516,dn7-walmart-amazonr_19503
right-9517,dn7-walmart-amazonr_19504
right-9518,dn7-walmart-amazonr_19506
right-9519,dn7-walmart-amazonr_19507
right-9520,dn7-walmart-amazonr_19514
right-9521,dn7-walmart-amazonr_19515
right-9522,dn7-walmart-amazonr_19516
right-9523,dn7-walmart-amazonr_19518
right-9524,dn7-walmart-amazonr_19519
right-9525,dn7-walmart-amazonr_19523
right-9526,dn7-walmart-amazonr_19524
right-9527,dn7-walmart-amazonr_19525
right-9528,dn7-walmart-amazonr_19527
right-9529,dn7-walmart-amazonr_19538
right-9530,dn7-walmart-amazonr_19540
right-9531,dn7-walmart-amazonr_19547
right-9532,dn7-walmart-amazonr_19548
right-9533,dn7-walmart-amazonr_19549
right-9534,dn7-walmart-amazonr_19552
right-9535,dn7-walmart-amazonr_19556
right-9536,dn7-walmart-amazonr_19557
right-9537,dn7-walmart-amazonr_19558
right-9538,dn7-walmart-amazonr_19560
right-9539,dn7-walmart-amazonr_19561
right-9540,dn7-walmart-amazonr_19563
right-9541,dn7-walmart-amazonr_19564
right-9542,dn7-walmart-amazonr_19566
right-9543,dn7-walmart-amazonr_19568
right-9544,dn7-walmart-amazonr_19569
right-9545,dn7-walmart-amazonr_19570
right-9546,dn7-walmart-amazonr_19571
right-9547,dn7-walmart-amazonr_19573
right-9548,dn7-walmart-amazonr_19575
right-9549,dn7-walmart-amazonr_19576
right-9550,dn7-walmart-amazonr_19577
right-9551,dn7-walmart-amazonr_19578
right-9552,dn7-walmart-amazonr_19579
right-9553,dn7-walmart-amazonr_19580
right-9554,dn7-walmart-amazonr_19583
right-9555,dn7-walmart-amazonr_19584
right-9556,dn7-walmart-amazonr_19585
right-9557,dn7-walmart-amazonr_19586
right-9558,dn7-walmart-amazonr_19587
right-9559,dn7-walmart-amazonr_19589
right-9560,dn7-walmart-amazonr_19592
right-9561,dn7-walmart-amazonr_19595
right-9562,dn7-walmart-amazonr_19596
right-9563,dn7-walmart-amazonr_19598
right-9564,dn7-walmart-amazonr_19599
right-9565,dn7-walmart-amazonr_19600
right-9566,dn7-walmart-amazonr_19601
right-9567,dn7-walmart-amazonr_19607
right-9568,dn7-walmart-amazonr_19611
right-9569,dn7-walmart-amazonr_19612
right-9570,dn7-walmart-amazonr_19614
right-9571,dn7-walmart-amazonr_19619
right-9572,dn7-walmart-amazonr_19620
right-9573,dn7-walmart-amazonr_19621
right-9574,dn7-walmart-amazonr_19624
right-9575,dn7-walmart-amazonr_19627
right-9576,dn7-walmart-amazonr_19631
right-9577,dn7-walmart-amazonr_19632
right-9578,dn7-walmart-amazonr_19633
right-9579,dn7-walmart-amazonr_19634
right-9580,dn7-walmart-amazonr_19636
right-9581,dn7-walmart-amazonr_19638
right-9582,dn7-walmart-amazonr_19639
right-9583,dn7-walmart-amazonr_19640
right-9584,dn7-walmart-amazonr_19642
right-9585,dn7-walmart-amazonr_19643
right-9586,dn7-walmart-amazonr_19646
right-9587,dn7-walmart-amazonr_19647
right-9588,dn7-walmart-amazonr_19652
right-9589,dn7-walmart-amazonr_19654
right-9590,dn7-walmart-amazonr_19662
right-9591,dn7-walmart-amazonr_19663
right-9592,dn7-walmart-amazonr_19664
right-9593,dn7-walmart-amazonr_19665
right-9594,dn7-walmart-amazonr_19666
right-9595,dn7-walmart-amazonr_19669
right-9596,dn7-walmart-amazonr_19670
right-9597,dn7-walmart-amazonr_19675
right-9598,dn7-walmart-amazonr_19678
right-9599,dn7-walmart-amazonr_19679
right-9600,dn7-walmart-amazonr_19683
right-9601,dn7-walmart-amazonr_19684
right-9602,dn7-walmart-amazonr_19687
right-9603,dn7-walmart-amazonr_19691
right-9604,dn7-walmart-amazonr_19694
right-9605,dn7-walmart-amazonr_19695
right-9606,dn7-walmart-amazonr_19698
right-9607,dn7-walmart-amazonr_19702
right-9608,dn7-walmart-amazonr_19703
right-9609,dn7-walmart-amazonr_19704
right-9610,dn7-walmart-amazonr_19705
right-9611,dn7-walmart-amazonr_19706
right-9612,dn7-walmart-amazonr_19708
right-9613,dn7-walmart-amazonr_19709
right-9614,dn7-walmart-amazonr_19710
right-9615,dn7-walmart-amazonr_19711
right-9616,dn7-walmart-amazonr_19715
right-9617,dn7-walmart-amazonr_19717
right-9618,dn7-walmart-amazonr_19719
right-9619,dn7-walmart-amazonr_19721
right-9620,dn7-walmart-amazonr_19727
right-9621,dn7-walmart-amazonr_19728
right-9622,dn7-walmart-amazonr_19730
right-9623,dn7-walmart-amazonr_19733
right-9624,dn7-walmart-amazonr_19734
right-9625,dn7-walmart-amazonr_19736
right-9626,dn7-walmart-amazonr_19738
right-9627,dn7-walmart-amazonr_19739
right-9628,dn7-walmart-amazonr_19742
right-9629,dn7-walmart-amazonr_19747
right-9630,dn7-walmart-amazonr_19750
right-9631,dn7-walmart-amazonr_19751
right-9632,dn7-walmart-amazonr_19756
right-9633,dn7-walmart-amazonr_19758
right-9634,dn7-walmart-amazonr_19759
right-9635,dn7-walmart-amazonr_19760
right-9636,dn7-walmart-amazonr_19762
right-9637,dn7-walmart-amazonr_19765
right-9638,dn7-walmart-amazonr_19766
right-9639,dn7-walmart-amazonr_19770
right-9640,dn7-walmart-amazonr_19773
right-9641,dn7-walmart-amazonr_19775
right-9642,dn7-walmart-amazonr_19778
right-9643,dn7-walmart-amazonr_19779
right-9644,dn7-walmart-amazonr_19780
right-9645,dn7-walmart-amazonr_19782
right-9646,dn7-walmart-amazonr_19783
right-9647,dn7-walmart-amazonr_19784
right-9648,dn7-walmart-amazonr_19785
right-9649,dn7-walmart-amazonr_19791
right-9650,dn7-walmart-amazonr_19795
right-9651,dn7-walmart-amazonr_19797
right-9652,dn7-walmart-amazonr_19800
right-9653,dn7-walmart-amazonr_19806
right-9654,dn7-walmart-amazonr_19807
right-9655,dn7-walmart-amazonr_19808
right-9656,dn7-walmart-amazonr_19809
right-9657,dn7-walmart-amazonr_19810
right-9658,dn7-walmart-amazonr_19817
right-9659,dn7-walmart-amazonr_19818
right-9660,dn7-walmart-amazonr_19819
right-9661,dn7-walmart-amazonr_19821
right-9662,dn7-walmart-amazonr_19829
right-9663,dn7-walmart-amazonr_19830
right-9664,dn7-walmart-amazonr_19834
right-9665,dn7-walmart-amazonr_19835
right-9666,dn7-walmart-amazonr_19836
right-9667,dn7-walmart-amazonr_19838
right-9668,dn7-walmart-amazonr_19840
right-9669,dn7-walmart-amazonr_19841
right-9670,dn7-walmart-amazonr_19843
right-9671,dn7-walmart-amazonr_19844
right-9672,dn7-walmart-amazonr_19847
right-9673,dn7-walmart-amazonr_19848
right-9674,dn7-walmart-amazonr_19849
right-9675,dn7-walmart-amazonr_19851
right-9676,dn7-walmart-amazonr_19852
right-9677,dn7-walmart-amazonr_19853
right-9678,dn7-walmart-amazonr_19855
right-9679,dn7-walmart-amazonr_19858
right-9680,dn7-walmart-amazonr_19865
right-9681,dn7-walmart-amazonr_19866
right-9682,dn7-walmart-amazonr_19867
right-9683,dn7-walmart-amazonr_19869
right-9684,dn7-walmart-amazonr_19871
right-9685,dn7-walmart-amazonr_19872
right-9686,dn7-walmart-amazonr_19878
right-9687,dn7-walmart-amazonr_19879
right-9688,dn7-walmart-amazonr_19880
right-9689,dn7-walmart-amazonr_19881
right-9690,dn7-walmart-amazonr_19882
right-9691,dn7-walmart-amazonr_19884
right-9692,dn7-walmart-amazonr_19886
right-9693,dn7-walmart-amazonr_19887
right-9694,dn7-walmart-amazonr_19888
right-9695,dn7-walmart-amazonr_19889
right-9696,dn7-walmart-amazonr_19896
right-9697,dn7-walmart-amazonr_19897
right-9698,dn7-walmart-amazonr_19899
right-9699,dn7-walmart-amazonr_19900
right-9700,dn7-walmart-amazonr_19902
right-9701,dn7-walmart-amazonr_19903
right-9702,dn7-walmart-amazonr_19906
right-9703,dn7-walmart-amazonr_19908
right-9704,dn7-walmart-amazonr_19909
right-9705,dn7-walmart-amazonr_19910
right-9706,dn7-walmart-amazonr_19911
right-9707,dn7-walmart-amazonr_19913
right-9708,dn7-walmart-amazonr_19915
right-9709,dn7-walmart-amazonr_19917
right-9710,dn7-walmart-amazonr_19918
right-9711,dn7-walmart-amazonr_19921
right-9712,dn7-walmart-amazonr_19925
right-9713,dn7-walmart-amazonr_19927
right-9714,dn7-walmart-amazonr_19930
right-9715,dn7-walmart-amazonr_19932
right-9716,dn7-walmart-amazonr_19936
right-9717,dn7-walmart-amazonr_19937
right-9718,dn7-walmart-amazonr_19938
right-9719,dn7-walmart-amazonr_19942
right-9720,dn7-walmart-amazonr_19943
right-9721,dn7-walmart-amazonr_19944
right-9722,dn7-walmart-amazonr_19945
right-9723,dn7-walmart-amazonr_19946
right-9724,dn7-walmart-amazonr_19948
right-9725,dn7-walmart-amazonr_19952
right-9726,dn7-walmart-amazonr_19954
right-9727,dn7-walmart-amazonr_19957
right-9728,dn7-walmart-amazonr_19962
right-9729,dn7-walmart-amazonr_19963
right-9730,dn7-walmart-amazonr_19964
right-9731,dn7-walmart-amazonr_19967
right-9732,dn7-walmart-amazonr_19973
right-9733,dn7-walmart-amazonr_19975
right-9734,dn7-walmart-amazonr_19976
right-9735,dn7-walmart-amazonr_19977
right-9736,dn7-walmart-amazonr_19978
right-9737,dn7-walmart-amazonr_19981
right-9738,dn7-walmart-amazonr_19983
right-9739,dn7-walmart-amazonr_19988
right-9740,dn7-walmart-amazonr_19989
right-9741,dn7-walmart-amazonr_19991
right-9742,dn7-walmart-amazonr_19998
right-9743,dn7-walmart-amazonr_20000
right-9744,dn7-walmart-amazonr_20002
right-9745,dn7-walmart-amazonr_20004
right-9746,dn7-walmart-amazonr_20005
right-9747,dn7-walmart-amazonr_20006
right-9748,dn7-walmart-amazonr_20007
right-9749,dn7-walmart-amazonr_20010
right-9750,dn7-walmart-amazonr_20011
right-9751,dn7-walmart-amazonr_20012
right-9752,dn7-walmart-amazonr_20015
right-9753,dn7-walmart-amazonr_20018
right-9754,dn7-walmart-amazonr_20021
right-9755,dn7-walmart-amazonr_20022
right-9756,dn7-walmart-amazonr_20027
right-9757,dn7-walmart-amazonr_20028
right-9758,dn7-walmart-amazonr_20031
right-9759,dn7-walmart-amazonr_20034
right-9760,dn7-walmart-amazonr_20035
right-9761,dn7-walmart-amazonr_20037
right-9762,dn7-walmart-amazonr_20038
right-9763,dn7-walmart-amazonr_20045
right-9764,dn7-walmart-amazonr_20046
right-9765,dn7-walmart-amazonr_20048
right-9766,dn7-walmart-amazonr_20051
right-9767,dn7-walmart-amazonr_20056
right-9768,dn7-walmart-amazonr_20059
right-9769,dn7-walmart-amazonr_20060
right-9770,dn7-walmart-amazonr_20061
right-9771,dn7-walmart-amazonr_20063
right-9772,dn7-walmart-amazonr_20066
right-9773,dn7-walmart-amazonr_20068
right-9774,dn7-walmart-amazonr_20070
right-9775,dn7-walmart-amazonr_20074
right-9776,dn7-walmart-amazonr_20075
right-9777,dn7-walmart-amazonr_20078
right-9778,dn7-walmart-amazonr_20079
right-9779,dn7-walmart-amazonr_20081
right-9780,dn7-walmart-amazonr_20082
right-9781,dn7-walmart-amazonr_20094
right-9782,dn7-walmart-amazonr_20101
right-9783,dn7-walmart-amazonr_20106
right-9784,dn7-walmart-amazonr_20110
right-9785,dn7-walmart-amazonr_20111
right-9786,dn7-walmart-amazonr_20112
right-9787,dn7-walmart-amazonr_20114
right-9788,dn7-walmart-amazonr_20115
right-9789,dn7-walmart-amazonr_20116
right-9790,dn7-walmart-amazonr_20117
right-9791,dn7-walmart-amazonr_20119
right-9792,dn7-walmart-amazonr_20120
right-9793,dn7-walmart-amazonr_20121
right-9794,dn7-walmart-amazonr_20123
right-9795,dn7-walmart-amazonr_20125
right-9796,dn7-walmart-amazonr_20127
right-9797,dn7-walmart-amazonr_20128
right-9798,dn7-walmart-amazonr_20129
right-9799,dn7-walmart-amazonr_20130
right-9800,dn7-walmart-amazonr_20132
right-9801,dn7-walmart-amazonr_20134
right-9802,dn7-walmart-amazonr_20142
right-9803,dn7-walmart-amazonr_20143
right-9804,dn7-walmart-amazonr_20144
right-9805,dn7-walmart-amazonr_20145
right-9806,dn7-walmart-amazonr_20146
right-9807,dn7-walmart-amazonr_20147
right-9808,dn7-walmart-amazonr_20148
right-9809,dn7-walmart-amazonr_20149
right-9810,dn7-walmart-amazonr_20150
right-9811,dn7-walmart-amazonr_20151
right-9812,dn7-walmart-amazonr_20154
right-9813,dn7-walmart-amazonr_20156
right-9814,dn7-walmart-amazonr_20159
right-9815,dn7-walmart-amazonr_20162
right-9816,dn7-walmart-amazonr_20164
right-9817,dn7-walmart-amazonr_20166
right-9818,dn7-walmart-amazonr_20167
right-9819,dn7-walmart-amazonr_20171
right-9820,dn7-walmart-amazonr_20174
right-9821,dn7-walmart-amazonr_20177
right-9822,dn7-walmart-amazonr_20179
right-9823,dn7-walmart-amazonr_20180
right-9824,dn7-walmart-amazonr_20181
right-9825,dn7-walmart-amazonr_20182
right-9826,dn7-walmart-amazonr_20183
right-9827,dn7-walmart-amazonr_20184
right-9828,dn7-walmart-amazonr_20185
right-9829,dn7-walmart-amazonr_20186
right-9830,dn7-walmart-amazonr_20188
right-9831,dn7-walmart-amazonr_20190
right-9832,dn7-walmart-amazonr_20191
right-9833,dn7-walmart-amazonr_20192
right-9834,dn7-walmart-amazonr_20196
right-9835,dn7-walmart-amazonr_20197
right-9836,dn7-walmart-amazonr_20200
right-9837,dn7-walmart-amazonr_20201
right-9838,dn7-walmart-amazonr_20202
right-9839,dn7-walmart-amazonr_20203
right-9840,dn7-walmart-amazonr_20205
right-9841,dn7-walmart-amazonr_20206
right-9842,dn7-walmart-amazonr_20208
right-9843,dn7-walmart-amazonr_20210
right-9844,dn7-walmart-amazonr_20211
right-9845,dn7-walmart-amazonr_20212
right-9846,dn7-walmart-amazonr_20213
right-9847,dn7-walmart-amazonr_20214
right-9848,dn7-walmart-amazonr_20215
right-9849,dn7-walmart-amazonr_20217
right-9850,dn7-walmart-amazonr_20219
right-9851,dn7-walmart-amazonr_20221
right-9852,dn7-walmart-amazonr_20224
right-9853,dn7-walmart-amazonr_20226
right-9854,dn7-walmart-amazonr_20229
right-9855,dn7-walmart-amazonr_20232
right-9856,dn7-walmart-amazonr_20238
right-9857,dn7-walmart-amazonr_20239
right-9858,dn7-walmart-amazonr_20241
right-9859,dn7-walmart-amazonr_20242
right-9860,dn7-walmart-amazonr_20244
right-9861,dn7-walmart-amazonr_20247
right-9862,dn7-walmart-amazonr_20249
right-9863,dn7-walmart-amazonr_20250
right-9864,dn7-walmart-amazonr_20251
right-9865,dn7-walmart-amazonr_20252
right-9866,dn7-walmart-amazonr_20257
right-9867,dn7-walmart-amazonr_20259
right-9868,dn7-walmart-amazonr_20263
right-9869,dn7-walmart-amazonr_20266
right-9870,dn7-walmart-amazonr_20267
right-9871,dn7-walmart-amazonr_20269
right-9872,dn7-walmart-amazonr_20270
right-9873,dn7-walmart-amazonr_20272
right-9874,dn7-walmart-amazonr_20274
right-9875,dn7-walmart-amazonr_20275
right-9876,dn7-walmart-amazonr_20276
right-9877,dn7-walmart-amazonr_20277
right-9878,dn7-walmart-amazonr_20279
right-9879,dn7-walmart-amazonr_20284
right-9880,dn7-walmart-amazonr_20286
right-9881,dn7-walmart-amazonr_20289
right-9882,dn7-walmart-amazonr_20290
right-9883,dn7-walmart-amazonr_20291
right-9884,dn7-walmart-amazonr_20293
right-9885,dn7-walmart-amazonr_20294
right-9886,dn7-walmart-amazonr_20298
right-9887,dn7-walmart-amazonr_20299
right-9888,dn7-walmart-amazonr_20300
right-9889,dn7-walmart-amazonr_20302
right-9890,dn7-walmart-amazonr_20305
right-9891,dn7-walmart-amazonr_20306
right-9892,dn7-walmart-amazonr_20307
right-9893,dn7-walmart-amazonr_20309
right-9894,dn7-walmart-amazonr_20310
right-9895,dn7-walmart-amazonr_20311
right-9896,dn7-walmart-amazonr_20313
right-9897,dn7-walmart-amazonr_20314
right-9898,dn7-walmart-amazonr_20321
right-9899,dn7-walmart-amazonr_20322
right-9900,dn7-walmart-amazonr_20323
right-9901,dn7-walmart-amazonr_20326
right-9902,dn7-walmart-amazonr_20333
right-9903,dn7-walmart-amazonr_20335
right-9904,dn7-walmart-amazonr_20337
right-9905,dn7-walmart-amazonr_20339
right-9906,dn7-walmart-amazonr_20340
right-9907,dn7-walmart-amazonr_20342
right-9908,dn7-walmart-amazonr_20344
right-9909,dn7-walmart-amazonr_20345
right-9910,dn7-walmart-amazonr_20346
right-9911,dn7-walmart-amazonr_20347
right-9912,dn7-walmart-amazonr_20348
right-9913,dn7-walmart-amazonr_20351
right-9914,dn7-walmart-amazonr_20353
right-9915,dn7-walmart-amazonr_20354
right-9916,dn7-walmart-amazonr_20356
right-9917,dn7-walmart-amazonr_20358
right-9918,dn7-walmart-amazonr_20361
right-9919,dn7-walmart-amazonr_20363
right-9920,dn7-walmart-amazonr_20364
right-9921,dn7-walmart-amazonr_20367
right-9922,dn7-walmart-amazonr_20372
right-9923,dn7-walmart-amazonr_20373
right-9924,dn7-walmart-amazonr_20375
right-9925,dn7-walmart-amazonr_20382
right-9926,dn7-walmart-amazonr_20384
right-9927,dn7-walmart-amazonr_20385
right-9928,dn7-walmart-amazonr_20390
right-9929,dn7-walmart-amazonr_20392
right-9930,dn7-walmart-amazonr_20394
right-9931,dn7-walmart-amazonr_20399
right-9932,dn7-walmart-amazonr_20400
right-9933,dn7-walmart-amazonr_20403
right-9934,dn7-walmart-amazonr_20404
right-9935,dn7-walmart-amazonr_20410
right-9936,dn7-walmart-amazonr_20411
right-9937,dn7-walmart-amazonr_20412
right-9938,dn7-walmart-amazonr_20417
right-9939,dn7-walmart-amazonr_20421
right-9940,dn7-walmart-amazonr_20422
right-9941,dn7-walmart-amazonr_20423
right-9942,dn7-walmart-amazonr_20426
right-9943,dn7-walmart-amazonr_20427
right-9944,dn7-walmart-amazonr_20428
right-9945,dn7-walmart-amazonr_20429
right-9946,dn7-walmart-amazonr_20432
right-9947,dn7-walmart-amazonr_20435
right-9948,dn7-walmart-amazonr_20437
right-9949,dn7-walmart-amazonr_20440
right-9950,dn7-walmart-amazonr_20441
right-9951,dn7-walmart-amazonr_20442
right-9952,dn7-walmart-amazonr_20443
right-9953,dn7-walmart-amazonr_20444
right-9954,dn7-walmart-amazonr_20445
right-9955,dn7-walmart-amazonr_20446
right-9956,dn7-walmart-amazonr_20450
right-9957,dn7-walmart-amazonr_20453
right-9958,dn7-walmart-amazonr_20454
right-9959,dn7-walmart-amazonr_20455
right-9960,dn7-walmart-amazonr_20456
right-9961,dn7-walmart-amazonr_20458
right-9962,dn7-walmart-amazonr_20461
right-9963,dn7-walmart-amazonr_20463
right-9964,dn7-walmart-amazonr_20465
right-9965,dn7-walmart-amazonr_20468
right-9966,dn7-walmart-amazonr_20469
right-9967,dn7-walmart-amazonr_20471
right-9968,dn7-walmart-amazonr_20473
right-9969,dn7-walmart-amazonr_20475
right-9970,dn7-walmart-amazonr_20476
right-9971,dn7-walmart-amazonr_20479
right-9972,dn7-walmart-amazonr_20483
right-9973,dn7-walmart-amazonr_20484
right-9974,dn7-walmart-amazonr_20485
right-9975,dn7-walmart-amazonr_20486
right-9976,dn7-walmart-amazonr_20487
right-9977,dn7-walmart-amazonr_20488
right-9978,dn7-walmart-amazonr_20494
right-9979,dn7-walmart-amazonr_20496
right-9980,dn7-walmart-amazonr_20499
right-9981,dn7-walmart-amazonr_20500
right-9982,dn7-walmart-amazonr_20501
right-9983,dn7-walmart-amazonr_20505
right-9984,dn7-walmart-amazonr_20506
right-9985,dn7-walmart-amazonr_20508
right-9986,dn7-walmart-amazonr_20511
right-9987,dn7-walmart-amazonr_20512
right-9988,dn7-walmart-amazonr_20514
right-9989,dn7-walmart-amazonr_20516
right-9990,dn7-walmart-amazonr_20518
right-9991,dn7-walmart-amazonr_20519
right-9992,dn7-walmart-amazonr_20522
right-9993,dn7-walmart-amazonr_20524
right-9994,dn7-walmart-amazonr_20526
right-9995,dn7-walmart-amazonr_20527
right-9996,dn7-walmart-amazonr_20528
right-9997,dn7-walmart-amazonr_20529
right-9998,dn7-walmart-amazonr_20530
right-9999,dn7-walmart-amazonr_20531
right-10000,dn7-walmart-amazonr_20532
right-10001,dn7-walmart-amazonr_20541
right-10002,dn7-walmart-amazonr_20542
right-10003,dn7-walmart-amazonr_20543
right-10004,dn7-walmart-amazonr_20545
right-10005,dn7-walmart-amazonr_20546
right-10006,dn7-walmart-amazonr_20548
right-10007,dn7-walmart-amazonr_20549
right-10008,dn7-walmart-amazonr_20550
right-10009,dn7-walmart-amazonr_20551
right-10010,dn7-walmart-amazonr_20552
right-10011,dn7-walmart-amazonr_20553
right-10012,dn7-walmart-amazonr_20557
right-10013,dn7-walmart-amazonr_20560
right-10014,dn7-walmart-amazonr_20562
right-10015,dn7-walmart-amazonr_20564
right-10016,dn7-walmart-amazonr_20567
right-10017,dn7-walmart-amazonr_20570
right-10018,dn7-walmart-amazonr_20571
right-10019,dn7-walmart-amazonr_20572
right-10020,dn7-walmart-amazonr_20573
right-10021,dn7-walmart-amazonr_20575
right-10022,dn7-walmart-amazonr_20577
right-10023,dn7-walmart-amazonr_20579
right-10024,dn7-walmart-amazonr_20580
right-10025,dn7-walmart-amazonr_20585
right-10026,dn7-walmart-amazonr_20586
right-10027,dn7-walmart-amazonr_20588
right-10028,dn7-walmart-amazonr_20591
right-10029,dn7-walmart-amazonr_20598
right-10030,dn7-walmart-amazonr_20604
right-10031,dn7-walmart-amazonr_20607
right-10032,dn7-walmart-amazonr_20608
right-10033,dn7-walmart-amazonr_20609
right-10034,dn7-walmart-amazonr_20612
right-10035,dn7-walmart-amazonr_20613
right-10036,dn7-walmart-amazonr_20614
right-10037,dn7-walmart-amazonr_20615
right-10038,dn7-walmart-amazonr_20617
right-10039,dn7-walmart-amazonr_20620
right-10040,dn7-walmart-amazonr_20623
right-10041,dn7-walmart-amazonr_20624
right-10042,dn7-walmart-amazonr_20625
right-10043,dn7-walmart-amazonr_20627
right-10044,dn7-walmart-amazonr_20628
right-10045,dn7-walmart-amazonr_20629
right-10046,dn7-walmart-amazonr_20632
right-10047,dn7-walmart-amazonr_20634
right-10048,dn7-walmart-amazonr_20637
right-10049,dn7-walmart-amazonr_20638
right-10050,dn7-walmart-amazonr_20640
right-10051,dn7-walmart-amazonr_20642
right-10052,dn7-walmart-amazonr_20644
right-10053,dn7-walmart-amazonr_20645
right-10054,dn7-walmart-amazonr_20646
right-10055,dn7-walmart-amazonr_20647
right-10056,dn7-walmart-amazonr_20650
right-10057,dn7-walmart-amazonr_20655
right-10058,dn7-walmart-amazonr_20658
right-10059,dn7-walmart-amazonr_20661
right-10060,dn7-walmart-amazonr_20662
right-10061,dn7-walmart-amazonr_20663
right-10062,dn7-walmart-amazonr_20664
right-10063,dn7-walmart-amazonr_20667
right-10064,dn7-walmart-amazonr_20671
right-10065,dn7-walmart-amazonr_20675
right-10066,dn7-walmart-amazonr_20689
right-10067,dn7-walmart-amazonr_20692
right-10068,dn7-walmart-amazonr_20696
right-10069,dn7-walmart-amazonr_20697
right-10070,dn7-walmart-amazonr_20698
right-10071,dn7-walmart-amazonr_20699
right-10072,dn7-walmart-amazonr_20708
right-10073,dn7-walmart-amazonr_20712
right-10074,dn7-walmart-amazonr_20713
right-10075,dn7-walmart-amazonr_20714
right-10076,dn7-walmart-amazonr_20715
right-10077,dn7-walmart-amazonr_20723
right-10078,dn7-walmart-amazonr_20725
right-10079,dn7-walmart-amazonr_20726
right-10080,dn7-walmart-amazonr_20729
right-10081,dn7-walmart-amazonr_20731
right-10082,dn7-walmart-amazonr_20732
right-10083,dn7-walmart-amazonr_20733
right-10084,dn7-walmart-amazonr_20734
right-10085,dn7-walmart-amazonr_20735
right-10086,dn7-walmart-amazonr_20737
right-10087,dn7-walmart-amazonr_20738
right-10088,dn7-walmart-amazonr_20740
right-10089,dn7-walmart-amazonr_20741
right-10090,dn7-walmart-amazonr_20742
right-10091,dn7-walmart-amazonr_20744
right-10092,dn7-walmart-amazonr_20747
right-10093,dn7-walmart-amazonr_20748
right-10094,dn7-walmart-amazonr_20749
right-10095,dn7-walmart-amazonr_20752
right-10096,dn7-walmart-amazonr_20757
right-10097,dn7-walmart-amazonr_20764
right-10098,dn7-walmart-amazonr_20766
right-10099,dn7-walmart-amazonr_20767
right-10100,dn7-walmart-amazonr_20772
right-10101,dn7-walmart-amazonr_20775
right-10102,dn7-walmart-amazonr_20778
right-10103,dn7-walmart-amazonr_20779
right-10104,dn7-walmart-amazonr_20781
right-10105,dn7-walmart-amazonr_20784
right-10106,dn7-walmart-amazonr_20785
right-10107,dn7-walmart-amazonr_20786
right-10108,dn7-walmart-amazonr_20790
right-10109,dn7-walmart-amazonr_20794
right-10110,dn7-walmart-amazonr_20795
right-10111,dn7-walmart-amazonr_20798
right-10112,dn7-walmart-amazonr_20800
right-10113,dn7-walmart-amazonr_20801
right-10114,dn7-walmart-amazonr_20806
right-10115,dn7-walmart-amazonr_20807
right-10116,dn7-walmart-amazonr_20808
right-10117,dn7-walmart-amazonr_20809
right-10118,dn7-walmart-amazonr_20812
right-10119,dn7-walmart-amazonr_20813
right-10120,dn7-walmart-amazonr_20815
right-10121,dn7-walmart-amazonr_20816
right-10122,dn7-walmart-amazonr_20819
right-10123,dn7-walmart-amazonr_20821
right-10124,dn7-walmart-amazonr_20823
right-10125,dn7-walmart-amazonr_20826
right-10126,dn7-walmart-amazonr_20828
right-10127,dn7-walmart-amazonr_20829
right-10128,dn7-walmart-amazonr_20831
right-10129,dn7-walmart-amazonr_20833
right-10130,dn7-walmart-amazonr_20837
right-10131,dn7-walmart-amazonr_20843
right-10132,dn7-walmart-amazonr_20844
right-10133,dn7-walmart-amazonr_20845
right-10134,dn7-walmart-amazonr_20847
right-10135,dn7-walmart-amazonr_20852
right-10136,dn7-walmart-amazonr_20854
right-10137,dn7-walmart-amazonr_20856
right-10138,dn7-walmart-amazonr_20857
right-10139,dn7-walmart-amazonr_20859
right-10140,dn7-walmart-amazonr_20860
right-10141,dn7-walmart-amazonr_20864
right-10142,dn7-walmart-amazonr_20869
right-10143,dn7-walmart-amazonr_20870
right-10144,dn7-walmart-amazonr_20871
right-10145,dn7-walmart-amazonr_20873
right-10146,dn7-walmart-amazonr_20874
right-10147,dn7-walmart-amazonr_20875
right-10148,dn7-walmart-amazonr_20877
right-10149,dn7-walmart-amazonr_20879
right-10150,dn7-walmart-amazonr_20884
right-10151,dn7-walmart-amazonr_20886
right-10152,dn7-walmart-amazonr_20887
right-10153,dn7-walmart-amazonr_20891
right-10154,dn7-walmart-amazonr_20893
right-10155,dn7-walmart-amazonr_20894
right-10156,dn7-walmart-amazonr_20896
right-10157,dn7-walmart-amazonr_20898
right-10158,dn7-walmart-amazonr_20899
right-10159,dn7-walmart-amazonr_20908
right-10160,dn7-walmart-amazonr_20909
right-10161,dn7-walmart-amazonr_20910
right-10162,dn7-walmart-amazonr_20911
right-10163,dn7-walmart-amazonr_20913
right-10164,dn7-walmart-amazonr_20920
right-10165,dn7-walmart-amazonr_20922
right-10166,dn7-walmart-amazonr_20924
right-10167,dn7-walmart-amazonr_20925
right-10168,dn7-walmart-amazonr_20928
right-10169,dn7-walmart-amazonr_20931
right-10170,dn7-walmart-amazonr_20932
right-10171,dn7-walmart-amazonr_20933
right-10172,dn7-walmart-amazonr_20935
right-10173,dn7-walmart-amazonr_20938
right-10174,dn7-walmart-amazonr_20939
right-10175,dn7-walmart-amazonr_20940
right-10176,dn7-walmart-amazonr_20943
right-10177,dn7-walmart-amazonr_20946
right-10178,dn7-walmart-amazonr_20949
right-10179,dn7-walmart-amazonr_20950
right-10180,dn7-walmart-amazonr_20951
right-10181,dn7-walmart-amazonr_20952
right-10182,dn7-walmart-amazonr_20954
right-10183,dn7-walmart-amazonr_20957
right-10184,dn7-walmart-amazonr_20959
right-10185,dn7-walmart-amazonr_20965
right-10186,dn7-walmart-amazonr_20973
right-10187,dn7-walmart-amazonr_20974
right-10188,dn7-walmart-amazonr_20980
right-10189,dn7-walmart-amazonr_20985
right-10190,dn7-walmart-amazonr_20986
right-10191,dn7-walmart-amazonr_20989
right-10192,dn7-walmart-amazonr_20993
right-10193,dn7-walmart-amazonr_20994
right-10194,dn7-walmart-amazonr_20995
right-10195,dn7-walmart-amazonr_20996
right-10196,dn7-walmart-amazonr_20997
right-10197,dn7-walmart-amazonr_20998
right-10198,dn7-walmart-amazonr_20999
right-10199,dn7-walmart-amazonr_21010
right-10200,dn7-walmart-amazonr_21012
right-10201,dn7-walmart-amazonr_21015
right-10202,dn7-walmart-amazonr_21017
right-10203,dn7-walmart-amazonr_21019
right-10204,dn7-walmart-amazonr_21023
right-10205,dn7-walmart-amazonr_21024
right-10206,dn7-walmart-amazonr_21033
right-10207,dn7-walmart-amazonr_21035
right-10208,dn7-walmart-amazonr_21036
right-10209,dn7-walmart-amazonr_21037
right-10210,dn7-walmart-amazonr_21039
right-10211,dn7-walmart-amazonr_21040
right-10212,dn7-walmart-amazonr_21041
right-10213,dn7-walmart-amazonr_21043
right-10214,dn7-walmart-amazonr_21044
right-10215,dn7-walmart-amazonr_21045
right-10216,dn7-walmart-amazonr_21052
right-10217,dn7-walmart-amazonr_21055
right-10218,dn7-walmart-amazonr_21057
right-10219,dn7-walmart-amazonr_21061
right-10220,dn7-walmart-amazonr_21062
right-10221,dn7-walmart-amazonr_21063
right-10222,dn7-walmart-amazonr_21064
right-10223,dn7-walmart-amazonr_21065
right-10224,dn7-walmart-amazonr_21068
right-10225,dn7-walmart-amazonr_21071
right-10226,dn7-walmart-amazonr_21073
right-10227,dn7-walmart-amazonr_21076
right-10228,dn7-walmart-amazonr_21078
right-10229,dn7-walmart-amazonr_21079
right-10230,dn7-walmart-amazonr_21083
right-10231,dn7-walmart-amazonr_21084
right-10232,dn7-walmart-amazonr_21085
right-10233,dn7-walmart-amazonr_21086
right-10234,dn7-walmart-amazonr_21088
right-10235,dn7-walmart-amazonr_21092
right-10236,dn7-walmart-amazonr_21093
right-10237,dn7-walmart-amazonr_21094
right-10238,dn7-walmart-amazonr_21096
right-10239,dn7-walmart-amazonr_21097
right-10240,dn7-walmart-amazonr_21098
right-10241,dn7-walmart-amazonr_21099
right-10242,dn7-walmart-amazonr_21100
right-10243,dn7-walmart-amazonr_21103
right-10244,dn7-walmart-amazonr_21104
right-10245,dn7-walmart-amazonr_21107
right-10246,dn7-walmart-amazonr_21108
right-10247,dn7-walmart-amazonr_21109
right-10248,dn7-walmart-amazonr_21110
right-10249,dn7-walmart-amazonr_21111
right-10250,dn7-walmart-amazonr_21112
right-10251,dn7-walmart-amazonr_21114
right-10252,dn7-walmart-amazonr_21115
right-10253,dn7-walmart-amazonr_21118
right-10254,dn7-walmart-amazonr_21120
right-10255,dn7-walmart-amazonr_21121
right-10256,dn7-walmart-amazonr_21122
right-10257,dn7-walmart-amazonr_21126
right-10258,dn7-walmart-amazonr_21128
right-10259,dn7-walmart-amazonr_21129
right-10260,dn7-walmart-amazonr_21134
right-10261,dn7-walmart-amazonr_21139
right-10262,dn7-walmart-amazonr_21140
right-10263,dn7-walmart-amazonr_21144
right-10264,dn7-walmart-amazonr_21145
right-10265,dn7-walmart-amazonr_21147
right-10266,dn7-walmart-amazonr_21149
right-10267,dn7-walmart-amazonr_21150
right-10268,dn7-walmart-amazonr_21152
right-10269,dn7-walmart-amazonr_21153
right-10270,dn7-walmart-amazonr_21156
right-10271,dn7-walmart-amazonr_21158
right-10272,dn7-walmart-amazonr_21159
right-10273,dn7-walmart-amazonr_21161
right-10274,dn7-walmart-amazonr_21163
right-10275,dn7-walmart-amazonr_21164
right-10276,dn7-walmart-amazonr_21167
right-10277,dn7-walmart-amazonr_21168
right-10278,dn7-walmart-amazonr_21176
right-10279,dn7-walmart-amazonr_21178
right-10280,dn7-walmart-amazonr_21179
right-10281,dn7-walmart-amazonr_21180
right-10282,dn7-walmart-amazonr_21181
right-10283,dn7-walmart-amazonr_21182
right-10284,dn7-walmart-amazonr_21190
right-10285,dn7-walmart-amazonr_21191
right-10286,dn7-walmart-amazonr_21192
right-10287,dn7-walmart-amazonr_21195
right-10288,dn7-walmart-amazonr_21198
right-10289,dn7-walmart-amazonr_21207
right-10290,dn7-walmart-amazonr_21208
right-10291,dn7-walmart-amazonr_21211
right-10292,dn7-walmart-amazonr_21213
right-10293,dn7-walmart-amazonr_21218
right-10294,dn7-walmart-amazonr_21219
right-10295,dn7-walmart-amazonr_21220
right-10296,dn7-walmart-amazonr_21221
right-10297,dn7-walmart-amazonr_21227
right-10298,dn7-walmart-amazonr_21228
right-10299,dn7-walmart-amazonr_21230
right-10300,dn7-walmart-amazonr_21232
right-10301,dn7-walmart-amazonr_21233
right-10302,dn7-walmart-amazonr_21235
right-10303,dn7-walmart-amazonr_21238
right-10304,dn7-walmart-amazonr_21241
right-10305,dn7-walmart-amazonr_21242
right-10306,dn7-walmart-amazonr_21243
right-10307,dn7-walmart-amazonr_21244
right-10308,dn7-walmart-amazonr_21245
right-10309,dn7-walmart-amazonr_21248
right-10310,dn7-walmart-amazonr_21251
right-10311,dn7-walmart-amazonr_21252
right-10312,dn7-walmart-amazonr_21253
right-10313,dn7-walmart-amazonr_21255
right-10314,dn7-walmart-amazonr_21258
right-10315,dn7-walmart-amazonr_21260
right-10316,dn7-walmart-amazonr_21262
right-10317,dn7-walmart-amazonr_21265
right-10318,dn7-walmart-amazonr_21267
right-10319,dn7-walmart-amazonr_21268
right-10320,dn7-walmart-amazonr_21271
right-10321,dn7-walmart-amazonr_21273
right-10322,dn7-walmart-amazonr_21275
right-10323,dn7-walmart-amazonr_21276
right-10324,dn7-walmart-amazonr_21279
right-10325,dn7-walmart-amazonr_21284
right-10326,dn7-walmart-amazonr_21286
right-10327,dn7-walmart-amazonr_21288
right-10328,dn7-walmart-amazonr_21289
right-10329,dn7-walmart-amazonr_21291
right-10330,dn7-walmart-amazonr_21292
right-10331,dn7-walmart-amazonr_21294
right-10332,dn7-walmart-amazonr_21295
right-10333,dn7-walmart-amazonr_21296
right-10334,dn7-walmart-amazonr_21298
right-10335,dn7-walmart-amazonr_21300
right-10336,dn7-walmart-amazonr_21301
right-10337,dn7-walmart-amazonr_21302
right-10338,dn7-walmart-amazonr_21306
right-10339,dn7-walmart-amazonr_21307
right-10340,dn7-walmart-amazonr_21310
right-10341,dn7-walmart-amazonr_21311
right-10342,dn7-walmart-amazonr_21312
right-10343,dn7-walmart-amazonr_21318
right-10344,dn7-walmart-amazonr_21319
right-10345,dn7-walmart-amazonr_21320
right-10346,dn7-walmart-amazonr_21321
right-10347,dn7-walmart-amazonr_21322
right-10348,dn7-walmart-amazonr_21323
right-10349,dn7-walmart-amazonr_21325
right-10350,dn7-walmart-amazonr_21327
right-10351,dn7-walmart-amazonr_21328
right-10352,dn7-walmart-amazonr_21332
right-10353,dn7-walmart-amazonr_21334
right-10354,dn7-walmart-amazonr_21335
right-10355,dn7-walmart-amazonr_21336
right-10356,dn7-walmart-amazonr_21337
right-10357,dn7-walmart-amazonr_21339
right-10358,dn7-walmart-amazonr_21340
right-10359,dn7-walmart-amazonr_21341
right-10360,dn7-walmart-amazonr_21342
right-10361,dn7-walmart-amazonr_21344
right-10362,dn7-walmart-amazonr_21347
right-10363,dn7-walmart-amazonr_21348
right-10364,dn7-walmart-amazonr_21352
right-10365,dn7-walmart-amazonr_21353
right-10366,dn7-walmart-amazonr_21356
right-10367,dn7-walmart-amazonr_21359
right-10368,dn7-walmart-amazonr_21363
right-10369,dn7-walmart-amazonr_21365
right-10370,dn7-walmart-amazonr_21366
right-10371,dn7-walmart-amazonr_21369
right-10372,dn7-walmart-amazonr_21370
right-10373,dn7-walmart-amazonr_21371
right-10374,dn7-walmart-amazonr_21372
right-10375,dn7-walmart-amazonr_21373
right-10376,dn7-walmart-amazonr_21377
right-10377,dn7-walmart-amazonr_21379
right-10378,dn7-walmart-amazonr_21380
right-10379,dn7-walmart-amazonr_21383
right-10380,dn7-walmart-amazonr_21388
right-10381,dn7-walmart-amazonr_21393
right-10382,dn7-walmart-amazonr_21394
right-10383,dn7-walmart-amazonr_21396
right-10384,dn7-walmart-amazonr_21397
right-10385,dn7-walmart-amazonr_21400
right-10386,dn7-walmart-amazonr_21401
right-10387,dn7-walmart-amazonr_21403
right-10388,dn7-walmart-amazonr_21405
right-10389,dn7-walmart-amazonr_21406
right-10390,dn7-walmart-amazonr_21408
right-10391,dn7-walmart-amazonr_21409
right-10392,dn7-walmart-amazonr_21411
right-10393,dn7-walmart-amazonr_21413
right-10394,dn7-walmart-amazonr_21418
right-10395,dn7-walmart-amazonr_21419
right-10396,dn7-walmart-amazonr_21423
right-10397,dn7-walmart-amazonr_21427
right-10398,dn7-walmart-amazonr_21428
right-10399,dn7-walmart-amazonr_21429
right-10400,dn7-walmart-amazonr_21430
right-10401,dn7-walmart-amazonr_21432
right-10402,dn7-walmart-amazonr_21434
right-10403,dn7-walmart-amazonr_21436
right-10404,dn7-walmart-amazonr_21438
right-10405,dn7-walmart-amazonr_21443
right-10406,dn7-walmart-amazonr_21446
right-10407,dn7-walmart-amazonr_21447
right-10408,dn7-walmart-amazonr_21448
right-10409,dn7-walmart-amazonr_21451
right-10410,dn7-walmart-amazonr_21452
right-10411,dn7-walmart-amazonr_21453
right-10412,dn7-walmart-amazonr_21454
right-10413,dn7-walmart-amazonr_21456
right-10414,dn7-walmart-amazonr_21461
right-10415,dn7-walmart-amazonr_21462
right-10416,dn7-walmart-amazonr_21465
right-10417,dn7-walmart-amazonr_21467
right-10418,dn7-walmart-amazonr_21468
right-10419,dn7-walmart-amazonr_21470
right-10420,dn7-walmart-amazonr_21471
right-10421,dn7-walmart-amazonr_21473
right-10422,dn7-walmart-amazonr_21474
right-10423,dn7-walmart-amazonr_21480
right-10424,dn7-walmart-amazonr_21481
right-10425,dn7-walmart-amazonr_21483
right-10426,dn7-walmart-amazonr_21485
right-10427,dn7-walmart-amazonr_21486
right-10428,dn7-walmart-amazonr_21487
right-10429,dn7-walmart-amazonr_21488
right-10430,dn7-walmart-amazonr_21490
right-10431,dn7-walmart-amazonr_21494
right-10432,dn7-walmart-amazonr_21495
right-10433,dn7-walmart-amazonr_21496
right-10434,dn7-walmart-amazonr_21497
right-10435,dn7-walmart-amazonr_21501
right-10436,dn7-walmart-amazonr_21503
right-10437,dn7-walmart-amazonr_21507
right-10438,dn7-walmart-amazonr_21509
right-10439,dn7-walmart-amazonr_21510
right-10440,dn7-walmart-amazonr_21511
right-10441,dn7-walmart-amazonr_21513
right-10442,dn7-walmart-amazonr_21514
right-10443,dn7-walmart-amazonr_21515
right-10444,dn7-walmart-amazonr_21516
right-10445,dn7-walmart-amazonr_21520
right-10446,dn7-walmart-amazonr_21521
right-10447,dn7-walmart-amazonr_21522
right-10448,dn7-walmart-amazonr_21524
right-10449,dn7-walmart-amazonr_21525
right-10450,dn7-walmart-amazonr_21526
right-10451,dn7-walmart-amazonr_21529
right-10452,dn7-walmart-amazonr_21531
right-10453,dn7-walmart-amazonr_21533
right-10454,dn7-walmart-amazonr_21534
right-10455,dn7-walmart-amazonr_21539
right-10456,dn7-walmart-amazonr_21541
right-10457,dn7-walmart-amazonr_21543
right-10458,dn7-walmart-amazonr_21544
right-10459,dn7-walmart-amazonr_21545
right-10460,dn7-walmart-amazonr_21548
right-10461,dn7-walmart-amazonr_21551
right-10462,dn7-walmart-amazonr_21552
right-10463,dn7-walmart-amazonr_21555
right-10464,dn7-walmart-amazonr_21558
right-10465,dn7-walmart-amazonr_21559
right-10466,dn7-walmart-amazonr_21560
right-10467,dn7-walmart-amazonr_21561
right-10468,dn7-walmart-amazonr_21563
right-10469,dn7-walmart-amazonr_21566
right-10470,dn7-walmart-amazonr_21568
right-10471,dn7-walmart-amazonr_21570
right-10472,dn7-walmart-amazonr_21571
right-10473,dn7-walmart-amazonr_21573
right-10474,dn7-walmart-amazonr_21574
right-10475,dn7-walmart-amazonr_21575
right-10476,dn7-walmart-amazonr_21582
right-10477,dn7-walmart-amazonr_21585
right-10478,dn7-walmart-amazonr_21586
right-10479,dn7-walmart-amazonr_21587
right-10480,dn7-walmart-amazonr_21590
right-10481,dn7-walmart-amazonr_21591
right-10482,dn7-walmart-amazonr_21593
right-10483,dn7-walmart-amazonr_21594
right-10484,dn7-walmart-amazonr_21595
right-10485,dn7-walmart-amazonr_21596
right-10486,dn7-walmart-amazonr_21597
right-10487,dn7-walmart-amazonr_21598
right-10488,dn7-walmart-amazonr_21599
right-10489,dn7-walmart-amazonr_21603
right-10490,dn7-walmart-amazonr_21604
right-10491,dn7-walmart-amazonr_21605
right-10492,dn7-walmart-amazonr_21606
right-10493,dn7-walmart-amazonr_21607
right-10494,dn7-walmart-amazonr_21612
right-10495,dn7-walmart-amazonr_21613
right-10496,dn7-walmart-amazonr_21616
right-10497,dn7-walmart-amazonr_21617
right-10498,dn7-walmart-amazonr_21618
right-10499,dn7-walmart-amazonr_21620
right-10500,dn7-walmart-amazonr_21621
right-10501,dn7-walmart-amazonr_21622
right-10502,dn7-walmart-amazonr_21626
right-10503,dn7-walmart-amazonr_21628
right-10504,dn7-walmart-amazonr_21629
right-10505,dn7-walmart-amazonr_21632
right-10506,dn7-walmart-amazonr_21633
right-10507,dn7-walmart-amazonr_21634
right-10508,dn7-walmart-amazonr_21636
right-10509,dn7-walmart-amazonr_21637
right-10510,dn7-walmart-amazonr_21638
right-10511,dn7-walmart-amazonr_21639
right-10512,dn7-walmart-amazonr_21640
right-10513,dn7-walmart-amazonr_21641
right-10514,dn7-walmart-amazonr_21643
right-10515,dn7-walmart-amazonr_21644
right-10516,dn7-walmart-amazonr_21646
right-10517,dn7-walmart-amazonr_21649
right-10518,dn7-walmart-amazonr_21651
right-10519,dn7-walmart-amazonr_21655
right-10520,dn7-walmart-amazonr_21657
right-10521,dn7-walmart-amazonr_21660
right-10522,dn7-walmart-amazonr_21661
right-10523,dn7-walmart-amazonr_21663
right-10524,dn7-walmart-amazonr_21666
right-10525,dn7-walmart-amazonr_21667
right-10526,dn7-walmart-amazonr_21669
right-10527,dn7-walmart-amazonr_21672
right-10528,dn7-walmart-amazonr_21674
right-10529,dn7-walmart-amazonr_21678
right-10530,dn7-walmart-amazonr_21681
right-10531,dn7-walmart-amazonr_21684
right-10532,dn7-walmart-amazonr_21686
right-10533,dn7-walmart-amazonr_21688
right-10534,dn7-walmart-amazonr_21690
right-10535,dn7-walmart-amazonr_21693
right-10536,dn7-walmart-amazonr_21694
right-10537,dn7-walmart-amazonr_21695
right-10538,dn7-walmart-amazonr_21696
right-10539,dn7-walmart-amazonr_21697
right-10540,dn7-walmart-amazonr_21698
right-10541,dn7-walmart-amazonr_21702
right-10542,dn7-walmart-amazonr_21703
right-10543,dn7-walmart-amazonr_21706
right-10544,dn7-walmart-amazonr_21707
right-10545,dn7-walmart-amazonr_21710
right-10546,dn7-walmart-amazonr_21712
right-10547,dn7-walmart-amazonr_21720
right-10548,dn7-walmart-amazonr_21726
right-10549,dn7-walmart-amazonr_21728
right-10550,dn7-walmart-amazonr_21731
right-10551,dn7-walmart-amazonr_21732
right-10552,dn7-walmart-amazonr_21736
right-10553,dn7-walmart-amazonr_21737
right-10554,dn7-walmart-amazonr_21738
right-10555,dn7-walmart-amazonr_21740
right-10556,dn7-walmart-amazonr_21741
right-10557,dn7-walmart-amazonr_21744
right-10558,dn7-walmart-amazonr_21746
right-10559,dn7-walmart-amazonr_21748
right-10560,dn7-walmart-amazonr_21750
right-10561,dn7-walmart-amazonr_21753
right-10562,dn7-walmart-amazonr_21754
right-10563,dn7-walmart-amazonr_21757
right-10564,dn7-walmart-amazonr_21762
right-10565,dn7-walmart-amazonr_21763
right-10566,dn7-walmart-amazonr_21764
right-10567,dn7-walmart-amazonr_21765
right-10568,dn7-walmart-amazonr_21766
right-10569,dn7-walmart-amazonr_21771
right-10570,dn7-walmart-amazonr_21777
right-10571,dn7-walmart-amazonr_21779
right-10572,dn7-walmart-amazonr_21781
right-10573,dn7-walmart-amazonr_21782
right-10574,dn7-walmart-amazonr_21783
right-10575,dn7-walmart-amazonr_21784
right-10576,dn7-walmart-amazonr_21787
right-10577,dn7-walmart-amazonr_21788
right-10578,dn7-walmart-amazonr_21789
right-10579,dn7-walmart-amazonr_21791
right-10580,dn7-walmart-amazonr_21792
right-10581,dn7-walmart-amazonr_21793
right-10582,dn7-walmart-amazonr_21794
right-10583,dn7-walmart-amazonr_21795
right-10584,dn7-walmart-amazonr_21797
right-10585,dn7-walmart-amazonr_21801
right-10586,dn7-walmart-amazonr_21802
right-10587,dn7-walmart-amazonr_21806
right-10588,dn7-walmart-amazonr_21809
right-10589,dn7-walmart-amazonr_21812
right-10590,dn7-walmart-amazonr_21813
right-10591,dn7-walmart-amazonr_21814
right-10592,dn7-walmart-amazonr_21815
right-10593,dn7-walmart-amazonr_21817
right-10594,dn7-walmart-amazonr_21819
right-10595,dn7-walmart-amazonr_21820
right-10596,dn7-walmart-amazonr_21823
right-10597,dn7-walmart-amazonr_21825
right-10598,dn7-walmart-amazonr_21826
right-10599,dn7-walmart-amazonr_21831
right-10600,dn7-walmart-amazonr_21833
right-10601,dn7-walmart-amazonr_21834
right-10602,dn7-walmart-amazonr_21838
right-10603,dn7-walmart-amazonr_21840
right-10604,dn7-walmart-amazonr_21842
right-10605,dn7-walmart-amazonr_21843
right-10606,dn7-walmart-amazonr_21844
right-10607,dn7-walmart-amazonr_21847
right-10608,dn7-walmart-amazonr_21848
right-10609,dn7-walmart-amazonr_21849
right-10610,dn7-walmart-amazonr_21855
right-10611,dn7-walmart-amazonr_21856
right-10612,dn7-walmart-amazonr_21857
right-10613,dn7-walmart-amazonr_21858
right-10614,dn7-walmart-amazonr_21861
right-10615,dn7-walmart-amazonr_21862
right-10616,dn7-walmart-amazonr_21865
right-10617,dn7-walmart-amazonr_21866
right-10618,dn7-walmart-amazonr_21867
right-10619,dn7-walmart-amazonr_21868
right-10620,dn7-walmart-amazonr_21870
right-10621,dn7-walmart-amazonr_21871
right-10622,dn7-walmart-amazonr_21872
right-10623,dn7-walmart-amazonr_21876
right-10624,dn7-walmart-amazonr_21878
right-10625,dn7-walmart-amazonr_21879
right-10626,dn7-walmart-amazonr_21882
right-10627,dn7-walmart-amazonr_21885
right-10628,dn7-walmart-amazonr_21886
right-10629,dn7-walmart-amazonr_21887
right-10630,dn7-walmart-amazonr_21889
right-10631,dn7-walmart-amazonr_21890
right-10632,dn7-walmart-amazonr_21891
right-10633,dn7-walmart-amazonr_21893
right-10634,dn7-walmart-amazonr_21894
right-10635,dn7-walmart-amazonr_21896
right-10636,dn7-walmart-amazonr_21897
right-10637,dn7-walmart-amazonr_21901
right-10638,dn7-walmart-amazonr_21902
right-10639,dn7-walmart-amazonr_21905
right-10640,dn7-walmart-amazonr_21906
right-10641,dn7-walmart-amazonr_21909
right-10642,dn7-walmart-amazonr_21910
right-10643,dn7-walmart-amazonr_21911
right-10644,dn7-walmart-amazonr_21912
right-10645,dn7-walmart-amazonr_21913
right-10646,dn7-walmart-amazonr_21919
right-10647,dn7-walmart-amazonr_21924
right-10648,dn7-walmart-amazonr_21925
right-10649,dn7-walmart-amazonr_21927
right-10650,dn7-walmart-amazonr_21929
right-10651,dn7-walmart-amazonr_21931
right-10652,dn7-walmart-amazonr_21933
right-10653,dn7-walmart-amazonr_21935
right-10654,dn7-walmart-amazonr_21936
right-10655,dn7-walmart-amazonr_21938
right-10656,dn7-walmart-amazonr_21939
right-10657,dn7-walmart-amazonr_21942
right-10658,dn7-walmart-amazonr_21943
right-10659,dn7-walmart-amazonr_21944
right-10660,dn7-walmart-amazonr_21947
right-10661,dn7-walmart-amazonr_21948
right-10662,dn7-walmart-amazonr_21949
right-10663,dn7-walmart-amazonr_21957
right-10664,dn7-walmart-amazonr_21962
right-10665,dn7-walmart-amazonr_21966
right-10666,dn7-walmart-amazonr_21970
right-10667,dn7-walmart-amazonr_21973
right-10668,dn7-walmart-amazonr_21974
right-10669,dn7-walmart-amazonr_21976
right-10670,dn7-walmart-amazonr_21978
right-10671,dn7-walmart-amazonr_21982
right-10672,dn7-walmart-amazonr_21985
right-10673,dn7-walmart-amazonr_21987
right-10674,dn7-walmart-amazonr_21989
right-10675,dn7-walmart-amazonr_21991
right-10676,dn7-walmart-amazonr_21992
right-10677,dn7-walmart-amazonr_21994
right-10678,dn7-walmart-amazonr_21995
right-10679,dn7-walmart-amazonr_21996
right-10680,dn7-walmart-amazonr_21999
right-10681,dn7-walmart-amazonr_22000
right-10682,dn7-walmart-amazonr_22001
right-10683,dn7-walmart-amazonr_22002
right-10684,dn7-walmart-amazonr_22003
right-10685,dn7-walmart-amazonr_22004
right-10686,dn7-walmart-amazonr_22006
right-10687,dn7-walmart-amazonr_22008
right-10688,dn7-walmart-amazonr_22010
right-10689,dn7-walmart-amazonr_22011
right-10690,dn7-walmart-amazonr_22012
right-10691,dn7-walmart-amazonr_22014
right-10692,dn7-walmart-amazonr_22019
right-10693,dn7-walmart-amazonr_22020
right-10694,dn7-walmart-amazonr_22022
right-10695,dn7-walmart-amazonr_22025
right-10696,dn7-walmart-amazonr_22029
right-10697,dn7-walmart-amazonr_22032
right-10698,dn7-walmart-amazonr_22033
right-10699,dn7-walmart-amazonr_22035
right-10700,dn7-walmart-amazonr_22039
right-10701,dn7-walmart-amazonr_22040
right-10702,dn7-walmart-amazonr_22042
right-10703,dn7-walmart-amazonr_22043
right-10704,dn7-walmart-amazonr_22044
right-10705,dn7-walmart-amazonr_22045
right-10706,dn7-walmart-amazonr_22048
right-10707,dn7-walmart-amazonr_22051
right-10708,dn7-walmart-amazonr_22056
right-10709,dn7-walmart-amazonr_22057
right-10710,dn7-walmart-amazonr_22058
right-10711,dn7-walmart-amazonr_22060
right-10712,dn7-walmart-amazonr_22064
right-10713,dn7-walmart-amazonr_22068
right-10714,dn7-walmart-amazonr_22071
right-10715,dn7-walmart-amazonr_22072
right-10716,dn7-walmart-amazonr_22073
