id,title,modelno,price,shipweight,brand,dimensions,cluster_id
dn7-walmart-amazonl_0,Draper Infrared Remote Transmitter,121066,58.45,2,Draper,,
dn7-walmart-amazonl_1,Epson 1500 Hours 200W UHE Projector Lamp ELPLP12,ELPLP12,438.84,0.95,Epson,6.75 x 5.75 x 5.5 inches,
dn7-walmart-amazonl_2,Comprehensive Two-Piece 75 Precision BNC Jack for RG-59 Set of 25,BJ-2C7559,59.25,0.05,Comprehensive,,
dn7-walmart-amazonl_3,D-Link DCS-1100 Network Camera,DCS-1100,99.82,,D-Link,,38
dn7-walmart-amazonl_4,StarTech.com RKPW247015 24 Outlet Power Strip,RKPW247015,59.0,5.25,StarTech,72.5 x 2.5 x 1.5 inches,
dn7-walmart-amazonl_5,3M FR530CB Ergonomic Adjustable Footrest,FR530CB,67.88,10.5,3M,21.6 x 13.5 x 4.05 inches,
dn7-walmart-amazonl_6,HP C6020B Coated Paper 1 roll 36-inches x 150 ft,C6020B,49.88,9.78,HP,33.98 x 3.83 x 3.83 inches,708
dn7-walmart-amazonl_7,Visioneer RW120-WU RoadWarrior Sheetfed Scanner,RW120-WU,199.98,1.85,Visioneer,11.4 x 2.0 x 1.5 inches,311
dn7-walmart-amazonl_8,Brother DK2113 QL Label Printers Continuous Length Tape,DK2113,64.88,0.55,Brother,4.5 x 4.5 x 3.6 inches,
dn7-walmart-amazonl_9,3M MW310LE Gel Mouse Pad,MW310LE,17.88,0.95,3M,9.63 x 7.65 x 0.36 inches,183
dn7-walmart-amazonl_10,LaCie Formoa 15  MacBook Carrying Case Black,130935,15.0,1.3,LaCie,16.1 x 11.5 x 0.9 inches,
dn7-walmart-amazonl_11,Draper High Contrast Grey Targa Electric Screen  - WideScreen 182 diagonal,116263,1730.95,100,Draper,,
dn7-walmart-amazonl_12,Draper AT1200 Access MultiView Series E Acoustically Transparent Screen - 106 diagonal HDTV to NTSC Format,106018,4375.95,96,Draper,,
dn7-walmart-amazonl_13,Stanley 500 Watt Power Inverter,PC509,34.88,2.6,Stanley,9.75 x 5.0 x 2.25 inches,
dn7-walmart-amazonl_14,Gear Head Quick 1.3MP Webcam with Night Vision Red Black,WC1200RED,15.98,1.5,Gear Head,7.2 x 4.4 x 3.5 inches,
dn7-walmart-amazonl_15,Avery Self-Adhesive Filing Labels 1 3 Cut 3-7 16 x 2 3 Clear 450 Pack,5029,21.47,0.412,Avery,,
dn7-walmart-amazonl_16,XFX Radeon HD6850 PCIE 1GB DDR5 Graphics Card,HD685XZNDC,195.0,1.08,XFX,32.4 x 16.4 x 10.0 inches,
dn7-walmart-amazonl_17,SKB Cases PH Series Pull Handle Case 11 1 2 H x 21 5 8 W x 16 3 8 D outside,3SKB-1914MR,214.99,14,SKB Cases,19.0 x 14.0 x 10.0 inches,
dn7-walmart-amazonl_18,Innovera CD DVD Pocket with Built-In Label Tab Clear 25 Pack,39701,5.28,0.386,INNOVERA,,
dn7-walmart-amazonl_19,HP 80 Ink Printhead Printhead Cleaner Black C4890A,C4890A,268.79,1.79,HP,,
dn7-walmart-amazonl_20,Mead Spiral Bound Notebook College Rule,6622,3.88,0.837,Mead,,500
dn7-walmart-amazonl_21,IOGEAR 2-Port MiniView Micro USB PLUS KVM Switch,GCS632UW6,37.57,1.15,IOGEAR,10.0 x 7.0 x 3.0 inches,
dn7-walmart-amazonl_22,Quartet Cork Bulletin Board Natural Cork Fiberboard 60 x 36 Aluminum Frame,2305,91.44,16.16,Quartet,,
dn7-walmart-amazonl_23,Avery Shipping Labels for Color Laser   Copier 3-3 4 x 4-3 4 Matte White 100 Pack,,16.67,,Avery,,
dn7-walmart-amazonl_24,Aluratek Deluxe Leather Travel Case for the Libre eBook Reader Pro,2782753,23.1,0.5,Aluratek,6.25 x 4.75 x 1.0 inches,
dn7-walmart-amazonl_25,HP CE278A Black LaserJet Print Cartridge,HP CE278A,69.84,1.8,HP,1.0 x 1.0 x 1.0 inches,
dn7-walmart-amazonl_26,Cyber Power PFC 1000VA LCD Sinewave Adaptive Intelligent UPS,CP1000PFCLCD,151.0,19.15,CyberPower,13.5 x 11.2 x 6.3 inches,199
dn7-walmart-amazonl_27,Tribeca Dallas Cowboys 15  Sleeve for MacBook Pros,FVA2868,31.88,0.85,Tribeca,15.88 x 12.6 x 1.13 inches,
dn7-walmart-amazonl_28,Tablemate Plastic Dinnerware 6 Inch Plates 125pk,6644WH,18.97,1.859,,6.0 x 6.0 x 5.7 inches,
dn7-walmart-amazonl_29,Vantec NexStar MX Dual 3.5  SATA Hard Drive Enclosure,NST-400MX-S2,49.71,5,Vantec,10.0 x 7.0 x 6.0 inches,131
dn7-walmart-amazonl_30,Fujifilm Instax Mini Twin Pack Film,Mini Film 2pk,20.28,0.15,Fuji,3.0 x 2.0 x 1.77 inches,561
dn7-walmart-amazonl_31,Chicago Bears Camera Case,FVA2782,19.99,,Tribeca,,
dn7-walmart-amazonl_32,Da-Lite Da-Mat Deluxe Fast Fold Complete Front Projection Screen - 68 x 68,88604,829.99,64,Da-Lite,,
dn7-walmart-amazonl_33,Sunpak 72-In-One Card Reader with SIM Slot,72-IN-1-CR,0.0,,Sunpak,6.75 x 4.75 x 0.75 inches,645
dn7-walmart-amazonl_34,HP 45 Black Inkjet Cartridge 51645A,51645A,35.78,0.4,HP,4.0 x 4.0 x 2.0 inches,
dn7-walmart-amazonl_35,TomTom XXL 550,1EP001901,169.95,1.1,TomTom,7.0 x 7.0 x 1.8 inches,
dn7-walmart-amazonl_36,iLuv Desktop Alarm Clock with Bed Shaker for your iPhone iPod - Pink,IMM153PNK,54.88,6.5,iLuv,6.0 x 4.25 x 3.5 inches,
dn7-walmart-amazonl_37,rooCASE Multi-Angle Folio Leather Case   Stylus for Acer Iconia Tab A500,222043,47.99,1,rooCASE,10.2 x 7.2 x 1.1 inches,
dn7-walmart-amazonl_38,Peerless SmartMount Universal Tilt Mount 32 - 60 Screens,ST660-S,112.99,11,Peerless,34.1 x 18.5 x 2.6 inches,
dn7-walmart-amazonl_39,Iomega 34508 DVR Expander Hard Drive,34508,99.98,2.9,Iomega,7.82 x 4.75 x 1.22 inches,299
dn7-walmart-amazonl_40,Da-Lite 93163 Model B Manual Wall and Ceiling Projection Screen,93163,149.88,24,Da-Lite,83.7 x 4.5 x 4.5 inches,
dn7-walmart-amazonl_41,Kingston KTD-DM8400A 1G 1GB DDR2 SDRAM Memory Module,KTD-DM8400A/1G,22.92,0.05,Kingston,4.77 x 1.71 x 0.45 inches,
dn7-walmart-amazonl_42,Sony MDREX35LP VB Colorful Headphone with Case - Violet Blue,MDREX35LP/VB,13.54,0.05,Sony,7.25 x 2.0 x 1.25 inches,
dn7-walmart-amazonl_43,SIIG SoundWave 5.1 Channel PCI Sound Card,IC-510012-S2,19.84,0.45,SIIG,9.0 x 7.0 x 2.25 inches,
dn7-walmart-amazonl_44,Draper M1300 Access Series V Electric Screen  - HDTV 119 diagonal,102300,2107.95,103,Draper,,
dn7-walmart-amazonl_45,Draper Flexible Matte White Cinefold Replacement Surface Portable Screen - 10 6 x 14 NTSC Format,218033,615.0,13,Draper,,
dn7-walmart-amazonl_46,Read Right KeyboardKleen Kit 2.5 oz. Pump Spray,,12.88,,READ RIGHT,,
dn7-walmart-amazonl_47,Quartet Ultima Presentation Dry Erase Easel Melamine 27 x 34 White Black Frame,101EL,233.05,28,Quartet,,
dn7-walmart-amazonl_48,DP Video 7  Touchscreen Double Din In-Dash Multimedia Receiver DBD805,DBD805,199.99,10,DP Video,7.25 x 7.25 x 4.5 inches,
dn7-walmart-amazonl_49,Targus Impax Sleeve for 15  MacBook Pro Red,TSS28802US,35.0,0.85,Targus,14.7 x 10.2 x 1.6 inches,728
dn7-walmart-amazonl_50,Avery Economy Vinyl Round Ring View Binder,5706,7.91,0.62,Avery,,
dn7-walmart-amazonl_51,Wilson Jones D-Ring Vinyl View Binder,38544B,16.4,1.177,Wilson Jones,,
dn7-walmart-amazonl_52,Link Depot 3 Ethernet Enhanced CAT6 Networking Cable Gray,C6M-3-GYB,2.98,0.3,Link Depot,9.0 x 4.0 x 0.5 inches,
dn7-walmart-amazonl_53,Da-Lite Da-Plex Base Rear Projection Screen - 57 3 4 x 77 Video Format,27528,2608.99,237,Da-Lite,,585
dn7-walmart-amazonl_54,Canon imageFORMULA DR-2010C Compact Color Scanner,DR-2010C,479.98,8.5,Canon,15.0 x 11.5 x 10.25 inches,718
dn7-walmart-amazonl_55,Dreamgear i.Sound Stand for iPad,DGIPAD-4541,56.09,1.2,Dreamgear,13.0 x 6.1 x 2.0 inches,
dn7-walmart-amazonl_56,EDGE Tech ProShot 4GB SDHC Class 6 Memory Card,PE209780,10.88,0.05,Edge Tech,1.25 x 0.94 x 0.08 inches,
dn7-walmart-amazonl_57,Vantec NexStar SE 2.5  SATA Hard Drive Rack,MRK-515ST,10.74,1.5,Vantec,7.0 x 6.0 x 2.0 inches,551
dn7-walmart-amazonl_58,Sennheiser SH 350 IP Binaural Headset with Noise Canceling Microphone,SH350IP,150.0,0.6,Sennheiser,7.0 x 6.4 x 2.4 inches,
dn7-walmart-amazonl_59,Samsung TL205 Refurbished 12.2MP Black Digital Camera 6.3-18.9mm f 3.2 3x Zoom Lens 2.7  Dual LCD VGA Movie Recording w 50 Bonus Prints,RBTL205,79.0,0.8,Samsung,3.75 x 2.13 x 0.83 inches,
dn7-walmart-amazonl_60,Draper M2500 Clarion Fixed Frame Screen - 124 x 124 diagonal AV Format,252031,1883.99,82,Draper,,
dn7-walmart-amazonl_61,Kensington 82024 Memory Foam Seat Backrests,82024,29.88,2.64,Kensington,14.4 x 14.4 x 1.8 inches,
dn7-walmart-amazonl_62,BlackBerry Leather Sleeve for PlayBook Tablet Black,ACC-39311-301,29.88,0.9,BLACKBERRY,7.6 x 5.1 x 0.4 inches,
dn7-walmart-amazonl_63,Arclyte MobileStyle Mini USB Car Charger Jet Black Electric Blue,Arclyte ERA02142,25.0,0.25,Arclyte,3.25 x 0.87 x 0.87 inches,
dn7-walmart-amazonl_64,Los Angeles Lakers iPhone 3G Duo Case,FVA4005,24.99,,Tribeca,,586
dn7-walmart-amazonl_65,Epson T020201 Color Ink Cartridge,T020201,27.0,0.2,Epson,4.06 x 3.9 x 1.34 inches,
dn7-walmart-amazonl_66,Q-See Professional Indoor Dome Camera QSD360,QSD360,99.82,1.6,Q-See,5.5 x 5.5 x 4.0 inches,389
dn7-walmart-amazonl_67,Microsoft VX-5000 LifeCam Webcam Red,RKA00014,27.82,1.4,Microsoft,8.0 x 7.0 x 3.0 inches,
dn7-walmart-amazonl_68,Xerox Travel Scanner 100 Scanner,Xerox Travel Scanner 100,188.82,1.65,Visioneer,11.4 x 2.0 x 1.5 inches,
dn7-walmart-amazonl_69,Lorex Simulated Bullet Style Surveillance Camera,SG-610,12.84,1.24,Lorex,3.8 x 3.8 x 3.8 inches,
dn7-walmart-amazonl_70,Panasonic Stereo Earbud Headphones RP-HV21 Green,RPHV21G,10.49,0.88,Panasonic,,
dn7-walmart-amazonl_71,Canon FaxPhone L170 Laser Printer   Fax,L170,269.0,31.3,Canon,22.0 x 19.3 x 18.7 inches,
dn7-walmart-amazonl_72,Kensington K62816US Memory Foam Mouse Wrist Pillow,K62816US,13.98,0.85,Kensington,9.0 x 7.92 x 0.99 inches,
dn7-walmart-amazonl_73,HP CE250A Black Toner Cartridge,CE250A,187.04,3.84,HP,,
dn7-walmart-amazonl_74,Cables To Go Digital Audio Explorer Toslink Selector Switch,28734,24.88,0.68,Cables To Go,6.52 x 6.52 x 1.8 inches,
dn7-walmart-amazonl_75,EDGE 2GB PC3-8500 DDR3 204-Pin SODIMM Notebook Memory Module,PE219413,22.92,0.25,EDGE,9.0 x 6.0 x 3.0 inches,
dn7-walmart-amazonl_76,Draper M2500 Premier Electric Screen  - AV Format 7 x 9,101198,1793.45,86,Draper,,
dn7-walmart-amazonl_77,Draper Matte White Ultimate Access Series E Electric Screen - NTSC 150 diagonal,119018,2443.45,152,Draper,,
dn7-walmart-amazonl_78,Case Logic 18  Laptop Case,147735,39.99,2.24,Case Logic,19.3 x 14.2 x 3.9 inches,615
dn7-walmart-amazonl_79,Sharpie Fine Point Permanent Markers Assorted 5ct,30653PP,8.19,0.99,Sharpie,7.62 x 4.75 x 4.2 inches,
dn7-walmart-amazonl_80,Vaultz Lock Mobile File Chest Storage Box Letter Legal Black,VZ01270,59.94,11.754,Vaultz,,25
dn7-walmart-amazonl_81,Innovera Heavyweight Photo Paper Matte 8-1 2 x 11 50 Sheets Pack,99650,11.7,2.01,INNOVERA,,348
dn7-walmart-amazonl_82,Pelican Storm Shipping Case without Foam 9.8 x 11.8 x 4.7,iM2050NF BLACK,40.99,4,Pelican Storm,11.8 x 9.8 x 4.7 inches,
dn7-walmart-amazonl_83,Scosche Full Range Speaker System with Two 6.5  Woofers,HDFRB6,0.0,,Scosche,24.0 x 9.0 x 7.0 inches,
dn7-walmart-amazonl_84,Sony 4GB Flash Memory Card Black,SF4N4/TQ,10.88,0.7,Sony,6.1 x 4.92 x 0.35 inches,
dn7-walmart-amazonl_85,Sony 2GB MS Pro Duo Mark2,MSMT2G/TQ,14.88,1,Sony,6.1 x 4.9 x 0.4 inches,
dn7-walmart-amazonl_86,Samsung 33-0525-05 Samsung Fasciante i500 OEM Multimedia Dock,33-0525-05,29.88,0.4,Samsung,6.25 x 3.9 x 2.75 inches,
dn7-walmart-amazonl_87,VIZIO 37  Class LCD 1080p 120Hz HDTV E371VA Refurbished,E371VA,379.0,42.11,Vizio,35.41 x 24.3 x 8.76 inches,
dn7-walmart-amazonl_88,BALT Wheasel Easel Adjustable Melamine Dry Erase Board White,33250,239.88,51,Balt,,
dn7-walmart-amazonl_89,Targus 15.6  A7 Slipcase Orange,TSS10805US,29.99,11.2,Targus,15.6 x 11.25 x 1.15 inches,
dn7-walmart-amazonl_90,Dane-Elec 8GB High-Speed Compact Flash Memory Card,DACF3008GC,44.88,0.05,DANE-ELEC,6.6 x 5.0 x 0.15 inches,
dn7-walmart-amazonl_91,Da-Lite Deluxe Anti-Sway Brace For Fast Fold Deluxe Screens,93605,132.99,10,Da-Lite,,388
dn7-walmart-amazonl_92,Da-Lite Natural Walnut Veneer Model B Manual Screen with Matte White Fabric - 64 x 84 diagonal Video Format,73197,261.99,25,Da-Lite,,
dn7-walmart-amazonl_93,Audiovox Sirius CATV Distribution Kit,SCDK1,42.64,2.4,Audiovox,12.5 x 5.75 x 2.75 inches,73
dn7-walmart-amazonl_94,Verbatim Smartdisk Optical Mini Travel Mouse Red,VER97255,17.2,0.19,Verbatim,8.5 x 4.94 x 1.5 inches,473
dn7-walmart-amazonl_95,HP CE505XD Black LaserJet Print Cartridges 2pk,HP CE505XD,258.84,5.75,HP,1.0 x 1.0 x 1.0 inches,
dn7-walmart-amazonl_96,RCA 42  Class LCD 1080p 60Hz HDTV 42LA45RQ,42LA45RQ,429.0,46.9,RCA,43.7 x 30.0 x 10.1 inches,
dn7-walmart-amazonl_97,LaCie FireWire 800 ExpressCard 34,LAC130992,45.0,0.26,LaCie,8.2 x 6.8 x 1.1 inches,165
dn7-walmart-amazonl_98,Mortimer Beckett Time Paradox Jewel Case,10958,7.82,0.1,Encore Software,5.7 x 5.1 x 0.6 inches,
dn7-walmart-amazonl_99,Canon PowerShot A3300 IS Black 16.0MP Digital Camera with 5x Optical Zoom 3.0  LCD 720p Video w 50 Bonus Prints,5035B001AA,156.54,1,Canon,3.7 x 2.2 x 0.9 inches,438
dn7-walmart-amazonl_100,Bling Software 123 Copy DVD 2010 Windows,80244,32.98,0.15,Bling Software,7.5 x 5.5 x 1.25 inches,
dn7-walmart-amazonl_101,Case Logic SLR Camera Backpack,DCB-309BLACK,79.99,4,Case Logic,17.3 x 11.4 x 8.4 inches,
dn7-walmart-amazonl_102,Panasonic KX-TGA660B DECT 6.0 Plus Digital Cordless Handset Black,KX-TGA660B,40.88,2,Panasonic,6.9 x 1.9 x 1.3 inches,
dn7-walmart-amazonl_103,Vizio 42  Class 1080p 120Hz LCD HDTV RBE421VA Refurbished,RBE421VA,479.0,49.9,Vizio,39.73 x 26.7 x 9.99 inches,
dn7-walmart-amazonl_104,OmniMount Component Shelf - Black,ECSB,33.54,16.36,OmniMount,20.1 x 18.0 x 9.1 inches,74
dn7-walmart-amazonl_105,Koss Stereophones With Flexible Headband Design,SPORTA-PRO,29.88,1.52,Koss,8.58 x 8.36 x 4.24 inches,
dn7-walmart-amazonl_106,Inland Lightweight Headphones with Volume Control,87010,7.82,0.16,Inland,10.1 x 9.3 x 3.9 inches,
dn7-walmart-amazonl_107,Targus 17  Groove Backpack for Laptops Black,CVR617,37.88,1.75,Targus,19.3 x 14.8 x 1.9 inches,322
dn7-walmart-amazonl_108,Imation 26607 RDX Cartridge Hard Drive,26607,117.84,0.5,Imation,4.94 x 3.75 x 1.19 inches,
dn7-walmart-amazonl_109,LaCie 130752 Rugged Hard Drive Sleeves,130752,16.84,0.6,LaCie,6.84 x 3.375 x 3.15 inches,
dn7-walmart-amazonl_110,Rubbermaid Commercial Pulse Caddy With Clean Connect 2 gal,Q96600,41.97,3.6,Rubbermaid Commercial,14.125 x 10.75 x 8.75 inches,
dn7-walmart-amazonl_111,EDGE 2GB 2X1GB PC25300 ECC 240 PIN FULLY BUFFERED KIT APPLE,PE20779302,79.88,0.4,EDGE,9.0 x 6.0 x 3.0 inches,
dn7-walmart-amazonl_112,Draper Matte White Signature Series E Electric Screen  - HDTV 119 diagonal,111599,2312.5,155,Draper,,
dn7-walmart-amazonl_113,Draper M2500 Premier Series C Manual Screen - 161 diagonal HDTV Format,200126,1948.95,95,Draper,,
dn7-walmart-amazonl_114,Xantech 100W Decora-Style Impedance Matching Volume Control,XVCD100,56.88,1.2188,Xantech,4.75 x 3.75 x 2.5 inches,235
dn7-walmart-amazonl_115,Pioneer Add-On Navigation System For Nav-Ready Pioavh Models,AVIC-U220,428.0,2.15,Pioneer,10.0 x 6.5 x 3.6 inches,
dn7-walmart-amazonl_116,Peace Out 2-Pocket Folder,19604,0.0,,Generic,11.75 x 9.5 x 0.1 inches,
dn7-walmart-amazonl_117,V7 10 CAT6 Snagless Molded Network Patch Cable Gray,V7N2C6-10F-GRYS,5.88,0.3,V7,10.0 x 8.0 x 1.0 inches,
dn7-walmart-amazonl_118,HOUSE OF DOOLITTLE                                 Express Track Daily Appointment Book Monthly Planner 5 x 8 Black 2012,,15.19,1.0417,HOUSE OF DOOLITTLE,,
dn7-walmart-amazonl_119,Visual Land V-Touch Pro 4GB Flash Portable Media Player Purple,ME965L4GBPRP,49.0,0.35,Visual Land,8.5 x 5.5 x 1.2 inches,
dn7-walmart-amazonl_120,JVC KD-R320 CD Receiver,KDR320,70.0,4,JVC,10.787 x 9.685 x 4.488 inches,
dn7-walmart-amazonl_121,Belkin 16  Circuit Quilted Laptop Sleeve Black,F8N296,24.88,0.96,Belkin,16.81 x 12.28 x 2.38 inches,
dn7-walmart-amazonl_122,Pilot G2 Retractable Gel Ink Roller Ball Pen Extra Fine Point 12-count,31004,15.94,0.312,Pilot,,
dn7-walmart-amazonl_123,Link Depot USB 2.0 Flash Memory Card Reader MicroSD Secure Digital SD,LD-MSD-USB,4.98,0.65,Link Depot,4.5 x 4.0 x 1.5 inches,
dn7-walmart-amazonl_124,iFrogz EarPollution CS40-Orange Marin,EPCS40ORGMRN,39.99,0.5,iFrogz,10.0 x 5.6 x 1.2 inches,
dn7-walmart-amazonl_125,Startech 1 HDMI to HDMI Digital Video Cable,HDMIMM1,10.73,0.1,StarTech,5.5 x 4.2 x 0.7 inches,
dn7-walmart-amazonl_126,Audiovox Sirius Connect Home Dock for SP ST SV 3-5,SCHDOC1,55.13,2.5,Audiovox,7.3 x 5.1 x 4.1 inches,731
dn7-walmart-amazonl_127,Tribeca Varsity Jacket Hard Shell Case for iPod Touch Detroit Redwings,FVA3791,18.99,0.9,Tribeca,7.75 x 4.0 x 0.75 inches,
dn7-walmart-amazonl_128,Motorola TZ700 Bluetooth Roadster Visor Speaker,89423N,54.54,0.64,MOTOROLA,9.0 x 5.1 x 2.2 inches,
dn7-walmart-amazonl_129,Bushnell BackTrack Personal Locator Tech Gray,,49.99,,Bushnell,,
dn7-walmart-amazonl_130,Kensington Virtuoso iPad Stylus and Pen,K39304US,17.54,0.1,Kensington,5.4 x 1.9 x 1.1 inches,564
dn7-walmart-amazonl_131,Sabrent USB 2.0 Wireless 802.11g Adapter,NT-WGHU,24.88,1.5,Sabrent,10.0 x 8.0 x 2.8 inches,200
dn7-walmart-amazonl_132,Apple iPad 2 with Wi-Fi 3G AT T White 32GB,MC983LL/A,729.0,2.7,Apple,11.3 x 9.4 x 3.6 inches,
dn7-walmart-amazonl_133,Encore Marooned PC,24751,10.88,0.1,Encore,6.0 x 5.0 x 0.5 inches,659
dn7-walmart-amazonl_134,Panasonic SDR-S70S Silver SD Camcorder w 70x Optical Zoom 2.7  LCD Display,Panasonic SDR-S70-S,236.32,1.85,Panasonic,4.22 x 2.51 x 2.16 inches,
dn7-walmart-amazonl_135,V7 10 DVI Male to Male Cable,V7N2DVI-10F-BLK,12.88,0.45,V7,9.0 x 6.5 x 1.4 inches,
dn7-walmart-amazonl_136,Casio XJ-A235U Green Slim DLP Projector,XJA235U,1199.99,9.25,Casio,15.1 x 10.8 x 6.7 inches,197
dn7-walmart-amazonl_137,Night Owl Optics APOLLO-45 4-Channel H.264 500GB DVR Kit,APOLLO-45,338.0,6.5,Night Owl,11.6 x 8.5 x 1.8 inches,37
dn7-walmart-amazonl_138,Sony NSZ-GT1 Internet TV and Blu-ray Disc Player Powered by Google TV,NSZ-GT1,198.0,9.9,Sony,13.0 x 9.8 x 2.3 inches,94
dn7-walmart-amazonl_139,Merkury Shoot-N-Share Case Sunrise Gumball,MB-NS9GS,8.88,0.2,Merkury,7.55 x 3.54 x 1.1 inches,
dn7-walmart-amazonl_140,Panasonic SLIMZ Over-Ear Headphone Green RP-HX40-G,RP-HX40-G,34.88,1,Panasonic,9.1 x 7.2 x 1.4 inches,
dn7-walmart-amazonl_141,Cables Unlimited - 1 Port DB9 Serial Neos 9820 Chipset PCI I O Card,IOC-2000,20.88,0.2,Cables Unlimited,17.32 x 14.57 x 13.89 inches,
dn7-walmart-amazonl_142,CyberPower 1030HT Home Theater Surge Protector,1030HT,69.88,6.5,CyberPower,25.25 x 10.25 x 3.5 inches,
dn7-walmart-amazonl_143,RCA 6 Digital Series Digital Quad RG-6 Coaxial Cable,DH6QC,11.99,0.3,RCA,7.8 x 5.5 x 1.3 inches,
dn7-walmart-amazonl_144,Case Logic 16  Value Laptop Briefcase Black,VNCI116BLACK,22.0,1.8,Case Logic,17.7 x 13.1 x 4.0 inches,547
dn7-walmart-amazonl_145,Case Logic Medium SLR Camera Bag,133827,47.99,1.04,Case Logic,12.0 x 9.5 x 5.0 inches,
dn7-walmart-amazonl_146,StarTech.com DMSVGAVGA1 LFH 59 Male to Dual Female VGA DMS 59 Cable,DMSVGAVGA1,15.0,0.25,StarTech,10.35 x 4.95 x 0.45 inches,
dn7-walmart-amazonl_147,Middle Atlantic 30 Amp Stand-Alone MPR Module,RLM30-L520-1,237.99,3,Middle Atlantic,,283
dn7-walmart-amazonl_148,Xerox 108R00579 Transfer Roller,108R00579,199.88,3.8,XEROX,18.0 x 7.47 x 5.85 inches,
dn7-walmart-amazonl_149,Imation 43347 DDS-2 Data Cartridge,43347,10.88,0.1,Imation,2.93 x 2.25 x 0.68 inches,332
dn7-walmart-amazonl_150,Edge 160GB DISKGO 2.5in. BACKUP ULTRA PORTABLE USB 2.0 HARD DRIVE,PE206628,57.48,1.1,EDGE,9.0 x 6.0 x 3.0 inches,
dn7-walmart-amazonl_151,NeatReceipts Portable Mobile Sheetfed Scanner,00346NEAT,199.98,2.2,NeatReceipts,14.0 x 7.2 x 3.3 inches,276
dn7-walmart-amazonl_152,Draper High Contrast Grey Access Series E Electric Screen  - WideScreen 162 diagonal,104193,1585.45,118,Draper,,
dn7-walmart-amazonl_153,Draper Matte White Targa Electric Screen With Low Voltage Controller - NTSC 200 diagonal,116249L,1557.95,100,Draper,,
dn7-walmart-amazonl_154,Kimberly-Clark Professional Scott Slimroll Hard White Towels 6 ct,12388,54.97,15,KIMBERLY-CLARK PROFESSIONAL,18.25 x 12.25 x 8.5 inches,
dn7-walmart-amazonl_155,Sumdex SLR Camera Sling Pack,144952,39.99,3,Sumdex,15.75 x 9.5 x 6.75 inches,634
dn7-walmart-amazonl_156,iLuv 17  MacBook Pro Sleeve Gray,IBG2030GRY,19.0,0.56,iLuv,16.0 x 13.0 x 1.0 inches,
dn7-walmart-amazonl_157,Quartet Total Erase 3-Month Modular Planning System Aluminum Frame 36,CMP32,129.94,13,Quartet,,426
dn7-walmart-amazonl_158,Griffin Arrowhead Universal Stand for Tablets,GC32006,0.0,,Griffin Technology,7.09 x 5.0 x 1.18 inches,
dn7-walmart-amazonl_159,Powermat Wireless Charging Receiver for BlackBerry Torch,PRL01-001-US,23.88,1,Powermat,3.0 x 2.0 x 0.25 inches,
dn7-walmart-amazonl_160,imation 3.5  Diskettes IBM-Formatted DS HD,15847,39.09,1.895,Imation,,
dn7-walmart-amazonl_161,Samsill 4  Non-Stick Round Ring Poly View Binder White,1750545,7.09,0.1,Samsill,,
dn7-walmart-amazonl_162,Pacon Rainbow Duo-Finish Colored Kraft Paper 35 lbs. 36  x 1000 ft,63300,62.94,34,Pacon Products,,
dn7-walmart-amazonl_163,CP Technologies LevelONE WAN-2140 Panel Antenna,WAN-2140,78.67,2.4,CP TECH,14.2 x 9.9 x 3.0 inches,
dn7-walmart-amazonl_164,D-Link DAP-1350 Wireless-N Pocket Router and Access Point,DAP1350,99.99,1.1,D-Link,9.0 x 6.0 x 3.1 inches,338
dn7-walmart-amazonl_165,Da-Lite Advance TV Quick Link Wall Mount for 32 - 35 Monitors,,282.99,58,Da-Lite,,
dn7-walmart-amazonl_166,Da-Lite Da-View Thru-the-Wall Rear Projection Screen - 58 x 104 HDTV Format,23074,22472.99,882,Da-Lite,,
dn7-walmart-amazonl_167,Sony Premium EX Earbuds MDREX57LP BLK,MDREX57LP/BLK,39.99,1,Sony,7.0 x 2.5 x 1.5 inches,147
dn7-walmart-amazonl_168,Arkon iPad Desktop and Travel Stand,IPM-TAB1,14.09,0.5,Arkon,8.0 x 6.0 x 2.0 inches,
dn7-walmart-amazonl_169,BIC Triumph 537R 0.7mm Roller Pen Blue 4 Ct. 2-Pack,,7.76,,,,
dn7-walmart-amazonl_170,Tribeca University of Alabama iPad Slip Sleeve,FVA2344,28.0,0.35,Tribeca,11.4 x 8.3 x 0.7 inches,
dn7-walmart-amazonl_171,Draper Glass Beaded Access Series E Electric Screen  - NTSC 100 diagonal,104043,1486.95,77,Draper,,
dn7-walmart-amazonl_172,ASUS US Radeon 1GB GDDR5 HD6870 PCI Express Graphics Card,EAH6870D2DI2S1G,199.82,3.55,Asus,16.1 x 9.3 x 3.7 inches,160
dn7-walmart-amazonl_173,Zoom Telephonics 9006-00-00F Wireless Keyboard with TouchPad,9006-00-00F,41.75,1,Zoom,13.5 x 5.0 x 1.25 inches,458
dn7-walmart-amazonl_174,Sony Cyber-shot DSC-TX100V 16MP Sleek Camera Silver w 4x Optical Zoom HD Movie Capture 3.5  LCD w 50 Bonus Prints,DSC-TX100V,348.0,0.85,Sony,8.0 x 6.0 x 3.0 inches,
dn7-walmart-amazonl_175,San Diego Chargers Camera Case,FVA2845,19.99,,Tribeca,,
dn7-walmart-amazonl_176,ioSafe Rugged 750GB USB 3.0 Portable External Hard Drive,PA70750U1YR,139.98,1,IOSAFE,10.0 x 8.0 x 3.0 inches,229
dn7-walmart-amazonl_177,Human Toolz 3-in-1 Laptop Pad Designer Tan,3N1NDT,9.88,0.18,Human Toolz,10.8 x 6.3 x 0.04 inches,
dn7-walmart-amazonl_178,JVC FLATS Lightweight Folding Headphones Silver,HAS160S,36.88,2.01,JVC,8.75 x 6.25 x 1.3 inches,
dn7-walmart-amazonl_179,Compucessory Compucessory Foldable Noise Canceling Headphones Black,CCS59224,52.99,0.02,Compucessory,,275
dn7-walmart-amazonl_180,Fellowes Vinyl CD DVD Sleeves 50-Pack,90659,10.88,0.56,Fellowes,7.0 x 5.12 x 1.2 inches,
dn7-walmart-amazonl_181,Amzer 10  Neoprene Reversible Sleeve Carry Case Ebony Black Sea Green,90805,16.88,9,AMZER,14.0 x 11.0 x 8.0 inches,503
dn7-walmart-amazonl_182,Targus Zierra Case for BlackBerry Playbook Tablet Black,THZ053US,55.88,0.72,Targus,8.27 x 6.09 x 1.17 inches,544
dn7-walmart-amazonl_183,Startech 430W ATX12V 2.3 80 Plus Computer Power Supply Active PFC,ATX2POWER430,60.0,4.28,StarTech,9.13 x 7.87 x 3.86 inches,
dn7-walmart-amazonl_184,Los Angeles Dodgers Pink iPhone 4 Hard Case,FVA4450,29.99,,Tribeca,,414
dn7-walmart-amazonl_185,Case Logic 30 Capacity CD Case,56349,15.99,1.94,Case Logic,11.22 x 8.86 x 5.91 inches,
dn7-walmart-amazonl_186,Fellowes 55-Piece Computer Maintenance Tool Kit,49106,43.88,2.54,Fellowes,13.25 x 7.0 x 1.5 inches,129
dn7-walmart-amazonl_187,Kingston ValueRAM 2GB DDR3 SDRAM Desktop Memory Module,KVR1333D3LS4R9S/2G,63.88,0.05,Kingston,6.25 x 2.25 x 0.5 inches,
dn7-walmart-amazonl_188,Middle Atlantic Remote Control Switch,USC-KL,80.99,0.55,Middle Atlantic,,
dn7-walmart-amazonl_189,UltraLast Green Travel Charger with 2 AA Green Batteries,ULGTRAVEL,20.88,1.5,Ultralast,10.0 x 6.5 x 2.5 inches,
dn7-walmart-amazonl_190,Panasonic Replacement Film Rolls,KX-FA136,42.84,1.64,Panasonic,9.25 x 4.75 x 2.0 inches,
dn7-walmart-amazonl_191,D-Link DKVM-8E 8- Port KVM Switch,DKVM-8E,179.82,10.05,D-Link,16.14 x 6.5 x 1.85 inches,
dn7-walmart-amazonl_192,Epson S041595 Photographic Papers,S041595,69.88,9.84,Epson,23.18 x 5.4 x 5.4 inches,
dn7-walmart-amazonl_193,Epson S041378 Photographic Papers,S041378,59.88,2.7,Epson,11.7 x 3.38 x 3.38 inches,
dn7-walmart-amazonl_194,San Diego Chargers Pro Grip Mouse,MSNF25,26.99,,Team Pro Mark,,
dn7-walmart-amazonl_195,VTech DS6151 2-Line Expandable Cordless Phone with Digital Answering System Caller ID,DS6151,62.51,1.4,VTech,9.0 x 5.45 x 4.7 inches,
dn7-walmart-amazonl_196,Draper Matte White Envoy Electric Screen  - NTSC 150 diagonal,112018,1456.0,140,Draper,,
dn7-walmart-amazonl_197,Draper Matte White Rolleramic Electric Screen - AV Format 15 x 20,115020,2989.99,377,Draper,,
dn7-walmart-amazonl_198,Draper High Contrast Grey Access Series E Electric Screen  - WideScreen 120 diagonal,104191,1517.95,100,Draper,,
dn7-walmart-amazonl_199,Simplism Silicone Case Set iPad Brown,TRSCIPADBREN,33.0,0.2,Simplism,12.0 x 12.0 x 9.0 inches,393
dn7-walmart-amazonl_200,Draper M1300 ShadowBox Clarion Fixed Frame Screen - 161 diagonal HDTV Format,253019,1348.99,55,Draper,,
dn7-walmart-amazonl_201,Seagate FreeAgent GoFlex 500GB USB 2.0 Ultra-Portable Hard Drive Black,9ZF2A2-570,71.07,0.62,Seagate,4.39 x 3.19 x 0.57 inches,189
dn7-walmart-amazonl_202,Boss MP3 CD Receiver Speaker Package System,655CK,78.0,8,Boss,7.2 x 6.2 x 2.0 inches,548
dn7-walmart-amazonl_203,Sharpie Pen Retractable Fine Point Pens Black Set of 2,,5.88,,Sharpie,,
dn7-walmart-amazonl_204,BIC Mark-It Retractable Permanent Marker Fine Red 1-Dozen,PMR11-RED,12.49,0.4,BIC,6.0 x 2.75 x 1.63 inches,
dn7-walmart-amazonl_205,Cleaning Cards for Canon CR-Series Check Scanners,1904V566,29.88,0.6,Canon,9.5 x 6.0 x 2.5 inches,451
dn7-walmart-amazonl_206,Memorex White Matte CD Label Refills - 300 Pack,3202-0403,29.54,4.13,Memorex,12.5 x 9.5 x 1.5 inches,
dn7-walmart-amazonl_207,Avery Design Edge Presentation View Binder 1  Capacity,68080,7.47,1.042,Avery,,
dn7-walmart-amazonl_208,MacCase Premium Leather 17  MacBook Pro Flight Jacket w Backpack Option,155623,191.96,1.5,MacCase,16.5 x 12.0 x 1.0 inches,
dn7-walmart-amazonl_209,Link Depot 80mm LED Computer Case Fan Black,FAN-80-BK,3.98,0.7,Link Depot,7.0 x 4.5 x 1.5 inches,
dn7-walmart-amazonl_210,honestech VHS to DVD 5.0 Deluxe for Pc,VDD5M,64.98,0.7,Honest Technology,7.6 x 5.4 x 2.3 inches,
dn7-walmart-amazonl_211,Avery Laser Inkjet Mailing Labels Mini-Sheet 1 x 2-5 8 White 200 Pack,2160,7.62,0.327,Avery,,21
dn7-walmart-amazonl_212,PC Treasures External DVD-RW Drive Purple,7188,57.74,1,PC Treasures,6.0 x 6.0 x 1.0 inches,
dn7-walmart-amazonl_213,Rayovac Alkaline 9 Volt Batteries 6ct,A1604-6CTD,9.97,0.62,Rayovac,15.74 x 11.74 x 11.35 inches,
dn7-walmart-amazonl_214,Da-Lite High Contrast Matte White Model B Manual Screen - 60 x 60 AV Format,93154,92.99,13,Da-Lite,,
dn7-walmart-amazonl_215,Buffalo Technology MiniStation Metro 1 TB USB 2.0 Portable External Hard Drive with Integrated Flex Cable Encryption and TurboPC HD-PXT1TU2 B Black,HDPXT1TU2B,99.82,0.95,Buffalo Technology,8.8 x 6.1 x 1.9 inches,270
dn7-walmart-amazonl_216,Email Delivery T-Mobile 10 Prepaid Pass for Mobile Broadband Service,12898,10.0,1,T-Mobile,1.0 x 1.0 x 1.0 inches,
dn7-walmart-amazonl_217,Imation 32GB Pocket Flash Drive,27860,77.21,1.4,Imation,10.9 x 5.4 x 4.0 inches,59
dn7-walmart-amazonl_218,Griffin Technology Outfit Gloss iPod touch 4G Black,GB01967,24.99,0.12,Griffin Technology,6.89 x 4.13 x 0.79 inches,609
dn7-walmart-amazonl_219,Microsoft Wireless Mobile Mouse 4000 SGKomen Pink,D5D-00052,20.0,0.5,Microsoft,8.0 x 5.63 x 2.76 inches,289
dn7-walmart-amazonl_220,Acer Black 14  TravelMate TM8472-7254 Laptop PC with Intel i5-560M Processor and Windows 7 Professional,LX.TYV03.021,638.0,8,Acer,18.0 x 11.8 x 3.4 inches,
dn7-walmart-amazonl_221,Targus Red TGK-FR300 Digital Camera Starter Kit,TGK-FR300,18.98,0.65,Targus,9.0 x 6.75 x 2.75 inches,108
dn7-walmart-amazonl_222,Uniden 1360BK Desktop Corded Phone with Caller ID Black,1360BK,23.98,3,Uniden,9.0 x 8.25 x 4.0 inches,
dn7-walmart-amazonl_223,CL80111 AT T Accessory Handset,CL80111,21.88,4.36,AT T,7.0 x 6.0 x 4.0 inches,
dn7-walmart-amazonl_224,Middle Atlantic DRK Series Cable Management Brush Grommel Panel,BR1,35.99,1,Middle Atlantic,,
dn7-walmart-amazonl_225,Cables Unlimited 3 SVGA Video Cable HDB15 Male to Male With 3.5mm Audio,PCM-2240-03,11.88,0.45,Cables Unlimited,7.5 x 5.5 x 0.5 inches,137
dn7-walmart-amazonl_226,Los Angeles Angels of Anaheim iPhone 4 Case Silicone Cover,FVA3955,24.99,,Tribeca,,
dn7-walmart-amazonl_227,SOLO Cup Company 4 Ounce Paper Water Cups 200ct,4BR,4.29,25,SOLO,20.1 x 15.1 x 12.9 inches,592
dn7-walmart-amazonl_228,Comprehensive High Density15-Pin VGA Male Metal Connector with Hood Set of 25,HD15P,69.0,0.1,Comprehensive,,
dn7-walmart-amazonl_229,Wacom PTK640 Intuos4 Medium Pen Graphics Tablet,PTK640,372.88,5,Wacom Tech Corp.,14.5 x 10.0 x 0.5 inches,693
dn7-walmart-amazonl_230,StarTech.com SLSATAF20 20in Slimline SATA Male to SATA Cable,SLSATAF20,9.88,0.09,StarTech,7.0 x 2.3 x 0.99 inches,
dn7-walmart-amazonl_231,Edge 16GB SDHC HD Video Card Class 6,PE222604,38.84,0.25,Edge Tech,9.0 x 6.0 x 3.0 inches,672
dn7-walmart-amazonl_232,iLuv 3MP Premium Sliding Door USB Webcam,ICM20BLK,52.82,0.5,iLuv,7.0 x 5.9 x 2.9 inches,
dn7-walmart-amazonl_233,Startech 3 USB Y Cable for External Hard Drive,USB2HABMY3,6.34,0.12,StarTech,10.04 x 7.87 x 0.39 inches,
dn7-walmart-amazonl_234,BANKERS BOX Stor File DividerBox Legal 15 x 24 x 10 White Blue 12 per Carton,,129.99,33.2,BANKERS BOX,,
dn7-walmart-amazonl_235,Avery Worksaver Big Tab Plastic Dividers Two Slash Pockets Eight-Tab Assorted,11907,5.88,0.517,Avery,,89
dn7-walmart-amazonl_236,GE RG6 Coax Cable 25,33282,0.0,,GE,5.75 x 5.75 x 1.5 inches,
dn7-walmart-amazonl_237,15 RG6 Video Cable White,73311,0.0,,GE,6.54 x 4.6 x 1.29 inches,
dn7-walmart-amazonl_238,Cocoon Innovations Grid-It Large Organizer for Binder Black,CPG25BK,19.99,0.5,COCOON INNOVATIONS,11.0 x 8.75 x 0.25 inches,
dn7-walmart-amazonl_239,NETGEAR Wireless Router for Video and Gaming,WNDR37AV-100NAS,129.0,2.25,NETGEAR,11.25 x 10.0 x 2.0 inches,19
dn7-walmart-amazonl_240,Samsung 19  LCD Monitor E1920X,E1920X,115.0,9.92,Samsung,20.0 x 15.0 x 7.0 inches,
dn7-walmart-amazonl_241,HP Scanjet Enterprise 7000nx Document Capture Workstation,HP 7000nx,3179.82,39.95,HP,16.2 x 13.5 x 12.6 inches,
dn7-walmart-amazonl_242,Post-it Notes Original Notes Canary Yellow,659YW,45.0,3.19,POST-IT,,
dn7-walmart-amazonl_243,OCZ Technology Vertex 2 90GB 2.5  SATA II Solid State Drive,OCZSSD22VTXE90G,179.98,0.45,OCZ Technologies,6.0 x 5.0 x 0.7 inches,
dn7-walmart-amazonl_244,Da-Lite Video Spectra 1.5 Model C Manual Screen - 7 x 9 AV Format,82965,503.99,56,Da-Lite,,
dn7-walmart-amazonl_245,VIZIO 47  Ultra-Slim M470VT,M470VT,799.0,65.04,Vizio,50.39 x 34.25 x 8.85 inches,
dn7-walmart-amazonl_246,iLuv iPod nano 6G Clear Type Protective Film,ICC1112CLR,11.88,0.1,iLuv,7.0 x 3.8 x 0.7 inches,
dn7-walmart-amazonl_247,Symantec Norton Anti Virus Dual Protection Software Mac,SYMCD11445MC,69.99,0.3,Symantec,9.8 x 7.6 x 2.1 inches,
dn7-walmart-amazonl_248,Razer Lachesis Gaming Mouse,RZ01-00170500-R3U1,77.5,1.05,Razer,8.7 x 6.3 x 2.7 inches,
dn7-walmart-amazonl_249,Solidtek Keyboard with Touch Pad Black,KB7070BU,59.99,2.9,Solidtek,18.3 x 8.2 x 1.7 inches,
dn7-walmart-amazonl_250,Dixie Heavy Mediumweight Plastic Forks 100ct,FM507,3.79,0.808,Dixie,9.532 x 6.345 x 1.532 inches,
dn7-walmart-amazonl_251,Samsung BD-C6500 Blu-ray Player   WiFi- Internet TV. Download apps like BLOCKBUSTER Facebook YouTube Twitter Flickr Pandora and VUDU. Refurbished,BD-C6500,109.0,5.4,Samsung,16.9 x 8.8 x 1.7 inches,
dn7-walmart-amazonl_252,Aiptek MZ-DV Black Camcorder w 3x Optical Zoom 2.4  LCD Image Stabilization,MZDV,129.99,1.25,Aiptek,10.7 x 7.5 x 2.2 inches,
dn7-walmart-amazonl_253,Panasonic ErgoFit Inner Ear Headphones White RP-HJE450-W,RP-HJE450-W,43.88,1,Panasonic,6.7 x 2.9 x 1.1 inches,
dn7-walmart-amazonl_254,Tracfone LG 500G P4 DM PDA,TFLG500GP4DM,29.88,6.6,Tracfone,10.2 x 7.1 x 1.3 inches,
dn7-walmart-amazonl_255,IOGear MiniView Extreme Multimedia KVM and Peripheral Sharing Switch,GCS1734,85.0,4.5,IOGEAR,13.0 x 8.75 x 4.25 inches,
dn7-walmart-amazonl_256,CyberPower 1250 Joules 7 Outlet Surge Protector,750,17.88,1.6,CyberPower,14.5 x 7.0 x 2.0 inches,
dn7-walmart-amazonl_257,Case Logic 48 Capacity Heavy Duty CD Wallet,56352,15.99,1.64,Case Logic,11.81 x 6.89 x 1.97 inches,
dn7-walmart-amazonl_258,Motorola Ear-Piece With Boom Microphone,56320,14.88,0.36,Motorola,11.0 x 8.0 x 1.5 inches,753
dn7-walmart-amazonl_259,Logitech G9x Black Tilt Wheel USB Wired Laser Gaming Mouse,910-001152,79.82,1.35,Logitech,8.5 x 8.0 x 3.0 inches,281
dn7-walmart-amazonl_260,Oki 52102001 Ribbon Black,52102001,14.0,0.065,OKI,,662
dn7-walmart-amazonl_261,Xerox 108R00645 Imaging Unit For Phaser 6300 and 6350 Printer,108R00645,244.84,8.4,XEROX,15.0 x 12.25 x 8.0 inches,
dn7-walmart-amazonl_262,Draper Cineflex Ultimate Folding Replacement Surface Portable Screen - 9 x 12 NTSC Format,241119,755.0,15,Draper,,
dn7-walmart-amazonl_263,Draper Cineflex Ultimate Folding Portable Screen with Heavy-Duty Legs - 133 diagonal HDTV Format,241102,1195.0,88,Draper,,
dn7-walmart-amazonl_264,Rubbermaid Rotary Desk Organizer w Supplies Black,25001,21.94,1.95,Rubbermaid,,735
dn7-walmart-amazonl_265,Sony 62mm Front Lens Cap,ALC-F62A,9.0,0.1,Sony,3.0 x 2.8 x 0.1 inches,
dn7-walmart-amazonl_266,Iomega eGo 500GB Helium Portable Hard Drive,34945,78.98,0.75,Iomega,7.1 x 5.2 x 2.3 inches,636
dn7-walmart-amazonl_267,Southworth 10pk Certificate Holder Navy,PF8,6.54,0.543,Southworth,,
dn7-walmart-amazonl_268,SKB Cases RX Series Rugged Roto-X Shipping Foot Locker Case 18 1 2 H x 36 W x 28 D outside,3SKB-X3426-16,614.99,44,SKB Cases,34.0 x 26.0 x 16.0 inches,
dn7-walmart-amazonl_269,AT T - HTC Aria Smartphone Price with New 2-yr Contract,Aria,320.0,9.13,AT T,9.57 x 6.1 x 2.75 inches,
dn7-walmart-amazonl_270,Avery Economy Weight Sheet Protectors 100ct,75537,11.52,4.625,Avery,12.0 x 9.813 x 1.0 inches,
dn7-walmart-amazonl_271,Avery Eco Shipping Labels White 250-Count,48363,9.46,0.7,Avery,12.062 x 9.439 x 0.031 inches,
dn7-walmart-amazonl_272,Avery Write-On Tabs 1.75 48-Count,16143,3.54,0.05,Avery,7.25 x 3.0 x 0.3 inches,573
dn7-walmart-amazonl_273,Link Depot 5 Ethernet Enhanced CAT6 Networking Cable Gray,C6M-5-GYB,2.98,0.75,Link Depot,12.0 x 7.5 x 0.5 inches,
dn7-walmart-amazonl_274,DYMO D1 Standard Tape Cartridge for Dymo Label Makers 3 8in x 23ft Red on White,45018,17.47,0.072,Dymo,,
dn7-walmart-amazonl_275,Ampad Evidence Glue Top Narrow Ruled Pads Ltr 50-Sheet Pads Pack Dozen,21118,10.97,5.274,Ampad,,
dn7-walmart-amazonl_276,Sony VGP-BKB1 Bluetooth Wireless Keyboard,VGPBKB1,97.15,1.84,Sony,19.0 x 5.5 x 2.0 inches,570
dn7-walmart-amazonl_277,ACP-EP Memory 32GB Class 4 SDHC Card,EPSDHC/32GB-4,68.88,0.5,EP Memory,6.4 x 3.25 x 0.6 inches,
dn7-walmart-amazonl_278,Da-Lite HC Cinema Vision Tensioned Advantage Electrol - AV Format 8 x 8 diagonal,89939,2595.0,124,Da-Lite,,
dn7-walmart-amazonl_279,Archos 10.1  Touchscreen EntertainmentTablet and eBook Reader with Google Android OS,501594,279.0,16,Archos,11.8 x 9.7 x 2.0 inches,
dn7-walmart-amazonl_280,Da-Lite Da-Tex Rear Tensioned Advantage Electrol - HDTV Format 184 diagonal,35199,4612.99,181,Da-Lite,,
dn7-walmart-amazonl_281,Nextware Jellybean Case for iPad Black,JELPAD-BK,29.95,0.55,Nextware,10.5 x 8.0 x 0.7 inches,50
dn7-walmart-amazonl_282,PC Treasures 15.6  Laptop Kit Black,19457,39.0,4.5,PC Treasures,18.5 x 12.75 x 3.5 inches,
dn7-walmart-amazonl_283,Tribeca Varsity Jacket Silicone Case for iPod Touch University of Florida,FVA3615,18.9,0.9,Tribeca,7.75 x 4.0 x 0.75 inches,
dn7-walmart-amazonl_284,NETGEAR Powerline AV 500 Adapter,XAV5001100NAS,79.82,0.88,NETGEAR,7.3 x 4.7 x 3.2 inches,65
dn7-walmart-amazonl_285,Mustang 84 Fixed Screen High Contrast in White,SC-F84W4:3,262.2,12,Mustang,,
dn7-walmart-amazonl_286,Motion Systems IPAD01 Charlie iPad Sleeve Black,IPAD01-BLK,16.99,0.1,MOTION SYSTEMS,11.0 x 10.5 x 1.0 inches,571
dn7-walmart-amazonl_287,Coby Kyros MID8024 8.1  Color Touchscreen Tablet PC,MID8024-4G,178.0,2.17,Coby,8.11 x 6.22 x 0.55 inches,
dn7-walmart-amazonl_288,SIIG Hi-Speed USB 2.0 eSATA Enclosure for 2.5  SATA Hard Disks,JU-SA0D12-S1,15.88,2.85,SIIG,10.2 x 7.6 x 5.4 inches,
dn7-walmart-amazonl_289,Scotch Desktop Tape Dispenser Clear Black,DS520,11.94,1.114,Scotch,,
dn7-walmart-amazonl_290,Semi Hard Case Set for iPad 2 White,TR-SHCSIPD2-WT/EN,29.99,1,Simplism,11.5 x 9.4 x 1.1 inches,
dn7-walmart-amazonl_291,Belkin Mini CD Drive Cleaning Kit,F8E648,7.82,0.12,Belkin,8.0 x 6.0 x 1.25 inches,
dn7-walmart-amazonl_292,Case Logic Universal MP3 Sport Case- Medium,120579,11.99,,Case Logic,4.0 x 3.5 x 0.75 inches,
dn7-walmart-amazonl_293,Coby Deep Base Stereo Headphones CV121,CV121,8.0,0.25,Coby,9.76 x 7.09 x 3.03 inches,
dn7-walmart-amazonl_294,SIIG USB 2.0 Bay Media Card Reader,JU-MR0012-S1,16.82,0.5,SIIG,8.75 x 6.75 x 2.0 inches,69
dn7-walmart-amazonl_295,Case Logic 14.1  Laptop Sleeve,117505,17.59,0.83,Case Logic,15.0 x 11.25 x 1.75 inches,
dn7-walmart-amazonl_296,Belkin 10.2  Netbook Neoprene Sleeve - Black,F8N132-BLK,8.88,0.54,Belkin,11.22 x 8.07 x 1.57 inches,
dn7-walmart-amazonl_297,Plantronics GameCom 367 Closed-Ear Gaming Headset,GAMECOM 367,24.84,1.13,Plantronics,12.0 x 9.625 x 4.813 inches,206
dn7-walmart-amazonl_298,AT  Touch Screen Price with New 2-yr Contract,Focus,330.0,1.2,AT T,3.9 x 2.4 x 0.7 inches,
dn7-walmart-amazonl_299,Microsoft APB-00001 Wired Desktop 600 Keyboard and Mouse,APB-00001,25.84,2.15,Microsoft,21.7 x 7.0 x 1.9 inches,667
dn7-walmart-amazonl_300,Draper Glass Beaded Traveller Portable Screen - 73 diagonal HDTV Format,230124,352.99,24,Draper,,
dn7-walmart-amazonl_301,Draper DiamondScreen Rear Projection Screen with No Frame - 190 diagonal NTSC Format,127152,70416.5,900,Draper,,
dn7-walmart-amazonl_302,Quartet ShowIt Three-Panel Display System Fabric Blue Gray Black PVC Frame,,222.29,12.75,Quartet,,
dn7-walmart-amazonl_303,Inland Pro iPhone and iPod 3-in-1 Charging Kit,8521,9.84,0.31,Inland,9.3 x 5.8 x 2.3 inches,422
dn7-walmart-amazonl_304,Endust 10 oz Air Duster with Bitterant,11384,7.95,1,Endust,8.5 x 2.5 x 2.5 inches,
dn7-walmart-amazonl_305,V7 10 CAT5e Snagless Network Patch Cable Blue,V7N3C5E-10F-BLUS,4.88,0.3,V7,10.0 x 8.0 x 1.0 inches,
dn7-walmart-amazonl_306,Boss Audio CH6CK - CHAOS EXTREME 350 Watt 6.5  Component Car Speakers - PAIR,,43.0,,Boss,,
dn7-walmart-amazonl_307,NEC 22  LCD Monitor Black EA221WM-BK,EA221WM-BK,249.0,21.05,NEC,23.0 x 19.5 x 10.75 inches,312
dn7-walmart-amazonl_308,Link Depot 7 Ethernet Enhanced CAT6 Networking Cable Red,C6M-7-RDB,2.98,0.8,Link Depot,12.0 x 7.5 x 0.5 inches,
dn7-walmart-amazonl_309,Lenovo Performance Back Pack,41U5254,31.51,1.6,Lenovo,18.3 x 14.5 x 4.5 inches,167
dn7-walmart-amazonl_310,Logitech USB Webcam C270H,C270H,29.0,0.9,Logitech,8.251 x 6.0 x 3.251 inches,
dn7-walmart-amazonl_311,Rubbermaid Commercial Lobby Pro Upright Black Polypropylene With Vinyl Coat Dustpan With Wheels,253100BK,25.97,2.167,Rubbermaid Commercial,28.8 x 12.8 x 5.2 inches,
dn7-walmart-amazonl_312,Vantec 2 1 SATA 6G And PATA PCI-E Combo Host Card w RAID,UGT-IS602R,40.33,1.2,Vantec,8.0 x 6.0 x 2.0 inches,546
dn7-walmart-amazonl_313,Sabrent 2-Port VGA High Resolution Video Splitter,VD-VS2P,24.88,1.1,Sabrent,10.0 x 8.0 x 2.8 inches,
dn7-walmart-amazonl_314,Fellowes Mfg. Co. Wire Mail Cart 150-Folder Capacity 18 x 38-1 2 x 39-1 4 Chrome Plated,FEL40912,337.49,41,Fellowes,39.25 x 38.5 x 18.0 inches,
dn7-walmart-amazonl_315,PNY 8GB Micro Slide Attache USB Flash Drive - Silver,P-FDU8GBSL-EF/SIL,14.84,0.05,PNY,6.75 x 5.0 x 0.5 inches,346
dn7-walmart-amazonl_316,Vivitar Universal Battery Charger for Olympus Batteries,SC-OLM,15.94,1.2,Vivitar,8.25 x 6.2 x 2.25 inches,
dn7-walmart-amazonl_317,SIIG Headrest iPad Car Mount,CE-MT0E12-S1,40.88,0.6,SIIG,10.4 x 7.0 x 3.1 inches,
dn7-walmart-amazonl_318,GE 8  Cable Ties Clear,52083,0.0,,General Electric,8.22 x 0.88 x 0.66 inches,
dn7-walmart-amazonl_319,Toshiba DVR670 DVD VHS Recorder with Built-in Tuner,DVR670,214.0,12.32,Toshiba,17.13 x 10.55 x 3.92 inches,168
dn7-walmart-amazonl_320,St. Louis Cardinals iPod Touch 4G Hard Case,FVA4549,29.99,,Tribeca,,
dn7-walmart-amazonl_321,Midland AVP-H1 Motorcycle Microphone Speakers for GMRS FRS Radios,AVP-H1,34.79,0.94,Midland,12.0 x 8.0 x 1.0 inches,
dn7-walmart-amazonl_322,Case Logic 72 Capacity Heavy Duty CD Wallet,59253,15.99,1.16,Case Logic,12.24 x 6.89 x 2.56 inches,729
dn7-walmart-amazonl_323,ZyXEL Desktop Gigabit Switch GS-108B,GS108B,34.99,1.45,ZyXEL,9.85 x 6.0 x 2.05 inches,367
dn7-walmart-amazonl_324,CORSAIR XMS2 2GB 2 X 1GB PC2-6400 800MHz 240-pin DDR2 CL5 Dual Channel Desktop Memory Kit - TWIN2X4096-6400C5C,TWIN2X4096-6400C5C,72.82,0.2,Corsair,8.25 x 6.0 x 1.5 inches,
dn7-walmart-amazonl_325,Blue Crane NBC118 Introduction to the Canon XS 1000D andXSi 450D DVD,NBC118,19.0,0.18,Norazza,7.5 x 5.375 x 0.625 inches,
dn7-walmart-amazonl_326,StarTech.com ST122LE 2 Port VGA Video Splitter Cable - USB Powered,ST122LE,32.88,0.35,StarTech,8.55 x 4.5 x 0.225 inches,
dn7-walmart-amazonl_327,Da-Lite 40184 Model B Manual Wall and Ceiling Projection Screen,40184,47.84,15,Da-Lite,61.875 x 4.5 x 4.275 inches,
dn7-walmart-amazonl_328,Connectpro UR-12-KIT Master-IT USB UR-12 KVM Switch,UR-12-KIT,67.09,2.85,Connectpro,4.9 x 2.7 x 1.6 inches,125
dn7-walmart-amazonl_329,Verbatim 95097 16x DVD R Media,95097,10.88,1.4,Verbatim,5.13 x 4.59 x 1.98 inches,741
dn7-walmart-amazonl_330,Scosche Increased Dynamic Range Chameleon Earphones IDR355MD,IDR355MD,24.34,0.25,Scosche,6.0 x 5.0 x 2.0 inches,
dn7-walmart-amazonl_331,Draper Matte White Targa Electric Screen  - HDTV 92 diagonal,116300,618.0,58,Draper,,
dn7-walmart-amazonl_332,Draper Glass Beaded Apex Manual Screen - 6 diagonal NTSC Format,205021,665.99,35,Draper,,
dn7-walmart-amazonl_333,Pilot BeGreen B2P Roller Ball Retractable Gel Ink Pen Red 5 count,,7.5,0.035,,,
dn7-walmart-amazonl_334,Midland 2-Pack 22-Channel Camo LXT385VP3 GMRS Radio,LXT385VP3,39.82,1.74,Midland,10.75 x 9.25 x 3.4 inches,375
dn7-walmart-amazonl_335,Midland 40-Channel Mobile CB Radio with Weather Scan Technology,1001LWX,69.99,3,Midland,9.6 x 9.2 x 2.5 inches,
dn7-walmart-amazonl_336,Xerox 108R00657 Extended-Capacity Maintenance Kit For Work Centre C2424,108R00657,154.84,1.64,XEROX,14.5 x 3.25 x 3.0 inches,358
dn7-walmart-amazonl_337,Innovera D3010 Black Compatible High-Yield Toner Print Cartridge,D3010,68.35,0.959,INNOVERA,,631
dn7-walmart-amazonl_338,Dell Switch Black 15.6  Inspiron i15R-5673DBK Laptop PC with Intel Core i5-2410M Processor Windows 7 Home Premium with Bonus Your Choice Color Pattern Lid Bundle,,768.0,,Dell,,
dn7-walmart-amazonl_339,Sandisk 8GB Cruzer USB Flash Drive Pink,SDCZ36Z008GAW11P,12.88,0.1,SanDisk,7.0 x 5.0 x 0.4 inches,
dn7-walmart-amazonl_340,Birdhouse Tony Hawk 2GB Full Skull SkateDrive USB Flash Drive,BH-SKTHFS/2G,9.84,1.5,EP Memory,6.25 x 3.25 x 1.5 inches,
dn7-walmart-amazonl_341,Action Sport Drives 8GB Flip USB Skate Drive Logo,FLIP-SKATEB/8G,16.84,1.5,EP Memory,6.25 x 3.25 x 1.5 inches,
dn7-walmart-amazonl_342,V7 5 CAT6 Snagless Molded Network Patch Cable Red,V7N2C6-05F-REDS,4.88,0.3,V7,10.0 x 8.0 x 1.0 inches,
dn7-walmart-amazonl_343,Everstart 14-Gauge 20 Red Primary Wire,51653-76-04,0.0,,Generic,9.75 x 4.0 x 1.5 inches,
dn7-walmart-amazonl_344,Avery 750pk High-Visibility Laser Labels Pastel Blue,5980,14.94,0.64,Avery,,
dn7-walmart-amazonl_345,Apple iPad 10W USB Power Adapter,MC359LL/A,29.0,0.7,Apple,5.3 x 5.3 x 1.8 inches,457
dn7-walmart-amazonl_346,Belkin Pro Series 6 USB 2.0 5-Pin Min-B Cable,F3U138-06,6.07,0.2,Belkin,10.0 x 5.0 x 1.1 inches,
dn7-walmart-amazonl_347,Clover True Day Night Vari-Focal Color Dome Camera,HDC211,214.86,9.78,Clover Electronics,10.0 x 8.0 x 6.0 inches,177
dn7-walmart-amazonl_348,EP 2GB USB 2.0 Capless Wave Flash Drive Pink,EPCLP/2GB-2.0,8.84,0.5,EP Memory,3.25 x 0.75 x 0.25 inches,
dn7-walmart-amazonl_349,Lenovo Black IdeaCentre Q150 Mini Desktop PC with Intel Atom D510 Processor 250GB Hard Drive and Windows 7 Home Premium Monitor Not Included,40812GU,319.0,8,Lenovo,14.9 x 8.1 x 4.8 inches,
dn7-walmart-amazonl_350,Acer Black 17.3  AS7551-7422 Laptop PC with AMD Phenom II X4 Quad-Core N970 Processor and Windows 7 Home Premium,AS7551-7422,478.0,13.4,Acer,19.6 x 13.9 x 4.8 inches,
dn7-walmart-amazonl_351,Acer Iconia Tab with Wi-Fi 10.1  Touchscreen Tablet PC Featuring Android 3.0 Honeycomb Operating System Aluminum Metallic - 32GB,A500-10S32u,498.0,3.25,Acer,12.0 x 8.4 x 2.4 inches,618
dn7-walmart-amazonl_352,Aurora Products Elements Eco-Friendly Round Ring Binder,20328,8.27,0.954,,,
dn7-walmart-amazonl_353,Logitech Wireless Mouse M315 Silver,910002537,19.88,0.33,Logitech,8.7 x 5.83 x 3.58 inches,
dn7-walmart-amazonl_354,Avery 3  Durable View Binder with EZ-Turn Ring Black,17351,7.47,1.5,Avery,12.06 x 11.63 x 3.43 inches,
dn7-walmart-amazonl_355,jWIN Mega Bass Pro Headphones,IHP605BLK,37.88,1.5,JWin,8.9 x 8.1 x 3.4 inches,
dn7-walmart-amazonl_356,Epson T008201 Color Ink Cartridge for Stylus Color 780 870 875DC 875DCS and 890,T008201,20.84,0.2,Epson,4.06 x 3.9 x 1.34 inches,156
dn7-walmart-amazonl_357,Actiontec Modem for Verizon DSL,GT701C,65.84,2.7,ActionTec,10.8 x 8.0 x 4.0 inches,
dn7-walmart-amazonl_358,BIC Round Stic Ball Pen Blue 1-Dozen 2-Pack,,2.0,,,,
dn7-walmart-amazonl_359,Arkon BBBOLD112 Deluxe Non-Skid Weighted Dashboard Mount with Safety Hook For BlackBerry Bold 9900,BBBOLD112,24.88,1.8,Arkon,16.0 x 7.2 x 1.575 inches,
dn7-walmart-amazonl_360,Scosche FPTAG Anti-Glare Screen Protectors for iPod touch 2pk,FPTAG,16.88,0.05,Scosche,6.8 x 3.8 x 1.8 inches,
dn7-walmart-amazonl_361,Five Star 3-subject College Rule Notebook 2 pack,,9.24,1.498,,,
dn7-walmart-amazonl_362,Xerox 108R00602 Maintenance Kit,108R00602,110.84,1.64,XEROX,14.5 x 3.0 x 3.0 inches,
dn7-walmart-amazonl_363,North Carolina Tar Heels Pro Grip Mouse,MSU045,26.99,,Team Pro Mark,,
dn7-walmart-amazonl_364,Sony Portable Handycam AC Adaptor,ACL200,32.27,0.86,Sony,9.0 x 6.0 x 3.0 inches,
dn7-walmart-amazonl_365,Mustang 70 x 70 Manual Screen in Matte White,SC-M7011,86.6,17,Mustang,,
dn7-walmart-amazonl_366,Edge 16GB ProShot 133x CF Memory Card,PE222031,39.98,0.25,Edge Tech,9.0 x 6.0 x 3.0 inches,
dn7-walmart-amazonl_367,Draper Matte White Salara Plug and Play Electric Screen - NTSC 7 diagonal,136007,624.25,36,Draper,,
dn7-walmart-amazonl_368,Draper High Contrast Grey Access Series E Electric Screen  - AV Format 72 x 96,104175,1505.95,87,Draper,,
dn7-walmart-amazonl_369,Draper M2500 Ultimate Access Series V Electric Screen  - AV Format 70 x 70,118207,2865.0,124,Draper,,
dn7-walmart-amazonl_370,Eye-Fi Connect X2 4GB Wireless SD Memory Card,EYEFI4CN,39.88,0.15,Eye-Fi,6.8 x 5.4 x 0.6 inches,673
dn7-walmart-amazonl_371,Midland GMRS Radio Action Throat Microphone Headset,AVPH8,39.99,1,Midland,8.5 x 7.1 x 1.1 inches,
dn7-walmart-amazonl_372,CMS Products V2ABS-500 ABS Hard Drive,V2ABS-500,119.98,1,CMS Products,7.69 x 7.19 x 4.19 inches,
dn7-walmart-amazonl_373,Antenna Classic Laptop Sleeve in Suede,CL-SP2-13,43.0,3,Antenna,12.78 x 8.92 x 1.08 inches,
dn7-walmart-amazonl_374,Avery Mailing Seals 200ct White,6740,0.0,,Avery,5.4 x 1.0 x 1.0 inches,
dn7-walmart-amazonl_375,Griffin Technology RoadTrip Hands-free,NA15005,99.99,0.5,Griffin Technology,7.5 x 7.4 x 2.3 inches,132
dn7-walmart-amazonl_376,Toshiba PH3100U-1E3S 1TB USB 3.0 Desktop Hard Drive,PH3100U-1E3S,89.0,3.06,Toshiba,9.3 x 8.1 x 3.8 inches,469
dn7-walmart-amazonl_377,Avery Table of Contents Legal Dividers 1-25,11370,6.47,0.45,Avery,11.0 x 9.0 x 0.25 inches,
dn7-walmart-amazonl_378,Maxell 631012 Blu-ray Disc 15 pk,631012,61.88,0.7,Maxell,5.5 x 5.5 x 1.75 inches,405
dn7-walmart-amazonl_379,Casio Tape Cassettes for KL Label Makers 18mm x 26 2pk Black on Clear,XR18X2S,37.77,0.249,Casio,,
dn7-walmart-amazonl_380,Cables To Go 2m VGA Video Cable Adapter,54187,46.77,0.6,Cables To Go,8.5 x 4.75 x 0.5 inches,
dn7-walmart-amazonl_381,Rediform Money Receipt Book 300 Sets Book,8L810,22.94,1.387,,,
dn7-walmart-amazonl_382,Casio Exilim EX-ZS5 14.1MP Digital Camera Silver w 5x Optical Zoom 2.7  LCD Display,,100.0,,Casio,,526
dn7-walmart-amazonl_383,DICOTA PadGuard Tablet PC Case Black,N27118P,26.88,0.45,DICOTA,14.0 x 8.1 x 0.1 inches,
dn7-walmart-amazonl_384,ASUS ET1611PUT-B001E 15.6  Windows 7 Home Premium,ET1611PUT-B001E,468.0,9.46,Asus,16.04 x 13.37 x 1.67 inches,
dn7-walmart-amazonl_385,Philips Pop Color Headset Pink,SHE2675BP/28,19.88,0.058,Philips,6.7 x 2.0 x 1.25 inches,
dn7-walmart-amazonl_386,Toshiba 19  ultra slim 19SLV411U,19SLV411,229.0,5.83,Toshiba,18.51 x 11.96 x 2.56 inches,
dn7-walmart-amazonl_387,EVGA 1GB GeForce GT 520 DDR3 Graphics Card,01GP31521KR,68.99,0.7,EVGA,11.3 x 7.7 x 1.6 inches,4
dn7-walmart-amazonl_388,Fellowes B-121C Shredder,FEL3373001,369.99,21.5,Fellowes,22.25 x 13.81 x 10.25 inches,
dn7-walmart-amazonl_389,Canon Rechargeable Battery NB-2LH,NB-2LH Battery,59.84,0.15,Canon,,
dn7-walmart-amazonl_390,SanDisk UltraII 8GB Memory Stick PRO Duo,SDMSPDH008GA11,52.88,0.1,SanDisk,6.1 x 4.7 x 0.7 inches,
dn7-walmart-amazonl_391,Energizer Max AAA 6pk,E92BP-6R,0.0,,Energizer,4.5 x 3.0 x 0.87 inches,
dn7-walmart-amazonl_392,CyberPower TRVL918 3-Outlet Travel Surge Protector,TRVL918,17.88,28,CyberPower,4.92 x 2.05 x 1.66 inches,
dn7-walmart-amazonl_393,Ergotron 47-092-800 100 Series Wall Mount Single Pivot - 25 lb - Gray,47-092-800,44.84,2.25,Ergotron,4.1 x 4.1 x 3.1 inches,
dn7-walmart-amazonl_394,DYMO by Pelouze Heavy-Duty Electronic Utility Scale,4010,136.94,10.427,,,
dn7-walmart-amazonl_395,Avery 8691 CD DVD and Jewel Case Spine Label,8691,27.54,1.25,Avery,10.25 x 8.0 x 0.49 inches,519
dn7-walmart-amazonl_396,Epson S041062 Presentation Paper,S041062,19.88,1.56,Epson,10.13 x 8.1 x 0.68 inches,
dn7-walmart-amazonl_397,Iomega 2TB Ego Desktop USB 2.0 Portable Hard Drive - Midnight Blue,34822,122.98,3,Iomega,9.0 x 6.0 x 2.5 inches,
dn7-walmart-amazonl_398,Pendaflex Two-Ply Dark Kraft File Folders Top Tab Brown 100 Box,RK15313,51.79,9.612,,,205
dn7-walmart-amazonl_399,Motorola H17 Bluetooth Headset,89334M,38.84,0.8,Motorola,0.42 x 0.17 x 0.1 inches,628
dn7-walmart-amazonl_400,Draper M1300 Signature Series V Electric Screen  - NTSC 200 diagonal,100459,4115.5,265,Draper,,
dn7-walmart-amazonl_401,Draper Glass Beaded Access Series M Manual Screen - 162 diagonal Widescreen Format,203056,1006.45,106,Draper,,
dn7-walmart-amazonl_402,Draper HiDef Grey ShadowBox Clarion Fixed Frame Screen - 133 diagonal HDTV Format,253090,1303.99,46,Draper,,
dn7-walmart-amazonl_403,Draper DiamondScreen Rear Projection Screen with No Frame - 96 diagonal NTSC Format,127105,6797.5,185,Draper,,
dn7-walmart-amazonl_404,Middle Atlantic IEC Power Cords 4 pieces,,32.99,2,Middle Atlantic,,
dn7-walmart-amazonl_405,Case Logic 11.6  Hard Shell Netbook Sleeve,154722,19.99,0.79,Case Logic,13.0 x 9.75 x 1.6 inches,
dn7-walmart-amazonl_406,SKB Cases Caster Kit,3SKB-CAST,104.99,8,SKB Cases,9.375 x 8.75 x 5.188 inches,
dn7-walmart-amazonl_407,BIC Velocity 0.9mm Mechanical Pencil 4 Ct. 2-Pack,,5.56,,,,
dn7-walmart-amazonl_408,San Jamar Foam Cup Dispenser,C4210PFSD,27.97,1.531,,24.5 x 4.5 x 4.5 inches,
dn7-walmart-amazonl_409,System Suite 11 Professional PC,10143,0.0,,Avanquest,7.6 x 5.3 x 1.5 inches,
dn7-walmart-amazonl_410,V7 25 CAT5e Network Patch Cable Red,V7N3C5E-25F-RED,6.88,0.1,V7,6.0 x 5.5 x 0.9 inches,
dn7-walmart-amazonl_411,Hitachi 500GB Touro Mobile USB 2.0 Hard Drive,0S03121,64.98,0.5,Hitachi,6.3 x 4.5 x 1.6 inches,
dn7-walmart-amazonl_412,Ooma Bluetooth Adapter,1000300100,29.99,0.03,Ooma,5.0 x 4.0 x 1.0 inches,
dn7-walmart-amazonl_413,National Brand Texhide Accounting Book Black Burgundy 10 3 8 x 8 3 8,56211,25.94,1.036,National Products Ltd.,,
dn7-walmart-amazonl_414,Sony BDP-S360 1080p Blu-ray Disc Player- Refurbished,RBBDP-S360,79.0,5.9,Sony,801.0 x 16.9 x 2.2 inches,
dn7-walmart-amazonl_415,Quartet Magnetic Dry-Erase Board Mahogany Frame,2544M,419.0,30,Quartet,,
dn7-walmart-amazonl_416,Belkin Conserve Socket Power Timer,F7C009q,12.0,0.38,Belkin,5.1 x 5.0 x 2.56 inches,150
dn7-walmart-amazonl_417,Da-Lite Da-Plex Standard Rear Projection Screen - 60 x 80 Video Format,27544,2931.99,260,Da-Lite,,
dn7-walmart-amazonl_418,Da-Lite Matte White Designer Model B with Fabric Case in Frost Gray - 84 x 84 AV Format,73139,222.99,27,Da-Lite,,
dn7-walmart-amazonl_419,Western Digital 1TB My Passport Essential SE USB 3.0 Portable External Hard Drive,WDBACX0010BBKSN,98.92,0.75,Western Digital,7.0 x 6.06 x 2.0 inches,
dn7-walmart-amazonl_420,iLuv 8.9  Portable Multimedia Player for iPod and DVDs,i1166,229.0,3.75,iLuv,11.0 x 6.1 x 1.9 inches,
dn7-walmart-amazonl_421,Pendaflex 2  Reinforced Hanging File Folder Standard Green 25 Box,4152X2,24.94,4.135,,,
dn7-walmart-amazonl_422,Sabrent 3.5  USB 3.0 SATA HDD Enclosure,EC-35UK,26.88,2.25,Sabrent,10.0 x 7.0 x 2.0 inches,
dn7-walmart-amazonl_423,Grip 43096 10 Piece 12 Inch x 1 4 Inch Heat Shrink Tubes,43096,9.43,1,Grip,,
dn7-walmart-amazonl_424,Cooler Master Storm Sniper Edition Black,SGC6000KXN1G,146.25,29.55,Coolermaster,24.1 x 24.0 x 11.9 inches,31
dn7-walmart-amazonl_425,Lenovo Black ThinkCentre A70 Desktop PC with Intel E5800 Processor 320GB Hard Drive Monitor Not Included and Windows 7 Professional,7099U2U,418.0,15,Lenovo,20.0 x 19.5 x 11.75 inches,
dn7-walmart-amazonl_426,iLive iPhone Alarm Clock Speaker,iSP191B,42.88,1.8048,iLive,7.3 x 7.2 x 5.7 inches,680
dn7-walmart-amazonl_427,Cobra Marine Radio with Rewind-Say-Again,MR-F80BD,150.0,4.38,COBRA,6.38 x 6.25 x 3.0 inches,
dn7-walmart-amazonl_428,HP 27 Black Inkjet Cartridge C8727AN,C8727AN,19.97,0.2,HP,5.53 x 4.6 x 4.5 inches,762
dn7-walmart-amazonl_429,Western Digital 2TB My Book Studio Edition II External Hard Drive,WDH2Q20000N,199.0,6.16,Western Digital,9.0 x 9.0 x 8.5 inches,
dn7-walmart-amazonl_430,Mobile Edge 16PC 17Mac Premium Leather V-Load,118607,111.99,5.65,Mobile Edge,16.3 x 13.0 x 6.0 inches,
dn7-walmart-amazonl_431,GPX iPhone Travel Speaker,SP300B,23.88,0.9224,GPX,10.0 x 8.75 x 1.75 inches,468
dn7-walmart-amazonl_432,Apple iPod Shuffle 4GB Pink 4th Gen,MC331LL/A,73.54,0.2,Apple,3.4 x 2.6 x 1.6 inches,
dn7-walmart-amazonl_433,APC Professional SurgeArrest 8 outlet 2 pairs phone line protection 120V,PRO8T2,25.0,1.9,APC,11.25 x 5.625 x 1.8 inches,
dn7-walmart-amazonl_434,StarTech.com SVUSB2N1-10 10 ft 2-in-1 Universal USB KVM Cable,SVUSB2N1-10,18.88,1,StarTech,11.79 x 4.5 x 0.9 inches,
dn7-walmart-amazonl_435,Epson S041289 Photographic Papers,S041289,49.88,2.86,Epson,17.55 x 12.15 x 0.45 inches,
dn7-walmart-amazonl_436,Sparkle Power SPI3001UH-B204 SPI3001UH ATX12V Power Supply,SPI3001UH-B204,70.88,36,Sparkle Power,7.5 x 3.9 x 1.6 inches,
dn7-walmart-amazonl_437,Atlantic Drawbridge Multimedia Storage Unit Black Wood,3793-5622,41.89,15,Atlantic,36.13 x 19.13 x 7.0 inches,
dn7-walmart-amazonl_438,SIIG SoundWave 7.1 Channel PCI Sound Card,IC-710012-S2,34.84,0.46,SIIG,8.8 x 6.8 x 1.0 inches,
dn7-walmart-amazonl_439,BIC Ultra Round Stic Grip Ball Pen Blue 1-Dozen 3-Pack,,4.53,,,,
dn7-walmart-amazonl_440,Draper Matte White Baronet Electric Screen - NTSC 7 diagonal,129007,446.15,26,Draper,,
dn7-walmart-amazonl_441,Draper Glass Beaded Envoy Electric Screen  - NTSC 11 diagonal,112045,1441.0,130,Draper,,
dn7-walmart-amazonl_442,Draper M1300 Premier Electric Screen  - AV Format 84 x 84,101173,1534.5,72,Draper,,
dn7-walmart-amazonl_443,Draper Glass Beaded Signature Series E Electric Screen  - NTSC 11 diagonal,111364,2332.95,157,Draper,,
dn7-walmart-amazonl_444,Draper High Contrast Grey Luma 2 Manual Screen - 60 x 60 AV Format,206059,349.88,30,Draper,,
dn7-walmart-amazonl_445,Draper M2500 ShadowBox Clarion Fixed Frame Screen - 10 diagonal NTSC Format,253037,985.99,42,Draper,,
dn7-walmart-amazonl_446,Namo WebEditor Professional,NWEP-USNC,78.0,0.64,Namo,7.5 x 5.3 x 1.4 inches,420
dn7-walmart-amazonl_447,Ematic Articulating Wall Mount Kit for 15  TV Includes 6FT HDMI Cable Cleaning Solution Cleaning Cloth EMW3202,EMW3202,29.99,4.45,Ematic,9.17 x 6.69 x 3.62 inches,154
dn7-walmart-amazonl_448,Ematic Full-Motion Wall Mount Kit for 37  TV With 6FT HDMI Cable 15FT HDMI Cable Cleaning Solution Cleaning Cloth EMW5001,EMW5001,84.0,33.6,Ematic,35.11 x 14.37 x 5.19 inches,179
dn7-walmart-amazonl_449,BIC Triumph 537R Needle Point Roller Pen 0.5mm Black 1-Dozen,RT5511-BLK,15.29,0.31,BIC,5.5 x 2.75 x 1.44 inches,
dn7-walmart-amazonl_450,BIC Velocity Mechanical Pencil 0.5mm Black 1-Dozen,MV511-BLK,11.88,0.31,BIC,6.0 x 2.75 x 1.63 inches,
dn7-walmart-amazonl_451,BIC Clic Stic Retractable Ball Pen Medium Black 1-Dozen,CSM11-BLK,6.54,0.17,BIC,5.5 x 2.75 x 1.06 inches,
dn7-walmart-amazonl_452,Quartet ReWritables Dry Erase Mini-Markers Fine Point 6 Assorted Colors,51659312,4.54,0.124,Quartet,,705
dn7-walmart-amazonl_453,Incipio AK-334 Kaddy Nylon Folio For Amazon Kindle 3 Black,AK-334,28.5,1,INCIPIO,8.0 x 7.6 x 0.51 inches,
dn7-walmart-amazonl_454,Incipio CL-470 iPad Screen Protector 2pk Clear,CL-470,19.0,1,INCIPIO,9.5 x 9.4 x 7.2 inches,490
dn7-walmart-amazonl_455,Wanderlei Silva Mouse Pad,15042010,18.99,,Wincraft,,649
dn7-walmart-amazonl_456,Dreamgear Charge and Sync Cable for iPod iPhone iPad Purple,ISOUND-1634,19.88,3.65,Dreamgear,6.5 x 3.0 x 1.25 inches,
dn7-walmart-amazonl_457,Asus Black 10.1  Eee Seashell 1015PX-PU17-BK Netbook PC with Intel Atom Dual-Core N570 Processor and Windows 7 Starter,1015PX-PU17-BK,338.0,4,Asus,12.5 x 11.25 x 3.0 inches,
dn7-walmart-amazonl_458,V7 25 CAT5e Snagless Network Patch Cable Yellow,V7N3C5E-25F-YLWS,6.88,0.3,V7,10.0 x 8.0 x 1.0 inches,
dn7-walmart-amazonl_459,Pentel Quicker Clicker Automatic Pencil,PD347TC,5.0,0.024,Pentel,,
dn7-walmart-amazonl_460,Aleratec Inc. 2.5  IDE Hard Drive Adapter 2pk.,350116,22.0,0.31,Aleratec,9.0 x 6.9 x 2.0 inches,
dn7-walmart-amazonl_461,EXPO Low-Odor Dry Erase Marker Eraser   Cleaner Chisel Fine 12 Set,80054,21.94,1.795,EXPO,,538
dn7-walmart-amazonl_462,Da-Lite Video Spectra 1.5 Model C with CSR Manual Screen - 69 x 92 Video Format,82978,657.99,53,Da-Lite,,
dn7-walmart-amazonl_463,Startech 1 DVI-I Analog to 2x VGA Video Splitter Cable,DVISPL1VV,14.57,0.33,StarTech,8.78 x 4.96 x 0.79 inches,14
dn7-walmart-amazonl_464,Viore 24  Class 1080p LCD HDTV 60Hz - Choose Your Color,LC24VF56WT,179.0,13.15,Viore,22.7 x 16.8 x 6.7 inches,
dn7-walmart-amazonl_465,Verbatim Store n Go SuperSpeed USB 3.0 Portable Hard Drive 500GB,97397,69.98,0.74,Verbatim,7.09 x 5.51 x 1.89 inches,
dn7-walmart-amazonl_466,Da-Lite Pearlescent Tensioned Cosmopolitan Electrol - AV Format 9 x 9 diagonal,81108,2500.99,90,Da-Lite,,
dn7-walmart-amazonl_467,Universal Quick Set-Up Lift-Off Lid Box Ltr Lgl Fiberboard 12 x 10 x 15 BLK WE 12 Ctn,,30.59,14.13,UNIVERSAL PRODUCTS,,
dn7-walmart-amazonl_468,Diaper Dude Eco Green iPad Case,207491,25.0,1,Diaper Dude,10.0 x 8.0 x 1.0 inches,292
dn7-walmart-amazonl_469,Midland XTC200 HD 720P Extreme Action Camera,XTC200,155.88,2,Midland,8.0 x 6.0 x 3.0 inches,
dn7-walmart-amazonl_470,IOGEAR GBU421W6 Bluetooth USB Micro Adapter,GBU421W6,14.84,0.15,IOGEAR,5.67 x 3.96 x 0.45 inches,240
dn7-walmart-amazonl_471,Hello Kitty Super Karaoke with Camera,68109,103.35,9.3,Sakar,5.3 x 4.5 x 1.0 inches,
dn7-walmart-amazonl_472,Targus Truss Case for iPad Black Blue,THZ06103US,69.88,1.55,Targus,10.4 x 8.4 x 1.6 inches,41
dn7-walmart-amazonl_473,GPX 7  TFT Portable DVD Player,PD701W,83.88,2.75,GPX,10.1 x 9.2 x 3.2 inches,
dn7-walmart-amazonl_474,Duracell 16GB Class 10 High-Speed SD Card,DU-SD1016G-C,46.88,0.05,Duracell,6.7 x 5.0 x 0.05 inches,
dn7-walmart-amazonl_475,Lowrance Elite-5 DSI Fishfinder Base,000-10236-001,740.84,6,Lowrance,9.8 x 7.9 x 7.4 inches,
dn7-walmart-amazonl_476,Razer Pro Click Mobile Notebook Mouse Pink,RP01-050106R1M1,40.84,0.77,Razer,3.8 x 2.0 x 1.25 inches,467
dn7-walmart-amazonl_477,Epson B11B181061 GT-2500 Plus Sheetfed Scanner,B11B181061,799.0,30,Epson,22.0 x 19.5 x 13.0 inches,
dn7-walmart-amazonl_478,Disney Toy Story Alarm Clock Radio,TS380ACR,24.0,2.85,Disney,15.75 x 8.66 x 7.01 inches,
dn7-walmart-amazonl_479,TreQue 1 meter 3.28 Element Series USB 2.0 A to Mini B Cable,TQ-USBM01,9.88,1,TreQue,39.6 x 0.6 x 0.6 inches,
dn7-walmart-amazonl_480,Belkin F8V3311B10 HDMI Cable,F8V3311B10,12.0,0.38,Belkin,9.225 x 7.65 x 0.9 inches,16
dn7-walmart-amazonl_481,Imation 11864 SLR-5 Data Cartridge,11864,55.92,0.6,Imation,5.85 x 3.83 x 0.9 inches,
dn7-walmart-amazonl_482,EDGE 8GB 4X2GB PC38500 ECC UNBUFFERED 240 PIN DDR3 KIT APPLE,PE22177504,139.82,0.6,EDGE,9.0 x 6.0 x 3.0 inches,
dn7-walmart-amazonl_483,Micronet MDE1000 1TB Fantom G-Force MegaDisk USB 2.0 eSATA Raid Sub System,MDE1000,159.0,5.96,MICRONET,10.5 x 6.4 x 6.1 inches,210
dn7-walmart-amazonl_484,Link Depot 3 Gold Plated High Speed HDMI Premium Cable,HDMI-3-1.3R,6.88,0.7,Link Depot,9.0 x 5.0 x 0.5 inches,
dn7-walmart-amazonl_485,Tony Hawk Birdhouse Royale SkateDrive 2GB USB Flash Drive w XBOX Live Support,BH-SKTHROY/2G,9.84,0.5,EP Memory,6.4 x 3.25 x 0.6 inches,
dn7-walmart-amazonl_486,Draper Glass Beaded Rolleramic Electric Screen - AV Format 7 x 9,115039,1474.45,185,Draper,,
dn7-walmart-amazonl_487,Draper Glass Beaded Access MultiView Series E - HDTV to NTSC 133 diagonal,106012,2077.45,160,Draper,,
dn7-walmart-amazonl_488,Draper Matte White Signature Series E Electric Screen  - WideScreen 190 diagonal,111342,3518.45,278,Draper,,
dn7-walmart-amazonl_489,Draper Matte White Star Manual Screen - 84 x 84 AV Format,209004,104.76,18,Draper,,
dn7-walmart-amazonl_490,Coby Pink High-Performance Isolation Stereo Earphones CVEM79PNK,CVEM79PNK,17.49,16.5,Coby,7.0 x 2.5 x 1.0 inches,
dn7-walmart-amazonl_491,Pioneer ADTVA133 2-Din Installation Kit,ADT-VA133,41.88,1.6,Pioneer,8.9 x 5.9 x 4.4 inches,
dn7-walmart-amazonl_492,Corsair Builder Series CX V2 500W 80 Plus Certified Power Supply,CMPSU-500CXV2,67.88,5.3,Corsair,10.25 x 7.25 x 3.75 inches,
dn7-walmart-amazonl_493,Cross Contour Ballpoint Pen Satin Barrel Medium Point,AT03223,20.94,0.358,Cross,,
dn7-walmart-amazonl_494,3M Address Labels 3700-C,3700-C,19.97,2.21,3M,11.13 x 8.63 x 0.94 inches,
dn7-walmart-amazonl_495,Lexmark Extra High Yield Return Pgm Print Cartridge - Magenta,C782U1MG,214.88,1.04,Lexmark,14.1 x 8.6 x 3.6 inches,
dn7-walmart-amazonl_496,Case Logic Universal Pocket- Camouflage,122245,9.59,0.11,Case Logic,5.5 x 3.5 x 1.0 inches,
dn7-walmart-amazonl_497,HON 310 Series Full-Suspension File,315CPP,549.0,137,HON,60.0 x 26.5 x 18.25 inches,
dn7-walmart-amazonl_498,T-Mobile Samsung SGH-T249 Prepaid Slider Camera Phone with Bluetooth,T249,49.84,1.15,T-Mobile,9.5 x 6.75 x 2.25 inches,711
dn7-walmart-amazonl_499,Targus 16  Unofficial Laptop Backpack,203943,39.99,2,Targus,18.4 x 12.1 x 6.5 inches,
dn7-walmart-amazonl_500,Cobra HighGear Noise-Canceling External Speaker,HG-S300,17.03,2.52,COBRA,5.0 x 5.0 x 3.0 inches,349
dn7-walmart-amazonl_501,EDGE Tech 512MB ProShot 100x Compact Flash Memory Card,PE204365,12.88,0.03,Edge Tech,1.68 x 1.43 x 0.13 inches,
dn7-walmart-amazonl_502,StarTech PCI Express to PCI Riser Card,PEX1PCI1R,47.92,0.17,StarTech,8.5 x 5.7 x 1.6 inches,293
dn7-walmart-amazonl_503,Nikon COOLPIX L120 14.1MP Bronze Digital Camera 4.5-94.5mm Zoom NIKKOR Lens 3.0  LCD Display HD Video w 50 Bonus Prints,26255,274.36,2.05,Nikon,4.4 x 3.1 x 3.1 inches,247
dn7-walmart-amazonl_504,Sony Alpha SAL-30M28 Macro Lens DT30mm F2.8 with SAM,SAL-30M28,199.99,0.9,Sony,3.0 x 2.0 x 2.0 inches,24
dn7-walmart-amazonl_505,Kodak Essentials Large Hard Camera Case,1753284,13.88,,Kodak,6.0 x 5.0 x 2.2 inches,
dn7-walmart-amazonl_506,Panasonic 46  Class Plasma 1080p 600Hz HDTV TC-P46S1,TC-P46S1,688.0,72.8,Panasonic,44.6 x 30.6 x 15.3 inches,
dn7-walmart-amazonl_507,Case Logic 10  Tablet Sleeve Black,LAPST110BLACK,16.0,0.26,Case Logic,11.61 x 8.27 x 0.79 inches,71
dn7-walmart-amazonl_508,Smead 10pk 100 Percent Recycled Wallet Blue Moon,77234,29.94,1.72,,,
dn7-walmart-amazonl_509,Panasonic Lumix DMC-FH5V 16.1MP Violet Digital Camera w 4x Optical Zoom 2.7  LCD Display,Panasonic DMC-FH5V,129.0,0.96,Panasonic,3.7 x 2.1 x 0.7 inches,
dn7-walmart-amazonl_510,Tripp Lite 10 USB 2.0 A to Micro-USB B Device Cable,U050-010,6.88,0.15,Tripp Lite,10.0 x 7.0 x 0.5 inches,
dn7-walmart-amazonl_511,TP-LINK TL-PS110P Print Server,TL-PS110P,36.88,1,TP Link,8.16 x 6.62 x 2.68 inches,
dn7-walmart-amazonl_512,HP 29 Black Inkjet Cartridge 51629A,51629A,34.97,0.4,HP,12.0 x 2.0 x 2.0 inches,464
dn7-walmart-amazonl_513,Cables Unlimited 2 Port e-SATA Controller PCI Express Card,IOC-7707,49.88,1,Cables Unlimited,7.0 x 5.5 x 1.5 inches,
dn7-walmart-amazonl_514,iHOME Portable Stereo Alarm Clock With iPod Dock Gunmetal,IH16G,49.73,4,iHome,8.2 x 5.25 x 2.68 inches,350
dn7-walmart-amazonl_515,Micro Innovations 4250300 Comfort Keyboard,4250300,16.88,1,Digital Innovations,15.25 x 10.5 x 3.75 inches,
dn7-walmart-amazonl_516,RCA 32  Class LCD 720p 60Hz HDTV 32LA30RQ RCA Home Theater System with 6ft HDMI Cable Bundle,,379.0,,,,
dn7-walmart-amazonl_517,Targus 15.4 Corporate Traveler Laptop Case,146417,79.99,4.5,Targus,17.0 x 14.0 x 6.5 inches,
dn7-walmart-amazonl_518,Seal Shield SSK107 Medical Grade Keyboard - Dishwasher Safe Black USB,SSK107,30.84,2,Seal Shield,18.3 x 6.73 x 1.3 inches,231
dn7-walmart-amazonl_519,Avery Dot Matrix Printer Address Labels 2 Across 3-1 2 x 15 16 10000 Box,4030,45.94,9.946,Avery,,
dn7-walmart-amazonl_520,Draper Glass Beaded Salara Series M Manual Screen - 7 diagonal NTSC Format,137020,340.99,31,Draper,,
dn7-walmart-amazonl_521,Draper IRUS Rear Projection Screen with No Frame - 100 diagonal NTSC Format,125130,3380.95,224,Draper,,
dn7-walmart-amazonl_522,Veho VCCA002WPC Waterproof Case for Muvi MuviTurin,VCCA002WPC,29.98,0.4,VEHO,10.0 x 8.0 x 1.0 inches,226
dn7-walmart-amazonl_523,rooCASE Executive Portfolio Leather Case   Stylus for Asus EEE Pad Transformer TF101 10.1-Inch,222057,55.99,2,rooCASE,11.8 x 8.0 x 1.4 inches,
dn7-walmart-amazonl_524,Disney Fairies Notebook,,0.0,,Disney,10.5 x 8.0 x 0.25 inches,
dn7-walmart-amazonl_525,Clarion CZ301 CD MP3 WMA AAC Receiver with USB Port,CZ301,149.99,5.81,Clarion,11.6 x 9.6 x 4.2 inches,
dn7-walmart-amazonl_526,Sage Peachtree Pro Accounting with Payroll 2012 PC,PRO2012PRRT,318.0,0.5,Sage,8.0 x 5.5 x 2.5 inches,
dn7-walmart-amazonl_527,3M Natural View Screen Protector for iPad,98-0440-5155-9,45.88,0.26,3M,13.0 x 9.05 x 0.05 inches,
dn7-walmart-amazonl_528,Wintec FileMate 4GB SWIVEL USB Flash Drive Black,3FMUSB4GWB-R,7.84,0.14,Wintec,5.25 x 4.13 x 0.88 inches,
dn7-walmart-amazonl_529,Rubbermaid 6-Tier Jumbo Incline Sorter Plastic Clear,96600ROS,19.94,2.241,Rubbermaid,,658
dn7-walmart-amazonl_530,TOPS American Pride Writing Pad Jr. Legal Rule 5x8 White 12 50-Sheet Pads Pack,75101,18.88,2.259,TOPS BUSINESS FORMS,,
dn7-walmart-amazonl_531,Wireless Mobile Mouse 6000 BlueTrack Red,MHC-00019,29.88,0.3,Microsoft,7.989 x 5.157 x 1.835 inches,95
dn7-walmart-amazonl_532,Vantec Nexstar3 2.5  SATA to USB 2.0 and eSATA External Hard Drive Enclosure Midnight Blue,NST-260SU-BL,23.0,1.5,Vantec,10.0 x 7.0 x 3.0 inches,
dn7-walmart-amazonl_533,Grip 43108 30 Piece Heat Shrink Tube Set,43108,4.99,1,Grip,,
dn7-walmart-amazonl_534,IRIS Inc. IRISPhoto 4 Scanner,IRISPHOTO4,74.0,1.35,IRIS,9.9 x 7.6 x 3.3 inches,
dn7-walmart-amazonl_535,USB Night Vision Webcam 640 x 480,U05502,24.98,1,,5.0 x 3.9 x 2.6 inches,
dn7-walmart-amazonl_536,Microsoft Expression Studio v 4.0 Ultimate Upgrade Version,NKF-00001,338.0,0.3,Microsoft,7.5 x 5.4 x 1.1 inches,
dn7-walmart-amazonl_537,Logitech Ultimate Ears 700 Earphones,985-000172,228.0,0.45,Logitech,6.1 x 3.8 x 1.8 inches,688
dn7-walmart-amazonl_538,SRS Labs Analog RCA Volume Leveler,DCT6S,59.99,0.4,SRS Labs,6.0 x 4.7 x 2.2 inches,
dn7-walmart-amazonl_539,SIIG CE-MT0B12-S1 Satellite Speaker Mounts in Pair,CE-MT0B12-S1,20.88,1,SIIG,11.4 x 8.8 x 1.7 inches,445
dn7-walmart-amazonl_540,TP-Link TL-WA500G 54Mbps eXtended Range Wireless Access Point,TL-WA500G,32.88,1.39,TP Link,10.36 x 6.62 x 2.88 inches,518
dn7-walmart-amazonl_541,iGo BN00281-0002 Dual USB Wall Auto Charger,BN00281-0002,36.16,0.64,Igo,9.5 x 5.75 x 1.5 inches,9
dn7-walmart-amazonl_542,Epson T078320 Claria Hi-Definition Magenta Ink Cartridge for Epson Stylus Photo Printers,T078320,16.84,0.1,Epson,4.6 x 4.4 x 0.9 inches,
dn7-walmart-amazonl_543,Targus 15.4  Notepac Plus Case ONP1,,45.0,,Targus,,
dn7-walmart-amazonl_544,PNY 2GB SD Memory Card,P-SD2GB-FS,6.98,0.13,PNY,1.25 x 0.95 x 0.01 inches,489
dn7-walmart-amazonl_545,rooCASE Multi-Angle Leather Case for LG G-Slate 8.9-Inch 4G Tablet,222052,35.99,1,rooCASE,9.6 x 6.2 x 0.9 inches,
dn7-walmart-amazonl_546,Microsoft Sidewinder X6 Keyboard,,59.82,,Microsoft,,
dn7-walmart-amazonl_547,Verbatim 96438 2GB Store n Go USB 2.0 Flash Drive,96438,14.84,0.1,Verbatim,6.39 x 4.5 x 0.18 inches,301
dn7-walmart-amazonl_548,Targus DCFC01 Expedition Camera Case,DCFC01,10.92,0.2,Targus,4.75 x 3.0 x 2.13 inches,531
dn7-walmart-amazonl_549,EDGE 2GB 2X1GB ECC PC2-4200 CL4 DDR2 KT IntelliServer 30R5149,PEIBM30R5149,57.82,0.4,EDGE,9.0 x 6.0 x 3.0 inches,
dn7-walmart-amazonl_550,Clover CCM636 Ultra-Mini Color Camera,CCM636,87.84,0.24,Clover Electronics,3.75 x 3.0 x 1.5 inches,
dn7-walmart-amazonl_551,Sony Creative Software Download Loops Standard Collection,MDLSC10,28.82,0.17,Sony,7.5 x 5.38 x 1.25 inches,
dn7-walmart-amazonl_552,Draper Matte White Envoy Electric Screen  - WideScreen 162 diagonal,112028,1544.95,173,Draper,,
dn7-walmart-amazonl_553,Draper M2500 Clarion Fixed Frame Screen - 7 diagonal NTSC Format,252034,700.99,40,Draper,,
dn7-walmart-amazonl_554,Draper AT Grey Clarion Acoustically Transparent Screen - 120 diagonal Widescreen Format,252129,2730.99,62,Draper,,
dn7-walmart-amazonl_555,Da-Lite Radio Frequency Wireless Remote for Horizon,85566,629.99,2,Da-Lite,,607
dn7-walmart-amazonl_556,LowePro Apex 100 AW All-Weather Digital SLR Camera Bag,LP34992,27.47,0.6,Lowepro,6.4 x 5.3 x 4.8 inches,203
dn7-walmart-amazonl_557,Coby 8GB Video MP3 Player Black,MP727-8GBLK,59.88,5.5,Coby,3.87 x 1.85 x 0.37 inches,
dn7-walmart-amazonl_558,Magnavox MDV3000 F7 DVD Player w HDMI,MDV3000/F7,37.54,4.55,Magnavox,11.1 x 8.3 x 2.1 inches,230
dn7-walmart-amazonl_559,Da-Lite Deluxe Hinged Screen Joining Clamp for Fast Fold Screens,89518,31.99,1,Da-Lite,,
dn7-walmart-amazonl_560,Mead Medium Leatherette Journal with Bungee Closure,45783,9.97,0.65,Mead,8.5 x 6.0 x 1.0 inches,
dn7-walmart-amazonl_561,Da-Lite Da-Plex Self Trimming Rear Projection Screen - 96 x 120 AV Format,27903,7799.99,680,Da-Lite,,617
dn7-walmart-amazonl_562,iGo Universal Green AC Laptop Wall Charger,PS00132-2007,75.0,1.35,Igo,6.1 x 2.75 x 0.65 inches,
dn7-walmart-amazonl_563,BIC Wite-Out Shake n Squeeze Correction Pen White 4-Pack,WOSQPP418-WHI,8.39,0.25,BIC,8.09 x 5.22 x 1.0 inches,478
dn7-walmart-amazonl_564,BIC Brite Liner Highlighter Chisel Tip Pink 1-Dozen,BL11-PNK,5.88,0.29,BIC,5.5 x 2.75 x 1.31 inches,
dn7-walmart-amazonl_565,Victor 1570-6 Desktop Two-Color Printing Calculator,15706,199.88,4.983,Victor,,
dn7-walmart-amazonl_566,Stanley Bostitch B8 Flat Clinch Stapler,B8RCFC,21.94,0.4,Stanley Bostitch,,
dn7-walmart-amazonl_567,Pioneer CD Player with MP3 WMA Playback,DEH-3300UB,123.0,3.15,Pioneer,10.0 x 8.9 x 4.5 inches,
dn7-walmart-amazonl_568,Asus White 10.1  Eee Seashell 1015PN-PU27-WT Netbook PC with Intel Atom Dual-Core N570 Processor and Windows 7 Starter,1015PN-PU27-WT,358.0,4,Asus,12.0 x 11.0 x 3.0 inches,
dn7-walmart-amazonl_569,Sakar Soundtilt Headphones White and Purple,SL1024WP,38.73,1.35,Sakar,10.3 x 8.5 x 4.2 inches,
dn7-walmart-amazonl_570,Startech 70 Coaxial High Resolution Monitor VGA Cable,MXT101MMHQ70,49.0,4.25,StarTech,9.5 x 9.0 x 3.9 inches,
dn7-walmart-amazonl_571,V7 14 CAT5e Network Patch Cable Red,V7N3C5E-14F-RED,3.88,0.1,V7,6.0 x 5.5 x 0.9 inches,
dn7-walmart-amazonl_572,Microsoft Wireless Laser Desktop 3000 Keyboard and Mouse Combo,NUD-00001,29.82,2.75,Microsoft,18.8 x 8.36 x 3.25 inches,
dn7-walmart-amazonl_573,Post-it Durable File Tabs 2 x 1 1 2 Striped 50 Pack,686F50WH,6.94,0.06,POST-IT,,
dn7-walmart-amazonl_574,Sony Bloggie Touch MHS-TS20 MP4 Pocket HD Video Camera with 3  LCD and 4 Hour Record Time Black,MHS-TS20/B,198.0,0.9,Sony,4.25 x 2.13 x 0.63 inches,
dn7-walmart-amazonl_575,Garmin Foretrex 401 Portable GPS System,010-00777-00,174.88,0.7,Garmin,5.6 x 5.6 x 2.8 inches,
dn7-walmart-amazonl_576,Da-Lite Da-Glas Deluxe Rear Projection Screen - 50 x 50 AV Format,27647,1919.99,237,Da-Lite,,
dn7-walmart-amazonl_577,Da-Lite Tilt Lock Single Pair or Container of 12 pairs,40964,66.19,0.094,Da-Lite,,
dn7-walmart-amazonl_578,Targus Chill Mat Laptop Cooling Stand,PA248U2,30.44,0.42,Targus,14.0 x 10.25 x 1.5 inches,
dn7-walmart-amazonl_579,Green Onion Supply RT-SPIPAD01 Glossy Screen Protector for Apple iPad,RT-SPIPAD01,40.18,1,Green Onions Supply,11.0 x 8.25 x 0.1 inches,395
dn7-walmart-amazonl_580,Sony 12 HDMI Flat Cable with Ethernet,DLCHE37HFW,60.0,0.85,Sony,9.055 x 5.945 x 1.181 inches,
dn7-walmart-amazonl_581,Elite Screens CineWhite Cinema235 Series Fixed Frame Wide Screen - 85 Diagonal,R85WH1-Wide,409.0,30,Elite Screens,83.0 x 35.3 x 1.5 inches,
dn7-walmart-amazonl_582,iHome Wireless Optical Mouse Black,IH-M821WB,25.56,1.04,iHome,7.0 x 5.0 x 1.0 inches,
dn7-walmart-amazonl_583,Chief Manufacturing 1 1 2 NPT Coupler with Cable Access Feature,,39.99,1,Chief Manufacturing,,
dn7-walmart-amazonl_584,IOGEAR Solar Bluetooth Caller Announce Hands-Free Car Kit,GBHFK331,41.88,16.31,IOGEAR,16.0 x 13.2 x 12.4 inches,652
dn7-walmart-amazonl_585,iLuv iPod nano 6G Clear Glare-Free Screen Film,ICC1113CLR,11.88,0.1,iLuv,7.0 x 3.8 x 0.7 inches,181
dn7-walmart-amazonl_586,Tribeca Varsity Jacket Silicone Case for iPod Touch Miami Heat,FVA3738,18.9,0.9,Tribeca,7.75 x 4.0 x 0.75 inches,
dn7-walmart-amazonl_587,Cobra 16-Mile CXT125 2-Way Radios 2-pk,CXT175,24.87,0.95,COBRA,8.7 x 7.0 x 3.0 inches,
dn7-walmart-amazonl_588,Mionix NAOS 5000 Laser Gaming Mouse,000MIO5000M,89.96,1,Mionix,9.0 x 7.0 x 3.0 inches,716
dn7-walmart-amazonl_589,Sennheiser SH 230 Monaural Headset,SH230,84.0,0.4,Sennheiser,0.2 x 0.1 x 0.01 inches,
dn7-walmart-amazonl_590,Draper HiDef Grey Premier Electric Screen  - NTSC 7 diagonal,101274,1239.5,59,Draper,,
dn7-walmart-amazonl_591,Sabrent USB 2.0 to DB25F Parallel Printer Cable,USB-DB25F,9.88,1,Sabrent,10.0 x 8.0 x 2.8 inches,117
dn7-walmart-amazonl_592,Corsair Vengeance 6GB 3 x 2GB DDR3 1600MHz PC3-12800 DIMM Memory Module CMZ6GX3M3A1600C8,CMZ6GX3M3A1600C,99.82,0.45,Corsair,7.8 x 5.9 x 0.7 inches,
dn7-walmart-amazonl_593,Golla Summer   Spring Collection Digital Camera Bags Assosted Colors,G985,12.98,0.2,Golla,4.8 x 3.2 x 1.6 inches,
dn7-walmart-amazonl_594,Uniden D2998 DECT 6.0 Loud and Clear Digital Answering System with Cordless Handset,D2998,79.93,3,Uniden,9.7 x 9.5 x 3.4 inches,710
dn7-walmart-amazonl_595,Hoffco 06-CE-MAK1 Mobile Accessory Kit,06-CE-MAK1,38.88,5,Amp Energy,10.5 x 8.25 x 1.5 inches,
dn7-walmart-amazonl_596,Cables Unlimited - 15 SVGA Male - Male Monitor Cable with audio connections,PCM-2240-15,17.0,1.06,Cables Unlimited,15.5 x 15.5 x 10.5 inches,
dn7-walmart-amazonl_597,Avery Matte White CD DVD Labels for Inkjet Printers 40 Face Labels   80 Spine Labels,8692,16.47,0.55,Avery Personal Creations,11.7 x 8.9 x 0.4 inches,529
dn7-walmart-amazonl_598,rooCASE Executive Portfolio Leather Case for Asus EEE Pad Transformer TF101 10.1-Inch,222056,43.99,2,rooCASE,11.8 x 8.0 x 1.4 inches,
dn7-walmart-amazonl_599,Corsair CM2X2048-6400C5 XMS2 2GB PC2-6400 800MHz 240-Pin DDR2 CL5 Dual Channel Desktop Memory Kit,CM2X2048-6400C5,40.82,0.15,Corsair,9.0 x 5.0 x 0.5 inches,363
dn7-walmart-amazonl_600,Kensington K72334US SlimBlade Mouse with Nano Receiver - Laser,K72334US,32.88,0.5,Kensington,6.8 x 5.6 x 1.4 inches,
dn7-walmart-amazonl_601,Plantronics WO100 Savi Office Wireless Earset,,384.88,,Plantronics,,
dn7-walmart-amazonl_602,Elmer s Corrugated Display Board 48 White 25-Carton,730300,68.59,29,,,
dn7-walmart-amazonl_603,V7 V7-DV4141-06 6 Replacement M M DVI Cable by Belkin,V7-DV4141-06,10.88,0.35,V7,9.675 x 7.65 x 0.675 inches,654
dn7-walmart-amazonl_604,Genius EasyPen i405 Graphics Tablet - 4  - 2540 lpi - Pen - USB,31100058100,47.82,1.75,Genius,11.3 x 10.4 x 3.0 inches,
dn7-walmart-amazonl_605,Mustang 84 x 84 Tripod Screen in Matte White,SC-T8411,165.25,32,Mustang,,
dn7-walmart-amazonl_606,Edge 2GB Micro SD Memory Card plus Adapter,PE214487,11.84,0.25,Edge Tech,9.0 x 6.0 x 3.0 inches,
dn7-walmart-amazonl_607,Draper High Contrast Grey Signature Series E Electric Screen  - WideScreen 190 diagonal,111554,3518.45,278,Draper,,
dn7-walmart-amazonl_608,Draper Glass Beaded Luma 2 Manual Screen - 15 diagonal NTSC Format,206043,653.45,80,Draper,,
dn7-walmart-amazonl_609,Startech 1 ft. Mini USB 2.0 Cable A to Mini B,USB2HABM1,10.98,0.05,StarTech,9.0 x 5.0 x 0.5 inches,
dn7-walmart-amazonl_610,HP Black Pavilion p6533w-b Desktop PC with AMD Athlon II 250 Processor 21.5  Windows 7 Home Premium,p6533w-b,499.0,40.1,HP,16.85 x 15.32 x 6.97 inches,
dn7-walmart-amazonl_611,Accell ProUltra 2m HDMI Ethernet Cable,B116C-007B-40,22.88,0.25,Accell,7.9 x 5.3 x 0.6 inches,730
dn7-walmart-amazonl_612,Da-Lite Video Spectra 1.5 Advantage Manual with CSR - Wide Format 113 diagonal,34716,888.99,89,Da-Lite,,
dn7-walmart-amazonl_613,Buddy Products 4-Pocket Wall File with Supplies Organizer Black,8414,69.94,7.5,Buddy Products,,
dn7-walmart-amazonl_614,Atrend-Bbox A361-12CP B Box Series  Speaker,A361-12CP,56.88,20.4,Atrend,26.75 x 16.5 x 10.75 inches,543
dn7-walmart-amazonl_615,TP-Link Network TL-SG1024D 24 Port Gigabit Desktop Switch,TL-SG1024D,116.0,5.14,Global Marketing,16.0 x 10.0 x 3.25 inches,638
dn7-walmart-amazonl_616,Rayovac Alkaline AA Batteries 4pk,815-4TUPCF,0.0,,Rayovac,4.5 x 3.875 x 0.625 inches,
dn7-walmart-amazonl_617,Clarion CZ101 Single CD MP3 WMA AAC Receiver,CZ101,89.99,5.48,Clarion,11.5 x 9.6 x 4.3 inches,683
dn7-walmart-amazonl_618,Lost 4GB Flashback SurfDrive USB Flash Drive,LOST-SURFFLB/4G,10.84,1.5,EP Memory,6.25 x 3.25 x 1.5 inches,
dn7-walmart-amazonl_619,GiiNii 7  Digital Picture Frame White Stardust,GB-711P-B,74.0,2.05,Giinii,11.65 x 7.56 x 3.07 inches,
dn7-walmart-amazonl_620,Premiertek Flip Leather Case with Stand for iPad 2,LC-IPAD2-STD,46.88,0.85,PREMIERTEK,11.5 x 8.0 x 0.9 inches,
dn7-walmart-amazonl_621,ZOTAC GeForce GT430 1GB DDR3 PCI-Express 2.0 Graphics Card,ZT-40604-10L,88.88,1.2,ZOTAC,10.25 x 6.25 x 2.25 inches,
dn7-walmart-amazonl_622,Innovera Desktop Copyholder Monitor Mount Black,59001,9.0,1.199,INNOVERA,,
dn7-walmart-amazonl_623,LaCie Portable 8x DVD-RW Drive with LightScribe,301910,57.6,1.04,LaCie,7.5 x 7.0 x 2.5 inches,448
dn7-walmart-amazonl_624,ViewSonic VG2236WM-LED 22  1080P Widescreen LED Monitor,VG2236WM-LED,209.0,15.4,ViewSonic,23.5 x 19.0 x 6.8 inches,188
dn7-walmart-amazonl_625,Da-Lite Da-Glas Standard Rear Projection Screen 72 x 96 Video Format,27639,4448.99,796,Da-Lite,,528
dn7-walmart-amazonl_626,Da-Lite Holoscreen Rear Projection Screen - 22 x 33 3 4 Video Format,20030,1600.0,58,Da-Lite,,
dn7-walmart-amazonl_627,Da-Lite Matte White Deluxe Model B Manual Screen - 60 x 80 Video Format,74698,188.99,28,Da-Lite,,
dn7-walmart-amazonl_628,Toshiba 14  Sling Extreme Laptop Backpack Black and Blue,PA1503U1SL3,29.0,1.4,Toshiba,16.0 x 11.0 x 4.5 inches,
dn7-walmart-amazonl_629,ACP-EP Memory 16GB Class 4 SDHC Card,EPSDHC/16GB-4,38.88,0.5,EP Memory,6.4 x 3.25 x 0.6 inches,
dn7-walmart-amazonl_630,Lexar 32GB TwistTurn JumpDrive,LJDTT32GASBNA,61.8,0.5,Lexar Media,7.0 x 5.0 x 1.0 inches,714
dn7-walmart-amazonl_631,D-Link DCS-6111 Fixed Dome Day Night IP Camera,DCS6111,399.82,3,D-Link,11.0 x 8.4 x 7.0 inches,
dn7-walmart-amazonl_632,EVGA Nvidia GeForce GT 430 Graphics Card with 1024MB DDR3 Memory,01G-P3-1430-LR,82.92,2,EVGA,5.7 x 4.4 x 1.9 inches,207
dn7-walmart-amazonl_633,Trademark Global Bright 7 LED Motion Sensor Entry Light,82-5293,23.99,0.56,Trademark Global,10.75 x 3.75 x 2.5 inches,
dn7-walmart-amazonl_634,JVC Marshmallow Headphones Blue,HAFX35AN,15.54,0.15,JVC,0.75 x 0.62 x 0.5 inches,
dn7-walmart-amazonl_635,Nikon Coolpix P500 12.1MP Black Digital Camera 4-144mm Zoom Nikkor Lens 3  LCD Display HD Video w 50 Bonus Prints,26256,389.44,2.45,Nikon,4.6 x 4.1 x 3.3 inches,633
dn7-walmart-amazonl_636,EP 16GB USB 2.0 Mobile SwingDrive Flash Drive,EPSW/16GB-2.0,29.84,0.5,EP Memory,3.25 x 0.75 x 0.25 inches,453
dn7-walmart-amazonl_637,BlackBerry PlayBook 7.0  Touchscreen 16GB Entertainment Tablet featuring BlackBerry Tablet Operating System,PRD-38548-001,498.0,0.9,BLACKBERRY,7.6 x 5.1 x 0.4 inches,122
dn7-walmart-amazonl_638,Amzer Luxe Argyle High-Gloss Skin Case for Samsung GALAXY Clear,89720,14.88,7,AMZER,13.0 x 8.0 x 8.0 inches,
dn7-walmart-amazonl_639,Audiosource BI5 5  In-Wall Construction Bracket Mount,BI5,25.88,2.4,AudioSource,19.9 x 11.8 x 1.5 inches,
dn7-walmart-amazonl_640,Oklahoma Sooners iPhone 4 Case Black Shell,FVA3161,29.99,,Tribeca,,
dn7-walmart-amazonl_641,Elite ELECTRIC100H Screens Spectrum Electrol Projection Screen,ELECTRIC100H,160.0,27,Elite Screens,90.9 x 5.04 x 4.77 inches,
dn7-walmart-amazonl_642,AT  Digital Answerer,1080,129.84,4.18,AT T,11.65 x 10.24 x 4.53 inches,
dn7-walmart-amazonl_643,Casio Pouch Style Leather Carrying Case For The Exilim S And Z Series Digital Cameras - 2.75  D,EX-CASE2,14.98,0.15,Casio,3.75 x 2.75 x 1.5 inches,
dn7-walmart-amazonl_644,Case Logic 17  Rolling Laptop Case,VNR-217BLACK,76.88,6.93,Case Logic,17.72 x 14.57 x 8.27 inches,
dn7-walmart-amazonl_645,Lexmark Prospect Pro205 Wireless-N All-in-One Printer Scanner Copier Fax,Lexmark Pro205,128.54,17.74,Lexmark,18.78 x 14.09 x 8.03 inches,685
dn7-walmart-amazonl_646,Kensington K72327US SlimBlade Trackball - USB,K72327US,96.82,1.1,Kensington,6.25 x 5.0 x 2.0 inches,
dn7-walmart-amazonl_647,HP CE25 Toner 7000 Page-Yield,CE251A,367.24,3.84,HP,,
dn7-walmart-amazonl_648,Lexar Media LMSPD8GBBSBNA 8GB Platinum II Memory Stick PRO Duo Card,LMSPD8GBBSBNA,22.99,0.5,Lexar Media,6.9 x 4.9 x 0.4 inches,273
dn7-walmart-amazonl_649,Targus TCM004US Messenger Notebook Case,,23.88,,Targus,,755
dn7-walmart-amazonl_650,Draper M2500 Access Series V Electric Screen  - HDTV 119 diagonal,102301,2107.95,103,Draper,,
dn7-walmart-amazonl_651,Draper IRUS Rear Projection Screen with System 400 Black Frame - 120 diagonal NTSC Format,125123,6173.95,360,Draper,,
dn7-walmart-amazonl_652,Startech 6 RJ-45 to DB9 Cisco Console Management Router Cable,DB9CONCABL6,19.0,0.22,StarTech,8.0 x 8.0 x 0.25 inches,
dn7-walmart-amazonl_653,Draper Vortex Rear Projection Screen with No Frame - 84 diagonal NTSC Format,125059,4710.0,150,Draper,,
dn7-walmart-amazonl_654,Case Logic Universal MP3 Armband Clear Front Panel Gray,UMA-102GRAY,10.09,0.5,Case Logic,4.0 x 2.5 x 0.75 inches,331
dn7-walmart-amazonl_655,Avery Style Edge Insertable Reference Dividers with 8 Tabs,11201,5.47,0.366,Avery,,
dn7-walmart-amazonl_656,Canon AC Adapter Kit For Powershot-SD900 SD800IS SD700IS,ACK-DC30,52.88,0.85,Canon,8.0 x 3.25 x 2.0 inches,
dn7-walmart-amazonl_657,Action Sport Drives 16GB Santa Cruz USB Snow Drive Spider,SC-SNOWSP/16G,28.98,1.5,EP Memory,6.25 x 3.25 x 1.5 inches,
dn7-walmart-amazonl_658,Keyspan USB Twin Serial Adapter,USA-28XG,70.73,0.25,KEYSPAN,9.75 x 6.5 x 2.5 inches,590
dn7-walmart-amazonl_659,REDI-TAG CORPORATION                               Side-Mount Self-Stick Plastic Index Tabs Nos 11-20 1in WE 104 pack,,1.99,0.03,REDI-TAG CORPORATION,,
dn7-walmart-amazonl_660,Bell O High-Speed HDMI Cable with Ethernet 2-Meter,HD7102,69.99,0.5,Bell'O,80.0 x 0.5 x 0.5 inches,40
dn7-walmart-amazonl_661,Case Logic 16  Laptop Backpack,154710,39.99,1.71,Case Logic,19.0 x 13.5 x 6.5 inches,
dn7-walmart-amazonl_662,TOPS Paper Pads Legal Rule Letter Size 50 Sheet Pads Dozen,7532,15.47,5.729,TOPS BUSINESS FORMS,,123
dn7-walmart-amazonl_663,Epson WorkForce Pro GT-S50 Document Image Scanner,B11B194011,407.12,15,Epson,15.6 x 12.6 x 11.7 inches,493
dn7-walmart-amazonl_664,Adobe Photoshop and Premiere Elements 9 Windows and Mac,65087226,140.7,0.4,Adobe,7.9 x 7.2 x 1.8 inches,
dn7-walmart-amazonl_665,Da-Lite Video Spectra 1.5 Model B Manual Screen with CSR - 69 x 92 Video Format,85322,429.99,32,Da-Lite,,
dn7-walmart-amazonl_666,Cooler Master HAF-X 942 Chassis Black,RC-942-KKN1,209.99,36.7,Coolermaster,26.1 x 25.8 x 11.5 inches,300
dn7-walmart-amazonl_667,ASUS ENGT430 GT430 PCI-E 1GB Graphics Card,ENGT430/DI/1GD3(LP),84.92,1.33,Asus,9.0 x 6.5 x 2.0 inches,606
dn7-walmart-amazonl_668,Wintec Value 4GB 2 x 2GB DDR2 PC2-6400 Memory Upgrade Kit for Laptops,3VT8005S9-4GKU,65.0,0.5,Vivitar,8.0 x 5.0 x 1.0 inches,
dn7-walmart-amazonl_669,Creative Labs Sound Blaster Tactic3D Alpha,GH012000003,59.99,1.45,Creative Labs,13.2 x 10.9 x 5.8 inches,509
dn7-walmart-amazonl_670,Centon 8GB DataStick Pro USB Flash Drive 2-Pack Bundle,,24.0,,,,
dn7-walmart-amazonl_671,Wisconsin Badgers iPhone 4 Case Black Shell,FVA3175,29.99,,Tribeca,,
dn7-walmart-amazonl_672,ioSafe Rugged 250GB USB 3.0 Portable External Hard Drive,PA50250U5YR,249.99,1,IOSAFE,10.0 x 8.0 x 3.0 inches,640
dn7-walmart-amazonl_673,XFX AMD Radeon HD 6950 1GB DDR5 Graphics Card,HD695XZNDC,269.82,2.55,XFX,12.9 x 6.5 x 4.0 inches,
dn7-walmart-amazonl_674,3m Easy Trap 8 x 125 Duster,55654,74.97,5.38,3M,21.8 x 21.8 x 12.9 inches,
dn7-walmart-amazonl_675,Xstamper One-Color Title Message Stamp Completed,1026,8.94,0.096,,,
dn7-walmart-amazonl_676,Pendaflex 3 1 2  Expansion File Pocket Manila Red Fiber 25 Per Box,1526EOX,29.97,5.348,,,
dn7-walmart-amazonl_677,jWIN Caf Nites In-Ear Earphones Blue,IEP222BLU,9.88,5.5,iLuv,8.0 x 2.4 x 1.1 inches,
dn7-walmart-amazonl_678,iLive App-Enhanced Boom Box with iPod iPhone Dock,iBP391B,63.88,3.6708,iLive,13.77 x 8.66 x 5.11 inches,319
dn7-walmart-amazonl_679,CyberPower 900 Joules 6-Outlet Surge Protector,615,13.88,1.15,CyberPower,13.5 x 5.75 x 1.75 inches,
dn7-walmart-amazonl_680,CP Technologies LevelOne OAN-0501 Omni-Directional Antenna,OAN-0501,15.71,0.06,CP TECH,7.75 x 0.63 x 0.5 inches,446
dn7-walmart-amazonl_681,Optoma BL-FP200C Replacement Projector Lamp for HD70 Home Theater Projector,BL-FP200C,264.84,0.7,Optoma,6.3 x 6.2 x 5.0 inches,116
dn7-walmart-amazonl_682,Olympus Telephone Conversation Recording Device,TP-7,19.99,0.07,Olympus,5.0 x 2.0 x 0.8 inches,
dn7-walmart-amazonl_683,Nikon Coolpix S70 Brown 12.1MP Digital Camera with 5x Optical Zoom w 50 Bonus Prints,S70 Brown,299.95,1.85,Nikon,3.8 x 2.4 x 0.8 inches,
dn7-walmart-amazonl_684,Weyerhaeuser Company MultiUse Premium Paper 98 Brightness 24lb 8-1 2 x 14 White 500 Sheets Ream,85781,12.47,7.808,,,340
dn7-walmart-amazonl_685,V7 Executive Leather Case for 15.4  Laptops Black By Targus,ONT224US,29.84,3.3,Targus,17.0 x 14.25 x 3.5 inches,
dn7-walmart-amazonl_686,Solidtek KB-7091BU USB Washable Keyboard,KB-7091BU,50.84,2.8,Solidtek,18.2 x 7.5 x 1.6 inches,
dn7-walmart-amazonl_687,StarTech.com PEX1P 1 Port PCIe DP Parallel Adapter Card,PEX1P,32.88,0.3,StarTech,6.02 x 5.04 x 1.06 inches,3
dn7-walmart-amazonl_688,Kodak Easyshare M530 Red 12MP Digital Camera w 3X Optical Zoom 2.7  LCD w 50 Bonus Prints,M530 Red,99.54,0.95,Kodak,3.9 x 2.3 x 0.9 inches,696
dn7-walmart-amazonl_689,Draper Glass Beaded Signature Series E Electric Screen  - HDTV 133 diagonal,111374,2375.95,178,Draper,,
dn7-walmart-amazonl_690,JVC On-Ear Flats Design Pink,HAS150PX,19.0,1,JVC,9.0 x 7.0 x 1.0 inches,456
dn7-walmart-amazonl_691,Rolodex Covered Tray Card File Black,67011,27.94,1.997,ROLODEX,,
dn7-walmart-amazonl_692,Encore Mavis Beacon Keyboarding Kidz,20151,19.98,0.15,Encore,8.0 x 5.5 x 1.5 inches,392
dn7-walmart-amazonl_693,Canon MP41DHII Printing Calculator,MP41DHII,70.88,4.838,Canon,,
dn7-walmart-amazonl_694,Zyxel ES1100-16 16-Port FE Unmanaged Switch,ES1100-16,50.88,3.97,ZyXEL,9.5 x 6.24 x 2.65 inches,242
dn7-walmart-amazonl_695,Clarion Sirius Satellite Radio Receiver Adapter,CLASC1,49.99,1.88,Clarion,11.3 x 8.25 x 3.0 inches,384
dn7-walmart-amazonl_696,Post-it Notes Original Lined Notes 4 x 4 Canary Yellow 300 Sheets,675YL,5.94,0.525,,,
dn7-walmart-amazonl_697,Pentel EZ 2 Automatic Pencil HB 0.70 mm 5 Black and 5 Blue Barrels 10 Pack,AX17BP10K6,5.69,0.176,Pentel,,
dn7-walmart-amazonl_698,Samsill 4  Clean Touch Locking Round-Ring View Binder White,1733536,15.36,0.345,Samsill,,
dn7-walmart-amazonl_699,Avery File Folder Labels on Mini-Sheets 3-7 16 x 2 3 300 Pack,2180,9.21,0.33,Avery,,
dn7-walmart-amazonl_700,Da-Lite Da-Plex Deluxe Rear Projection Screen - 50 1 2 x 67 1 4 Video Format,27562,2544.99,240,Da-Lite,,
dn7-walmart-amazonl_701,Da-Lite High Contrast Matte White Advantage Manual with CSR - AV Format 6 x 8 diagonal,92695,765.45,88,Da-Lite,,
dn7-walmart-amazonl_702,Da-Lite Mahogany Veneer Model B Manual Screen with High Power Fabric - 60 x 60 AV Format,99735,310.99,16,Da-Lite,,
dn7-walmart-amazonl_703,Elmer s 4-count Washable School Glue Sticks - .24oz 2 pack,,3.6,0.171,,,
dn7-walmart-amazonl_704,PC Pitstop PC Matic,PCMATIC5PC1003,49.99,0.15,PC Pitstop,7.7 x 5.3 x 1.4 inches,327
dn7-walmart-amazonl_705,JVC Lightweight Folding Headphones with Bass Boost Black,HAS600B,49.95,0.7,JVC,9.0 x 6.0 x 3.0 inches,
dn7-walmart-amazonl_706,Kingston HyperX Blu 2GB DDR2 Desktop Memory Module,KHX6400D2B1/2G,34.72,0.13,Kingston,6.75 x 2.25 x 0.55 inches,
dn7-walmart-amazonl_707,LG 42  ultra- slim 42LV5500,42LV5500,879.0,41.2,LG,39.8 x 26.9 x 10.0 inches,
dn7-walmart-amazonl_708,Green Onions Supply iVeil Hybrid Keyboard Protector,RT-KBHB06,31.88,0.1,Green Onions Supply,7.9 x 4.2 x 0.9 inches,
dn7-walmart-amazonl_709,Griffin iPod Touch 4G Screen Care Kit 3 Pack,GB01913,13.3,0.05,Arkon,6.9 x 4.1 x 0.1 inches,18
dn7-walmart-amazonl_710,IoSafe SoloPRO 1TB USB 3.0 External Hard Drive,SJ1000GB1YR,248.0,8,IOSAFE,17.75 x 10.2 x 8.2 inches,286
dn7-walmart-amazonl_711,Premiertek PowerLink Wireless 802.11b g n High Power USB 2.0 Adapter,PT-H9DN,31.88,0.35,PREMIERTEK,16.0 x 6.0 x 1.75 inches,442
dn7-walmart-amazonl_712,StarTech.com RPSMA10MF 10ft RP-SMA to SMA Antenna Adapter Cable,RPSMA10MF,16.88,0.15,StarTech,7.65 x 7.2 x 0.225 inches,
dn7-walmart-amazonl_713,Roxio Easy CD and DVD Burning 2011 Windows,249000,27.88,0.24,ROXIO,7.5 x 5.38 x 1.25 inches,
dn7-walmart-amazonl_714,Vivitar High Definition .43x Wide Angle Lens Attachment,VIV-43-58W,22.88,0.45,Vivitar,3.0 x 3.0 x 3.0 inches,93
dn7-walmart-amazonl_715,I-TEC T1274B iStereo Round Sound Docking Station for iPod iPhone,T1274B,79.88,3,I-Tec Electronics,11.0 x 9.0 x 2.0 inches,317
dn7-walmart-amazonl_716,AT T CL81211 DECT 6.0 Digital 2-Handset Cordless Telephone,CL81211,49.98,1.12,AT T,8.5 x 7.0 x 6.87 inches,
dn7-walmart-amazonl_717,Alera LCD CRT Mobile Computer Security Cabinet 26w x 24d x 63h Light Gray,ALECC616326LG,524.99,130,Alera,63.0 x 26.0 x 24.0 inches,1
dn7-walmart-amazonl_718,Motorola Thrill Me Purple EH25 Stereo Headset,89273N,24.88,0.5,Motorola,5.75 x 4.15 x 2.65 inches,
dn7-walmart-amazonl_719,HP Q6511A HP 11A Toner 6000 Page-Yield Black,Q6511A,191.03,4.19,HP,,488
dn7-walmart-amazonl_720,Sunpak 67mm Circular Polarized Filter,CF-7061 CP,18.0,0.15,Sunpak,4.0 x 4.0 x 1.5 inches,749
dn7-walmart-amazonl_721,Peerless Paramount Articulating Flat Panel Wall Arm 37 to 60 Screens,,209.99,25,Peerless,,
dn7-walmart-amazonl_722,Corsair Memory VS2GBKIT400C3 2 GB PC3200 400MHz 184-Pin DDR Desktop Memory Kit,VS2GBKIT400C3,59.82,0.1,Corsair,8.5 x 5.75 x 0.25 inches,298
dn7-walmart-amazonl_723,Razer Orochi Bluetooth Laser Gaming Mouse - RZ01-00300100-R3U1,RZ01-00300100-R3U1,69.84,1,Razer,14.3 x 3.4 x 3.2 inches,
dn7-walmart-amazonl_724,Dell 90-Watt Inspiron AC Power Adapter,330-6258,59.0,1.3,Dell,5.25 x 2.3 x 1.1 inches,
dn7-walmart-amazonl_725,C-Line Top-Load Poly Sheet Protectors Heavy Gauge Letter 200ct,62097,28.94,4.631,,,
dn7-walmart-amazonl_726,Cobra 14-Band Digital Radar Laser Detector,XRS 9545,122.84,0.75,COBRA,,
dn7-walmart-amazonl_727,Draper Glass Beaded Envoy Electric Screen  - WideScreen 132 diagonal,112055,1485.5,140,Draper,,
dn7-walmart-amazonl_728,rooCASE Light N Slim Carrying Bag for 10.1  Netbook iPad or iPad 2,210826,27.99,1.2,rooCASE,12.0 x 9.7 x 2.5 inches,
dn7-walmart-amazonl_729,Draper M2500 ShadowBox Clarion Fixed Frame Screen - 73 x 73 AV Format,253027,881.99,39,Draper,,
dn7-walmart-amazonl_730,Draper Vortex Rear Projection Screen with System 200 Black Frame - 60 diagonal NTSC Format,125032,2745.5,124,Draper,,
dn7-walmart-amazonl_731,Draper AT1200 Targa Acoustically Transparent Screen - 132 diagonal Widescreen Format,116114,3702.95,73,Draper,,
dn7-walmart-amazonl_732,Paper Mate Sharpwriter Mechanical Pencils,30376BPP,1.98,0.6,Paper Mate,7.62 x 3.75 x 3.0 inches,
dn7-walmart-amazonl_733,Brinks Digital Timer with 1 Setting,44-1010-2,0.0,0.764,Generic,5.5 x 3.25 x 2.75 inches,
dn7-walmart-amazonl_734,Acer Diamond Black 11.6  Aspire One 722-BZ197 Laptop PC with AMD Dual-Core C-50 Processor and Windows 7 Home Premium,LU.SFT02.068,288.0,3.2,Acer,11.2 x 8.0 x 1.0 inches,75
dn7-walmart-amazonl_735,Bell O High-Speed HDMI Cable with Ethernet 1-Meter,HD7101,59.99,0.4,Bell'O,40.0 x 0.5 x 0.5 inches,186
dn7-walmart-amazonl_736,Hammermill Everyday Copy And Print Paper 92 Bright 20lb Letter White 5000 Sheets Ctn,162008,46.47,50,Hammermill,,
dn7-walmart-amazonl_737,Lexmark T650A11A Black Toner Print Cartridge,T650A11A,202.87,4.94,Lexmark,,401
dn7-walmart-amazonl_738,Bond Street LTD. 5 Attach  Case Aluminum 18 x 5 x 13-1 2 Black Silver,BND416020SIL,91.49,6.9,BOND STREET LTD.,18.0 x 13.5 x 5.0 inches,512
dn7-walmart-amazonl_739,Read Right PathKleen Printer Roller Cleaner Sheets 8 1 2 10pk,RR1237,9.84,0.393,READ RIGHT,,376
dn7-walmart-amazonl_740,Avery Allstate-Style Legal Side Tab Divider Title A Letter White 25 Pack,82163,5.69,0.408,Avery,,
dn7-walmart-amazonl_741,Simplism Shoulder Case for iPad Red,TRLCSLIPADDREN,58.76,0.2,Simplism,12.0 x 12.0 x 9.0 inches,238
dn7-walmart-amazonl_742,Logitech M305 Wireless Mouse Black,910-001752,29.73,0.5,Logitech,8.0 x 5.5 x 2.25 inches,128
dn7-walmart-amazonl_743,Post-it Flags Arrow Message 1 Blue 2 50-Flag Dispensers Pack,680NT2,5.0,0.033,POST-IT,,
dn7-walmart-amazonl_744,Da-Lite Matte White Scenic Roller Manual Screen - 30 x 30,40353,4077.99,880,Da-Lite,,
dn7-walmart-amazonl_745,Zotac GeForce GT 220 Synergy Edition PCI Express 1GB DDR2 Graphics Card,ZT-20203-10L,68.33,1.1,ZOTAC,10.2 x 6.5 x 2.3 inches,622
dn7-walmart-amazonl_746,BIC 0.9mm Mechanical Pencil with Colorful Barrels 1-Dozen 2-Pack,,4.92,,,,
dn7-walmart-amazonl_747,Encore Hoyle Card Games 2011 Casual Gaming,21331,19.99,2.5,Encore,13.47 x 8.4 x 5.7 inches,
dn7-walmart-amazonl_748,EDGE Tech 2GB Premium Compact Flash Card,PE194529,14.88,0.03,Edge Tech,1.71 x 1.43 x 0.13 inches,
dn7-walmart-amazonl_749,Sony STP-FSA Floating Camera Strap,STPFSA,19.44,0.95,Sony,8.5 x 4.5 x 2.5 inches,487
dn7-walmart-amazonl_750,Cavalry DVD-RW DVD-R Dual-Layer DVD Writer,CAEDVDRW8U2,48.22,1.4,Cavalry,8.3 x 6.1 x 1.5 inches,709
dn7-walmart-amazonl_751,Solidtek Super Mini Keyboard with Trackball,KB4251B,59.82,1.35,Solidtek,13.9 x 7.5 x 1.9 inches,
dn7-walmart-amazonl_752,Golla Genie Digital Camera Bag Lime Green,G761,12.98,0.2,Golla,4.8 x 3.2 x 1.6 inches,328
dn7-walmart-amazonl_753,Amzer Anti-Glare Screen Protector for iPad 2,90786,13.88,7,AMZER,12.0 x 8.0 x 3.0 inches,
dn7-walmart-amazonl_754,Sony DSC-H70 16.2 Megapixel Digital Camera w Bonus 58  Tripod and Bonus 4GB Memory Card Value Bundle,,199.0,,Sony,,
dn7-walmart-amazonl_755,MSW Wireless Jawbone Icon Bluetooth Headset Mesh,JBG01MS,72.98,0.35,Jawbone,5.5 x 2.5 x 1.0 inches,
dn7-walmart-amazonl_756,Clover 19  Internet-Ready Observation System,BUN2472,649.86,42.25,Clover Electronics,20.0 x 16.5 x 15.0 inches,
dn7-walmart-amazonl_757,Amzer Super Clear Screen Protector with Cleaning Cloth for BlackBerry PlayBook 6pk,AMZ90548,9.88,0.05,AMZER,9.4 x 5.6 x 0.05 inches,
dn7-walmart-amazonl_758,Mobile Edge 16PC 17Mac Large Faux Croc Portfolio,69915,47.99,0.9,Mobile Edge,17.75 x 12.5 x 2.5 inches,
dn7-walmart-amazonl_759,Apricorn 320GB Padlock 128-Bit Hardware-Encrypted Portable Drive,A25-PL128-320,99.82,1,Apricorn,8.11 x 6.18 x 2.72 inches,498
dn7-walmart-amazonl_760,StarTech.com DVIDSMM20 20ft DVI-D Digital Video Cable,DVIDSMM20,27.88,1.08,StarTech,11.7 x 4.05 x 0.9 inches,
dn7-walmart-amazonl_761,Plantronics  73079-01 AC Power Adapter for Telephone Headset System,73079-01,14.88,1,Plantronics,2.5 x 2.0 x 1.0 inches,
dn7-walmart-amazonl_762,Draper Glass Beaded Access Series M Manual Screen - 8 x 10 AV Format,203037,956.5,88,Draper,,
dn7-walmart-amazonl_763,Draper M1300 Access MultiView Series V Electric Screen - WideScreen 126 diagonal,105007,3109.95,135,Draper,,
dn7-walmart-amazonl_764,Kensington Underdesk Comfort Keyboard Drawer with SmartFit System,K60004US,27.88,4.86,Kensington,26.5 x 14.0 x 2.5 inches,
dn7-walmart-amazonl_765,Startech 2 Port PCI Express SuperSpeed USB 3.0 Card Adapter,PEXUSB3S2,39.98,0.3,StarTech,6.75 x 5.5 x 1.0 inches,703
dn7-walmart-amazonl_766,Mobile Edge 17  Komen Faux-Suede Tote,151485,103.99,4.3,Mobile Edge,18.0 x 14.5 x 5.0 inches,
dn7-walmart-amazonl_767,Belkin Vue Sleeve for iPad Violet,F8N275TT128,38.88,0.5,Belkin,11.25 x 8.5 x 0.75 inches,
dn7-walmart-amazonl_768,Accell UltraAV DisplayPort Multi-Monitor Adapter,K087B-005B,198.35,1.05,Accell,9.2 x 7.9 x 2.4 inches,
dn7-walmart-amazonl_769,Accell ProUltra 4m HDMI Ethernet Cable,B116C-013B-40,29.88,1.1,Accell,10.0 x 9.0 x 3.16 inches,259
dn7-walmart-amazonl_770,Gear Head 2.4GHz Wireless Mini Touchpad USB Keyboard Black,KB3800TPW,37.82,2.5,Gear Head,11.0 x 4.4 x 1.8 inches,
dn7-walmart-amazonl_771,Crystal Cover Set for iPad 2 Crystal Clear,TR-CCSIPD2-CC/EN,29.99,0.7,Simplism,9.6 x 7.4 x 0.4 inches,268
dn7-walmart-amazonl_772,SKB Cases Mil-Standard Roto Case 27 L x 27 W x 18 H inside,3R2727-18B-E,399.99,40,SKB Cases,,
dn7-walmart-amazonl_773,SKB Cases Rolling Shockmount Mac Pro Tower Case,1SKB-R04MAC,689.99,47,SKB Cases,29.0 x 29.0 x 17.0 inches,
dn7-walmart-amazonl_774,ifrogz Pulse Case for iPod Touch 4 Iron and White,IT4PLSIRNWHT,29.99,0.04,iFrogz,5.2 x 4.1 x 0.2 inches,
dn7-walmart-amazonl_775,Action Sport Drives 4GB Santa Cruz USB Skate Drive Rob Eyes,SC-SKATERE/4G,10.84,1.5,EP Memory,6.25 x 3.25 x 1.5 inches,
dn7-walmart-amazonl_776,Goodhope Bags Computer Sleeve Plus,4110,23.99,2.33,Goodhope Bags,14.5 x 11.0 x 2.5 inches,
dn7-walmart-amazonl_777,Acer Black Veriton PS.VAL03.052 Desktop PC with Intel Dual-Core E7600 Processor 320GB Hard Drive and Windows 7 Professional Monitor Not Included,PS.VAL03.052,499.0,26,Acer,17.46 x 14.84 x 7.09 inches,
dn7-walmart-amazonl_778,BIC Triumph 730R 0.5mm Needle Point Roller Pen Black 4 Ct. 2-Pack,,11.28,,,,
dn7-walmart-amazonl_779,GE Network and Phone Wall Plate,36536,0.0,,GE,4.5 x 2.75 x 1.0 inches,
dn7-walmart-amazonl_780,ATI FirePro V7800 2GB PCI Express 2.0 Graphics Card,100505604,739.82,3,ATI,11.8 x 9.6 x 2.9 inches,679
dn7-walmart-amazonl_781,Ampad Envirotec 100 Recycled File Folders 1 3 Cut Top Tab Letter Brown 100pk,35113,12.94,6.333,,,661
dn7-walmart-amazonl_782,Swingline Optima PowerEase Stapler Graphite,87850,23.94,1.17,Swingline,,
dn7-walmart-amazonl_783,Avery Digital Postal Scale Kit 25 lbs,32400,89.88,3.7,Avery,12.25 x 8.75 x 3.437 inches,
dn7-walmart-amazonl_784,Manhattan 150705 SuperSpeed USB to SATA Adapter,150705,47.84,0.65,,7.75 x 5.5 x 2.1 inches,
dn7-walmart-amazonl_785,Macsense LC200 Just Mobile Lazy Couch Aluminum Portable Stand,LC-200,18.72,0.3,Macsense,4.2 x 4.2 x 2.2 inches,466
dn7-walmart-amazonl_786,Da-Lite Video Spectra 1.5 Model C with CSR Manual Screen - 58 x 104 HDTV Format,82980,736.99,59,Da-Lite,,
dn7-walmart-amazonl_787,Da-Lite Light Oak Veneer Model B Manual Screen with High Power Fabric - 60 x 60 AV Format,99731,310.99,16,Da-Lite,,
dn7-walmart-amazonl_788,Humminbird 778c HD Color Fishing System,407930-1,499.46,4.2,Humminbird,12.3 x 10.0 x 8.8 inches,104
dn7-walmart-amazonl_789,HP 80 Magenta 175-ml Ink Cartridge C4874A,HPC4874A,84.88,0.95,HP,8.7 x 4.6 x 2.2 inches,
dn7-walmart-amazonl_790,Lenovo Gray 15.6  IdeaPad Y560-064654YU Laptop PC with Intel Core i7-740QM Processor Windows 7 Home Premium,064654U,998.0,9.8,Lenovo,17.8 x 13.2 x 5.4 inches,
dn7-walmart-amazonl_791,Chief Manufacturing Video Conferencing Plasma Cart 42 - 61,PPCU,1031.2,66,Chief Manufacturing,,
dn7-walmart-amazonl_792,Kingston HyperX 2GB DDR2 Desktop Memory Module,KHX6400D2/2G,34.82,0.13,Kingston,6.75 x 2.25 x 0.55 inches,
dn7-walmart-amazonl_793,Vantec 3.5  IDE to USB 2.0 NexStar 3 Hard Drive Enclosure Onyx Black,NST-360U2-BK,30.23,4,Vantec,11.0 x 10.0 x 3.0 inches,
dn7-walmart-amazonl_794,PC Treasures Retractable Mighty Mini Mouse Navy,7221,9.88,1,PC Treasures,4.0 x 3.0 x 0.5 inches,
dn7-walmart-amazonl_795,BIC Soft Feel Retractable Ball Pen Blue 1-Dozen 2-Pack,,10.12,,,,
dn7-walmart-amazonl_796,Aluratek Plug-Less USB Charging Station,AUCS01F,19.99,0.15,Aluratek,2.0 x 1.25 x 0.5 inches,
dn7-walmart-amazonl_797,Arkon CMP114 Camera Mount for Windshield,CMP114,10.98,0.5,Arkon,6.0 x 4.0 x 4.0 inches,563
dn7-walmart-amazonl_798,Boss Audio 586CK - 1-DIN CD Receiver with TWO 6.5  Speakers,586CK,98.0,7.25,Boss,16.0 x 9.0 x 6.0 inches,624
dn7-walmart-amazonl_799,Sanus Full Motion Wall Mount for Small Flat Panel Screens in Silver - 8 Max Extension 13 - 27 Screens,,65.99,4.3,Sanus,8.0 x 7.0 x 4.75 inches,
dn7-walmart-amazonl_800,Diamond Multimedia Stealth ATI Radeon 9250 256MB PCI Video Card,S9250PCI256SB,59.0,0.81,Diamond Multimedia,,
dn7-walmart-amazonl_801,HP 70 Green 130-ml Ink Cartridge C9457A,HPC9457A,74.88,0.55,HP,7.9 x 3.5 x 1.7 inches,
dn7-walmart-amazonl_802,Memorex 52x Write-Once CD-R With LightScribe Technology - 10 Pack Slim Jewel Case,,8.88,,Memorex,,
dn7-walmart-amazonl_803,Scosche KA2064B 2005 Kia Sportage ISO Kit,KA2064B,15.88,0.4,Scosche,15.0 x 7.0 x 1.5 inches,22
dn7-walmart-amazonl_804,Belkin Grip Ergo for iPod,F8Z524TT064,10.54,0.16,Belkin,6.3 x 5.0 x 1.5 inches,
dn7-walmart-amazonl_805,Apricorn 250GB Padlock 256-Bit Hardware-Encrypted Portable Drive,A25-PL256-250,109.84,1,Apricorn,8.11 x 6.18 x 2.72 inches,320
dn7-walmart-amazonl_806,Tablemate Table Set Heavyweight Plastic Rectangular Table Cover 6pk,549WH,13.97,2.032,,14.7 x 8.7 x 1.7 inches,
dn7-walmart-amazonl_807,Logitech 910-000872 MX Anywhere Mouse,910-000872,59.82,0.75,Logitech,7.3 x 6.0 x 1.3 inches,
dn7-walmart-amazonl_808,Cables To Go 29563 7 Port Aluminum USB 2.0 Hub,29563,31.88,0.85,Cables To Go,4.86 x 4.59 x 2.16 inches,
dn7-walmart-amazonl_809,Belkin F3U138V03-RTC USB 2.0 Retractable Cable,F3U138V03-RTC,9.88,0.11,Belkin,6.57 x 4.59 x 0.45 inches,
dn7-walmart-amazonl_810,StarTech.com ICUSB1284 6 ft USB to Parallel Printer Adapter,ICUSB1284,15.88,0.45,StarTech,8.55 x 5.85 x 2.25 inches,
dn7-walmart-amazonl_811,Aleratec Inc CD DVD Shredder,,61.88,,Aleratec,,663
dn7-walmart-amazonl_812,Accell GreenCable Series 1m HDMI-A 1.3 Cable,B103C-003F-40,13.77,0.3,Accell,39.6 x 0.75 x 0.2 inches,
dn7-walmart-amazonl_813,Draper Glass Beaded Paragon Electric Screen - AV Format 20 x 20,114084,3794.5,805,Draper,,
dn7-walmart-amazonl_814,Da-Lite Dual Vision Tensioned Cosmopolitan Electrol - AV Format 7 x 9 diagonal,84986,2346.99,92,Da-Lite,,
dn7-walmart-amazonl_815,Draper M1300 ShadowBox Clarion Fixed Frame Screen - 133 diagonal HDTV Format,253018,1195.99,46,Draper,,
dn7-walmart-amazonl_816,Atrend-Bbox A361-10CP B Box Series Single Speaker,A361-10CP,56.88,20.2,Atrend,26.6 x 16.25 x 10.5 inches,637
dn7-walmart-amazonl_817,SKB Cases RX Series Rugged Roto-X Shipping Square Case 25 1 4 H x 30 1 2 W x 30 1 4 D outside,3SKB-X2828-22,499.99,46,SKB Cases,28.0 x 28.0 x 22.0 inches,
dn7-walmart-amazonl_818,Incipio iPod Touch 4G SILICRYLIC Hard Shell Case with Silicone Core All Black,IP-904,28.5,1,INCIPIO,4.6 x 2.5 x 0.2 inches,593
dn7-walmart-amazonl_819,RCA 9  Portable DVD Player,DRC99392,0.0,,RCA,10.47 x 7.2 x 1.85 inches,
dn7-walmart-amazonl_820,Asus ENGT430 DC GeForce GT430 1GB DDR3 Graphics Card,ENGT430 DC S/DI/1GD3,84.88,1.8,Asus,12.0 x 8.7 x 2.3 inches,341
dn7-walmart-amazonl_821,Centon 8GB SDHC Memory Card,RC8GBSDHC4,17.49,0.05,CENTON,1.23 x 0.92 x 0.08 inches,
dn7-walmart-amazonl_822,Da-Lite Da-Glas Standard Rear Projection Screen 81 x 108 Video Format,27917,5391.99,1005,Da-Lite,,
dn7-walmart-amazonl_823,Da-Lite High Contrast Matte White Model C Manual Screen - 8 x 10 AV Format,93221,616.0,66,Da-Lite,,
dn7-walmart-amazonl_824,Cooler Master Centurion 5 II Mid Tower Chassis Black w Clear Side Window,RC-502-KWN1,67.82,22,Coolermaster,19.1 x 17.3 x 8.0 inches,
dn7-walmart-amazonl_825,Fellowes Proton 180 18  Rotary Trimmer,Proton 180,35.69,4.3,Fellowes,27.75 x 8.87 x 3.25 inches,
dn7-walmart-amazonl_826,Email Delivery Tracfone 450-Minutes Wireless Airtime Card,9840,79.88,1,Tracfone,1.0 x 1.0 x 1.0 inches,
dn7-walmart-amazonl_827,Sceptre 24  ultra-slim E240LC-FHD,E240LC-FHD,179.0,15.8,Sceptre,22.5 x 16.9 x 7.7 inches,
dn7-walmart-amazonl_828,Inland Pro 6-Sheet Paper Shredder,5301,28.54,5,Inland,14.7 x 12.13 x 7.09 inches,423
dn7-walmart-amazonl_829,Joby Gorillapod Original Yellow,GP1AYEN,19.94,0.55,JOBY,8.3 x 4.8 x 2.9 inches,269
dn7-walmart-amazonl_830,3M Dry-Erase Board w Marker Accessory Tray 8 x4 Mahogany,,771.59,56,3M,,
dn7-walmart-amazonl_831,Premiertek Hi-Speed USB 2.0 to SATA or IDE 2.5  Drive Adapter,SIDE-0002,25.88,0.75,PREMIERTEK,7.0 x 5.0 x 2.0 inches,
dn7-walmart-amazonl_832,Mukii TIP-PU301CB 2-Port USB 3.0 ExpressCard,TIP-PU301CB,32.0,0.5,MUKii,8.09 x 6.4 x 1.14 inches,
dn7-walmart-amazonl_833,AT T 1739 Adjunct Answering Machine System,1739,16.46,1.1,AT T,5.71 x 4.94 x 2.4 inches,504
dn7-walmart-amazonl_834,CyberPower 825VA 450W Intelligent LCD Battery Backup UPS,CP825LCD,88.73,14.85,CyberPower,15.5 x 9.0 x 8.0 inches,
dn7-walmart-amazonl_835,Sima USB FireWire Multi-Adapter Cable - USB A And FireWire To USB B Mini B 5-Pin Mini B 4-Pin Mini 8-Pin Flat And FireWire,SUO-200M,20.88,0.52,Sima,11.75 x 5.0 x 1.5 inches,
dn7-walmart-amazonl_836,Marware Eco-Vue for iPad,602956006572,54.99,1,,10.5 x 8.0 x 0.9 inches,675
dn7-walmart-amazonl_837,Jabra Wireless Flexboom Mono Headset With Noise Canceling Microphone,9125-28-15,198.0,2.4,Jabra,11.5 x 7.37 x 2.36 inches,
dn7-walmart-amazonl_838,Motorola Dect 6.0 Cordless Care,K301,30.84,1.75,Motorola,7.09 x 4.33 x 4.0 inches,
dn7-walmart-amazonl_839,HP HP 72 Ink,C9371A,76.65,0.541,HP,,
dn7-walmart-amazonl_840,Siig CB-NMS012-S1 Serial Cable,CB-NMS012-S1,8.88,0.42,SIIG,5.85 x 4.95 x 0.9 inches,
dn7-walmart-amazonl_841,Sony Portable Handycam AC Adaptor,ACL100,45.0,0.86,Sony,9.0 x 6.0 x 3.0 inches,0
dn7-walmart-amazonl_842,Draper Glass Beaded Ambassador Electric Screen - AV Format 9 x 12,113023,1985.75,237,Draper,,
dn7-walmart-amazonl_843,3M Monitor Stand for CRT   LCD,MS80B,39.88,5.22,3M,19.5 x 11.5 x 1.8 inches,
dn7-walmart-amazonl_844,Draper AT Grey Signature Series E Acoustically Transparent Screen - 108 diagonal Widescreen Format,111595,5419.45,146,Draper,,
dn7-walmart-amazonl_845,Coby Red 2-In-1 Stereo Headphones   Earphones CV215RED,CV215RED,17.48,9,Coby,7.25 x 5.8 x 2.88 inches,
dn7-walmart-amazonl_846,Accell UltraAV DisplayPort Multi-Monitor Adapter,K088B-001B,149.0,0.94,Accell,9.0 x 8.0 x 2.5 inches,
dn7-walmart-amazonl_847,SKB Cases LS Series Luggage Style Transport Case 7 11 16 H x 21 1 8 W x 15 3 4 D outside,9P2014-01BE,114.99,9,SKB Cases,20.375 x 14.0 x 7.0 inches,
dn7-walmart-amazonl_848,Clarion Half-Din Graphic Equalizer with Built-In Crossover,EQS746,99.99,1.72,Clarion,8.1 x 6.1 x 1.7 inches,
dn7-walmart-amazonl_849,Columbian Invitation Envelopes with Grip-Seal 4.375 White 100-ct,CO598,9.54,0.957,Columbian,,
dn7-walmart-amazonl_850,3M Laptop LCD Privacy Computer Filter PF15.6W,PF15.6W,47.17,0.55,3M,15.0 x 12.0 x 0.3 inches,142
dn7-walmart-amazonl_851,Avery Index Maker Clear Label Unpunched Dividers with White Tabs,11442,77.18,1.938,Avery,,
dn7-walmart-amazonl_852,Da-Lite Da-View Thru-the-Wall Rear Projection Screen - 60 x 80 Video Format,23046,13997.99,809,Da-Lite,,
dn7-walmart-amazonl_853,Da-Lite Matte White Concord Designer Manual Screen - 70 x 70 AV Format,76454,923.99,25,Da-Lite,,
dn7-walmart-amazonl_854,V7 DS1SA Single Arm Desk Monitor Mount,,74.99,,V7,,
dn7-walmart-amazonl_855,Endust LCD and Plasma Screen Cleaner for Small Screens,11575,17.84,0.85,Endust,8.75 x 5.0 x 1.5 inches,
dn7-walmart-amazonl_856,Da-Lite HC Cinema Vision Tensioned Cosmopolitan Electrol - AV Format 7 x 9 diagonal,89892,2240.0,92,Da-Lite,,
dn7-walmart-amazonl_857,TRENDnet TEW-690AP Wireless N Access Point,TEW-690AP,139.82,1,TRENDnet,7.5 x 5.5 x 2.5 inches,598
dn7-walmart-amazonl_858,Netgear ProSafe SRX5308 4-Port VPN Appliance,SRX5308-100NAS,448.0,6.85,NETGEAR,17.0 x 10.0 x 4.0 inches,
dn7-walmart-amazonl_859,Office Snax Fancy Assorted Hard Candy 2 lb,70009,8.69,2.254,,7.1 x 7.1 x 5.0 inches,
dn7-walmart-amazonl_860,Lifeworks LWDV310FB Black 5MP Flip Style HD Digital Camcorder 1.44  LCD Display HD Recording,LWDV310FB,49.99,0.2,LIFEWORKS,4.61 x 2.52 x 1.04 inches,
dn7-walmart-amazonl_861,Chief Manufacturing Dual Swing Arm LCD Wall Mount,,143.2,8,Chief Manufacturing,12.18 x 8.18 x 2.15 inches,614
dn7-walmart-amazonl_862,Nokia Travel Charger,279044,20.53,0.2,Nokia,9.0 x 4.0 x 2.5 inches,
dn7-walmart-amazonl_863,CoolMax HD-389-U2 3.5  SATA External Enclosure with USB 2.0 Port,15333,17.84,1.55,Coolmax,10.0 x 7.5 x 2.5 inches,
dn7-walmart-amazonl_864,Fellowes Office Suites Monitor Riser 8031101,8031101,38.88,5.75,Fellowes,20.5 x 15.5 x 10.75 inches,254
dn7-walmart-amazonl_865,Hello Kitty Computer Accessories Bundle with Keyboard Wireless Mouse and USB Flash Drive,,48.0,,,,
dn7-walmart-amazonl_866,GE RCA Extension Adapter 2pk,32630,0.0,,General Electric,1.25 x 1.0 x 0.25 inches,
dn7-walmart-amazonl_867,APC Premium Audio Video Surge Protector 8 Outlet with Coax Protection 120V,P8V,39.0,4.1,APC,18.0 x 7.0 x 2.0 inches,
dn7-walmart-amazonl_868,MacCase MacCase 15  MacBook PowerBook Pro Sleeve,82262,39.96,2,MacCase,15.5 x 11.5 x 0.5 inches,
dn7-walmart-amazonl_869,Sylvania SDVD7027 7  Portable DVD Player Black,SDVD7027-BLACK,59.0,3.2,Sylvania,10.575 x 8.82 x 3.15 inches,
dn7-walmart-amazonl_870,HP CB40 Toner 7500 Page-Yield,CB400A,249.23,4.85,HP,,619
dn7-walmart-amazonl_871,AOC 2236VW 22  Widescreen LCD Monitor in Piano Black,2236VW,129.0,15.07,AOC,22.9 x 15.5 x 5.1 inches,732
dn7-walmart-amazonl_872,Verbatim 95407 2GB Secure Digital Card,95407,11.88,0.1,Verbatim,5.4 x 3.4 x 0.4 inches,359
dn7-walmart-amazonl_873,Samsung CLP-W300A Waste Toner Box,CLP-W300A,15.84,0.4,Samsung,4.9 x 3.8 x 3.2 inches,
dn7-walmart-amazonl_874,Quantum MR-S4MQN-01 DLTtape S4 Cartridge,MR-S4MQN-01,97.88,0.62,Quantum,4.28 x 4.05 x 1.8 inches,720
dn7-walmart-amazonl_875,Bravo View 12.1  OVR-121WFM Overhead Monitor,OVR-121WFM,148.0,5.95,Bravo,19.4 x 15.4 x 13.9 inches,
dn7-walmart-amazonl_876,Sony RF Wireless Headphones MDRRF925RK,MDRRF925RK,53.0,2.42,Sony,13.0 x 10.0 x 4.75 inches,
dn7-walmart-amazonl_877,Cyber Acoustics Monitor Lapel Microphone,ACM-1B,10.98,0.08,Cyber Acoustics,4.5 x 4.0 x 1.0 inches,
dn7-walmart-amazonl_878,SIIG Wireless Multimedia Keyboard   Mouse,JK-WR0212-S1,29.82,2.05,SIIG,21.0 x 7.1 x 2.0 inches,
dn7-walmart-amazonl_879,Pilot Q7 Retractable Gel Roller Ball Pen Refill Fine Black 2 count 3-pack,,6.0,0.019,,,
dn7-walmart-amazonl_880,Samsill Altego 15.6  Sleeve Pink,36023SAMSILL,25.0,1.2,Samsill,15.7 x 11.3 x 1.1 inches,17
dn7-walmart-amazonl_881,Audiovox Pillowz Stereo Earbuds Black,HP59BK,7.88,1,Audiovox,5.5 x 1.8 x 1.0 inches,
dn7-walmart-amazonl_882,Griffin Tablet Stand,GC16044,33.88,0.6,Griffin,9.9 x 5.9 x 1.5 inches,
dn7-walmart-amazonl_883,HP 901 Black Inkjet Cartridge Twin Pack,HP CZ075FN#140,26.98,6.17,HP,1.0 x 1.0 x 1.0 inches,
dn7-walmart-amazonl_884,Avery Copper Reinforced Leather Tab Dividers 12-Tab Jan-Dec Letter Black 12 Set,25181,6.47,0.206,Avery,,
dn7-walmart-amazonl_885,Ampad Evidence Perf Top Legal Red Margin Rule White 50-Sheet Pads Pack Dz.,20320,15.77,6.002,Ampad,,
dn7-walmart-amazonl_886,Da-Lite High Power Model B Manual Screen - 60 x 80 Video Format,77324,264.99,24,Da-Lite,,
dn7-walmart-amazonl_887,Da-Lite Dual Vision Tensioned Advantage Deluxe Electrol - HDTV Format 92 diagonal,88285,4242.99,135,Da-Lite,,354
dn7-walmart-amazonl_888,Startech 6  DVI-I Dual Link Digital Analog Port Saver Cable,DVIEXTAA6IN,12.18,0.19,StarTech,8.78 x 4.96 x 0.47 inches,
dn7-walmart-amazonl_889,Logitech Wireless Mouse M310 Bundle,,29.88,,,,
dn7-walmart-amazonl_890,Q-See QC444-411-5 4-Channel Video Surveillance System,QC444-411-5,299.82,15.05,Q-See,18.15 x 14.25 x 12.45 inches,
dn7-walmart-amazonl_891,Sabrent SATA to IDE Ultra ATA Mini Converter Board,SBT-SCIDE,10.88,0.75,Sabrent,10.0 x 8.0 x 2.8 inches,
dn7-walmart-amazonl_892,PremierTek PL-2301A POWERLINK Amplus Wireless Range Extender,PL-2301A,45.88,1.05,PREMIERTEK,8.7 x 5.9 x 2.7 inches,262
dn7-walmart-amazonl_893,Samsung 470 Series 128GB SATA II Solid State Drive,MZ-5PA128/US,199.0,0.5,Samsung,5.3 x 4.1 x 1.3 inches,107
dn7-walmart-amazonl_894,SOLO Cup Company Guildware Heavyweight Plastic Teaspoons 1000ct,GBX7TW,79.97,12.5,SOLO,13.1 x 9.8 x 8.2 inches,
dn7-walmart-amazonl_895,Diaper Dude Black Coated Grey Digi Laptop Sleeve 13,207492,32.0,1,Diaper Dude,13.5 x 10.5 x 1.3 inches,441
dn7-walmart-amazonl_896,Samsung S2 640GB USB 3.0 Portable External Hard Drive Red,HX-MTA64DA/G42,78.88,0.75,Samsung,7.25 x 5.5 x 1.5 inches,
dn7-walmart-amazonl_897,Sony DR320DPVB VOIP PC Audio Headset Black,DR320DPVB,28.39,0.65,Sony,9.77 x 8.78 x 3.35 inches,
dn7-walmart-amazonl_898,TP-Link TL-SC3171G Wireless Day Night Surveillance Camera,TL-SC3171G,172.0,1.7,TP Link,11.5 x 9.0 x 2.75 inches,
dn7-walmart-amazonl_899,FileMate B2020 Wireless Standard Keyboard and Mouse Bundle Black,3FMNB2020WBK-R,14.82,2.5,Wintec,21.0 x 6.4 x 1.75 inches,
dn7-walmart-amazonl_900,iFrogz Backbone Case for iPad 2 Black,IPAD2BAKBLK,34.99,0.2,iFrogz,10.0 x 8.0 x 0.71 inches,
dn7-walmart-amazonl_901,Level TV Wall Mount Full-Motion Mount for 10-30  Flat-Panel TVs DC30T,DC30T,35.0,2.65,Level Mount,13.75 x 9.75 x 1.5 inches,
dn7-walmart-amazonl_902,Midland Behind-The-Head 2-Way Radio Headset 2-Pack,AVP-H5,22.27,0.6,Midland,12.5 x 9.5 x 3.0 inches,
dn7-walmart-amazonl_903,Scosche 1974-Up Ford Chrysler Jeep Multi-Purpose Kit Including 1999-Up Grand Cherokee,FCJ1276AB,11.37,0.69,Scosche,8.0 x 4.5 x 2.5 inches,172
dn7-walmart-amazonl_904,Elite M119XWS1 Screens Manual Series Pull Down Projection Screen,M119XWS1,96.84,24.47,Elite Screens,84.78 x 4.77 x 4.5 inches,
dn7-walmart-amazonl_905,Targus AKB04US Slim Internet Media USB Keyboard,AKB04US,29.0,1.7,Targus,18.0 x 6.25 x 0.75 inches,294
dn7-walmart-amazonl_906,StarTech.com CB2EC ExpressCard to PCMCIA Adapter Card,CB2EC,52.82,0.35,StarTech,7.79 x 5.67 x 1.7 inches,719
dn7-walmart-amazonl_907,Zalman N Series SSD0064N1 MLC 64GB Internal SATA II Solid State Drive,SSD0064N1,144.0,0.18,ZALMAN USA INC,5.3 x 4.5 x 0.1 inches,253
dn7-walmart-amazonl_908,HP C6567B Coated Paper 1 roll 42-inches x 150 ft,C6567B,69.88,11.4,HP,39.42 x 4.05 x 3.78 inches,397
dn7-walmart-amazonl_909,Edge 320GB DISKGO 2.5in. BACKUP ULTRA PORTABLE USB 2.0 HARD DRIVE,PE220204,62.98,1.15,EDGE,9.0 x 6.0 x 3.0 inches,
dn7-walmart-amazonl_910,Sumas Media SM-30BT 3  Digital Wide Touch Screen Car Stereo DVD Receiver with Bluetooth,,98.0,,SUMAS,,
dn7-walmart-amazonl_911,Jaton GeForce 6200 256MB Video Card,VIDEO-338PCI-LP,97.82,1.2,Jaton,10.0 x 8.25 x 2.5 inches,
dn7-walmart-amazonl_912,Panasonic KX-TG4022N DECT 6.0 Plus Expandable Cordless Answering System w 2 Handsets,KX-TG4022N,44.98,1,Panasonic,5.2 x 5.0 x 2.2 inches,
dn7-walmart-amazonl_913,Kensington 15.4  Classic Nylon Laptop Sleeve Black,K62562US,20.88,1.32,Kensington,15.4 x 13.2 x 3.1 inches,
dn7-walmart-amazonl_914,Draper M1300 Access Series V Electric Screen  - WideScreen 132 diagonal,102189,2285.45,138,Draper,,
dn7-walmart-amazonl_915,Tony Hawk Birdhouse Crowned SkateDrive 2GB USB Flash Drive w XBOX Live Support,BH-SKTHCRN/2G,9.84,0.5,EP Memory,6.4 x 3.25 x 0.6 inches,
dn7-walmart-amazonl_916,IOGEAR Smartlink USB 2.0 Adapter,GUN262WV,16.23,1,IOGEAR,10.0 x 6.25 x 1.0 inches,657
dn7-walmart-amazonl_917,Oxford 5-1 4  Capacity Box File Storage Box Letter Binder Board Black Orange,40578,35.94,2.162,Oxford,,371
dn7-walmart-amazonl_918,Coby 7  LCD Dual Screen Tablet Portable DVD Player,TFDVD7752,139.29,5.29,Coby,7.8 x 6.5 x 1.5 inches,
dn7-walmart-amazonl_919,Rubbermaid 3-Hole Punched Plastic Edge Strip Magazine Holders for Ring Binders 12ct,,5.94,,Rubbermaid,,508
dn7-walmart-amazonl_920,Xantech Sllc1 Speaker Level To Line Converter,SLLC1,40.88,0.4438,Xantech,5.75 x 4.5 x 2.25 inches,362
dn7-walmart-amazonl_921,Platt Heavy-Duty Polyethylene Case with Wheels and Telescoping Handle in Gray 15 x 23 x 10,231510AHG,317.99,24.57,Platt,23.0 x 15.0 x 10.0 inches,
dn7-walmart-amazonl_922,Simplism Leather Sleeve Case for iPad 2 Orange,TR-LSSIPD2-OR/EN,44.99,0.4,Simplism,10.1 x 8.0 x 0.2 inches,
dn7-walmart-amazonl_923,Quartet Dry Erase Tile White 5.5,85401,3.97,0.45,Quartet,14.0 x 5.5 x 0.5 inches,
dn7-walmart-amazonl_924,Belkin Shield Micra for iPod touch Tint,F8Z646TTC01,47.88,0.1,Belkin,7.0 x 4.5 x 1.0 inches,
dn7-walmart-amazonl_925,Oki 43502001 Type 9 Black Toner Cartridge,43502001,98.0,0.762,OKI,,517
dn7-walmart-amazonl_926,Rolodex Petite Open Tray Card File,67060,6.47,0.394,ROLODEX,,110
dn7-walmart-amazonl_927,Sony Xplod CDX-GT35UW Car CD Receiver,CDX-GT35UW,95.0,3.85,Sony,6.5 x 6.5 x 1.75 inches,
dn7-walmart-amazonl_928,Wilson Jones Basic Vinyl Round Ring Binder w Label Holder,36849NHB,14.2,1.285,Wilson Jones,,
dn7-walmart-amazonl_929,FileMate 3.5  SATA USB 2.0 and eSATA Hard Drive Enclosure White,3FME3B2TW-R,30.88,2.3,Wintec,9.0 x 6.5 x 4.5 inches,
dn7-walmart-amazonl_930,HP Q5985A 500 Sheets Input Tray For CLJ3000 CLJ3600 and CLJ3800 Printers - 500 Sheet,Q5985A,268.88,15.64,HP,21.25 x 21.0 x 11.0 inches,
dn7-walmart-amazonl_931,Crosley Radio Keepsake USB Turntable Tan,CR249-TA,118.0,16.5,Arkon,22.0 x 15.5 x 10.75 inches,497
dn7-walmart-amazonl_932,Da-Lite Dual Vision Tensioned Cosmopolitan Electrol - AV Format 10 x 10 diagonal,84992,2735.99,115,Da-Lite,,126
dn7-walmart-amazonl_933,Dart Style Setter Mediumweight Plastic Knives 1000ct,K6BW,24.97,7.3,,11.75 x 9.5 x 9.25 inches,
dn7-walmart-amazonl_934,EVGA GeForce 210 512MB DDR3 PCI Express Graphics Card,512P31310LR,32.88,2,EVGA,11.0 x 7.5 x 1.5 inches,691
dn7-walmart-amazonl_935,JVC Gumy Headphones Red,HAF150R,9.0,,JVC,1.25 x 0.62 x 0.5 inches,565
dn7-walmart-amazonl_936,Vizio 42  ultra-slim M420SV,M420SV,697.54,42.1,Vizio,48.4 x 28.4 x 6.9 inches,308
dn7-walmart-amazonl_937,Allsop Clingo Universal Vent Mount,30329,19.99,0.25,Allsop,6.7 x 5.1 x 1.1 inches,223
dn7-walmart-amazonl_938,ViewSonic Pro8500 DLP Projector,PRO8500,1518.0,11.95,ViewSonic,16.75 x 15.25 x 7.5 inches,355
dn7-walmart-amazonl_939,Sabrent USB 2.0 FireWire PCMCIA Cardbus,SBT-PCA4,14.88,1,Sabrent,10.0 x 8.0 x 2.8 inches,760
dn7-walmart-amazonl_940,PM Company One-Ply Cash Register Point of Sale Rolls 3  x 150 ft White 50 Carton,7702,67.43,21.4,,,
dn7-walmart-amazonl_941,Logitech HD 720p Webcam C310,960-000585,48.88,0.55,Logitech,8.4 x 6.5 x 3.3 inches,12
dn7-walmart-amazonl_942,Gear Head 1.3MP Quick Webcam Pro,WC735I,13.88,2.14,Gear Head,7.32 x 5.31 x 2.99 inches,
dn7-walmart-amazonl_943,T-Mobile LG GS170 Prepaid Cell Phone,Gs170,29.54,0.85,T-Mobile,5.98 x 3.54 x 2.44 inches,
dn7-walmart-amazonl_944,Brother TN360 Black Toner Cartridge,TN360,45.54,1.92,Brother,12.87 x 6.867 x 4.617 inches,752
dn7-walmart-amazonl_945,HP 90 Ink Cyan C5061A,C5061A,204.75,1.402,HP,,272
dn7-walmart-amazonl_946,I OMagic IDVD8PEB Slim 8x DVD,IDVD8PEB,94.88,1.15,I/OMagic Corporation,6.66 x 2.97 x 0.66 inches,
dn7-walmart-amazonl_947,StarTech.com DVIVGAFM DVI to VGA Cable Adapter - F M,DVIVGAFM,9.88,0.1,StarTech,5.4 x 2.97 x 0.72 inches,
dn7-walmart-amazonl_948,EDGE 512MB 1X512MB PC2100 NONECC UNBUFFERED 200 PIN DDR SODIMM,PE187378,22.88,0.25,EDGE,9.0 x 6.0 x 3.0 inches,
dn7-walmart-amazonl_949,TRENDnet TEW-455APBO  Wireless Super G High Power Outdoor PoE Access Point,TEW-455APBO,304.88,6.5,TRENDnet,13.59 x 12.69 x 3.2 inches,284
dn7-walmart-amazonl_950,ASUS 22  LCD Monitor VW224T,VW224T,144.0,15.2,Asus,23.1 x 17.9 x 6.4 inches,279
dn7-walmart-amazonl_951,Draper HiDef Grey Premier Electric Screen Premier 132 WideScreen HiDef Grey - WideScreen 132 diagonal,101282,1799.45,91,Draper,,
dn7-walmart-amazonl_952,Draper M1300 Signature Series V Electric Screen  - NTSC 11 diagonal,100321,3600.0,135,Draper,,
dn7-walmart-amazonl_953,Sony 30mm Polarizing Filter Kit,VF30CPKB,50.54,0.12,Sony,1.73 x 1.73 x 0.33 inches,
dn7-walmart-amazonl_954,Adesso Pro Mechanical Gaming Keyboard,MKB-135B,74.88,2.8,Adesso,19.0 x 7.25 x 1.75 inches,
dn7-walmart-amazonl_955,LowePro Apex AW10 All-Weather Ultra-Compact Digital Camera Case,LP34977,17.84,0.25,Lowepro,8.1 x 3.0 x 2.2 inches,757
dn7-walmart-amazonl_956,Sceptre 19  ultra-slim E195BD-SHD,E195BD-SHD,139.0,13.23,Sceptre,18.03 x 13.46 x 7.87 inches,
dn7-walmart-amazonl_957,Buddy Products Hand Wipe Station Steel Black,,144.79,14,Buddy Products,,
dn7-walmart-amazonl_958,Kimberly-Clark WypAll L40 Wipers - 12 x13.4 white wypall jumbo rag on a roll 700,,70.99,15.01,Kimberly-Clark,,
dn7-walmart-amazonl_959,Asus Blue 10.1  Eee Seashell 1015PN-PU27-BU Netbook PC with Intel Atom Dual-Core N570 Processor and Windows 7 Starter,1015PN-PU27-BU,358.0,3,Asus,12.0 x 11.0 x 3.0 inches,
dn7-walmart-amazonl_960,New York Mets iPod Touch 4G Hard Case,FVA4459,29.99,,Tribeca,,
dn7-walmart-amazonl_961,Amped Wireless High Power Outdoor 8 dBi Omni-Directional Wi-Fi Antenna Kit,A8EX,94.88,1.95,Amped Wireless,24.0 x 3.6 x 3.5 inches,443
dn7-walmart-amazonl_962,GE Time Delay Fuse,18254,0.0,,General Electric,2.1 x 1.22 x 1.17 inches,
dn7-walmart-amazonl_963,REDIFORM OFFICE PRODUCTS                           EcoLogix Recycled Weekly Planner 15-Minute Appts. Wirebound 11 x 8-1 2 Green 2012,,14.19,0.88,REDIFORM OFFICE PRODUCTS,11.375 x 9.25 x 0.437 inches,
dn7-walmart-amazonl_964,MacCase 13  Macbook Models,155611,63.96,1.5,MacCase,14.0 x 10.0 x 0.8 inches,
dn7-walmart-amazonl_965,Logitech Corded Mouse Black,910001830,17.82,0.35,Logitech,8.0 x 5.5 x 2.8 inches,
dn7-walmart-amazonl_966,Belkin Gold Series High-Speed USB 2.0 Cable 6 ft.,F3U133V06GLD,29.99,0.316,Belkin,,
dn7-walmart-amazonl_967,Da-Lite Da-Glas Unframed Rear Projection Screen - 43 1 4 x 57 3 4 Video Format,27602,920.99,204,Da-Lite,,
dn7-walmart-amazonl_968,Vivitar 54  Tripod,VIV-VPT-4654,25.0,3.7,Vivitar,22.0 x 4.5 x 4.0 inches,
dn7-walmart-amazonl_969,BIC Round Stic Grip Ball Pen Blue 1 Dozen 3-Pack,,4.53,,,,
dn7-walmart-amazonl_970,iLuv Clear Screen Protective Film for iPad 2,ICC1193,14.88,0.14,iLuv,11.0 x 8.5 x 0.1 inches,421
dn7-walmart-amazonl_971,StarTech Dual-Port USB VGA KVM Switch,SV231UAF,78.88,1.93,StarTech,10.59 x 6.5 x 2.76 inches,
dn7-walmart-amazonl_972,Lowepro LP36147-PEU Pro Runner Camera and Laptop Backpack,,248.0,,Lowepro,,
dn7-walmart-amazonl_973,Lexmark 16 Black Print Cartridge 10N0016,10N0016,28.0,0.05,Lexmark,3.0 x 1.75 x 1.6 inches,726
dn7-walmart-amazonl_974,Antec 650W EarthWatts EA-650 Green PSU,EA650GREEN,90.92,4.5,ANTEC,9.2 x 8.4 x 4.4 inches,602
dn7-walmart-amazonl_975,StarTech.com PEX13943 4 Port PCIe 1394a FireWire Adapter Card,PEX13943,34.88,0.25,StarTech,6.75 x 6.3 x 2.25 inches,352
dn7-walmart-amazonl_976,V7 KC0B2-6N6 Standard PS 2 Keyboard,,8.84,,V7,,
dn7-walmart-amazonl_977,Audiovox XM Satellite Radio Cables for Eclipse Car Stereos,CNPECL1,19.98,0.55,Audiovox,6.38 x 1.5 x 0.75 inches,
dn7-walmart-amazonl_978,Sharpie Permanent Markers Fine Point - Black - 12 Count,30001WM,8.24,0.3,Sharpie,,
dn7-walmart-amazonl_979,Simplism Protector Film for iPad,TRPFSIPADAGEN,23.41,0.2,Simplism,12.0 x 12.0 x 9.0 inches,11
dn7-walmart-amazonl_980,Draper M1300 Premier Electric Screen  - HDTV 119 diagonal,101305,1682.45,81,Draper,,
dn7-walmart-amazonl_981,Draper M2500 Signature Series V Electric Screen  - AV Format 72 x 96,100348,3139.95,120,Draper,,
dn7-walmart-amazonl_982,Startech 10 ft. HD 15mm VGA Monitor Cable,MXT101MM10,10.98,0.4,StarTech,8.75 x 4.75 x 1.0 inches,
dn7-walmart-amazonl_983,HP CB278AN HP 57 Ink 500 Page-Yield Tri-Color,CB278AN,50.05,0.161,HP,,257
dn7-walmart-amazonl_984,AVF AVF Inc Premium Cable Management in White,,15.0,2,AVF Group,,
dn7-walmart-amazonl_985,Middle Atlantic 12 Master Slave Jumper for MPR Series Modules Sold in Packs of 6,JMS-12X6,81.99,1,Middle Atlantic,,
dn7-walmart-amazonl_986,Microsoft Wireless Desktop 800 for Business,5SH-00001,26.88,,Microsoft,21.17 x 6.57 x 1.77 inches,342
dn7-walmart-amazonl_987,Da-Lite Pixmate 25 x 30 Shelf Television Cart with Cabinet 25.5 34 42 48 54,7023,274.99,74,Da-Lite,54.0 x 30.0 x 25.0 inches,
dn7-walmart-amazonl_988,Pilot G2 BeGreen 0.70mm Retractable Gel Ink Roller Ball Pen Black,31506,16.94,0.329,Pilot,,
dn7-walmart-amazonl_989,Avery Silhouette Flexible Poly View Binder 1  Capacity,17232,5.86,0.372,Avery,,
dn7-walmart-amazonl_990,Avery 3  Durable Binder with EZ-Turn Ring Navy Blue,27651,7.0,1.4,Avery,12.063 x 11.625 x 3.426 inches,
dn7-walmart-amazonl_991,Avery Index Maker Clear Label Dividers 5-Tab White,11416,3.88,0.24,Avery,10.8 x 9.0 x 0.2 inches,567
dn7-walmart-amazonl_992,HP 61 Black   Tri-color Combo Inkjet Cartridge,HP 61,30.5,0.25,HP,1.0 x 1.0 x 1.0 inches,291
dn7-walmart-amazonl_993,Da-Lite Matte White Model C with CSR Manual Screen - 50 x 67 Video Format,91841,397.99,42,Da-Lite,,
dn7-walmart-amazonl_994,Da-Lite Matte White Designer Model B with Fabric Case in Pepper - 60 x 60 AV Format,73101,134.99,16,Da-Lite,,
dn7-walmart-amazonl_995,Dicota Dee BacPac Green,N25938P,60.09,2.09,DICOTA,45.0 x 31.0 x 15.0 inches,
dn7-walmart-amazonl_996,Maxell Timbers Wood Earbuds Oak,190243 TEB-O,29.88,1.2,Maxell,7.0 x 3.0 x 1.0 inches,477
dn7-walmart-amazonl_997,DJ Tech iVisa 50 Light Portable PA System with iPod Player Controller 50 Watts,IVISA 50 LIGHT,368.0,16.2,DJ Tech,18.3 x 13.0 x 9.75 inches,492
dn7-walmart-amazonl_998,Western Digital AV-GP 320GB SATA Desktop Internal Hard Drive,WD3200AVVS,51.7,5,Western Digital,9.0 x 7.0 x 3.0 inches,
dn7-walmart-amazonl_999,IGO PS00291-0001 KeyJuice Micro Mini USB Cable,PS00291-0001,7.88,1.5,Igo,6.5 x 4.5 x 0.5 inches,45
dn7-walmart-amazonl_1000,Amzer Transparent Jelly Case for Motorola XOOM Hot Pink,90482,14.88,7,AMZER,14.0 x 11.0 x 8.0 inches,
dn7-walmart-amazonl_1001,Motorola Flipout MB511 Black Unlocked,MB511,219.0,0.74,Motorola,2.64 x 2.64 x 0.67 inches,390
dn7-walmart-amazonl_1002,Lenovo Matte Black 15.6  ThinkPad Edge E520 Laptop PC with Intel i3-2310 Processor and Windows 7 Professional,11433BU,548.0,9.5,Lenovo,19.5 x 13.5 x 5.0 inches,
dn7-walmart-amazonl_1003,Scosche HD Full Range Speaker 5,HD57683,0.0,,Scosche,8.75 x 6.5 x 3.5 inches,
dn7-walmart-amazonl_1004,Gecko Sowndwire Retracting 3.5mm to 3.5mm Cable,GG100022,10.88,0.063,Gecko Gear Australia,4.0 x 1.2 x 0.5 inches,
dn7-walmart-amazonl_1005,RCA 10dB Video Signal Amplifier,VH100,14.54,0.77,RCA,8.0 x 6.0 x 2.0 inches,557
dn7-walmart-amazonl_1006,GN Netcom 2403-820-105 Jabra BIZ 2400 Headset,2403-820-105,139.88,0.3,GN Netcom,7.4 x 5.45 x 2.65 inches,
dn7-walmart-amazonl_1007,Xerox 108R00676 Extended-Capacity Maintenance Kit For Phaser 8550 Printer,108R00676,151.54,1.92,XEROX,14.75 x 3.5 x 3.05 inches,
dn7-walmart-amazonl_1008,Microsoft 340-01230 Visual FoxPro v.9.0 Professional Edition - Upgrade,340-01230,314.0,0.18,Microsoft,6.75 x 4.77 x 0.45 inches,
dn7-walmart-amazonl_1009,Buffalo Technology MediaStation 6x Blu-ray Writer,BRPX68U2BK,164.82,1.5,Buffalo Technology,8.8 x 7.2 x 3.6 inches,746
dn7-walmart-amazonl_1010,Griffin Technology Screen Care Kit for iPad,GB01595,24.56,0.1,Griffin Technology,11.0 x 8.75 x 0.1 inches,
dn7-walmart-amazonl_1011,Startech SuperSpeed USB 3.0 SATA Adapter Cable for 2.5in or 3.5in Hard Drives USB3S2SATA,USB3S2SATA,49.0,0.56,StarTech,8.82 x 6.14 x 2.17 inches,736
dn7-walmart-amazonl_1012,Panasonic In-Ear Clip Earphone for iPhone iPod Black,RP-HSC200-K,39.88,1,Panasonic,7.2 x 6.7 x 1.4 inches,
dn7-walmart-amazonl_1013,JVC 37  Class LCD 1080p 60Hz HDTV JLC7BC3000,JLC37BC3000,429.0,30.8,JVC,35.0 x 28.0 x 7.4 inches,
dn7-walmart-amazonl_1014,Hercules Dualpix Emotion HD 720p USB Webcam,4780655,47.82,0.81,Hercules,8.66 x 6.5 x 3.54 inches,198
dn7-walmart-amazonl_1015,Innovera PC Screen Cleaning Cloths 3 Pack,51507,4.49,0.045,INNOVERA,,
dn7-walmart-amazonl_1016,Sharpie Retractable Permanent Markers Fine Point Assorted 3pk,32726PP,8.18,0.108,Sharpie,,
dn7-walmart-amazonl_1017,Scotch Cushion Wrap,7990-C24,20.35,4.22,Scotch,,
dn7-walmart-amazonl_1018,Quicken Rental Property Manager 2011 Small Package,413807,130.0,0.21,Intuit,7.5 x 5.37 x 1.12 inches,
dn7-walmart-amazonl_1019,Channel Sources Techshell for 17  MacBook Pro Black,2379268,57.5,2.04,Channel Sources,17.25 x 13.25 x 1.0 inches,
dn7-walmart-amazonl_1020,Dicota 10  Dee Slimcase Gray,N25858P,25.0,0.55,DICOTA,30.0 x 22.5 x 5.0 inches,
dn7-walmart-amazonl_1021,Samsill Altego 15  Neoprene Laptop Sleeve Platinum,36031SAMSILL,34.99,1.15,Samsill,15.6 x 12.1 x 1.4 inches,
dn7-walmart-amazonl_1022,SIIG 2.5  SATA SuperSpeed USB 3.0 Hard Drive Enclosure,JU-SA0912-S1,20.39,0.45,SIIG,7.0 x 5.2 x 1.6 inches,55
dn7-walmart-amazonl_1023,Link Depot Stereo Handsfree Headphones Silver,LD-HDS-SLV,7.45,0.35,Link Depot,8.5 x 4.5 x 0.25 inches,
dn7-walmart-amazonl_1024,Motorola XOOM Vehicle Power Adapter,89453N,26.99,0.1,MOTOROLA,83.5 x 25.0 x 1.6 inches,324
dn7-walmart-amazonl_1025,Kodak Mini Red Video Camera 1.8  LCD Display,Mini Video Red,49.0,0.31,Kodak,3.51 x 2.34 x 0.61 inches,
dn7-walmart-amazonl_1026,ViewSonic 22  Widescreen LED-LCD Monitor Black VA2248M-LED,VA2248M-LED,155.0,14.3,ViewSonic,,
dn7-walmart-amazonl_1027,NuGiant Galaxy NSS03 Surge Suppressor,NSS03,16.88,1.4,NuGiant,11.42 x 5.12 x 1.5 inches,
dn7-walmart-amazonl_1028,Adobe Software PhotoShop Premiere Element Bd Version 8,65045677,149.99,0.63,Adobe,7.5 x 5.5 x 1.25 inches,
dn7-walmart-amazonl_1029,Sparco Products Storage File Box Ltr String Button Cls 12 x24 x10-1 4 White,,84.99,26.4,Sparco,,193
dn7-walmart-amazonl_1030,Canon X25 Toner Cartridge 8489A001AA,8489A001AA,79.53,2.38,Canon,10.0 x 4.0 x 3.0 inches,722
dn7-walmart-amazonl_1031,Sony 39  Lightweight Camera and Camcorder Tripod VCT-R100,VCTR100,24.54,1.85,Sony,,149
dn7-walmart-amazonl_1032,Belkin 10 Gold-Plated USB Printer Cable,F3U133-10-GLD,9.54,0.3,Belkin,9.8 x 3.5 x 1.7 inches,
dn7-walmart-amazonl_1033,SIIG FireWire 800 3-Port PCI,NN-830012-S2,61.92,0.4,SIIG,8.75 x 6.75 x 2.0 inches,
dn7-walmart-amazonl_1034,Ergotron 31-017-182 Wall Track - Aluminum,31-017-182,59.84,5.15,Ergotron,26.0 x 5.0 x 0.5 inches,
dn7-walmart-amazonl_1035,I OMagic IDVD22DLE 22x DVD,IDVD22DLE,79.88,4.5,I/OMagic Corporation,10.8 x 3.15 x 0.97 inches,166
dn7-walmart-amazonl_1036,Maxell 635128 8x DVD-R Media,,20.87,,Maxell,,550
dn7-walmart-amazonl_1037,Planar 997-2797-00 PL Series PL1910M LCD Monitor,997-2797-00,179.0,11.8,Planar,16.46 x 16.2 x 8.7 inches,302
dn7-walmart-amazonl_1038,HP C7973W Ultrium 800 GB WORM Data Cartridge,C7973W,29.42,0.58,HP,4.5 x 4.05 x 0.9 inches,
dn7-walmart-amazonl_1039,rooCASE 2-in-1 Kit - Easy-View Leather Easel Cover for B N Nook Color,220225,43.99,1,rooCASE,8.2 x 5.2 x 0.9 inches,
dn7-walmart-amazonl_1040,Thermaltake TR2 750W ATX12V   EPS12V Power Supply - 110 V AC 220 V AC,,109.82,,Thermaltake,,
dn7-walmart-amazonl_1041,Draper Matte White Rolleramic Electric Screen - AV Format 8 x 20,115019,2969.2,373,Draper,,
dn7-walmart-amazonl_1042,Draper M2500 Ultimate Access Series V Electric Screen  - AV Format 9 x 9,118212,3602.0,165,Draper,,
dn7-walmart-amazonl_1043,Draper M1300 Ultimate Access Series V Electric Screen  - WideScreen 162 diagonal,118204,3961.5,200,Draper,,
dn7-walmart-amazonl_1044,iFrogz iPod Touch 4 Luxe Original Case Blue Black,IT4LO-BLU/BLK,29.99,0.1,iFrogz,7.5 x 4.4 x 0.5 inches,610
dn7-walmart-amazonl_1045,Startech VGA Video Extender Over Cat5 Point to Point,ST121UTPEP,129.0,2,StarTech,11.5 x 6.5 x 2.5 inches,
dn7-walmart-amazonl_1046,Instant Play Piano Deluxe V3.0,81050,34.98,5.5,Topics Ent,14.4 x 11.0 x 8.5 inches,
dn7-walmart-amazonl_1047,PC Treasures External DVD-RW Drive Pink,7186,57.74,1,PC Treasures,6.0 x 6.0 x 1.0 inches,
dn7-walmart-amazonl_1048,JVC HAEBX85P Sports Ear-Clip Headphones - Pink,HAEBX85P,14.54,0.15,JVC,7.5 x 3.9 x 1.0 inches,
dn7-walmart-amazonl_1049,iLuv 17  MacBook Pro Sleeve Black,IBG2030BLK,19.0,0.56,iLuv,16.0 x 13.0 x 1.0 inches,
dn7-walmart-amazonl_1050,Hammermill Color Laser Gloss Paper 8-1 2 Pack of 300 Sheets,163110,8.94,4.725,Hammermill,,
dn7-walmart-amazonl_1051,BIC Triumph 537 0.5mm Needle Point Roller Pen Black 4 Ct. 2-Pack,,7.76,,,,
dn7-walmart-amazonl_1052,Da-Lite Pixmate Height Adjustable 22 x 20 Shelf Cart with Projector Well,5721,222.99,52,Da-Lite,,
dn7-walmart-amazonl_1053,Back To School Hard Drive Value Bundle 1TB-2TB,,89.0,,,,
dn7-walmart-amazonl_1054,MSI Black Wind Top AE2240-037US All-In-One Desktop PC with Intel Core i3-380M Processor 1TB Hard Drive 21.5  Widescreen Monitor and Windows 7 Home Premium,AE2240037US,799.0,27.25,MSI,25.25 x 20.4 x 8.2 inches,
dn7-walmart-amazonl_1055,Scosche 12 X 12 Pre Scored ABS Sheet,ABS1212,9.88,0.69,Scosche,12.0 x 12.0 x 0.03 inches,
dn7-walmart-amazonl_1056,BenQ 20  WideScreen LED Monitor GL2030 Black,9H.L4MLN.IBA,119.0,10.18,BenQ,21.25 x 17.25 x 5.0 inches,
dn7-walmart-amazonl_1057,S J PAPER                                          File Jackets with 1 1 2 Expansion Letter 11 Pt. Manila 50 Ctn,,45.69,5,S J PAPER,,
dn7-walmart-amazonl_1058,US Brown Bear Super Slim Series Medium Ultra Low Profile LED TV Mount for 23 - 37 Displays,,39.99,3.7,US Brown Bear,19.25 x 5.0 x 1.38 inches,
dn7-walmart-amazonl_1059,Vizio 22  ultra slim design RBM220VA Refurbished,RBM220VA,169.99,12.15,Vizio,20.63 x 14.09 x 5.03 inches,
dn7-walmart-amazonl_1060,Da-Lite Da-Plex Self Trimming Rear Projection Screen - 58 x 104 HDTV Format,27590,4635.99,418,Da-Lite,,
dn7-walmart-amazonl_1061,Da-Lite High Power Model C Manual Screen - 9 x 12 AV Format,83210,935.99,71,Da-Lite,,
dn7-walmart-amazonl_1062,Da-Lite Matte White Advantage Manual with CSR - Wide Format 130 diagonal,34718,1060.99,97,Da-Lite,,
dn7-walmart-amazonl_1063,Fujitsu ScanSnap S1500 Compact Color Duplex Scanner with Rack2File Software,PA03586-B015,500.6,10,Fujitsu,15.5 x 10.25 x 9.25 inches,754
dn7-walmart-amazonl_1064,Chief Manufacturing Projector Ceiling Mount Kit,,208.8,8.35,Chief Manufacturing,,
dn7-walmart-amazonl_1065,Buffalo Technology 500GB MiniStation Metro Black,HDPXT500U2B,79.82,0.8,Buffalo Technology,8.8 x 6.0 x 2.1 inches,92
dn7-walmart-amazonl_1066,Belkin 12 Y Audio Cable,F8V235-12,4.87,0.25,Belkin,6.75 x 4.5 x 2.0 inches,56
dn7-walmart-amazonl_1067,Da-Lite Pearlescent Tensioned Advantage Electrol - AV Format 6 x 8 diagonal,84381,2532.99,121,Da-Lite,,
dn7-walmart-amazonl_1068,Quality Park Redi-Seal Envelopes  10,24559,61.94,6.5,,,
dn7-walmart-amazonl_1069,Static Cling Screen Protector Kit for Apple iPad 2,9227801,0.0,,WriteRight,,
dn7-walmart-amazonl_1070,Chicago Cubs Pink iPhone 4 Hard Case,FVA4424,29.99,,Tribeca,,130
dn7-walmart-amazonl_1071,Panasonic Lightweight Headphones w XBS RP-HT21,RP-HT21,9.88,0.85,Panasonic,9.1 x 6.6 x 1.9 inches,303
dn7-walmart-amazonl_1072,D-Link Wireless Access Point,DWL-2100AP,119.88,1.53,D-Link,11.0 x 8.0 x 3.0 inches,
dn7-walmart-amazonl_1073,Corsair HX3X12G1333C9 12 GB XMS3 6 x 2 GB PC3-10600 1333MHz 240-Pin DDR3 Core i7 Triple Channel Memory Kit Desktop Memory Module,HX3X12G1333C9,163.82,0.25,Corsair,6.6 x 5.6 x 0.6 inches,698
dn7-walmart-amazonl_1074,HP GW405AT USB Mouse - Laser - USB - 2 x Button,GW405AT,29.88,0.45,HP,9.0 x 7.0 x 0.19 inches,429
dn7-walmart-amazonl_1075,Cables To Go 29109 Velocity Composite Video   Audio Cable,29109,39.88,4.7,Cables To Go,7.2 x 6.3 x 3.375 inches,
dn7-walmart-amazonl_1076,3M MP114YL Tropical Beach Mouse Pad,MP114YL,8.88,0.3,3M,8.28 x 8.28 x 0.18 inches,
dn7-walmart-amazonl_1077,Green Onions Supply Anti-Glare Screen Protector for 17-Inch Wide Laptop LCD screen -1 Piece Transparent,,32.88,,Green Onions Supply,,7
dn7-walmart-amazonl_1078,Draper M2500 Premier Electric Screen Premier 132 WideScreen M2500 - WideScreen 132 diagonal,101213,1907.95,91,Draper,,
dn7-walmart-amazonl_1079,Draper Glass Beaded Rolleramic Electric Screen - AV Format 70 x 70,115035,1363.5,144,Draper,,
dn7-walmart-amazonl_1080,Coby Personal Mini Stereo Speaker System CSP14,CSP14,14.0,0.7,Coby,3.0 x 2.63 x 2.25 inches,81
dn7-walmart-amazonl_1081,Garmin GPSMAP 78S 010-00864-01 Marine GPS Navigator and World Wide Chartplotter,GPSMAP 78S,399.88,0.8,Garmin,6.9 x 5.4 x 2.3 inches,325
dn7-walmart-amazonl_1082,BIC Grip Roller Pen 0.7mm Blue 1-Dozen,GRE11-BLU,10.99,0.5,BIC,5.5 x 2.75 x 1.44 inches,
dn7-walmart-amazonl_1083,Discgear 50-Disc Browser Black Gray,4310-01,37.88,2.65,Discgear,8.9 x 8.5 x 7.6 inches,436
dn7-walmart-amazonl_1084,Wood Push Pin,WPP-70,0.0,,Generic,4.409 x 2.519 x 0.866 inches,
dn7-walmart-amazonl_1085,Rubbermaid Commercial 48-72 Quick-Connect Ergo Adjustable Handle,Q760,15.97,1.04,Rubbermaid Commercial,47.75 x 7.5 x 2.5 inches,
dn7-walmart-amazonl_1086,Peerless Dual Screen Cartridge for FPZ-600,,133.99,12.06,Peerless,,
dn7-walmart-amazonl_1087,Adams Business Forms Write n Stick Phone Message Pad 5-1 4 x 2-3 4 2-Part Carbonless 200 Forms,SC1153WS,5.94,0.509,Adams,,
dn7-walmart-amazonl_1088,Oxford 1 2  Twin-Pocket Portfolio Hunter Green,53434,35.94,2.981,Oxford,,
dn7-walmart-amazonl_1089,Case Logic 16,154709,15.99,1.33,Case Logic,16.5 x 13.0 x 4.0 inches,
dn7-walmart-amazonl_1090,Serif WebPlus Essentials,WPEUSDVDRT,44.82,0.18,Serif,7.08 x 5.04 x 0.05 inches,211
dn7-walmart-amazonl_1091,HON 600 Series Two-Drawer Lateral File Black,682LP,449.94,132,HON,36.0 x 28.375 x 19.25 inches,
dn7-walmart-amazonl_1092,OCZ Technology Vertex 2 60GB 2.5  SATA II Solid State Drive,OCZSSD22VTXE60G,119.98,0.45,OCZ Technologies,6.0 x 5.0 x 0.8 inches,304
dn7-walmart-amazonl_1093,Crown Clean Step Dirt Grabber Mat 60-Sheet Refill Pad 4 ct,WCRPLPDW,269.97,12,Crown,32.0 x 26.0 x 1.0 inches,
dn7-walmart-amazonl_1094,Magna Visual Magnetic Adhesive Tape,P240P,51.95,5.047,,,
dn7-walmart-amazonl_1095,Motorola XOOM Power Supply,89452N,14.88,0.35,MOTOROLA,3.069 x 1.97 x 1.094 inches,101
dn7-walmart-amazonl_1096,SIIG 2.5  USB 2.0 to SATA Hard Drive Enclosure,JU-SA0C12-S1,12.88,0.46,SIIG,7.0 x 5.0 x 1.5 inches,
dn7-walmart-amazonl_1097,Bower Pro Series Case for SLRs DSLRs,Bower SCB950,18.98,1,Bower,7.5 x 7.5 x 6.0 inches,
dn7-walmart-amazonl_1098,PC Treasures 15  SlipIt Laptop Case Purple,7485,18.0,1.5,PC Treasures,16.0 x 10.0 x 1.0 inches,
dn7-walmart-amazonl_1099,Philips GoGear Ariaz MP3 Player,SA3ARA08K/37,78.88,1.2,Philips,3.62 x 2.04 x 0.35 inches,
dn7-walmart-amazonl_1100,RCA 6 Y-Adapter for Dual 3.5mm Jacks,AH746R,8.88,2.7,RCA,7.0 x 5.0 x 2.0 inches,
dn7-walmart-amazonl_1101,Lenovo Black ThinkCentre M70E Desktop PC with Intel Core 2 Duo E7500 Processor 320GB Hard Drive and Windows 7 Professional Monitor Not Included,0806E2U,549.0,22.18,Lenovo,20.8 x 19.0 x 11.0 inches,
dn7-walmart-amazonl_1102,Iogear MiniView Micro KVM Switch,GCS62,25.88,1.3,IOGEAR,72.0 x 4.0 x 1.0 inches,418
dn7-walmart-amazonl_1103,Lexmark 26 Color Print Cartridge 10N0026,10N0026,34.97,0.1,Lexmark,3.0 x 1.75 x 1.6 inches,
dn7-walmart-amazonl_1104,TomTom ONE Carry Case,9N00.181,19.96,0.15,TomTom,3.5 x 1.93 x 1.15 inches,447
dn7-walmart-amazonl_1105,Penpower Tooya Pro USB Graphics Tablet,SWTAB0001,89.88,3,Penpower,14.4 x 13.3 x 3.1 inches,
dn7-walmart-amazonl_1106,Eveready Gold Alkaline AA Batteries 24-Pack,A91BP-24HT,15.82,32.9,Eveready,1.98 x 0.57 x 0.57 inches,
dn7-walmart-amazonl_1107,Micronet 16GB Fantom DataBank Flash Drive FDB16U2 Black,FDB16U2,27.88,0.05,MICRONET,5.75 x 3.9 x 0.75 inches,288
dn7-walmart-amazonl_1108,Microsoft Arc Touch Mouse,RVF-00001,57.88,0.46,Microsoft,6.75 x 4.25 x 1.5 inches,26
dn7-walmart-amazonl_1109,TomToim VIA 1505T,1EN501902,179.95,1.1,TomTom,7.0 x 6.9 x 1.9 inches,
dn7-walmart-amazonl_1110,Pyle iPod 3.5mm Stereo To RCA Adapter,PLIPG1,6.54,0.1,Pyle,6.4 x 5.2 x 0.9 inches,
dn7-walmart-amazonl_1111,Corsair Value Select 4GB DDR2 SDRAM Memory Module - VS4GBKIT667D2,VS4GBKIT667D2,66.82,6.85,Corsair,11.1 x 8.1 x 4.7 inches,
dn7-walmart-amazonl_1112,Kingston KVR800D2N5 1G ValueRAM 1GB DDR2-800 240-pin SDRAM Desktop Memory Module,KVR800D2N5/1G,20.92,0.05,Kingston,5.49 x 1.71 x 0.45 inches,
dn7-walmart-amazonl_1113,Avery 5376 Perforated Business Card,5376,18.98,0.82,Avery,10.13 x 8.1 x 0.23 inches,
dn7-walmart-amazonl_1114,ifrogz EP Timbre in Walnut with Mic,EPWBMICWALNUT,34.82,0.1,iFrogz,5.9 x 3.8 x 0.7 inches,
dn7-walmart-amazonl_1115,Draper Matte White Signature Series E Electric Screen  - HDTV 161 diagonal,111332,2421.45,206,Draper,,
dn7-walmart-amazonl_1116,Draper M2500 ShadowBox Clarion Fixed Frame Screen - 162 diagonal NTSC Format,253048,1470.99,55,Draper,,
dn7-walmart-amazonl_1117,Quartet Horizontal Format Planning System Porcelain 36 x 24 White Aluminum Frame,,199.09,19,Quartet,,
dn7-walmart-amazonl_1118,V7 Professional 16  Top Loader Laptop Case,CTP1-9N,20.88,1.8,V7,16.6 x 13.5 x 2.7 inches,
dn7-walmart-amazonl_1119,Startech 100Mbps Full Low Profile Ethernet Multi Mode SC Fiber PCI Network Card PCI100MMSC,PCI100MMSC,97.52,0.44,StarTech,8.39 x 6.89 x 1.97 inches,236
dn7-walmart-amazonl_1120,Da-Lite Pixmate 25 x 30 Shelf Large Adjustable Height Television Cart Up to 54 Height,7020,199.99,65,Da-Lite,54.0 x 30.0 x 25.0 inches,
dn7-walmart-amazonl_1121,Polaroid i1237 Red 12.0MP Digital Camera w 3x Optical Zoom 2.7  LCD Display,CIM-1237R,58.88,0.26,Polaroid,3.6 x 2.4 x 1.0 inches,
dn7-walmart-amazonl_1122,Gator Cases Cargo Case with Wheels,GX-20,164.99,18,Gator Cases,24.5 x 16.5 x 15.5 inches,
dn7-walmart-amazonl_1123,Platt Blow Molded Case in Black 37x 10.5 x 3.75,208,19.99,1.82,Platt,10.5 x 7.0 x 3.75 inches,
dn7-walmart-amazonl_1124,PNY GeForce GT 520 1024MB PCIe Graphics Card,VCGGT5201XPB,59.99,0.9,PNY,11.2 x 6.4 x 2.8 inches,373
dn7-walmart-amazonl_1125,Bracketron ORG-332-BX Back-It ipad 2 Back Cover-Blue Back Case Cover For Ipad 3,ORG-332-BX,29.88,1,Bracketron,8.0 x 7.0 x 0.5 inches,174
dn7-walmart-amazonl_1126,Cocoon Innovations Grid-It Large Organizer for Roller Bag Black,CPG51BK,29.99,1.1,COCOON INNOVATIONS,15.5 x 11.0 x 0.4 inches,
dn7-walmart-amazonl_1127,Wilson Jones Won t-Stick Flexible Poly Round Ring View Binder,43336,7.7,0.36,Wilson Jones,,
dn7-walmart-amazonl_1128,Wausau Paper Astrobrights Premium Poster Board Assorted or White,22058,39.88,6,Wausau Paper,,
dn7-walmart-amazonl_1129,Buffalo Technology DriveStation Axis 1.5 TB USB 2.0 Desktop External Hard Drive with Buffalo Tools and Turbo PC HD-LB1.5TU2 Black,HD-LB1.5TU2,101.82,3.31,Buffalo Technology,8.9 x 8.67 x 3.0 inches,
dn7-walmart-amazonl_1130,Channel Sources Defender Pro 5-in-1 2010,80534,28.0,0.25,Channel Sources,8.0 x 5.5 x 0.5 inches,
dn7-walmart-amazonl_1131,Post-it Notes Original Notes Canary Yellow,635YW,31.8,1.987,POST-IT,,
dn7-walmart-amazonl_1132,Da-Lite Da-Plex Self Trimming Rear Projection Screen - 60 x 60 AV Format,27575,2680.99,255,Da-Lite,,
dn7-walmart-amazonl_1133,Da-Lite Matte White Model C with CSR Manual Screen - 72 x 72 AV Format,33403,563.99,45,Da-Lite,,
dn7-walmart-amazonl_1134,Da-Lite High Power Advantage Manual with CSR - HDTV Format 133 diagonal,85742,1267.99,91,Da-Lite,,343
dn7-walmart-amazonl_1135,Da-Lite Cherry Veneer Model B Manual Screen with Matte White Fabric - 96 x 96 Video Format,73263,446.99,31,Da-Lite,,
dn7-walmart-amazonl_1136,Elite Screens CineGray Prime Vision Series Fixed Frame Screen - 135 Diagonal,PVR135H1,1069.0,32,Elite Screens,124.0 x 73.0 x 1.5 inches,486
dn7-walmart-amazonl_1137,Cooler Master Hyper TX 3 with Intel AMD support,RR-910-HTX3-G1,19.99,1.35,Coolermaster,8.6 x 5.6 x 3.5 inches,
dn7-walmart-amazonl_1138,Griffin Technology PowerJolt Plus Mobile,GC23073,29.99,0.3,Griffin Technology,7.09 x 5.0 x 1.2 inches,496
dn7-walmart-amazonl_1139,Dell 10.1  Inspiron Mini Duo iD-4495 Netbook PC with Intel Atom N570 Processor and Windows 7 Home Premium,,598.0,,,,
dn7-walmart-amazonl_1140,Genius LuxeMate T810 Wireless Keyboard,31340145100,89.99,3,Genius,19.0 x 11.0 x 2.0 inches,356
dn7-walmart-amazonl_1141,Western Digital Elements 500GB Portable SE Portable Hard Drive Black,WDBABV5000ABK-NESN,71.98,0.62,Western Digital,6.69 x 5.6 x 1.94 inches,425
dn7-walmart-amazonl_1142,HP AR482AT Internal Blu-ray Writer,AR482AT,149.82,2.62,HP,10.7 x 9.75 x 5.7 inches,
dn7-walmart-amazonl_1143,Sabrent Audio Video Network Adapter,USB-DAAH,64.88,1.3,Sabrent,9.5 x 5.5 x 2.0 inches,
dn7-walmart-amazonl_1144,Kantek Mini Sorter 2 Sections,AD50,13.47,0.681,,,
dn7-walmart-amazonl_1145,Kodak EasyShare M531 Red 14MP Digital Camera w 3x Optical Zoom 2.7  LCD Display w 50 Bonus Prints,M531 Red,89.0,0.85,Kodak,3.65 x 2.2 x 0.75 inches,
dn7-walmart-amazonl_1146,LG 32  ultra- slim 32LV2500,32LV2500,476.0,29.2,LG,30.6 x 21.7 x 9.2 inches,
dn7-walmart-amazonl_1147,Quality Park White Redi-Strip Poly Expansion Mailers 100 per Carton,46390,74.94,5,,,
dn7-walmart-amazonl_1148,Crown Needle Rib Wipe   Scrape Polypropylene Mat 36 X 120 Gray,NR0310GY,102.97,20,Crown,38.0 x 9.0 x 9.0 inches,64
dn7-walmart-amazonl_1149,Sony VF67CPAM Circular Polarizing Filter for 67mm  DSLR Camera Lens,VF67CPAM,116.0,0.3,Sony,7.6 x 4.32 x 1.0 inches,398
dn7-walmart-amazonl_1150,Webster s Spelling Corrector Plus NCS101,NCS101,16.82,0.3,Franklin,4.13 x 2.75 x 0.25 inches,
dn7-walmart-amazonl_1151,Quality Park Antistatic Fiberboard Disk Mailer White Recycled 25 Box,64126,16.97,1.931,,,444
dn7-walmart-amazonl_1152,Magnavox DVD Recorder and 4-Head Hi-Fi Stereo VCR ZV457MG9,ZV457MG9,171.54,12.3,Magnavox,17.12 x 12.0 x 2.5 inches,
dn7-walmart-amazonl_1153,FileMate Imagine Series M2810 USB Standard Mouse,,8.98,,,,
dn7-walmart-amazonl_1154,Western Digital Scorpio Blue 120GB Notebook Internal Hard Drive 5400RPM EIDE 8MB Cache 100Mb s 2.5  WD1200BEVE - OEM,WD1200BEVE,64.82,0.5,Western Digital,8.39 x 7.19 x 2.64 inches,
dn7-walmart-amazonl_1155,iHome App-Friendly Rechargeable Speaker System for iPad iPhone iPod,ID9S,99.99,3,iHome,15.0 x 7.5 x 4.0 inches,632
dn7-walmart-amazonl_1156,EDGE 256MB 1X256MB PC2700 NONECC UNBUFFERED 184 PIN DDR DIMM,PE189198,13.92,0.3,EDGE,9.0 x 6.0 x 3.0 inches,
dn7-walmart-amazonl_1157,Samsung  DVD-C500 Up-Convert DVD Player,DVD-C500,59.99,4.15,Samsung,14.17 x 8.15 x 1.46 inches,
dn7-walmart-amazonl_1158,Draper M1300 Premier Electric Screen  - NTSC 11 diagonal,101183,1744.95,80,Draper,,
dn7-walmart-amazonl_1159,Gear Head 1.3MP Quick Webcam Pro,WC740I,13.88,2.12,Gear Head,7.28 x 5.32 x 2.6 inches,475
dn7-walmart-amazonl_1160,Draper M1300 Clarion Fixed Frame Screen - 106 diagonal HDTV Format,252017,933.95,47,Draper,,
dn7-walmart-amazonl_1161,Draper AT Grey Targa Acoustically Transparent Screen - 119 diagonal HDTV Format,116239,3695.99,68,Draper,,
dn7-walmart-amazonl_1162,Quartet Prestige Bulletin Board Graphite-Blend Cork,B243G,50.0,8.5,Quartet,,
dn7-walmart-amazonl_1163,Joby Gorillapod SLR Zoom Tripod - Black Grey,GP3A1EN,38.0,0.75,JOBY,12.6 x 2.7 x 2.5 inches,133
dn7-walmart-amazonl_1164,Da-Lite Pixmate 22 x 32 Height Adjustable Shelf High Television Cart 50 - 54,4774,208.99,69,Da-Lite,54.0 x 32.0 x 22.0 inches,
dn7-walmart-amazonl_1165,Polaroid 300 Instant Color Film Sheet,PIF-300,14.98,0.11,Polaroid,3.5 x 2.25 x 0.75 inches,228
dn7-walmart-amazonl_1166,Dell Switch Black 15.6  Inspiron i15R-7223DBK Laptop PC with Intel Core i3-2310M Processor Windows 7 Home Premium with Bonus Your Choice Color Pattern Lid Bundle,,578.0,,Dell,,
dn7-walmart-amazonl_1167,Action Sport Drives 4GB Santa Cruz USB Snow Drive Spider,SC-SNOWSP/4G,10.84,1.5,EP Memory,6.25 x 3.25 x 1.5 inches,
dn7-walmart-amazonl_1168,Belkin Pro Series 6 USB 2.0 5-Pin Mini-B Cable,F3U138B06,7.88,0.2,Belkin,6.0 x 4.0 x 1.0 inches,
dn7-walmart-amazonl_1169,V7 25 CAT6 Snagless Molded Network Patch Cable Green,V7N2C6-25F-GRNS,9.76,0.3,V7,10.0 x 8.0 x 1.0 inches,
dn7-walmart-amazonl_1170,AT T Prepaid GoPhone Samsung a187 with Bluetooth Blue,a187,59.88,1.15,AT T,4.31 x 2.28 x 0.39 inches,
dn7-walmart-amazonl_1171,WILSON JONES                                       Wallet File Legal Recycled Kraft,,5.09,0.41,Wilson Jones,,
dn7-walmart-amazonl_1172,ACCO Vinyl Report Cover Prong Clip Letter 1 2  Capacity 10-pack,26101,10.94,1.25,Acco,,
dn7-walmart-amazonl_1173,Kodak Hard Camera Case Red compatible with a variety of cameras including C183 C195 M530 M550 M575 M590,Hard Case Red,12.99,0.15,Kodak,4.7 x 3.5 x 2.0 inches,
dn7-walmart-amazonl_1174,Avery Laser Print-to-Edge Postcards White 80-Pack,5889,18.98,1.1,Avery,11.3 x 8.88 x 0.6 inches,
dn7-walmart-amazonl_1175,Arkon CA9931 Cell Phone Car Charger,CA9931,8.88,0.25,Arkon,4.0 x 2.0 x 1.0 inches,499
dn7-walmart-amazonl_1176,Redi-Tag Arrow Message Page Flags in Dispenser  Blue 120 Flags,81034,5.15,0.112,,,
dn7-walmart-amazonl_1177,Da-Lite Leg Saver Back Brace for Standard Fast-Fold Screens,72120,82.0,2,Da-Lite,,725
dn7-walmart-amazonl_1178,Da-Lite Da-Glas Deluxe Rear Projection Screen - 96 x 96 AV Format,27651,6128.99,1065,Da-Lite,,733
dn7-walmart-amazonl_1179,Sharpie Pen Grip Fine Point Pens Blue Set of 2,,3.83,,Sharpie,,
dn7-walmart-amazonl_1180,Canon Digital SLR Gadget Bag Model 100DG  Compatible with Rebel XS Xsi T1i T2i 5D 50D 60D 7D DSLR s,,73.35,,Canon,,536
dn7-walmart-amazonl_1181,C-Line Poly Zip Letter Size Shop Ticket Holders,47911,22.94,2.116,,,
dn7-walmart-amazonl_1182,Kingston HyperX 2GB 2 x 1GB DDR3 SDRAM 1800 PC3 12800 240-Pin Desktop Memory Model,KHX1800C9D3/2G,41.99,0.13,Kingston,6.75 x 2.25 x 0.55 inches,
dn7-walmart-amazonl_1183,Vantec 2-Port SuperSpeed USB 3.0 ExpressCard 34,UGT-UC302CB,40.33,1.2,Vantec,8.0 x 6.0 x 1.0 inches,265
dn7-walmart-amazonl_1184,Human Toolz 3-in-1 Laptop Pad Galaxy Red,3N1NGR,9.88,0.18,Human Toolz,10.8 x 6.3 x 0.04 inches,
dn7-walmart-amazonl_1185,Griffin iPad Airstrap,GB01759,39.99,0.6,Griffin Technology,11.0 x 8.6 x 1.1 inches,416
dn7-walmart-amazonl_1186,RCA 22  Class 1080p 60Hz LCD HDTV 22LA45RQ,22LA45RQ,169.0,12.2,RCA,20.9 x 16.22 x 7.9 inches,72
dn7-walmart-amazonl_1187,Sony DSC-H70 Black 16.2MP Digital Camera Bundle w 10x Optical Zoom 3.0  LCD Display Case and 4GB SD Card w 50 Bonus Prints,DSC-H70/BBDL,229.0,1.6,Sony,9.13 x 6.03 x 3.31 inches,671
dn7-walmart-amazonl_1188,Epson PowerLite 92 LCD Projector,V11H381020,611.54,20,Epson,19.0 x 14.0 x 7.0 inches,
dn7-walmart-amazonl_1189,Marware C.E.O. Hybrid iPad 2 Case Black,602956007722,39.99,1,Marware,10.5 x 8.0 x 0.9 inches,67
dn7-walmart-amazonl_1190,Marware Eco-Flip iPad 2 Case Black,602956008545,43.99,1,Marware,10.5 x 8.0 x 0.9 inches,527
dn7-walmart-amazonl_1191,SIIG 1m Mini DisplayPort to Display Port Adapter Cable,CB-DP0D11-S1,12.88,0.1,SIIG,7.0 x 5.5 x 1.0 inches,
dn7-walmart-amazonl_1192,TRENDnet 24-Port 10 100 1000Mbps Switch,TEGS24G,239.99,7.2,TRENDnet,23.0 x 13.0 x 4.0 inches,
dn7-walmart-amazonl_1193,Ape Case AC165 Digital Camera Case,AC165,12.85,0.81,Ape Case,8.0 x 5.0 x 3.5 inches,
dn7-walmart-amazonl_1194,HP 75 Tri-color Inkjet Cartridge CB337WN,HP CB337WN140,19.47,0.15,HP,5.53 x 4.57 x 1.43 inches,214
dn7-walmart-amazonl_1195,Targus 17  Platinum Blacktop Standard Laptop Computer Case Black Gray,CPT301US,46.88,3.5,Targus,17.5 x 13.6 x 5.0 inches,459
dn7-walmart-amazonl_1196,Mach Speed MP3 MP4 Armband,ECLARM180,9.99,0.1,Mach Speed,8.4 x 5.3 x 1.1 inches,
dn7-walmart-amazonl_1197,Kensington K72335US Ci10 Fit Wireless Notebook Laser Mouse,K72335US,24.84,0.5,Kensington,6.8 x 5.3 x 0.6 inches,309
dn7-walmart-amazonl_1198,Iomega 34337 Home Media Network Hard Drive - 1TB - RJ-45 Network USB,34337,129.98,3.5,Iomega,7.83 x 4.92 x 1.57 inches,35
dn7-walmart-amazonl_1199,Adesso WKB-3100UB Wireless Keyboard,WKB-3100UB,56.88,1.6,Adesso,11.75 x 6.0 x 1.0 inches,
dn7-walmart-amazonl_1200,Verbatim 95003 3x DVD-RAM Double-Sided Media,95003,13.88,0.2,Verbatim,4.95 x 4.5 x 0.45 inches,
dn7-walmart-amazonl_1201,Arizona Cardinals Pro Grip Mouse,MSNF01,26.99,,Team Pro Mark,,
dn7-walmart-amazonl_1202,Case Logic 14,147737,27.99,1.04,Case Logic,14.5 x 11.25 x 3.25 inches,
dn7-walmart-amazonl_1203,Draper M1300 Access Series V Electric Screen  - HDTV 161 diagonal,102185,2897.95,148,Draper,,
dn7-walmart-amazonl_1204,Draper Matte White Paragon Electric Screen - AV Format 19 6 x 26,114099,10682.45,980,Draper,,
dn7-walmart-amazonl_1205,Microsoft Publisher 2010,164-06233,117.54,0.34,Microsoft,7.57 x 5.44 x 1.19 inches,
dn7-walmart-amazonl_1206,BIC Triumph 537RT Retractable Gel Pen 0.7mm Blue 1-Dozen,RTR5711-BLU,16.99,0.35,BIC,6.0 x 2.75 x 1.31 inches,
dn7-walmart-amazonl_1207,Rubbermaid Techfile Plastic Magazine File Black,40406ROS,5.88,0.452,Rubbermaid,,694
dn7-walmart-amazonl_1208,Xantech 283Dmw Designer Blink Emitter Single Mini Wire,283DMW,11.88,0.0313,Xantech,5.0 x 3.0 x 0.25 inches,
dn7-walmart-amazonl_1209,Polaroid i1237 Pink 12MP Digital Camera w 3x Optical Zoom 2.7  LCD Display,CIA-1237PC,68.0,0.3,Polaroid,3.6 x 2.4 x 1.0 inches,
dn7-walmart-amazonl_1210,Verbatim 10-Pack 50GB 6x Blu-ray Double Layer Recordable Disc,97335,94.88,0.55,Verbatim,5.75 x 5.6 x 1.35 inches,212
dn7-walmart-amazonl_1211,ZAX Pro Series Component Cable 3m,87203,11.88,1,Zax,6.5 x 6.0 x 1.5 inches,
dn7-walmart-amazonl_1212,Aleratec 2GB Direct V2 PortaStore USB Flash Drive,380103,43.88,0.04,Aleratec,5.4 x 3.5 x 0.5 inches,
dn7-walmart-amazonl_1213,Da-Lite Pixmate 25 x 30 Shelf Television Cart With Cabinet 54 Height,7031,376.99,103,Da-Lite,54.0 x 30.0 x 25.0 inches,
dn7-walmart-amazonl_1214,Motion Systems 10.2  Skull Netbook Case,P10SLV85-AST,12.99,0.4,MOTION SYSTEMS,31.8 x 23.8 x 5.0 inches,
dn7-walmart-amazonl_1215,Apple iPad 2 with Wi-Fi 16GB w Starter Accessory,,498.0,,,,
dn7-walmart-amazonl_1216,Chief Manufacturing Centris Quick Release Interface,,38.0,1.65,Chief Manufacturing,,
dn7-walmart-amazonl_1217,Verbatim Smartdisk Acclaim 320GB USB Portable Hard Drive Blue,VER97185,59.84,0.67,Verbatim,7.09 x 5.51 x 1.89 inches,431
dn7-walmart-amazonl_1218,V7 8GB SD Card Secure Digital High Capacity 8 GB Memory Card,VASDH8GCL4R-1N,10.26,7.65,V7,11.65 x 9.15 x 8.48 inches,612
dn7-walmart-amazonl_1219,Cyber Power PFC 1350VA LCD Sinewave Adaptive Intelligent UPS,CP1350PFCLCD,193.45,23.15,CyberPower,17.2 x 12.7 x 6.2 inches,587
dn7-walmart-amazonl_1220,Powermat Complete Wireless Charging System for iPhone 4 Receiver Case and One Position Mat Included PMM-1P4-B19,PMM-1P4-B19,28.98,1,Powermat,7.25 x 5.0 x 1.5 inches,
dn7-walmart-amazonl_1221,Tribeca University of Texas 13  Breathe Sleeve for MacBooks,FVA2720,29.98,0.7,Tribeca,14.0 x 12.4 x 1.13 inches,
dn7-walmart-amazonl_1222,iWave IA300 Universal Car Holder for GPS and iPod iPhone,IA300,19.99,1,iWave,6.0 x 5.0 x 3.0 inches,
dn7-walmart-amazonl_1223,SIIG 3.5  SATA SuperSpeed USB 3.0 Hard Drive Enclosure Pro,JU-SA0B12-S1,41.39,2.45,SIIG,10.6 x 6.9 x 4.4 inches,
dn7-walmart-amazonl_1224,Vantec NexStar MX Dual 3.5  Dual Bay External Hard Drive Enclosure with JBOD RAID 0 1,NST-400MX-SR,100.21,4.5,Vantec,10.0 x 7.0 x 6.0 inches,408
dn7-walmart-amazonl_1225,Vantec NexStar 2.5  SATA to USB 2.0 Hard Drive Dock,NST-D100S2,24.2,2.2,Vantec,8.0 x 7.0 x 3.5 inches,
dn7-walmart-amazonl_1226,Sony Cyber-shot DSC-T110 16MP Digital Camera Red w 4x Optical Zoom HD Movie Capture 3.0  Touchscreen LCD w 50 Bonus Prints,DSC-T110/R,219.99,2,Sony,8.0 x 6.0 x 3.0 inches,
dn7-walmart-amazonl_1227,Sony Cyber-shot DSC-WX9 16MP Compact Camera Black w 5x Optical Zoom Low-Light Performance 2.7  LCD w 50 Bonus Prints,DSC-WX9/B,219.0,2,Sony,8.0 x 6.0 x 3.0 inches,
dn7-walmart-amazonl_1228,Sony Cyber-shot DSC-T110 16MP Digital Camera Violet w 4x Optical Zoom HD Movie Capture 3.0  Touchscreen LCD w 50 Bonus Prints,DSC-T110/V,219.99,2,Sony,8.0 x 6.0 x 3.0 inches,
dn7-walmart-amazonl_1229,Michigan Wolverines iPhone 4 Case Silicone Cover,FVA3437,24.99,,Tribeca,,386
dn7-walmart-amazonl_1230,Maxell MyGen USB 4GB Auto Photo Backup,665107,26.88,9.5,Maxell,7.9 x 6.7 x 2.9 inches,170
dn7-walmart-amazonl_1231,Vizio 42  Class LCD 1080p 120Hz HDTV E421VL,E421VL,548.0,32.85,Vizio,45.1 x 32.2 x 7.36 inches,
dn7-walmart-amazonl_1232,Case Logic IFOL-202BLACK Thin Folio Case with Form Fit Mount Black,IFOL-202BLACK,49.88,1,Case Logic,9.8 x 8.0 x 0.3 inches,
dn7-walmart-amazonl_1233,ACD Systems ACDSee Pro 4-Box Full Version,ACDCD70845WI,239.99,0.05,ACD Systems,7.4 x 5.4 x 1.3 inches,
dn7-walmart-amazonl_1234,GE Door Stop Alarm,50246,9.24,0.39,GE,5.916 x 1.898 x 1.81 inches,
dn7-walmart-amazonl_1235,Mobile Edge Eco-Friendly Canvas Messenger Bag Navy,MECME3,39.0,2.1,Mobile Edge,17.5 x 13.0 x 4.25 inches,
dn7-walmart-amazonl_1236,Royal PX70MX Paper Shredder,29160J,69.99,8.75,Royal Consumer,14.3 x 14.1 x 9.5 inches,318
dn7-walmart-amazonl_1237,HP Q2429A Maintenance Kit,Q2429A,234.54,5.1,HP,17.75 x 10.5 x 9.5 inches,403
dn7-walmart-amazonl_1238,Microsoft EGC-00001 Flight Simulator X Gold Edition,EGC-00001,28.54,0.48,Microsoft,6.75 x 4.73 x 1.04 inches,
dn7-walmart-amazonl_1239,AMD 100-505533 FireMV 2260 Graphics Card,100-505533,129.82,1.4,AMD,6.61 x 2.592 x 2.28 inches,
dn7-walmart-amazonl_1240,Visioneer PRW120-WU RoadWarrior Patriot Sheetfed Scanner,PRW120-WU,249.98,1.82,Visioneer,11.4 x 2.0 x 1.5 inches,
dn7-walmart-amazonl_1241,Sharpie Retractable Permanent Markers Fine Point Set of 12 Black,32701,13.64,0.35,Sharpie,6.37 x 3.37 x 1.25 inches,
dn7-walmart-amazonl_1242,Gear Head 2.4GHz Wireless Optical Nano Mouse Black,MP2800BLK,15.82,7,Gear Head,3.9 x 2.3 x 1.5 inches,102
dn7-walmart-amazonl_1243,Draper DiamondScreen Rear Projection Screen with System 200 Black Frame - 133 diagonal HDTV Format,127164,28172.7,462,Draper,,
dn7-walmart-amazonl_1244,Belkin AC Charger with Swivel Plug   USB Sync Cable for iPhone,F8Z414,21.78,0.35,Belkin,6.4 x 5.1 x 1.7 inches,623
dn7-walmart-amazonl_1245,Protector Film for iPad 2 Anti-glare,TR-PFIPD2-AG/EN,14.99,0.2,Simplism,9.3 x 7.1 x 0.1 inches,
dn7-walmart-amazonl_1246,I-Tec iPad Anti-Glare Screen Protector,T6020,17.88,0.3,I-Tec Electronics,11.25 x 8.0 x 0.13 inches,
dn7-walmart-amazonl_1247,Targus Universal USB Car Charger,APD0401US,31.88,0.17,Targus,6.0 x 4.0 x 1.04 inches,
dn7-walmart-amazonl_1248,Advantus Premier Heavy-Duty Retractable ID Card Reel 24  Extension Black Chrome 12 Box,75406,60.94,0.615,,,727
dn7-walmart-amazonl_1249,jWIN Port Amplified Stereo Speaker Case for iPad Blue,ISP210BLU,62.88,21,JWin,10.9 x 9.01 x 1.7 inches,
dn7-walmart-amazonl_1250,rooCASE 3-in-1 Kit - Smart Case Leather Cover for iPad 2,219534,59.99,1,rooCASE,8.8 x 7.7 x 0.7 inches,
dn7-walmart-amazonl_1251,Diamond Radeon HD 5450 PCI-E 512MB DDR3 Graphics Card,5450PE3512SB,46.88,0.75,Diamond,9.7 x 6.1 x 1.6 inches,29
dn7-walmart-amazonl_1252,Samsung 60-2707-05 Samsung Galaxy Tab Multimedia Dock,60-2707-05,37.88,0.4,Samsung,6.4 x 4.3 x 1.5 inches,646
dn7-walmart-amazonl_1253,Scotch Weighted Desktop Tape Dispenser,C38BK,7.9,1.055,Scotch,,
dn7-walmart-amazonl_1254,Quality Park Double Window Security Tinted Invoice   Check Envelope White,24532B,72.94,12,,,
dn7-walmart-amazonl_1255,Case Logic 10.2,154701,18.39,0.71,Case Logic,11.0 x 8.0 x 2.5 inches,
dn7-walmart-amazonl_1256,Netgear Wireless-N 150 Access Point WN604,WN604-100NAS,55.88,1.4,NETGEAR,9.3 x 9.1 x 2.5 inches,182
dn7-walmart-amazonl_1257,Da-Lite Da-Plex Unframed Rear Projection Screen - 84 x 84 AV Format,27503,3561.99,342,Da-Lite,,
dn7-walmart-amazonl_1258,Da-Lite Video Spectra 1.5 Model C Manual Screen - 78 x 139 HDTV Format,82973,787.99,69,Da-Lite,,
dn7-walmart-amazonl_1259,Everki Commute 18.4  Laptop Sleeve with Memory Foam EKF808S18,Everki EKF808S18,39.0,1.45,Everki,18.7 x 13.58 x 1.97 inches,
dn7-walmart-amazonl_1260,Netgear ProSafe Plus 8-Port Gigabit Ethernet Switch with PoE,GS108PE100NAS,247.5,3.24,NETGEAR,23.25 x 12.77 x 10.4 inches,
dn7-walmart-amazonl_1261,Bracketron NAV Mat II Universal GPS Friction Mount,UFM-210-BL,16.15,0.55,Bracketron,11.5 x 9.0 x 1.5 inches,180
dn7-walmart-amazonl_1262,Manfrotto Unica V DSLR Messenger Bag,MB-SM390-5BC,89.99,3.2,Manfrotto,42.0 x 30.0 x 19.0 inches,681
dn7-walmart-amazonl_1263,DigiPower 4-Section Tripod Dark Blue,TPTR47DBL,29.99,1.77,DigiPower,15.7 x 3.7 x 3.5 inches,507
dn7-walmart-amazonl_1264,Just Wireless Multi Tip Car AC Phone Charger,4222,0.0,,Just Wireless,8.0 x 5.0 x 2.5 inches,
dn7-walmart-amazonl_1265,Digital Innovations Clean Dr. DVD Laser Lens Cleaner,4190200,9.88,0.2,Digital Innovations,7.0 x 4.5 x 0.6 inches,
dn7-walmart-amazonl_1266,Bower SS26 Digital Neck Strap Green,RELAUNCH SS26GR,12.98,0.1,Bower,32.0 x 1.0 x 0.125 inches,260
dn7-walmart-amazonl_1267,US Brown Bear Fixed Series Medium Slim Fixed Mount for 23 - 37 Displays,,19.99,3.3,US Brown Bear,19.38 x 3.25 x 2.0 inches,
dn7-walmart-amazonl_1268,Disney Toy Story CD Boom Box,TS500B,39.54,5.55,Disney,13.94 x 10.71 x 4.92 inches,750
dn7-walmart-amazonl_1269,Comprehensive 1 4 Standard Stereo Phone Jack Cable End Set of 25,SPJ-S,35.75,0.1,Comprehensive,,
dn7-walmart-amazonl_1270,Verbatim 8.5GB 2.4X - 6X DVD R DL 10 Packs Double Layer Disc,95166,17.32,0.52,Verbatim,5.7 x 5.6 x 1.0 inches,
dn7-walmart-amazonl_1271,Verbatim 4.7GB 16X DVD-R LightScribe 1.2 30 Packs Cake Box Disc,95339,19.72,1.3,Verbatim,5.3 x 5.1 x 3.4 inches,
dn7-walmart-amazonl_1272,JVC HAW600RF 900MHz Wireless Stereo Headphones with Location Feature,HAW600RF,47.54,1.45,JVC,12.0 x 9.75 x 5.75 inches,
dn7-walmart-amazonl_1273,Draper M1300 Premier Electric Screen  - HDTV 161 diagonal,101186,2049.0,105,Draper,,
dn7-walmart-amazonl_1274,Draper M2500 Premier Series C Manual Screen - 120 diagonal Widescreen Format,200129,1551.95,69,Draper,,
dn7-walmart-amazonl_1275,Draper Flexible Matte White Ultimate Folding Portable Screen with Heavy-Duty Legs - 15 diagonal NTSC Format,241032,1075.0,88,Draper,,
dn7-walmart-amazonl_1276,ViewSonic Value 19  LCD Monitor  VA1932WM,VA1932WM,149.0,11,ViewSonic,20.5 x 17.5 x 5.88 inches,
dn7-walmart-amazonl_1277,Joby Heavyweight Ballhead Combo,GP8BHEN,148.0,1.65,JOBY,14.3 x 3.4 x 3.0 inches,483
dn7-walmart-amazonl_1278,BIC Print and Peel Mailing Labels 1 White 30 labels per Sheet 12-Sheets,BWL3012-WHI,6.39,0.37,BIC,12.6 x 9.3 x 0.3 inches,
dn7-walmart-amazonl_1279,Five Star 1-Subject Wirebound Wide Rule Trend Notebook Teal 5 pack,,9.5,1.042,,,
dn7-walmart-amazonl_1280,Rolodex Wood Tone Desk Pad Mahogany 24 x 19,23390,37.94,3.25,ROLODEX,,
dn7-walmart-amazonl_1281,Micro Plastics 8  Black Cable Ties 100pk,43225001094,0.0,,Generic,12.187 x 5.5 x 0.875 inches,
dn7-walmart-amazonl_1282,D-Link Systems PowerLine AV 4-Port Switch Starter Kit DHP-347AV,DHP-347AV,112.0,1.95,D-Link,10.9 x 8.2 x 3.9 inches,379
dn7-walmart-amazonl_1283,iConcepts Flat Panel Speaker System,79733NS,14.14,2,Sakar,9.25 x 8.75 x 3.6 inches,
dn7-walmart-amazonl_1284,V7 25 CAT6 Snagless Molded Network Patch Cable Red,V7N2C6-25F-REDS,9.76,0.3,V7,10.0 x 8.0 x 1.0 inches,
dn7-walmart-amazonl_1285,PaperPro Compact Stapler 15 Sheet Capacity Black Gray,1510,11.47,0.462,,,
dn7-walmart-amazonl_1286,Mayline Brighton Series Suspended Box File Pedestal Cherry,BTBF20LCR,229.0,59,Mayline,20.0 x 19.5 x 15.75 inches,361
dn7-walmart-amazonl_1287,Quartet Tack   Write Monthly Calendar Board Black,CT1711,31.5,1,Quartet,,225
dn7-walmart-amazonl_1288,Avery 1  Heavy Duty Binder with EZD Ring Maroon,79369,5.37,0.884,Avery,11.75 x 10.25 x 1.751 inches,
dn7-walmart-amazonl_1289,TOPS Perforated Pads 50 Sheet Pads Dozen,7572,16.94,6.756,TOPS BUSINESS FORMS,,
dn7-walmart-amazonl_1290,Link Depot 14 Ethernet Enhanced CAT6 Networking Cable Yellow,C6M-14-YLB,3.98,1.55,Link Depot,12.0 x 7.5 x 1.0 inches,
dn7-walmart-amazonl_1291,Peerless Slimline Universal Ultra Slim Tilt Mount for 22 to 40 Ultra Thin Screens Weighing Up to 60 lb,,143.99,4,Peerless,9.35 x 8.75 x 0.68 inches,109
dn7-walmart-amazonl_1292,National Brand Heavyweight Reinforced 11  Filler Paper 100 Sheets,20122,7.47,1.041,National Products Ltd.,,522
dn7-walmart-amazonl_1293,Avery Dot Matrix Printer Address Labels 1 Across 3-1 2 x 1-7 16 White 5000 Box,4020,31.69,4.1,Avery,,
dn7-walmart-amazonl_1294,Avery Shipping Labels with TrueBlock Technology 8-1 2 x 11 White 25 Pack,8165,11.94,0.732,Avery,,
dn7-walmart-amazonl_1295,D-Link DIR-412 Mobile Broadband Wireless Router,DIR412,119.99,1.04,D-Link,8.86 x 5.91 x 2.95 inches,
dn7-walmart-amazonl_1296,Da-Lite Da-Glas Unframed Rear Projection Screen - 57 3 4 x 77 Video Format,27604,1609.99,366,Da-Lite,,
dn7-walmart-amazonl_1297,V7 4GB SD Card Class 6 High Capacity SDHC 4 GB,VASDH4GCL6R-1N,7.98,0.05,V7,4.25 x 4.0 x 0.01 inches,
dn7-walmart-amazonl_1298,Lenovo ThinkPad X60 Tablet Digitizer Pen Tether 3pk,41U4820,13.67,0.2,Lenovo,9.6 x 5.8 x 2.2 inches,707
dn7-walmart-amazonl_1299,Sony H Series NP-FH50 Actiforce InfoLithium Battery Hybrid,NPFH50,38.0,0.9,Sony,8.75 x 4.0 x 0.5 inches,
dn7-walmart-amazonl_1300,Advantus Grip-A-Strip Display Rail 96  High Aluminum Finish,2015,41.99,2.5,,,
dn7-walmart-amazonl_1301,Vivitar 50-in-1 Card Reader Writer,VIV-RW-50,11.98,0.84,Vivitar,5.25 x 4.5 x 1.5 inches,670
dn7-walmart-amazonl_1302,iHOME Rechargeable Collapsible Portable Mini Multimedia Speakers Silver,IHM79SC,47.55,3.7,iHome,6.5 x 5.25 x 3.0 inches,
dn7-walmart-amazonl_1303,Tribeca Chicago Bears 13  Sleeve for MacBooks,FVA2777,29.98,0.7,Tribeca,14.0 x 12.4 x 1.13 inches,
dn7-walmart-amazonl_1304,Tribeca Varsity Jacket Hard Shell Case for iPod Touch Dallas Cowboys,FVA3767,18.54,0.9,Tribeca,7.75 x 4.0 x 0.75 inches,
dn7-walmart-amazonl_1305,Allsop Clingo Universal Hands Free Mount,30272,34.99,0.45,Allsop,8.2 x 4.9 x 3.3 inches,277
dn7-walmart-amazonl_1306,Mead Spiral Bound Wide Rule Notebook - 100 sheets 4 pack,,7.0,0.74,,,
dn7-walmart-amazonl_1307,GE Receptacle with Safety Shutters White,54263,0.0,,General Electric,4.2 x 1.8 x 1.09 inches,
dn7-walmart-amazonl_1308,GE 100pk Neon Cable Ties Assorted Colors,18171,0.0,,General Electric,4.48 x 2.55 x 1.03 inches,
dn7-walmart-amazonl_1309,EDGE 256MB 1X256MB PC2100 NONECC UNBUFFERED 184 PIN DDR DIMM,PE158842,11.88,0.25,EDGE,9.0 x 6.0 x 3.0 inches,
dn7-walmart-amazonl_1310,KENSINGTON                                         Contour Roller Notebook Case Nylon 17-1 2 x 9-1 2 x 13 Black,KMW62348,122.29,10.95,Kensington,17.5 x 13.0 x 9.5 inches,
dn7-walmart-amazonl_1311,Kingston 1GB DDR PC-3200 400MHz DDR 184 Pin Desktop Memory Module,KVR400X64C3A1G,50.92,0.1,Kingston,6.75 x 2.25 x 0.5 inches,630
dn7-walmart-amazonl_1312,Philips USA 2 Silicone Cases for iPhone 4 Black White,DLM4313/17,16.88,1,Philips,2.5 x 1.5 x 0.5 inches,
dn7-walmart-amazonl_1313,Koss Earbud Stereophone,ISPARK,30.29,0.15,Koss,6.5 x 5.0 x 1.75 inches,
dn7-walmart-amazonl_1314,SAMSILL CORPORATION                                Microsoft Ladies Laptop Tote 15-1 2 x 6-1 4 x 13-1 4 Black Tan,SAM39403,80.29,3.6667,SAMSILL CORPORATION,15.5 x 13.25 x 6.25 inches,
dn7-walmart-amazonl_1315,Optoma BL-FP230C Replacement Projector Lamp for Optoma EP749 Projector,BL-FP230C,294.84,0.56,Optoma,6.25 x 6.25 x 5.0 inches,
dn7-walmart-amazonl_1316,Case Logic 208 Capacity Nylon CD DVD Wallet,87974,19.99,2.04,Case Logic,13.25 x 12.0 x 2.75 inches,337
dn7-walmart-amazonl_1317,Tenba Mixx Shoulder Bag  Large,136902,85.99,1.8,Tenba,10.5 x 9.5 x 8.5 inches,357
dn7-walmart-amazonl_1318,Middle Atlantic Long 20 Outlet Single 20 Amp Circuit Thin Power Strip with Cord,PDT-2020C-NS,188.99,7,Middle Atlantic,,
dn7-walmart-amazonl_1319,Belkin F8E262-BLK WaveRest Series Gel Mouse Pad,F8E262-BLK,14.88,0.44,Belkin,10.8 x 8.1 x 2.25 inches,
dn7-walmart-amazonl_1320,Kingston M25664F50 2GB DDR2-667 200-pin SO DIMM SDRAM Laptop Memory Module,M25664F50,38.92,0.1,Kingston,5.76 x 3.06 x 0.45 inches,399
dn7-walmart-amazonl_1321,Fellowes 91441 Gel Crystal Mouse Pad with Wrist Rest,91441,14.88,0.8,Fellowes,8.91 x 4.77 x 0.27 inches,
dn7-walmart-amazonl_1322,Mutant MIG-PS1-4 Media Yo Yo Amplified Speaker Green,MIG-PS1-4,14.88,1,Mutant,5.0 x 4.0 x 2.0 inches,
dn7-walmart-amazonl_1323,Verbatim 500GB CLLN USB Portable Hard Drive 97060,97060,77.84,0.7,Verbatim,7.0 x 5.6 x 1.9 inches,
dn7-walmart-amazonl_1324,Kensington ProFit Wired Full Size Mouse,K72343US,19.88,0.9,Kensington,11.0 x 10.0 x 1.5 inches,370
dn7-walmart-amazonl_1325,Cobra 15-Band Digital Radar Laser Detector,XRS-9645,135.25,1.1,COBRA,4.9 x 3.2 x 1.5 inches,666
dn7-walmart-amazonl_1326,Skooba Design 12 Wrap in Black,890-312,18.99,1,Skooba Design,12.0 x 12.0 x 0.125 inches,
dn7-walmart-amazonl_1327,Draper Matte White Baronet Electric Screen - AV Format 60 x 60,129002,423.8,24,Draper,,
dn7-walmart-amazonl_1328,Draper M1300 Premier Electric Screen  - AV Format 12 x 12,101180,2436.45,111,Draper,,
dn7-walmart-amazonl_1329,Draper High Contrast Grey Signature Series E Electric Screen  - AV Format 7 x 9,111534,2332.95,165,Draper,,
dn7-walmart-amazonl_1330,Draper High Contrast Grey Targa Electric Screen With Quiet Motor - HDTV 106 diagonal,116305Q,882.5,62,Draper,,
dn7-walmart-amazonl_1331,Draper HiDef Grey Clarion Fixed Frame Screen - 7 6 diagonal NTSC Format,252099,824.99,45,Draper,,
dn7-walmart-amazonl_1332,Draper Vortex Rear Projection Screen with System 200 Black Frame - 92 diagonal HDTV Format,125075,9137.2,230,Draper,,
dn7-walmart-amazonl_1333,Draper AT Grey Access MultiView Series E Acoustically Transparent Screen - 109 diagonal Widescreen Format,106062,4375.95,96,Draper,,
dn7-walmart-amazonl_1334,Canon CLI-226 Black Ink Tank,,0.0,,Canon,4.5 x 3.6 x 0.9 inches,
dn7-walmart-amazonl_1335,HON Company Laminate Angled Center Drawer 22w x 15-3 8d x 2-1 2h Henna Cherry,,85.39,11,HON,22.0 x 15.375 x 2.5 inches,
dn7-walmart-amazonl_1336,Case Logic 16.2  Laptop Case Gray,ULA-116GRAY,27.8,1.25,Case Logic,16.54 x 14.76 x 3.74 inches,
dn7-walmart-amazonl_1337,Kroo iPad iCap Black,11929,28.88,1,Kroo,12.0 x 10.0 x 1.5 inches,
dn7-walmart-amazonl_1338,Smead 5  Expansion End Tab File Pockets w Tyvek Straight Letter Manila 10 Box,75174,37.94,2.599,,,48
dn7-walmart-amazonl_1339,General Tools 1261-2 3 8-Inch Grommet Refills - 24 Pack,1261-2,7.99,0.1518,General Tools,,
dn7-walmart-amazonl_1340,CTA Mini Battery Chargers for Nikon EN-EL9 Digital Cameras,MR-ENEL9,15.98,0.3063,CTA,8.5 x 3.5 x 2.75 inches,748
dn7-walmart-amazonl_1341,Stanley MaxSteel Tape Rules - 5 8 x12 c.g. power meas,680-33-691,17.99,0.42,Stanley,,
dn7-walmart-amazonl_1342,V7 3 CAT6 Snagless Molded Network Patch Cable Black,V7N2C6-03F-BLKS,4.88,0.2,V7,8.0 x 6.0 x 1.0 inches,
dn7-walmart-amazonl_1343,Philips 46  Class LCD 1080p 120Hz HDTV 46PFL3706,46PFL3706/F7,749.99,61.95,Philips,44.11 x 27.1 x 4.33 inches,
dn7-walmart-amazonl_1344,Sony 8GB Class 4 SD Memory Card,SF8N4/TQP,0.0,,Sony,6.1 x 4.92 x 0.354 inches,
dn7-walmart-amazonl_1345,Innovera Softskin Gel Wrist Rest Black,51452,11.25,0.382,INNOVERA,,
dn7-walmart-amazonl_1346,Mavis Beacon Teaches Typing Platinum 20,15060,24.98,0.3,Encore,7.56 x 5.28 x 1.34 inches,
dn7-walmart-amazonl_1347,Zoom Telephonics V.92 LP PCI Express Modem,30370000G,35.0,0.35,Zoom,7.0 x 5.3 x 1.2 inches,
dn7-walmart-amazonl_1348,Buffalo Technology LinkStation Duo Dual-Bay 1.0 TB 1 x 1TB Network Attatched Storage LS-WX1.0TL 1D,LSWX10TL1D,179.82,4.45,Buffalo Technology,10.7 x 8.9 x 4.7 inches,
dn7-walmart-amazonl_1349,Night Owl Security Products CCD Wired Color Security Camera with 60 Cable,CAM-S420-245A,67.82,2.8,Night Owl,13.0 x 11.5 x 5.5 inches,
dn7-walmart-amazonl_1350,Clover 19  LCD with 8-Channel DVR System with H.264 Video Compression,TBUN0830,1079.73,35.35,Clover Electronics,20.25 x 17.0 x 16.0 inches,
dn7-walmart-amazonl_1351,Lenovo Black 15.6  IdeaPad Z565-43113HU Laptop PC with AMD Turion II P560 Processor and Windows 7 Home Premium 64-bit,43113HU,518.0,9,Lenovo,18.5 x 13.6 x 3.5 inches,
dn7-walmart-amazonl_1352,Sceptre 24  ultra-slim E240RC-FHD,E240RC-FHD,179.0,15.81,Sceptre,22.5 x 16.9 x 7.7 inches,
dn7-walmart-amazonl_1353,Kingston HyperX Grey Series 4GB 2 x 2GB DDR3 SDRAM 1600 240-Pin Desktop Memory Model,KHX1600C9D3X2K2/4GX,49.99,0.24,Kingston,6.75 x 3.75 x 0.55 inches,
dn7-walmart-amazonl_1354,Virginia Tech Hokies iPhone 4 Case Black Shell,FVA3168,29.99,,Tribeca,,
dn7-walmart-amazonl_1355,Cooler Master Vortex Plus CPU Cooler,RRVTPS28PKR1,30.0,1.25,Coolermaster,5.9 x 5.0 x 4.8 inches,46
dn7-walmart-amazonl_1356,ViewSonic PJD7383 DLP Projector,PJD7383,729.0,12.1,ViewSonic,15.4 x 15.0 x 8.3 inches,413
dn7-walmart-amazonl_1357,Micro Innovations 4230300 EasyGlide Travel Wired Optical Mouse,4230300,10.88,1,Digital Innovations,7.5 x 6.1 x 1.6 inches,
dn7-walmart-amazonl_1358,Safco Onyx Mesh Desk Organizer 8 Sections 11 3 8w x 9 1 2d x 13h Black,3266BL,47.94,2,,,
dn7-walmart-amazonl_1359,Sony BCVW1 AC Charger for W Series Battery,BCVW1,44.88,0.5,Sony,8.0 x 4.8 x 1.0 inches,583
dn7-walmart-amazonl_1360,iLuv Portfolio Case Stand for iPad 2 Black,ICC816BLK,35.88,0.56,iLuv,11.0 x 7.75 x 1.6 inches,
dn7-walmart-amazonl_1361,LG 23  LED TV Monitor M2380D Black,M2380D,349.0,13.7,LG,21.5 x 16.4 x 7.6 inches,
dn7-walmart-amazonl_1362,Cardinal Zippered Binder Pockets 8-1 2 x 11 Clear 3 Pack,,5.27,,,,580
dn7-walmart-amazonl_1363,Panasonic SLIMZ Over-Ear Headphone Black Pink RP-HX40-PK,RP-HX40-PK,34.88,1,Panasonic,9.1 x 7.2 x 1.4 inches,
dn7-walmart-amazonl_1364,HP Black Pavilion Slimline s5-1020 Desktop PC with Intel Pentium E6800 Processor 1TB Hard Drive and Windows 7 Home Premium Monitor Not Included,HP s5-1020,429.0,21.58,HP,15.43 x 12.28 x 6.21 inches,
dn7-walmart-amazonl_1365,Los Angeles Lakers iPod Touch 4G Hard Case,FVA4614,29.99,,Tribeca,,258
dn7-walmart-amazonl_1366,Belkin Home Office Series 8-Outlet Surge Protector w Coaxial Protection,BE108230-06,17.88,2.1,Belkin,12.4 x 6.88 x 2.17 inches,
dn7-walmart-amazonl_1367,Razer Lycosa Gaming Keyboard,LYCOSA,67.84,3.5,Razer,18.46 x 8.7 x 0.59 inches,62
dn7-walmart-amazonl_1368,Rocstor G222R2-01 Rocpro 850 External Hard Drive,G222R2-01,159.98,4.95,Rocstor,8.66 x 5.79 x 1.61 inches,480
dn7-walmart-amazonl_1369,Apricorn D809WCDEL60 80GB Dell Latitude   Inspiron Series Notebook Hard Drive,D809WCDEL60,98.84,0.65,Apricorn,3.94 x 2.75 x 0.37 inches,15
dn7-walmart-amazonl_1370,Zyxel WAP3205 Wireless N Access Point,WAP3205,49.88,1.65,ZyXEL,9.72 x 8.19 x 2.43 inches,605
dn7-walmart-amazonl_1371,LifeWorks Optical Netbook Mouse in Red IHM153OR,IHM153OR,19.88,0.2,LIFEWORKS,6.2 x 4.2 x 1.6 inches,
dn7-walmart-amazonl_1372,Dymo File Folder Labels 2-up,30277,10.88,0.15,Dymo,2.6 x 2.5 x 1.4 inches,
dn7-walmart-amazonl_1373,Sunpak Lens Pen Lens Cleaner,SP-LP1-MW,0.0,,Sunpak,8.0 x 3.5 x 1.0 inches,
dn7-walmart-amazonl_1374,InFocus SVGA DLP Projector IN102,,336.54,,InFocus,,
dn7-walmart-amazonl_1375,Draper Glass Beaded Envoy Electric Screen  - HDTV 161 diagonal,112051,1501.95,173,Draper,,
dn7-walmart-amazonl_1376,Merkury Sony Reader Screen Shield Fits Reader Pocket Edition,M-SEP300,6.28,0.5,Merkury,8.26 x 4.72 x 0.2 inches,
dn7-walmart-amazonl_1377,Office Star Products 93 Series Leather Visitors Chair with Loop Arms Black,,179.49,32,Office Star,,534
dn7-walmart-amazonl_1378,Inland 3.5  SATA USB 2.0 Hard Drive Enclosure,8419,20.52,0.78,Inland,7.8 x 4.7 x 1.7 inches,
dn7-walmart-amazonl_1379,Scosche 6  Speaker Enclosures 2pk,SE69R,20.23,8.8,Scosche,12.0 x 11.75 x 9.0 inches,
dn7-walmart-amazonl_1380,Samsung C3050 GSM Cell Phone Gray Unlocked,C3050,74.99,1.5,Samsung,3.82 x 1.86 x 0.59 inches,
dn7-walmart-amazonl_1381,Kodak Hard Case Kodak Small Grippable Tripod and Kodak 8GB SD Memory Card Value Bundle,,30.0,,Kodak,,
dn7-walmart-amazonl_1382,Case Logic Trend Compact Camera Case,214336,15.19,0.14,Case Logic,4.6 x 3.1 x 1.1 inches,
dn7-walmart-amazonl_1383,RCA 46  LED Full HD 1080p 120Hz HDTV LED46A55R120Q with RCA Home Theater System 6ft HDMI Cable TV Bundle,,789.0,,,,
dn7-walmart-amazonl_1384,V7 5 CAT5e Network Patch Cable Black,V7N3C5E-05F-BLK,4.88,0.15,V7,8.0 x 5.5 x 0.05 inches,
dn7-walmart-amazonl_1385,Trodat Trodat Econ Micro 5-in-1 Message Stamp Dater Self-Inking 1 x 3 4 Blue Red,T4850L,14.47,0.077,,,23
dn7-walmart-amazonl_1386,Avery Recyclable Binder 1-1 2  Capacity Red,50007,9.47,0.545,Avery,,
dn7-walmart-amazonl_1387,Sony Xplod XS-R1644 6-1 2  4-Way Speakers,XS-R1644,47.0,4,Sony,6.5 x 6.5 x 1.75 inches,
dn7-walmart-amazonl_1388,Cocoon Innovations 13  Kips Bay MacBook Case Black,CPS365BK,59.99,4,COCOON INNOVATIONS,14.0 x 10.0 x 3.0 inches,
dn7-walmart-amazonl_1389,Tablemate Table Set Plastic Banquet Table Cover Roll,I4010WH,17.49,3,,40.0 x 3.0 x 3.0 inches,
dn7-walmart-amazonl_1390,Da-Lite Matte White Scenic Roller Manual Screen - 15 x 20,40320,2285.99,562,Da-Lite,,
dn7-walmart-amazonl_1391,Inland Pro 8-Sheet Paper Shredder,5302,47.54,5,Inland,14.7 x 12.13 x 7.09 inches,290
dn7-walmart-amazonl_1392,Disney Toy Story Aliens Alarm Clock Radio,TS390ACR,18.0,1.6,Disney,7.44 x 5.91 x 1.0 inches,
dn7-walmart-amazonl_1393,GBC Design View Presentation Binding System Covers Clear 8-3 4,2514500,19.94,0.858,,,
dn7-walmart-amazonl_1394,Joby Gorillapod Original Orange,GP1ATEN,19.94,0.55,JOBY,8.3 x 4.8 x 2.9 inches,173
dn7-walmart-amazonl_1395,Sony SHL2AM LCD Viewfinder Hood,SHL2AM,38.0,0.16,Sony,5.85 x 4.49 x 1.05 inches,
dn7-walmart-amazonl_1396,DJ-Tech T545A 15  600W 2-Way Active Loudspeaker,T545A,358.0,51,DJ Tech,27.0 x 16.0 x 12.75 inches,372
dn7-walmart-amazonl_1397,Sharp Electronics XLDH259N 160W Micro System with iPod Dock Black,XL-DH259N,0.0,,Sharp,18.0 x 17.0 x 12.0 inches,648
dn7-walmart-amazonl_1398,NETGEAR Universal Wi-Fi Range Extender,WN3000RP100NAS,79.88,0.75,NETGEAR,7.1 x 5.7 x 4.0 inches,88
dn7-walmart-amazonl_1399,Luxor Presentation Station with Laptop Shelf,LP42CLE-B,213.99,54,Luxor,42.0 x 24.0 x 18.0 inches,
dn7-walmart-amazonl_1400,HP 82 Cyan Inkjet Cartridge CH566A,HP CH566A,29.88,1,HP,6.18 x 4.61 x 1.02 inches,
dn7-walmart-amazonl_1401,Xerox Card Scanner 200 Scanner,Xerox Card Scanner 200,168.98,0.43,XEROX,6.9 x 2.4 x 1.5 inches,
dn7-walmart-amazonl_1402,Adesso GP-160PB Easy Cat 2 Button Glidepoint Touchpad - Electrostatic - PS 2,GP-160PB,34.82,0.5,Adesso,3.4 x 2.7 x 0.5 inches,169
dn7-walmart-amazonl_1403,Arkon CA8655 Car Charger,CA8655,7.88,0.25,Arkon,4.0 x 2.0 x 1.0 inches,734
dn7-walmart-amazonl_1404,Birdhouse Tony Hawk 2GB Ptero SkateDrive USB Flash Drive,BH-SKTHPT/2G,9.84,1.5,EP Memory,6.25 x 3.25 x 1.5 inches,
dn7-walmart-amazonl_1405,IBM 28P2010 Black Toner Cartridge,28P2010,425.0,5.4,IBM,,549
dn7-walmart-amazonl_1406,Advantus Translucent Retractable ID Card Reel 4pk Assorted Colors,75464,10.94,0.102,,,
dn7-walmart-amazonl_1407,StarTech.com SCSI22 Cable,,16.82,,StarTech,,
dn7-walmart-amazonl_1408,Olympus VG-110 Silver 12MP Digital Camera Bundle w 4x Optical Zoom 2.7  LCD Display HD Movie Recording,228175 KIT,139.0,3,Olympus,3.6 x 2.1 x 0.78 inches,
dn7-walmart-amazonl_1409,StarTech.com DVIDSMF6 6ft DVI-D Monitor Extension Cable,DVIDSMF6,13.88,0.55,StarTech,7.65 x 7.2 x 0.675 inches,
dn7-walmart-amazonl_1410,Draper Matte White Luma 2 Manual Screen - 133 diagonal HDTV Format,206020,486.95,59,Draper,,
dn7-walmart-amazonl_1411,Max Staple Cartridge For EH-50F Flat-Clinch Electric Stapler 5000 Box,50FE,17.35,0.426,Max,,
dn7-walmart-amazonl_1412,Post-it Notes Dispenser w Weighted Base Plastic 11 7 8 x 2 1 2 x 7 3 4 Gray,C50,22.94,2.39,POST-IT,,690
dn7-walmart-amazonl_1413,Logitech 910-002463 Wireless Mouse M305 Silver Filament,910-002463,28.88,0.35,Logitech,5.1 x 2.0 x 0.1 inches,127
dn7-walmart-amazonl_1414,Clarion VZ401 7  Single-Din Multimedia Control Station with USB Port and Built-In Bluetooth,VZ401,499.99,9.56,Clarion,16.3 x 9.7 x 4.9 inches,
dn7-walmart-amazonl_1415,Adobe Software Production Premium CS5.5 PC,ADBCD21340WIAE,449.0,0.45,Adobe,8.0 x 5.75 x 1.9 inches,
dn7-walmart-amazonl_1416,Acer Black Veriton X2110-BU260W Desktop PC with AMD Athlon II x2-260 Processor 19  LCD Monitor 320GB Hard Drive and Windows 7 Professional,PU.VD703.001,498.0,9,Acer,9.84 x 7.6 x 2.36 inches,
dn7-walmart-amazonl_1417,WILSON JONES                                       Wallet File Letter Recycled Kraft,,6.09,0.33,Wilson Jones,,430
dn7-walmart-amazonl_1418,Lexmark T650H11A Black High-Yield Toner Print Cartridge,T650H11A,565.2,5.95,Lexmark,,
dn7-walmart-amazonl_1419,Innovera Softskin Gel Keyboard Wrist Rest Black,51451,11.88,1.344,INNOVERA,,
dn7-walmart-amazonl_1420,Avery Laser CD Labels Glossy 40-Count,5694,20.15,0.517,Avery,12.0 x 9.25 x 0.25 inches,
dn7-walmart-amazonl_1421,TOPS JAMMIT Pocket Wirebound Notebook Ruled 9 White 100 Sheets per Pad,65100,7.94,1.012,TOPS BUSINESS FORMS,,
dn7-walmart-amazonl_1422,Avery 750pk High-Visibility Laser Labels Neon Yellow,5972,14.94,0.757,Avery,,
dn7-walmart-amazonl_1423,PNY 4GB Mini Flash Drive,P-FD4GB/MINI-EFM1,12.88,0.0518,PNY,6.75 x 5.0 x 0.5 inches,13
dn7-walmart-amazonl_1424,NZXT Phantom Crafted Series ATX Full Tower Steel Chassis Black,NZXT Phantom,139.82,29,NZXT,24.53 x 21.26 x 8.75 inches,87
dn7-walmart-amazonl_1425,Da-Lite HC Matte White Advantage Manual with CSR - Wide Format 164 diagonal,34723,1223.99,104,Da-Lite,,
dn7-walmart-amazonl_1426,Elite Screens MaxWhite VMAX2 Plus2 Series 82 Overall Height ezElectric Motorized Screen - 92 Diagonal,VMAX92XWV2,379.0,22,Elite Screens,85.6 x 82.0 x 3.15 inches,523
dn7-walmart-amazonl_1427,Everest Classic Laptop Briefcase,207657,27.99,2.45,Everest,15.0 x 12.0 x 8.0 inches,
dn7-walmart-amazonl_1428,Wireless Gear Multi-Function Bluetooth Headset with Wall Charger Black,AU477,0.0,0.62,Wireless Gear,8.5 x 6.0 x 2.0 inches,
dn7-walmart-amazonl_1429,CoolMax 3.5  USB 3.0 External Hard Drive Enclosure Black,HD-381BZ-U3,26.88,0.75,Coolmax,7.5 x 4.3 x 1.2 inches,
dn7-walmart-amazonl_1430,Ten One Design Pogo Stylus for iPhone 4 Burnt Orange,T1-AF25-407,13.49,0.05,Ten One Design,3.5 x 1.1 x 0.6 inches,
dn7-walmart-amazonl_1431,Apple iPad 2 with Wi-Fi 3G Verizon White 64GB,MC987LL/A,829.0,2.7,Apple,11.3 x 9.4 x 3.6 inches,
dn7-walmart-amazonl_1432,BlackBerry Skin for PlayBook Tablet Black,ACC-39316-301,19.88,0.9,BLACKBERRY,7.6 x 5.1 x 0.4 inches,334
dn7-walmart-amazonl_1433,HP Black Pavilion Slimline s5-1010 Desktop PC with Intel Pentium E6700 Processor 750GB Hard Drive and Windows 7 Home Premium Monitor Not Included,HP s5-1010,369.0,21.58,HP,15.43 x 12.28 x 6.21 inches,
dn7-walmart-amazonl_1434,Mainstays Computer Stand,MS11-021-208-63,0.0,,Mainstays,31.8 x 23.6 x 15.5 inches,
dn7-walmart-amazonl_1435,USRobotics 56K USB 2.0 External  Modem,USR5637,47.82,0.6,U.S. Robotics,7.6 x 6.0 x 1.5 inches,485
dn7-walmart-amazonl_1436,CyberPower 2400 Joules 8 Oulet Surge Protector,850,20.88,1.95,CyberPower,14.25 x 8.75 x 1.75 inches,
dn7-walmart-amazonl_1437,Plantronics USB-To-Headset Adapter,DA-40,27.98,0.33,Plantronics,6.75 x 5.5 x 2.0 inches,476
dn7-walmart-amazonl_1438,StarTech.com PCI420USB USB Adapter Card,PCI420USB,14.88,0.24,StarTech,7.56 x 7.2 x 2.7 inches,
dn7-walmart-amazonl_1439,Samsung CLT-R409 Imaging Drum Unit For CLP-310 CLP-315 and CLP-3170 Printers,CLT-R409,144.84,2.85,Samsung,12.15 x 10.62 x 6.21 inches,
dn7-walmart-amazonl_1440,Cables To Go 03131 6ft Premium Universal Power Cord,3131,7.88,0.72,Cables To Go,,
dn7-walmart-amazonl_1441,Verbatim 94892 DataLifePlus 52x CD-R Media,94892,19.88,2,Verbatim,5.17 x 5.17 x 3.6 inches,382
dn7-walmart-amazonl_1442,Aleratec Inc Aleratec Copy Cruiser Mini Hard Drive Duplicator Dock,350107,129.82,1.2,Aleratec,5.5 x 5.0 x 3.0 inches,
dn7-walmart-amazonl_1443,Belkin Basic Wireless N150 USB Adapter,F7D1101,29.99,1.1,Belkin,8.65 x 5.5 x 1.75 inches,
dn7-walmart-amazonl_1444,Draper Matte White Signature Series E Electric Screen  - NTSC 200 diagonal,111324,2664.0,278,Draper,,
dn7-walmart-amazonl_1445,Draper Matte White Targa Electric Screen  - WideScreen 108 diagonal,116025,772.95,62,Draper,,
dn7-walmart-amazonl_1446,BIC Grip Roller Pen 0.5mm Black 1-Dozen,GREM11-BLK,10.99,0.5,BIC,5.5 x 2.75 x 1.44 inches,
dn7-walmart-amazonl_1447,ZAX Pro Series Subwoofer Cable 4m,87704,6.88,0.68,Zax,6.3 x 6.3 x 1.1 inches,
dn7-walmart-amazonl_1448,Gemini CDMP-1400 Pro Media Player CD MP3 USB,CDMP-1400,299.95,15,Gemini,19.9 x 12.8 x 4.6 inches,8
dn7-walmart-amazonl_1449,Atlantic Game Central Organizer,38806138,63.99,13.9,Atlantic,49.35 x 20.0 x 11.24 inches,
dn7-walmart-amazonl_1450,Visual Land V-Touch Pro 4GB Flash Portable Media Player White,ME965L4GBWHT,49.0,0.4,Visual Land,8.4 x 5.5 x 1.2 inches,
dn7-walmart-amazonl_1451,Logitech 920-003198 MK100 Classic Desktop Usb Ps 2 Compact Design,920-003198,17.88,2.2,Logitech,21.3 x 7.8 x 1.8 inches,295
dn7-walmart-amazonl_1452,Westcott Titanium Straight Handle Bonded Trimmers 8  Cut,13529,9.94,0.199,,,
dn7-walmart-amazonl_1453,Sharpie Stainless Steel Permanent Marker Fine Tip Black,1747388,7.94,0.085,Sharpie,,
dn7-walmart-amazonl_1454,Lexmark X644A11A Black Toner Print Cartridge,X644A11A,326.24,4.3,Lexmark,,381
dn7-walmart-amazonl_1455,TOPS Second Nature Subject Wire Notebook College Rule 6 x 9-1 2 WE 80 Sheets,74109,5.54,0.464,TOPS BUSINESS FORMS,,
dn7-walmart-amazonl_1456,Swingline Light Touch Desktop 2- or 3-Hole Adjustable Punch,74030,21.94,2.742,Swingline,,287
dn7-walmart-amazonl_1457,Avery Metal Rim Key Tags Card Stock Metal 1-1 4  Diameter 50 Pack,,7.42,,Avery,,676
dn7-walmart-amazonl_1458,Sony Bloggie Touch MS10 MP4 Pocket HD Video Camera with 3  LCD and 2 Hour Record Time Black,MHS-TS10/B,178.0,0.9,Sony,4.25 x 2.13 x 0.63 inches,
dn7-walmart-amazonl_1459,Sentry Headart Extreme Folding Headphones Black,SENTRY DJ STYLE BK,12.98,0.35,Sentry,10.12 x 6.12 x 2.12 inches,
dn7-walmart-amazonl_1460,Sonnet Carapace Silicone Keyboard Cover,KP-MB,16.88,0.15,Sonnet Technologies  Inc,12.8 x 5.6 x 0.4 inches,417
dn7-walmart-amazonl_1461,Nokia N8 12MP Camera GSM Phone Green Unlocked,N8 Green,449.92,1.3,Nokia,7.68 x 7.28 x 1.38 inches,271
dn7-walmart-amazonl_1462,MMF Industries Self-Adhesive Currency Straps,216070B16,9.2,1.089,,,
dn7-walmart-amazonl_1463,US Brown Bear Large Tilt Low to Profile Mount for 32 to 63 Displays in Silver,,59.0,7.8,US Brown Bear,31.75 x 21.0 x 2.75 inches,
dn7-walmart-amazonl_1464,Mace Security 60 RJ-11E Cable White,KO-60,29.82,2.25,Mace Security,8.0 x 5.0 x 2.0 inches,
dn7-walmart-amazonl_1465,Kodak EasyShare C195 Red 14.0MP Digital Camera w Bonus Case Bundle 5x Optical Zoom 3.0  LCD Smart Capture w 50 Bonus Prints,C195 Red Bndle,79.0,0.75,Kodak,3.8 x 2.5 x 1.3 inches,
dn7-walmart-amazonl_1466,rooCASE Executive Leather Portfolio Case for Samsung Galaxy Tab P1000,212537,37.59,1,rooCASE,8.5 x 5.7 x 1.2 inches,
dn7-walmart-amazonl_1467,Slappa Ladies Damask Netbook Sleeve in White,NSV-121,39.99,1,Slappa,,396
dn7-walmart-amazonl_1468,Boss Audio BV9958B - Single-DIN In-Dash DVD MP3 CD AM FM Receiver with Full Detachable 7  Widescreen Touchscreen TFT Monitor USB and SD Memory Card Ports and Front Panel AUX Input,BV9958B,180.0,5.45,Boss,11.0 x 8.0 x 4.0 inches,
dn7-walmart-amazonl_1469,Whistler RLC-360 GPS Module,RLC-360,62.88,0.28,Whistler,1.57 x 1.57 x 0.61 inches,
dn7-walmart-amazonl_1470,Toshiba 40  Class LCD 1080p 60Hz HDTV 40E210U,40E210U,449.0,39.3,Toshiba,38.78 x 23.8 x 3.46 inches,
dn7-walmart-amazonl_1471,Epson America PowerLite D6250 Projector,ELPD6250,1599.0,16.84,Epson,21.46 x 19.53 x 10.4 inches,
dn7-walmart-amazonl_1472,Interlink Electronics Wireless Presentation Suite,VP6345,299.99,2.85,INTERLINK,21.7 x 7.2 x 2.1 inches,
dn7-walmart-amazonl_1473,Xantech Cpl10 Rf Ir Coupler,CPL10,11.88,0.1375,Xantech,5.0 x 4.25 x 1.0 inches,
dn7-walmart-amazonl_1474,Belkin 6 FireWire Cable 4-pin 6-pin,F3N401-06-ICE,4.88,0.25,Belkin,72.0 x 1.0 x 0.3 inches,278
dn7-walmart-amazonl_1475,Netgear WN511 RangeMax NEXT Wireless-N  PC-Card Notebook Adapter,WN511B100NAS,58.88,0.45,NETGEAR,4.84 x 2.13 x 0.33 inches,
dn7-walmart-amazonl_1476,Garmin eTrex Summit HC Handheld GPS Receiver 010-00633-00,010-00633-00,166.88,0.81,Garmin,1.7 x 1.3 inches,621
dn7-walmart-amazonl_1477,Actiontec MegaPlug 85Mbps Powerline Ethernet Adapter Kit Two-Pack,HLE0850001K,69.99,1.35,ActionTec,10.4 x 7.4 x 3.8 inches,124
dn7-walmart-amazonl_1478,Penpower WorldCard Ultra Sheetfed Scanner,SWOCR0038,129.0,0.84,Penpower,9.0 x 7.0 x 3.0 inches,595
dn7-walmart-amazonl_1479,Antec Solo Quiet Mini Tower Computer Case Piano Black,SOLO,94.82,25.7,ANTEC,21.3 x 20.0 x 10.6 inches,
dn7-walmart-amazonl_1480,Fellowes Split Design Keyboard w Microban Protection,98915,40.84,3.14,Fellowes,20.5 x 10.5 x 2.75 inches,
dn7-walmart-amazonl_1481,Penpower Chinese Expert,SWLEA0010,104.88,0.75,Penpower,8.9 x 7.2 x 3.2 inches,383
dn7-walmart-amazonl_1482,Cobra Mobile CB Radio With NightWatch Illuminated Display And SWR Antenna Calibration,29-WXNWST,150.0,6.05,COBRA,13.25 x 12.0 x 3.0 inches,449
dn7-walmart-amazonl_1483,Koss Monaural Headset With Noise Canceling Microphone,CS-95,11.88,0.39,Koss,9.5 x 7.0 x 2.25 inches,
dn7-walmart-amazonl_1484,Sakar Crayola Digital Camcorder,32070,46.48,1.1,Sakar,10.25 x 8.1 x 2.5 inches,600
dn7-walmart-amazonl_1485,TRENDnet USB to Serial converter,TUS9,15.27,0.35,TRENDnet,9.0 x 6.5 x 1.5 inches,78
dn7-walmart-amazonl_1486,StarTech.com PCI1394 4 4 Port IEEE 1394 FireWire PCI Card,PCI1394_4,19.88,0.6,StarTech,7.65 x 5.175 x 1.575 inches,
dn7-walmart-amazonl_1487,Kingston KTM-TP9828 1G 1GB DDR-333 200-pin SO DIMM SDRAM Laptop Memory Module,KTM-TP9828/1G,64.88,0.1,Kingston,6.03 x 1.98 x 0.45 inches,
dn7-walmart-amazonl_1488,Nuance PaperPort Professional Version 12.0,F309A-G00-12.0,169.99,0.2,Nuance,7.6 x 5.0 x 1.5 inches,
dn7-walmart-amazonl_1489,Quartet Contour Fabric Bulletin Board,7693M,73.24,6.05,Quartet,,315
dn7-walmart-amazonl_1490,Draper M2500 Access Series V Electric Screen  - HDTV 106 diagonal,102207,1933.95,95,Draper,,
dn7-walmart-amazonl_1491,Draper Matte White Rolleramic Electric Screen - AV Format 84 x 84,115004,1391.0,161,Draper,,
dn7-walmart-amazonl_1492,Draper Matte White Salara Electric Screen - AV Format 70 x 70,132003,440.4,37,Draper,,
dn7-walmart-amazonl_1493,Energizer Zero Mercury 357 Battery 3pk.,962266,0.0,,Energizer,3.5 x 1.74 x 0.254 inches,
dn7-walmart-amazonl_1494,Draper Matte White Access Series E Electric Screen  - WideScreen 182 diagonal,104255,1622.45,128,Draper,,
dn7-walmart-amazonl_1495,Draper M1300 Cineperm Fixed Frame Screen - 144 x 144 AV Format,250010,1094.99,53,Draper,,
dn7-walmart-amazonl_1496,BIC Triumph 730R Needle Point Roller Pen 0.5mm Red 1-Dozen,RT7511-RED,22.49,0.33,BIC,5.5 x 2.75 x 1.44 inches,
dn7-walmart-amazonl_1497,Disney Mickey Mouse Portfolio,,0.0,,Disney,11.81 x 9.35 x 0.08 inches,
dn7-walmart-amazonl_1498,VisionTek Radeon HD6770 1GB GDDR5 Graphics Card,900368,145.0,1.65,Visiontek,10.5 x 8.5 x 2.75 inches,146
dn7-walmart-amazonl_1499,Officemate Plastic Coated Paper Clips Assorted Colors 800pk,97228,8.88,1.12,Officemate,,106
dn7-walmart-amazonl_1500,REDIFORM OFFICE PRODUCTS                           Brownline Weekly Appointment Book w 30-Minute Schedule 7-5 8 x 10-1 4 Black 2012,,22.29,1.19,REDIFORM OFFICE PRODUCTS,10.625 x 8.312 x 0.687 inches,
dn7-walmart-amazonl_1501,Logitech 985-000283 UE 200VI Blue,985-000283,39.88,1,Logitech,6.14 x 4.02 x 1.73 inches,
dn7-walmart-amazonl_1502,San Diego Padres iPhone 4 Case Silicone Cover,FVA3959,24.99,,Tribeca,,
dn7-walmart-amazonl_1503,Avery 2  Heavy Duty View Binder with EZD Ring Navy Blue,79802,7.97,1.35,Avery,11.75 x 11.625 x 3.125 inches,
dn7-walmart-amazonl_1504,Kensington Wireless Presenter Pro with Green Laser Pointer,K72353US,59.88,0.52,Kensington,7.0 x 6.5 x 2.2 inches,82
dn7-walmart-amazonl_1505,Targus 15.4  Groove Laptop Backpack,CVR600-WIT,31.38,2,Targus,17.75 x 13.25 x 5.0 inches,
dn7-walmart-amazonl_1506,Wilson Jones Super Heavy Weight Sheet Protector,21402,10.94,1,Wilson Jones,,316
dn7-walmart-amazonl_1507,Elite Screens MaxWhite VMAX2 Plus2 Series ezElectric Motorized Screen - 135 Diagonal in White Case,VMAX135XWH2,729.99,38,Elite Screens,130.6 x 80.7 x 3.15 inches,
dn7-walmart-amazonl_1508,Canon CLI-226 Cyan Ink Tank,4547B001,13.97,0.08,Canon,4.25 x 3.75 x 1.0 inches,53
dn7-walmart-amazonl_1509,Imation 16GB Pocket Flash Drive,27861,58.88,1.4,Imation,10.9 x 5.4 x 4.0 inches,
dn7-walmart-amazonl_1510,Cables Unlimited UltraFast Hardcore Gaming HDMI Cable,GAM-2295-06,18.57,0.4,Cables Unlimited,6.0 x 5.0 x 1.0 inches,556
dn7-walmart-amazonl_1511,Canon PowerShot ELPH 100 HS Blue 12.1MP Digital Camera with 4x Optical Zoom 3.0  LCD 1080p HD Video w 50 Bonus Prints,4925B001AA,178.54,0.95,Canon,3.7 x 2.2 x 0.8 inches,407
dn7-walmart-amazonl_1512,Uniden D1680 DECT 6.0 with Caller ID and Call Waiting,D1680,33.84,2,Uniden,6.9 x 4.5 x 4.0 inches,96
dn7-walmart-amazonl_1513,snapSHIELD P2 Polycarbonate Case iPad 2 Smoke,IPD2PCBK,20.88,1.29,Scosche,13.0 x 9.0 x 0.5 inches,576
dn7-walmart-amazonl_1514,Universal Remote KP-900Wh IR RF Wireless Keypad Remote with Mounting Bracket Black,KP-900BL,299.99,1.97,Universal Remote,10.3 x 7.2 x 2.2 inches,
dn7-walmart-amazonl_1515,Targus 17  Blacktop 17e Deluxe Laptop Case w Dome Protection CPT401DUS,CPT401DUS,67.88,0.52,Targus,8.5 x 7.0 x 1.5 inches,
dn7-walmart-amazonl_1516,Kingston 1GB 667MHz DDR2 SODIMM Notebook Memory,KVR667D2S5/1G,17.92,0.41,Kingston,,
dn7-walmart-amazonl_1517,Solo 17  Rolling Laptop Case,PT1364,89.88,7.7,Solo,17.75 x 16.75 x 9.25 inches,
dn7-walmart-amazonl_1518,RF Link 5.8GHz Audio Video Transmission System with IR Repeater,AVS-5811,94.54,3.46,RF Link,10.5 x 6.5 x 4.13 inches,
dn7-walmart-amazonl_1519,StarTech.com SVECONUS6 Ultra Thin USB KVM Cable,SVECONUS6,12.88,0.5,StarTech,7.2 x 3.825 x 0.9 inches,
dn7-walmart-amazonl_1520,Iomega 33716 70GB REV Media,33716,229.98,1.14,Iomega,2.925 x 2.925 x 2.925 inches,
dn7-walmart-amazonl_1521,StarTech.com PCISCSIUW 1 Port PCI Ultra Wide SCSI Controller Adapter Card,PCISCSIUW,75.88,0.76,StarTech,7.65 x 5.4 x 2.03 inches,
dn7-walmart-amazonl_1522,HP Q1413A Universal Heavyweight Coated Paper,Q1413A,58.78,10,HP,34.65 x 4.05 x 3.6 inches,
dn7-walmart-amazonl_1523,Maxell Jelleez Ear Buds Pink,EB-PK,7.01,0.5,Maxell,5.25 x 2.0 x 1.0 inches,
dn7-walmart-amazonl_1524,Draper Matte White Access Series E Electric Screen  - NTSC 100 diagonal,104015,1486.95,77,Draper,,
dn7-walmart-amazonl_1525,Cobra 16-Mile Range 22-Channel GMRS 2-Way Radio,CX-105,29.98,1,COBRA,5.0 x 2.0 x 1.5 inches,391
dn7-walmart-amazonl_1526,Sharpie Pen Fine Point Pens Assorted Colors Set of 4,1742662,6.64,1,Sharpie,7.625 x 3.75 x 3.48 inches,
dn7-walmart-amazonl_1527,BIC Great Erase Grip Chisel Dry Erase Marker Black 12pk,GDEM11-BLK,16.08,0.63,BIC,5.5 x 3.63 x 2.5 inches,
dn7-walmart-amazonl_1528,Innovera M4640 Compatible Remanufactured High-Yield Ink 484 Page-Yield Black,M4640,24.99,0.17,INNOVERA,,
dn7-walmart-amazonl_1529,Dell SWITCH by Design Studio Lids Fire Red 17R,8CMCY,24.0,0.95,Dell,16.77 x 10.65 x 0.5 inches,30
dn7-walmart-amazonl_1530,Wausau Paper Astrobrights Colored Paper 24lb 8-1 2 x 11 Planetary Purple 500 Sheets Ream,22621,10.27,5.562,Wausau Paper,,
dn7-walmart-amazonl_1531,HON 10700 Series Right Pedestal Credenza 72w x 24d x 29-1 2h Mahogany,10707RNN,799.0,235,HON,72.0 x 29.5 x 24.0 inches,
dn7-walmart-amazonl_1532,Da-Lite High Power Model B Manual Screen with CSR - 60 x 80 Video Format,85319,369.99,26,Da-Lite,,
dn7-walmart-amazonl_1533,Smead Manila 100 Percent Recycled File Folders Box of 100,10339,13.88,6.202,,,
dn7-walmart-amazonl_1534,Griffin iPod Touch 4G FormFit Case Pink Clear,GB01959,17.13,0.1,Arkon,6.89 x 4.13 x 0.98 inches,191
dn7-walmart-amazonl_1535,Mercury Luggage Executive Computer Backpack,,56.99,5.5,Mercury Luggage,16.0 x 13.5 x 8.0 inches,603
dn7-walmart-amazonl_1536,StarTech 3.5  External USB IDE Hard Drive Enclosure Black,IDE3510U2,28.88,2.15,StarTech,9.5 x 5.25 x 4.0 inches,
dn7-walmart-amazonl_1537,HP 8GB v220w USB Flash Drive,P-FD8GBHP220-EF,14.84,0.056,PNY,6.75 x 5.0 x 0.5 inches,
dn7-walmart-amazonl_1538,Sony Bravia 40  Class LCD 1080p 120Hz  HDTV KDL-40EX500,KDL-40EX500,718.0,45,Sony,39.1 x 23.6 x 4.0 inches,
dn7-walmart-amazonl_1539,Lexar Platinum II 16GB SD SDHC Memory Card,LSD16GBSBNA100,32.98,0.1,Lexar,7.0 x 5.0 x 0.1 inches,427
dn7-walmart-amazonl_1540,Acer Black VX275-UD7601W Desktop PC with Intel Core 2 Duo E7600 Processor 320GB Hard Drive and Windows 7 Professional Monitor Not Included,PS.VAM03.033,498.0,18.58,Acer,19.25 x 13.0 x 8.25 inches,
dn7-walmart-amazonl_1541,Kodak M200 Digital Camera w 50 Bonus Prints Bonus 4GB Memory Card and Bonus Case Value Bundle,,89.0,,Kodak,,
dn7-walmart-amazonl_1542,Audiosource BI8 8  In-Wall Construction Bracket Mount,BI8,25.88,2.65,AudioSource,11.2 x 2.0 x 2.0 inches,581
dn7-walmart-amazonl_1543,APC Battery Backup 750VA Back-UPS ES 120V 10 Outlet Power Supply Power-Saving UPS BE750G,BE750G,95.88,12.8,APC,17.5 x 10.0 x 6.0 inches,
dn7-walmart-amazonl_1544,Dymo 12-Hour Time-Expiring Adhesive Badges 250,30911,29.88,0.7,Dymo,,
dn7-walmart-amazonl_1545,Royal DS3 Postal Rate Scale,DS3,24.54,1.05,Royal,8.7 x 7.0 x 2.7 inches,553
dn7-walmart-amazonl_1546,Logitech ClearChat Style PC Headset,981000018,16.84,0.5,Logitech,9.7 x 7.7 x 3.7 inches,
dn7-walmart-amazonl_1547,Fellowes Standard Glare Filter for 16-17  Monitors,93785,39.84,3.21,Fellowes,20.0 x 16.0 x 2.75 inches,
dn7-walmart-amazonl_1548,Whistler Laser Radar Detector with Enhanced High Performance Improved Ka Band Sensitivity Ka Max Mode,XTR690 SE,178.88,0.57,Whistler,,439
dn7-walmart-amazonl_1549,Comprehensive 1 4 Standard Phone Plug to 3-Pin XLR Jack Set of 10,SPP-XLRJ,79.9,0.1,Comprehensive,,
dn7-walmart-amazonl_1550,TRENDnet TV-IP312W Wireless Day Night Internet Camera Server with 2-Way Audio,,244.88,,TRENDnet,,251
dn7-walmart-amazonl_1551,Blue Crane NBC121 Introduction to the Canon 50D Volume 1 Basic Controls DVD,NBC121,19.0,0.18,Norazza,7.5 x 5.375 x 0.625 inches,
dn7-walmart-amazonl_1552,Ematic Universal eBook Reader Accessory Kit,EA103,18.88,0.45,Ematic,8.46 x 7.09 x 1.57 inches,2
dn7-walmart-amazonl_1553,Elite ELECTRIC120V Screens Spectrum Electrol Projection Screen,ELECTRIC120V,189.0,31,Elite Screens,100.8 x 4.95 x 4.95 inches,
dn7-walmart-amazonl_1554,DYMO Black Embossing Tape 3-pack,1741670,6.82,0.09,Dymo,4.13 x 3.5 x 2.0 inches,
dn7-walmart-amazonl_1555,Draper IRUS Rear Projection Screen with System 200 Black Frame - 67 diagonal NTSC Format,125109,1972.5,124,Draper,,
dn7-walmart-amazonl_1556,Everki Commute 17  Laptop Sleeve with Memory Foam EKF808S17,EVERKI USA EKF808S17,26.88,0.8,Everki,16.34 x 12.01 x 1.38 inches,
dn7-walmart-amazonl_1557,Everki Shield 3-In-1 Laptop Screen Protector Cleaner Mouse Pad EKF802,EVERKI USA EKF802,9.88,0.04,Everki,11.22 x 6.3 x 0.59 inches,
dn7-walmart-amazonl_1558,Ape Case Standard DSLR Holster,ACPRO650,29.88,0.9,Ape Case,10.0 x 8.0 x 6.0 inches,
dn7-walmart-amazonl_1559,Paper Mate Mechanical Pencil Starter Set,1739312,4.87,0.6,Paper Mate,7.63 x 3.75 x 3.25 inches,465
dn7-walmart-amazonl_1560,PC Treasures Wireless Optical Mouse 2.4GHz Purple,7227,17.82,0.3,PC Treasures,6.4 x 4.8 x 1.3 inches,689
dn7-walmart-amazonl_1561,BIC ReAction Mechanical Pencil 0.5mm Black 1-Dozen,MCPF11-BLK,18.86,0.36,BIC,6.0 x 2.75 x 1.63 inches,
dn7-walmart-amazonl_1562,Pioneer 10  Subwoofer With Single Voice Coil 350W,TS-W259S4,113.0,10.6,Pioneer,12.5 x 12.4 x 7.4 inches,635
dn7-walmart-amazonl_1563,Asus F1A75-M Pro AMD A75 Micro ATX Motherboard,F1A75-M PRO,112.0,2.4,Asus,11.0 x 10.0 x 2.5 inches,76
dn7-walmart-amazonl_1564,Incipio Smart Feather for Apple iPad 2 Light Blue,IPAD-227,33.25,1,INCIPIO,9.5 x 7.5 x 0.2 inches,552
dn7-walmart-amazonl_1565,Energizer Dual Universal USB Wall Charger,PC-2WA,20.88,1.04,Energizer,6.5 x 4.75 x 1.64 inches,
dn7-walmart-amazonl_1566,Sony Stick AC Adapter with USB Charging for VAIO Laptops,VGP-AC19V51,99.0,,Sony,8.1 x 1.5 x 1.3 inches,
dn7-walmart-amazonl_1567,OmniMount Medium LCD Cantilever Wall Mount 23 - 37 Screens,,159.95,15,OmniMount,,
dn7-walmart-amazonl_1568,AT-A-GLANCE                                        Unruled Monthly Planner PlannerFolio Refill 9 x 11 Black,,13.99,0.46,AT-A-GLANCE,,
dn7-walmart-amazonl_1569,Dixie Heavyweight Plastic Teaspoons 100ct,TH207,7.15,0.956,Dixie,8.5 x 6.25 x 2.125 inches,
dn7-walmart-amazonl_1570,HON 10500 Series Curved Return,105817RNN,479.0,134,HON,42.0 x 29.5 x 24.0 inches,
dn7-walmart-amazonl_1571,Da-Lite Honey Maple Veneer Model B Manual Screen with Matte White Fabric - 60 x 60 diagonal Video Format,87184,167.99,16,Da-Lite,,366
dn7-walmart-amazonl_1572,NEC MultiSync 20  LCD Widescreen Monitor E201W,E201W-BK,179.0,14.2,NEC,24.4 x 13.9 x 3.7 inches,
dn7-walmart-amazonl_1573,StarTech 3 Slim 3.5mm Right Angle Stereo Audio Cable M M,MU3MMS2RA,7.88,0.04,StarTech,8.78 x 4.96 x 0.39 inches,524
dn7-walmart-amazonl_1574,Kodak EasyShare Max Z990 12MP Black Ultra Zoom Camera 30X Optical Zoom 28-840mm Zoom Lens 3.0  LCD Display HD Movie w 50 Bonus Prints,Z990 Max,264.54,2.6,Kodak,4.89 x 3.99 x 3.44 inches,
dn7-walmart-amazonl_1575,SKB Cases Mid-sized Hardware Case in Black 15 H x 33 W x 14 D Interior,1SKB-DH3315W,159.99,24,SKB Cases,36.0 x 17.0 x 16.0 inches,
dn7-walmart-amazonl_1576,Aiptek GO-HD Blue Camcorder w 3x Optical Zoom 2.4  LCD,HDV1,149.99,1.6,Aiptek,9.8 x 7.6 x 0.6 inches,
dn7-walmart-amazonl_1577,foldIO P2 Leather Texture Folio Case for iPad 2 Black,IPD2FLBK,44.88,0.77,Scosche,13.0 x 9.0 x 1.0 inches,653
dn7-walmart-amazonl_1578,V7 3-Button Optical Mouse USB,M30P10-7N,7.82,0.28,V7,5.0 x 3.5 x 2.0 inches,380
dn7-walmart-amazonl_1579,Sony SS-CR3000 Home Theater Speaker Completer Package,SS-CR3000,99.99,8.8,Sony,19.0 x 13.4 x 7.0 inches,
dn7-walmart-amazonl_1580,Luxor CSA Approved Electrical Assembly,LPCSA,75.0,3,Luxor,,
dn7-walmart-amazonl_1581,StarTech.com SAT3510BU2V USB to SATA External Hard Drive Enclosure,SAT3510BU2V,28.88,1.5,StarTech,9.0 x 6.75 x 2.7 inches,
dn7-walmart-amazonl_1582,Jaton 3DFORCE6200TWIN-LP GeForce 6200 Graphics Card,3DFORCE6200TWIN-LP,71.92,0.85,Jaton,7.2 x 6.1 x 2.7 inches,
dn7-walmart-amazonl_1583,Brother TX2511 Laminated Tape Cartridge,TX2511,34.88,0.4,Brother,4.5 x 3.51 x 1.44 inches,
dn7-walmart-amazonl_1584,Sony MDRXB40EX High Sensitive Bass Headphones,MDRXB40EX,39.88,0.25,Sony,7.0 x 4.2 x 2.4 inches,296
dn7-walmart-amazonl_1585,Draper High Contrast Grey Baronet Electric Screen - AV Format 96 x 96,129070,691.5,37,Draper,,
dn7-walmart-amazonl_1586,Draper High Contrast Grey Ultimate Access Series E Electric Screen  - AV Format 8 x 10,119178,2443.45,161,Draper,,
dn7-walmart-amazonl_1587,Columbian White Poly-Klear Woven Insurance Form Envelopes Box of 500,CO175,24.94,6.347,,,
dn7-walmart-amazonl_1588,Scotch Bubble Mailer 6 25 count,7913-25-CS,8.88,1.15,Scotch,10.0 x 7.56 x 6.13 inches,
dn7-walmart-amazonl_1589,Startech eSATA USB to SATA External Hard Drive Docking Station for 2.5  HDD,SATADOCKU2E,29.84,1.55,StarTech,6.7 x 6.4 x 3.6 inches,237
dn7-walmart-amazonl_1590,Sony VGP-KBV4 B Keyboard Skin for VAIO EA Series Laptops Black,VGPKBV4/B,19.99,0.05,Sony,17.04 x 5.72 x 0.2 inches,
dn7-walmart-amazonl_1591,Dymo LabelManager 260P,1754490,59.97,2.09,Dymo,,
dn7-walmart-amazonl_1592,Zax 87303 Pro Series 3m Composite Audio Video Cable,87303,10.88,1.1,Zax,6.0 x 5.7 x 1.8 inches,86
dn7-walmart-amazonl_1593,HP Black 17.3  Pavilion G7-1154NR Laptop PC with AMD Dual-Core A4-3300M Processor and Windows 7 Home Premium 64-bit,HP g7-1154nr,525.54,9.4,HP,16.22 x 10.55 x 1.22 inches,
dn7-walmart-amazonl_1594,Dell SWITCH by Design Studio Lids Shaadi 15R,YXMRF,39.0,,Dell,15.12 x 9.7 x 0.5 inches,
dn7-walmart-amazonl_1595,Dell SWITCH by Design Studio Lids Horizontal Pink 17R,40N0C,39.0,0.93,Dell,16.77 x 10.65 x 0.5 inches,83
dn7-walmart-amazonl_1596,Smart BACK Cover for iPad 2 White,TR-SBCIPD2-RW,24.99,0.5,Simplism,11.5 x 9.4 x 1.1 inches,
dn7-walmart-amazonl_1597,Everstart 14-Gauge 20 Black Primary Wire,51653-76-08,0.0,,Generic,9.75 x 4.0 x 1.5 inches,
dn7-walmart-amazonl_1598,Avery 1  Hanging File Poly Ring Binder,14801,7.24,0.418,Avery,,
dn7-walmart-amazonl_1599,National Brand 80 sheet Composition Book Available in Wide College and Quadrille Rule,43460,3.88,0.596,National Products Ltd.,,
dn7-walmart-amazonl_1600,Zebra Sarasa Retractable Gel Roller Ball Pen Bonus Box Black Ink 24 Pk,14680,24.94,0.555,Zebra,,
dn7-walmart-amazonl_1601,Smead 3 1 2 Expansion Colored File Pocket Straight Tab,73892,11.94,0.868,Generic,,
dn7-walmart-amazonl_1602,Buddy Products Dr. Pocket Steel 3-Pocket Wall File Black,52104,51.94,7,Buddy Products,,
dn7-walmart-amazonl_1603,Pentel Forte Pro II Automatic Pencil,,32.94,,Pentel,,
dn7-walmart-amazonl_1604,Da-Lite Key Locking Coverplate for 115V Switch or LVC,40962,77.99,1,Da-Lite,,
dn7-walmart-amazonl_1605,Da-Lite Da-Plex Deluxe Rear Projection Screen - 36 x 48 Video Format,27559,1630.99,145,Da-Lite,,
dn7-walmart-amazonl_1606,Tripp Lite SmartOnline SU1500RTXL2Ua 1500VA Tower Rack Mountable UPS,SU1500RTXL2UA,599.0,54,Tripp Lite,24.0 x 20.5 x 9.0 inches,664
dn7-walmart-amazonl_1607,Maxell Couleur Series Ear Buds Purple,190238,16.18,0.95,Maxell,5.75 x 1.75 x 1.3 inches,566
dn7-walmart-amazonl_1608,Western Digital WD Scorpio Blue 320GB 5400RPM 2.5  SATA Hard Drive WDBABC3200ANC,WDBABC3200ANC,51.12,0.22,Western Digital,3.9 x 2.8 x 0.4 inches,
dn7-walmart-amazonl_1609,Creative Labs Sound Blaster X-Fi Go Pro Sound Board,SB1290,39.99,0.3,Creative Labs,5.6 x 5.5 x 1.6 inches,575
dn7-walmart-amazonl_1610,Q-See QSBNCOMP10 Antenna Connector,QSBNCOMP10,15.72,0.55,Q-See,8.25 x 6.55 x 3.8 inches,234
dn7-walmart-amazonl_1611,Microsoft LifeCam HD-6000 USB HD Webcam 7PD-00001,7PD-00001,36.97,,Microsoft,7.0 x 5.7 x 2.0 inches,
dn7-walmart-amazonl_1612,3M Porcelain Marker Board Steel Backed 4 x3 Aluminum,,246.59,18.75,3M,,
dn7-walmart-amazonl_1613,Pinnacle Studio HD v15 Ultimate Collection PC,,119.0,,AVID TECHNOLOGY,,452
dn7-walmart-amazonl_1614,Kensington Toshiba Family Laptop Charger with USB Power Port,K38085US,43.88,1.4,Kensington,7.2 x 5.3 x 2.9 inches,668
dn7-walmart-amazonl_1615,Lifeworks Technology Power Dock for iPad and iPad 2,IH-IP2006,0.0,,iHome,6.85 x 4.4 x 2.65 inches,326
dn7-walmart-amazonl_1616,EDGE 1GB PC2-4200 DDR2 533Mhz 240-Pin Desktop Memory Module,PE197711,18.82,0.53,EDGE,3.0 x 0.75 x 0.4 inches,
dn7-walmart-amazonl_1617,Maxell 60-min miniDV Tapes for Camcorders 4-Pack,DVM-60SE/4,11.54,0.3,Maxell,3.8 x 2.5 x 1.0 inches,613
dn7-walmart-amazonl_1618,Lathem Time 900E Electronic Time Recorder Automatic,900E,239.94,4,,,364
dn7-walmart-amazonl_1619,Scosche Dual 12V Power Socket,IU2PS,14.88,0.1,Scosche,6.8 x 4.9 x 2.2 inches,
dn7-walmart-amazonl_1620,CoolMax CX-450B 450W 120mm Silent Fan Black ATX PSU,14021,44.82,3.4,Coolmax,9.25 x 8.5 x 4.0 inches,
dn7-walmart-amazonl_1621,Smead Capacity Box Bottom Hanging File Folders Letter Green 25 Box,64259,30.94,4.569,,,402
dn7-walmart-amazonl_1622,Coby DVD-224BLK Compact DVD Player,DVD-224BLK,34.88,4.05,Coby,12.0 x 10.5 x 4.0 inches,
dn7-walmart-amazonl_1623,Cables To Go 40316 Velocity HDMI High Definition Multimedia Interconnect,40316,29.88,0.5,Cables To Go,9.0 x 5.4 x 1.575 inches,70
dn7-walmart-amazonl_1624,HP Q3675A Image Transfer Kit,Q3675A,194.84,9.9,HP,24.0 x 23.85 x 12.8 inches,54
dn7-walmart-amazonl_1625,Kingston M25664H70 2GB DDR3-1066 204-pin SDRAM Sony Notebook Memory Module,M25664H70,76.88,0.8,Kingston,5.4 x 1.8 x 0.09 inches,
dn7-walmart-amazonl_1626,HP Q1421A Universal Semi-gloss Photo Paper,Q1421A,94.88,7.02,HP,34.2 x 4.95 x 4.5 inches,
dn7-walmart-amazonl_1627,Targus 15.6  Spruce EcoSmart Messenger Bag,TBM015US,56.63,2.36,Targus,16.62 x 13.0 x 2.5 inches,
dn7-walmart-amazonl_1628,Sirius Outdoor Home Antenna,SHA1,42.64,1.96,SIRIUS,16.0 x 6.0 x 4.0 inches,594
dn7-walmart-amazonl_1629,Draper High Contrast Grey Rolleramic Electric Screen - AV Format 70 x 70,115164,1363.5,144,Draper,,
dn7-walmart-amazonl_1630,Joby Gorillapod SLR Tripod,GP2A1EN,28.01,0.6,JOBY,10.9 x 5.1 x 3.5 inches,185
dn7-walmart-amazonl_1631,Epson T068120-D2 Dual Black Ink Cartridge,Epson T068120-D2,39.84,0.15,Epson,1.0 x 1.0 x 1.0 inches,
dn7-walmart-amazonl_1632,Case Logic High Zoom Camera Case,152256,17.59,0.5,Case Logic,7.5 x 7.0 x 4.75 inches,66
dn7-walmart-amazonl_1633,IOGEAR PC-to-TV Kit with Wireless Multimedia Keyboard Black,GKM561RKIT,83.7,4.4,IOGEAR,16.25 x 10.25 x 6.5 inches,
dn7-walmart-amazonl_1634,Case Logic Kindle DX  Case,153351,19.99,0.22,Case Logic,11.25 x 8.0 x 1.25 inches,
dn7-walmart-amazonl_1635,Canon 0904B001AA LUCIA Photo Cyan Ink Tank for Image PROGRAF iPF9000 Printer,0904B001AA,294.0,2.3,Canon,10.5 x 4.5 x 1.25 inches,591
dn7-walmart-amazonl_1636,BIC Atlantis Mechanical Pencil 0.7mm Black 1-Dozen,MPAG11-BLK,14.88,0.28,BIC,6.0 x 2.75 x 1.63 inches,
dn7-walmart-amazonl_1637,X-ACTO School Pro Desktop Electric Pencil Sharpener Blue Gray,1670,44.88,3.393,X-Acto,,411
dn7-walmart-amazonl_1638,Oxford Green Canvas Legal 3-Ring Binder 8-1 2 x 14 2  Capacity,,56.94,,Oxford,,
dn7-walmart-amazonl_1639,HON Bravo Articulating Keyboard Mouse Platform Glide Track,HKB700P,159.0,18,HON,,
dn7-walmart-amazonl_1640,Sharp EL-334MB Basic Calculator,EL334TB,15.99,0.413,Sharp,,502
dn7-walmart-amazonl_1641,Griffin PowerBlock Dual Universal Black,NA23061,27.88,0.2,Griffin,7.1 x 5.0 x 1.5 inches,
dn7-walmart-amazonl_1642,GE Designer Rocker Switch White,50726,0.0,,General Electric,4.19 x 1.43 x 1.42 inches,
dn7-walmart-amazonl_1643,Bluelounge CableDrop Black,CD-BL,10.0,0.1,BlueLounge,7.0 x 4.6 x 0.7 inches,80
dn7-walmart-amazonl_1644,Back To School Hard Drive Value Bundle 3TB-4TB,,147.0,,,,
dn7-walmart-amazonl_1645,Adobe Software InDesign CS5.5 PC,ADBCD20427WI,699.0,0.4,Adobe,8.0 x 7.2 x 1.8 inches,
dn7-walmart-amazonl_1646,HON 38000 Series Rght Pedestal Desk,38293RQQ,899.0,214,HON,72.0 x 36.0 x 29.5 inches,
dn7-walmart-amazonl_1647,S J Paper Pressboard End Tab Classification Folder Red,S60433,5.48,0.33,,,
dn7-walmart-amazonl_1648,Smead Folder Manila 50 Box,,39.94,,,,
dn7-walmart-amazonl_1649,iFrogz iPod Touch 4 Luxe Lean Case Pink,IT4LL-PNK,24.99,0.1,iFrogz,7.5 x 4.4 x 0.5 inches,
dn7-walmart-amazonl_1650,Duracell 32GB CompactFlash Card,DUCF32GBR,64.99,0.05,Duracell,25.0 x 5.2 x 3.3 inches,
dn7-walmart-amazonl_1651,Inland ProHT iPhone Screen Protector,8563,9.99,0.25,Inland,8.1 x 5.9 x 1.9 inches,
dn7-walmart-amazonl_1652,Q-See QS408-811-5 8 Channel H.264 DVR Surveillance System with 8 Indoor Outdoor CMOS Night Vision Cameras,QS408-811-5,714.28,23,Q-See,18.0 x 14.0 x 12.0 inches,742
dn7-walmart-amazonl_1653,Sabrent 32 USB 2.0 Active Extension Cable,CB-USBXT,13.88,1.5,Sabrent,10.0 x 8.0 x 2.8 inches,90
dn7-walmart-amazonl_1654,StarTech 6 Slim 3.5mm Right Angle Stereo Audio Cable M M,MU6MMS2RA,7.88,0.05,StarTech,8.78 x 4.96 x 0.39 inches,
dn7-walmart-amazonl_1655,Apple iPad Smart Cover for iPad 2 Assorted Colors,MC939LL/A,36.88,0.6,Apple,9.8 x 8.0 x 0.3 inches,555
dn7-walmart-amazonl_1656,Logitech M315 Wireless Optical Mouse Blue,M315,19.88,0.35,Logitech,9.0 x 6.0 x 4.0 inches,723
dn7-walmart-amazonl_1657,Guardian Flexstep Antifatigue Polypropylene Rubber Mat 24 X 36 Black,24020300,36.97,8,Guardian,35.0 x 8.0 x 8.0 inches,261
dn7-walmart-amazonl_1658,Cables To Go 12 CMG-Rated HD15 SXGA M M Monitor Projector Cable with Rounded Low Profile Connectors,40143,19.0,1.3,Cables To Go,8.25 x 7.0 x 1.25 inches,
dn7-walmart-amazonl_1659,General Tools Industrial Steel Rules - 32123 6 flex satin chrome stainless steel rule,318-CF616,13.99,0.02,General Tools,,
dn7-walmart-amazonl_1660,Dymo Shipping Labels 2.31,30256,20.82,0.8,Dymo,3.5 x 3.0 x 2.7 inches,450
dn7-walmart-amazonl_1661,EDGE 8GB DiskGO USB 2.0 Flash Drive Silver,PE204198,10.98,0.64,EDGE,3.0 x 0.75 x 0.4 inches,
dn7-walmart-amazonl_1662,Cobra Marine Handheld Dual Band Transceiver,MR-HH425LI VP,149.98,2.5,COBRA,4.8 x 2.4 x 1.4 inches,
dn7-walmart-amazonl_1663,Level Mount Motorized Full Motion Mount For Flat Screen TV s 10 - 42 Screens,,199.99,35.9,Level Mount,27.0 x 16.0 x 10.5 inches,248
dn7-walmart-amazonl_1664,Altec Lansing Muzx In-Ear Earphones,MHP216,19.88,0.02,Altec Lansing,6.5 x 6.5 x 2.5 inches,
dn7-walmart-amazonl_1665,GN Netcom 9125-30-15 Jabra GN9125 Wireless Micro-boom Earset,9125-30-15,289.88,1.98,GN Netcom,11.4 x 7.4 x 2.4 inches,
dn7-walmart-amazonl_1666,Brother PT-18R P-Touch Label Printer,PT-18R,129.88,3.26,Brother,8.78 x 8.55 x 3.38 inches,336
dn7-walmart-amazonl_1667,AMD 100-505551 FirePro V3700 Graphics Card,100-505551,91.92,1.15,AMD,10.35 x 9.0 x 2.592 inches,
dn7-walmart-amazonl_1668,Netgear FVS318G-100NAS ProSafe Firewall - 8 x 10 100 1000Base-T  LAN 1 x 10 100 1000Base-T  WAN,FVS318G-100NAS,118.0,2.25,NETGEAR,7.5 x 4.9 x 1.4 inches,
dn7-walmart-amazonl_1669,Penpower SWOCR0467 DocketPORT 467 Sheetfed Scanner,SWOCR0467,124.99,2,Penpower,11.7 x 2.0 x 1.7 inches,
dn7-walmart-amazonl_1670,U.S. Traveler Rolling Laptop Briefcase with Laptop Sleeve,145295,55.99,8,U.S. Traveler,18.0 x 14.0 x 10.0 inches,
dn7-walmart-amazonl_1671,Sony HD Output Adapter Cable,VMC-MHC1,32.0,0.21,Sony,8.75 x 3.25 x 1.26 inches,463
dn7-walmart-amazonl_1672,HP Notebook Sleeve Black Red,HP VZ346AA,19.0,0.65,HP,14.9 x 10.5 x 1.7 inches,642
dn7-walmart-amazonl_1673,Verbatim 4GB Tuff- n -Tiny USB 2.0 Flash Drive Green,,11.98,,Verbatim,,
dn7-walmart-amazonl_1674,Storex Portable File Storage Box w Organizer Lid Black,61510U01C,25.0,6.5,,,
dn7-walmart-amazonl_1675,Draper Matte White Paragon Electric Screen - AV Format 18 x 24,114093,4809.7,950,Draper,,
dn7-walmart-amazonl_1676,Draper Glass Beaded Paragon Electric Screen - AV Format 13 x 26,114098,8112.2,970,Draper,,
dn7-walmart-amazonl_1677,Draper M2500 Access MultiView Series V Electric Screen - HDTV to NTSC 133 diagonal,105012,3685.0,160,Draper,,
dn7-walmart-amazonl_1678,Draper Matte White Access Series E Electric Screen  - NTSC 10 diagonal,104016,1516.95,87,Draper,,
dn7-walmart-amazonl_1679,Draper High Contrast Grey Access Series E Electric Screen  - AV Format 70 x 70,104173,1336.05,68,Draper,,
dn7-walmart-amazonl_1680,Draper Glass Beaded Traveller Portable Screen - 92 diagonal HDTV Format,230125,525.0,27,Draper,,
dn7-walmart-amazonl_1681,Veho VCC004MUVIBLK Black Micro DV Camcorder,VCC004MUVIBLK,69.0,0.5,VEHO,6.0 x 5.8 x 2.2 inches,313
dn7-walmart-amazonl_1682,Case Logic 17  Laptop Briefcase,ENC-117BLACK,24.88,5.15,Case Logic,18.5 x 12.8 x 3.94 inches,
dn7-walmart-amazonl_1683,Scosche Dash Install Kit for 1995 and Newer Ford Mercury Lincoln Mazda,FD2080,12.21,0.78,Scosche,10.75 x 6.5 x 2.75 inches,
dn7-walmart-amazonl_1684,Rolodex Business Card Binder with A-Z Tabs Black,66451,27.94,2.174,ROLODEX,,60
dn7-walmart-amazonl_1685,Heavy Duty 3-Hole Punch,997,0.0,,Generic,10.748 x 5.354 x 5.196 inches,
dn7-walmart-amazonl_1686,Boise ASPEN 30 Office Paper 92 Brightness 20lb 8-1 2 x 14 5000 Sheets Carton,54901,52.54,50,,,
dn7-walmart-amazonl_1687,Tyvek Expansion Mailer,R4500,84.94,4,,,
dn7-walmart-amazonl_1688,Universal Pressboard Classification Folder Legal Box of 10 Red,82007,47.84,4.459,,,
dn7-walmart-amazonl_1689,Smead Acid-Free Poly Folder 2 Fasteners 1 3 Cut Top Tab Letter Manila 24 Box,10545,42.94,3.012,,,
dn7-walmart-amazonl_1690,Bravo View 12.1  OVR-121WFM Overhead Monitor with Bravo View Car Stand-Alone DVD Player Bundle,,228.0,,,,
dn7-walmart-amazonl_1691,Rubbermaid Commercial Slim Jim Blue Plastic Recycling Container With Venting Channels 23 gal,354007BE,57.97,7.65,Rubbermaid Commercial,30.0 x 22.0 x 11.0 inches,
dn7-walmart-amazonl_1692,Read Right CD DVD Kleen Cleaner Wet Wipes 5-1 4 75-Tub,RR1420,10.49,0.453,,,
dn7-walmart-amazonl_1693,deflect-o MyStyle Stainless Steel DocuPocket w White Board Letter Silver White,510010,25.94,2.604,,,
dn7-walmart-amazonl_1694,Haier PTHEATRE 4GB Pocket Theater MP3 Player,PTHEATRE,46.26,0.44,,2.17 x 1.41 x 0.79 inches,
dn7-walmart-amazonl_1695,Smead Recycled End Tab Fastener Folders Straight Cut 11pt Legal Manila 50 Box,37160,41.18,6.25,,,740
dn7-walmart-amazonl_1696,BIC Triumph 730R 0.5mm Needle Point Roller Pen Blue 4 Ct. 2-Pack,,11.28,,,,
dn7-walmart-amazonl_1697,Ampad Envirotec Hanging File Folders 1 5 Tab 11pt Stock Ltr Standard Green 25pk,,12.54,,,,
dn7-walmart-amazonl_1698,Aurora Products Elements Eco-Friendly Round Ring Binder,20314,5.54,0.579,,,
dn7-walmart-amazonl_1699,Pendaflex CutLess WaterShed File Folders 1 3 Cut Top Tab Letter Manila 100 Per Box,48434,22.69,5.5,,,506
dn7-walmart-amazonl_1700,Post-it Notes Professional Series Dispenser for 3 x 3 Self-Stick Pop-Up Notes BLK Base,PRO330,9.94,1.315,,,264
dn7-walmart-amazonl_1701,Smead Folders Front Interior Pocket Straight End Tab Letter Manila 50 Box,24117,45.94,3.103,,,461
dn7-walmart-amazonl_1702,Pendaflex Interior File Folders Top Tab 100 Box,421013BLA,20.94,5.656,,,
dn7-walmart-amazonl_1703,Cardinal HOLDit Self-Adhesive Multi-Punched Binder Insert Strips 25 Pack,21110,6.18,0.085,,,625
dn7-walmart-amazonl_1704,Pendaflex 15-Pocket Portafile Expanding Organizer Black,,16.88,,,,406
dn7-walmart-amazonl_1705,Marware MicroShell for iPad Black,602956006664,39.99,0.4,,10.5 x 8.0 x 0.6 inches,138
dn7-walmart-amazonl_1706,Pendaflex 25pk Hanging File Folder Tabs Clear White,4312,5.0,0.103,,,669
dn7-walmart-amazonl_1707,PaperPro Desktop EcoStapler 20 Sheet Capacity,1710,20.88,0.544,,,
dn7-walmart-amazonl_1708,Pendaflex Straight Cut Conversion Folders Letter Manila Box of 100,16640,33.94,8.35,,,545
dn7-walmart-amazonl_1709,Quality Park Redi-Seal Security Tinted Envelope White 500 Box,11218,46.94,6.327,,,
dn7-walmart-amazonl_1710,Boise ASPEN 50 Office Paper 8-1 2 5000 Sheets per Carton,55011,52.88,50,,,
dn7-walmart-amazonl_1711,Smead File Folders 1 2 Cut 1-Ply Top Tab Manila 100 Box,15320,34.05,7.664,,,
dn7-walmart-amazonl_1712,Black n Red Casebound Notebook Ruled White 96 Sheets Pad,D66174,8.27,1.615,,,
dn7-walmart-amazonl_1713,Quality Park Classic Style Invitation Envelope Contemporary White,36226,52.94,4.702,,,204
dn7-walmart-amazonl_1714,S J Paper MLA End Tab Classification Folder,S59720,64.94,6.173,,,232
dn7-walmart-amazonl_1715,Safco Stow And Go Cart Black,4054BL,49.0,7,,,305
dn7-walmart-amazonl_1716,Post-it Flags Dispenser Flags Assorted-Size Assorted Colors 340pk,DS420VA,24.94,1.297,,,505
dn7-walmart-amazonl_1717,TOPS Daily Attendance Card 8-1 2 x 11 50 Forms,3284,8.86,1.385,,,747
dn7-walmart-amazonl_1718,Kodak ESP 3250 All-in-One Printer Value Bundle,,58.0,,,,
dn7-walmart-amazonl_1719,Wintec Filemate 2Pack 4GB Micro SDHC Memory Card with SD Adapter Value Bundle,,12.0,,,,
dn7-walmart-amazonl_1720,Smead A-Z Indexed Expanding Files 21 Pockets Kraft Letter Brown,70121,12.47,1.519,,,378
dn7-walmart-amazonl_1721,Five Star 5-Subject Wirebound Trend Notebook Wide Rule Pink,,5.0,2,Five Star,10.5 x 9.5 x 1.125 inches,
dn7-walmart-amazonl_1722,Prismacolor Col-Erase Pencil with Eraser 12 pack,,6.47,,,,
dn7-walmart-amazonl_1723,Five Star 1-Subject Wirebound Wide Rule Trend Notebook Blue 5 pack,,9.5,1.042,,,
dn7-walmart-amazonl_1724,Dixie Heavyweight Plastic Forks 100ct,FH207,7.15,1.271,Dixie,9.2 x 7.3 x 1.8 inches,
dn7-walmart-amazonl_1725,BIC Round Stic Ball Pen Black 1-Dozen 3-Pack,,3.0,,,,
dn7-walmart-amazonl_1726,Guardian Ecoguard Indoor Rubber Wiper Mats 24 X 36 Charcoal,EG020304,23.97,6,Guardian,24.0 x 6.0 x 6.0 inches,34
dn7-walmart-amazonl_1727,HP TouchPad - Touchstone Charging Dock Stand,,35.0,,HP,,10
dn7-walmart-amazonl_1728,Scosche Convertible 6  Speaker Adapter,SA68,11.88,0.22,Scosche,8.0 x 6.0 x 0.5 inches,639
dn7-walmart-amazonl_1729,Kingston HyperX 4GB Kit 2 x 2GB DDR3 Desktop Memory Module,KHX1800C9D3K2/4G,83.99,0.24,Kingston,6.75 x 3.75 x 0.55 inches,
dn7-walmart-amazonl_1730,Maxell Multi-Colored Slim CD DVD Clamshells - 20 Pack,CD-355,5.88,1.1,Maxell,4.5 x 3.5 x 3.2 inches,
dn7-walmart-amazonl_1731,Seiko SLP-35L Slide Label,SLP-35L,14.88,0.18,Seiko,3.5 x 1.5 x 1.5 inches,
dn7-walmart-amazonl_1732,Patriot Memory 16GB LX Series SD Card High-Capacity,PSF16GSDHC10,49.98,0.05,PATRIOT,6.0 x 4.0 x 0.75 inches,
dn7-walmart-amazonl_1733,Da-Lite Deluxe Skirt Adapter Bracket for Fast Fold Screens,90751,6.99,0.5,Da-Lite,,153
dn7-walmart-amazonl_1734,Dell Series 11 Black Ink,330-0043,15.97,7,Dell,5.5 x 3.86 x 1.26 inches,
dn7-walmart-amazonl_1735,Magnetic Hook Black,WMMC-1,0.0,,Generic,4.409 x 2.519 x 1.22 inches,
dn7-walmart-amazonl_1736,Kimberly-Clark Professional Scott Recycled C-Fold Hand Towels 200 sheets 12 ct,2920,46.97,14.6,KIMBERLY-CLARK PROFESSIONAL,18.75 x 14.875 x 10.75 inches,
dn7-walmart-amazonl_1737,Belkin Sport Armband for iPod nano Black,F8Z514TT064,18.88,0.16,Belkin,5.2 x 4.0 x 1.5 inches,
dn7-walmart-amazonl_1738,Kodak White Paper CD DVD Sleeves 500 Pack,70554,16.99,9.38,Kodak,10.5 x 5.5 x 5.0 inches,61
dn7-walmart-amazonl_1739,rooCASE 2-Pack Capacitive Stylus for iPad 2 Tablet,218564,19.99,1,rooCASE,4.5 x 0.5 x 0.2 inches,
dn7-walmart-amazonl_1740,Comprehensive F Plug to BNC Plug Set of 25,FP-BP,59.75,0.1,Comprehensive,,
dn7-walmart-amazonl_1741,Maxell Juicy Tunes Earbuds Green,190242 JT-PU,9.88,1.2,Maxell,6.5 x 3.4 x 1.25 inches,
dn7-walmart-amazonl_1742,Scosche 1974-99 Chrysler Multi Kit With 1 CD Storage Pocket,CJ1278B,8.68,0.61,Scosche,9.25 x 5.75 x 4.0 inches,249
dn7-walmart-amazonl_1743,Vizio 32  Class LCD 720p 60Hz HDTV E320VL Refurbished,RBE320VL,287.0,25.6,Vizio,31.19 x 22.45 x 8.28 inches,
dn7-walmart-amazonl_1744,Pioneer DEH-44HD iPod HD,DEH-44HD,0.0,,Pioneer,9.996 x 9.504 x 4.5 inches,
dn7-walmart-amazonl_1745,Duracell Coppertop AA Batteries 6pk,4133300407,0.0,5.5,Duracell,4.5 x 3.0 x 0.83 inches,
dn7-walmart-amazonl_1746,Quartet Magnetic Shelf 11,48124,5.97,0.61,Quartet,11.0 x 2.75 x 2.0 inches,
dn7-walmart-amazonl_1747,BIC 0.9mm Mechanical Pencil 10 Ct. 3-Pack,,6.18,,,,
dn7-walmart-amazonl_1748,Bigelow Green Tea Assortment 64ct,30568,12.97,0.673,Bigelow,13.1 x 7.5 x 2.0 inches,
dn7-walmart-amazonl_1749,GE 3-Way Rocker Switch,18234,0.0,,General Electric,4.2 x 1.43 x 1.41 inches,
dn7-walmart-amazonl_1750,Boss Audio CX154DVC Chaos Exxtreme 15  DVC Subwoofer,CX154DVC,64.0,13.25,Boss,15.38 x 15.38 x 8.0 inches,
dn7-walmart-amazonl_1751,Maxell 630020 12x High-Speed Rewritable CD-RW - Single,630020,1.98,0.25,Maxell,6.7 x 5.0 x 0.5 inches,588
dn7-walmart-amazonl_1752,Comprehensive 25-Pin Male Connector with Hood Set of 25,DB25M,69.0,0.1,Comprehensive,,
dn7-walmart-amazonl_1753,Pendaflex Recycled Top Tab File Guides 25 Set,PN925,12.77,2.436,,,758
dn7-walmart-amazonl_1754,Dixie Heavyweight Knives 100ct,KH207,7.15,1.26,Dixie,8.0 x 5.7 x 2.5 inches,
dn7-walmart-amazonl_1755,Crucial Technology 64GB m4 2.5  SATA Solid State Drive Kit,CT064M4SSD2CCA,159.15,0.17,Crucial Technology,3.95 x 2.75 x 0.37 inches,
dn7-walmart-amazonl_1756,Dane-elec 16GB Capless USB Drive - Gray Silver,DA-ZMP-16G-CA-G2-R,21.67,0.1,DANE-ELEC,5.0 x 3.5 x 0.5 inches,
dn7-walmart-amazonl_1757,GE RG6 Coax Cable 6,33310,0.0,,GE,4.5 x 2.25 x 1.25 inches,
dn7-walmart-amazonl_1758,Fellowes GoRiser Laptop Elevator,8030401,21.88,1.4,Fellowes,15.0 x 12.25 x 0.5 inches,
dn7-walmart-amazonl_1759,Lenovo Black ThinkCentre M58 Desktop PC with Intel Core 2 Duo E7500 Processor 250GB Hard Drive and Windows 7 Professional,9960ALU,599.0,25,Lenovo,22.0 x 19.5 x 11.75 inches,
dn7-walmart-amazonl_1760,TOPS Docket Gold Spiral Steno Book Gregg Rule 6 White 100 Sheets,99708,5.77,0.739,TOPS BUSINESS FORMS,,
dn7-walmart-amazonl_1761,Buffalo Technology LinkStation Duo 1 TB 2 x 500 GB Network Attached Storage LS-WX1.0TL R1,LSWX10TLR1,192.63,5.1,Buffalo Technology,10.7 x 8.9 x 4.7 inches,
dn7-walmart-amazonl_1762,Targus CityGear 160 CD DVD Case,TDP017US,21.46,1.9,Targus,13.0 x 11.75 x 3.25 inches,
dn7-walmart-amazonl_1763,GhostLine Poster Kit,13833,0.0,,Generic,22.0 x 14.25 x 0.25 inches,
dn7-walmart-amazonl_1764,Lenovo Black IdeaCentre A700 4024-5FU All-in-One Desktop PC with Intel Core i3 Processor 23  HD LED Backlit Display Windows 7 Home Premium 64-bit,40245FU,979.0,32.6,Lenovo,29.6 x 24.1 x 12.16 inches,
dn7-walmart-amazonl_1765,Bower Micro Lens Cleaner for Small Digital Cameras,Bower SAPM,8.74,1,Bower,3.75 x 0.25 x 0.25 inches,
dn7-walmart-amazonl_1766,Mace 95dB Window Alarm,80202,5.24,0.5,Mace Security,9.0 x 4.65 x 1.8 inches,510
dn7-walmart-amazonl_1767,Oki 433244 Toner 5000 Page-Yield,43324420,100.0,1.144,OKI,,
dn7-walmart-amazonl_1768,Digipower DPS-601 3 Hour AA Rechargeable Battery Kit with 4 2100mAh Endure AA  Batteries,DPS601,25.88,0.7,DigiPower,8.0 x 7.5 x 2.0 inches,
dn7-walmart-amazonl_1769,Middle Atlantic HDR-4 External Fan Option,HDR-FAN,55.99,1.4,Middle Atlantic,,651
dn7-walmart-amazonl_1770,Cables To Go 6 USB 2.0 Cable,28102,4.9,0.2,Cables To Go,9.0 x 5.25 x 0.5 inches,
dn7-walmart-amazonl_1771,Lexmark C9202 Toner 14000 Page-Yield,C9202KH,288.86,6.4,Lexmark,,
dn7-walmart-amazonl_1772,Oki 4332440 High-Yield Toner Type C8 5000 Page-Yield,43324404,119.0,1.086,OKI,,542
dn7-walmart-amazonl_1773,Dixie Viridian Insulair EcoSmart 12 Ounce Hot Cups 30ct,VIRECO0112,9.37,1.3,Dixie,22.0 x 3.5 x 3.5 inches,
dn7-walmart-amazonl_1774,Crown Cross-Over Indoor Outdoor Olefin Poly Wiper Scraper Mat 36 X 60 Brown,CS0035BR,59.97,13,Crown,38.0 x 6.0 x 6.0 inches,433
dn7-walmart-amazonl_1775,Just Wireless MOTO Micro USB Car Charger with USB Port,3158,0.0,,Just Wireless,8.0 x 5.0 x 2.5 inches,
dn7-walmart-amazonl_1776,Sharp EL1192BL Printing Calculator,EL1192BL,37.63,2.85,Sharp,29.7 x 11.79 x 7.83 inches,
dn7-walmart-amazonl_1777,Panasonic KXFA132 Film Cartridge and Film Roll,KXFA132,49.84,2.781,Panasonic,,195
dn7-walmart-amazonl_1778,Walmart Family Mobile 3-line Package,,179.88,,,,
dn7-walmart-amazonl_1779,Elite Screens CineWhite CineTension2 Series 64 Overall Height Tension Electric Motorized Screen - 84 Diagonal,TE84VW2,637.0,28,Elite Screens,82.5 x 64.0 x 3.82 inches,
dn7-walmart-amazonl_1780,Tyvek Expansion Mailer,R4202,38.94,1.037,,,
dn7-walmart-amazonl_1781,Dell 15 Standard Yield Black Cartridge,Series 15 Black,18.97,0.1,Dell,3.74 x 2.68 x 1.42 inches,
dn7-walmart-amazonl_1782,Tablemate Plastic Dinnerware 12 Ounce Bowls 125pk,12244WH,20.97,2.26,,6.9 x 5.8 x 5.8 inches,
dn7-walmart-amazonl_1783,Hoyle Mahjongg PC Mac,21661,10.88,0.05,Encore,5.7 x 5.0 x 0.5 inches,
dn7-walmart-amazonl_1784,Dell SWITCH by Design Studio Lids Big Giant Plaid 17R,9VMV5,39.0,0.93,Dell,16.77 x 10.65 x 0.5 inches,39
dn7-walmart-amazonl_1785,BIC Triumph 537R Roller Pen 0.7mm Red 1-Dozen,RT5711-RED,15.29,0.31,BIC,5.5 x 2.75 x 1.44 inches,
dn7-walmart-amazonl_1786,Office Snax Bottled Spring Water 12ct,26,14.97,29,,14.5 x 11.0 x 9.0 inches,
dn7-walmart-amazonl_1787,Rubbermaid Commercial Brute Dome Top Swing Door Lid For Plastic Gray Waste Container 32 gal,263788GY,87.97,12,Rubbermaid Commercial,24.0 x 23.0 x 12.5 inches,
dn7-walmart-amazonl_1788,Plantronics VistaPlus Audio Processor,AP15,141.31,1.38,Plantronics,8.3 x 6.95 x 2.68 inches,
dn7-walmart-amazonl_1789,P3 International Kill-A-Watt Graphic Timer and Electricity Usage Monitor,P4480,69.95,0.6,P3 International Corporation,5.9 x 3.2 x 3.0 inches,695
dn7-walmart-amazonl_1790,Lathem Time VIS6008 Ribbon Purple,VIS6008,15.0,0.049,,,57
dn7-walmart-amazonl_1791,Crown Tire-Track Scraper Needlepunch Polypropylene Vinyl Mat 48 X 72 Gray,TE0046GY,124.97,23,Crown,50.0 x 6.5 x 6.5 inches,599
dn7-walmart-amazonl_1792,Cyber Acoustics Computer Stereo Silver Headset   Microphone,AC401,14.84,0.6,Cyber Acoustics,12.9 x 7.8 x 2.3 inches,462
dn7-walmart-amazonl_1793,Pioneer 5.25  2-Way Speakers 35W,TS-D1302R,136.0,4.35,Pioneer,13.3 x 6.7 x 4.2 inches,
dn7-walmart-amazonl_1794,Dixie Sage 3 Ounce Paper Water Cups 1200ct,45SCDX,42.97,5.08,Dixie,14.3 x 9.1 x 6.6 inches,
dn7-walmart-amazonl_1795,Vizio 42  Class LCD 1080p 60Hz HDTV E421VO,E421VO,498.0,43,Vizio,45.1 x 32.3 x 8.9 inches,
dn7-walmart-amazonl_1796,Cables Unlimited - 3.5mm 50 Male to Female Stereo Cable,AUD-1000-50,9.88,0.78,Cables Unlimited,15.5 x 13.0 x 10.5 inches,
dn7-walmart-amazonl_1797,VIZIO 55  Class LCD 1080p 240Hz HDTV XVT553SV Refurbished,XVT553SV,999.0,90.3,Vizio,52.18 x 35.06 x 12.9 inches,665
dn7-walmart-amazonl_1798,Innovera Eight-Digit Calculator,15920,5.75,0.22,INNOVERA,,
dn7-walmart-amazonl_1799,Five Star 1-Subject Wirebound Wide Rule Notebook Red 5 pack,,9.5,1.042,,,
dn7-walmart-amazonl_1800,TOPS Quadrille Pads 8-1 2 x 11 Green,35500,11.47,0.83,TOPS BUSINESS FORMS,,
dn7-walmart-amazonl_1801,Rubbermaid Commercial Blue Polyvinyl Alcohol Sponge Mop Head Refill,G781,8.29,0.526,Rubbermaid Commercial,11.0 x 3.0 x 2.5 inches,
dn7-walmart-amazonl_1802,HP 58 Photo Inkjet Print Cartridge C6658AN,C6658AN,28.88,0.2,HP,5.53 x 4.6 x 4.5 inches,674
dn7-walmart-amazonl_1803,IRISPen Express 6 USB Pen Scanner for PCs   Macs by IRIS,USOA400,109.82,1.16,IRIS,9.7 x 7.7 x 3.25 inches,540
dn7-walmart-amazonl_1804,SOLO Cup Company Centerpiece Mediumweight White Foam Dinnerware 9  Diameter 125 Pack,RS9CYW,13.97,2.41,SOLO,16.875 x 9.0 x 9.0 inches,
dn7-walmart-amazonl_1805,SanDisk 16GB SDHC Memory Card,SDSDB016GAW11,34.54,0.1,SanDisk,7.0 x 5.0 x 0.1 inches,
dn7-walmart-amazonl_1806,Energizer Lithium AAA Battery,EA92BP-8,21.0,1,Energizer,4.5 x 3.8 x 1.0 inches,
dn7-walmart-amazonl_1807,iPod touch 4 Fitted Case Tasty Cakes Pink,SPK-A0405,0.0,,Speck,7.5 x 4.375 x 0.56 inches,
dn7-walmart-amazonl_1808,Sentry Microbuds Earbuds HO243 Red,SENTRY MICROBUDS,10.0,0.1,Sentry,7.5 x 2.5 x 1.0 inches,
dn7-walmart-amazonl_1809,Da-Lite Da-Mat Tensioned Advantage Electrol - AV Format 8 x 10 diagonal,84374,3077.99,148,Da-Lite,,
dn7-walmart-amazonl_1810,Microsoft Comfort Optical Mouse 3000 Silver Blue,D1T00011,19.95,0.55,Microsoft,9.4 x 8.1 x 1.9 inches,
dn7-walmart-amazonl_1811,Fellowes Mouse Pad and Wrist Support Combination - Blue Gel,9182201,11.84,0.63,Fellowes,11.3 x 9.0 x 1.0 inches,
dn7-walmart-amazonl_1812,APC Essential SurgeArrest 7 outlet phone line protection 10 ft power cord P7T10,P7T10,15.88,2,APC,12.96 x 4.77 x 1.89 inches,
dn7-walmart-amazonl_1813,Xantech 283Tpd Designer Twin Plug Blink Emitter,283TPD,14.88,0.175,Xantech,5.5 x 5.0 x 1.5 inches,
dn7-walmart-amazonl_1814,Quartet Mail Organizer Shelf,48123,5.97,0.59,Quartet,10.25 x 7.0 x 0.75 inches,
dn7-walmart-amazonl_1815,Wilson Jones Super Heavy Weight Sheet Protector,21403,10.94,1.062,Wilson Jones,,
dn7-walmart-amazonl_1816,Lexmark E450H11A Toner 11000 Page-Yield Black,E450H11A,248.27,2.29,Lexmark,,
dn7-walmart-amazonl_1817,Avery Durable View Binder with 1  EZ-Turn Ring 3-Pack Bundle,,6.68,0.95,,,
dn7-walmart-amazonl_1818,HP Black Pavilion p6823wb Desktop PC Bundle with AMD Phenom II 521 Dual-Core Processor 20  WLED Monitor 1TB Hard Drive and Windows 7 Home Premium,p6823wb,498.0,35.6,HP,19.16 x 15.26 x 6.25 inches,
dn7-walmart-amazonl_1819,Boardwalk PVC Food Wrap Film,7204,19.49,9.5,,20.0 x 6.0 x 6.0 inches,
dn7-walmart-amazonl_1820,Lavazza Gran Filtro Italian Dark Roast Coffee 30ct,2431,55.97,5,Lavazza,15.0 x 7.0 x 5.5 inches,
dn7-walmart-amazonl_1821,Mach Speed 2GB MP3 Player CLD2PL Purple,ECLIPSECLD2PL,22.0,0.2,Mach Speed,5.6 x 3.9 x 0.4 inches,274
dn7-walmart-amazonl_1822,Comprehensive F Jack to Jack Barrel Chassis Mount Set of 25,F-BLCM,33.75,0.1,Comprehensive,,
dn7-walmart-amazonl_1823,Dart Plastic Vented Lids 1000ct,12JL,21.97,4.8,,18.63 x 13.5 x 7.5 inches,
dn7-walmart-amazonl_1824,Belkin F2N028-06-GLD Gold Series Monitor Replacement Cable,F2N028-06-GLD,7.88,0.35,Belkin,9.0 x 4.725 x 1.8 inches,
dn7-walmart-amazonl_1825,Philips 6-Outlet 3 Surge Protector,SPP3160C/17,0.0,,Philips,,
dn7-walmart-amazonl_1826,Dart 16 Ounce Foam Drink Cups 1000ct,16J16,64.97,14,,31.81 x 28.06 x 16.81 inches,
dn7-walmart-amazonl_1827,Casio Exilim EX-ZS10 14.1MP Digital Camera Black w 5x Optical Zoom 2.7  LCD Display,EX-ZS10BK,120.0,1.25,Casio,3.7 x 2.2 x 0.76 inches,
dn7-walmart-amazonl_1828,Kimberly-Clark Professional Scott C-Fold White Paper Towels 200 sheets 12 ct,1510,61.97,15,KIMBERLY-CLARK PROFESSIONAL,18.75 x 14.88 x 11.0 inches,
dn7-walmart-amazonl_1829,Viewsonic Pocket Camcorder Projector,3DV5,129.98,1,ViewSonic,13.5 x 8.74 x 2.48 inches,415
dn7-walmart-amazonl_1830,San Jamar Adjustable Frosted Water Cup Dispenser,C3165FBL,10.46,0.585,,16.5 x 4.25 x 3.75 inches,
dn7-walmart-amazonl_1831,Da-Lite Matte White Advantage Manual with CSR - AV Format 9 x 12 diagonal,85691,1355.99,108,Da-Lite,,
dn7-walmart-amazonl_1832,Arkon SGT-7SS Sun Shade for Samsung Galaxy Tab,SGT-7SS,16.88,0.25,Arkon,7.0 x 4.0 x 1.0 inches,
dn7-walmart-amazonl_1833,Scosche 1993-Up Select Subaru Power 4-Speaker Connector,SU03B,9.88,0.9,Scosche,6.0 x 4.0 x 0.5 inches,428
dn7-walmart-amazonl_1834,Guardian Ecoguard Indoor Rubber Wiper Mats 36 X 60 Charcoal,EG030504,55.97,11,Guardian,36.0 x 6.0 x 6.0 inches,577
dn7-walmart-amazonl_1835,Eco-Products Flat Compostable Cold Drink Cup Lids 1000ct,EPFLCC,81.97,7.5,,22.0 x 20.0 x 9.0 inches,
dn7-walmart-amazonl_1836,Sony LCMEMA B NEX Camera Case Black,LCMEMA/B,39.98,0.37,Sony,5.12 x 4.48 x 4.48 inches,
dn7-walmart-amazonl_1837,Startech HDMI to Mini HDMI Cable Adapter,HDMIACFM,14.98,0.04,StarTech,4.0 x 2.0 x 0.25 inches,5
dn7-walmart-amazonl_1838,Quartet Dry Erase Tile 5.5,48111,3.97,0.45,Quartet,14.0 x 5.5 x 0.5 inches,
dn7-walmart-amazonl_1839,Da-Lite Da-Mat Tensioned Advantage Electrol - AV Format 60 x 60,84367,2022.99,85,Da-Lite,,
dn7-walmart-amazonl_1840,Office Snax Starlight Mints Peppermint Hard Candy 2 lb,70019,8.69,2.321,,6.87 x 6.87 x 5.12 inches,
dn7-walmart-amazonl_1841,Belkin F2E9142-WHT-APL ADC To DVI Apple Monitor Adapter,F2E9142-WHT-APL,29.88,0.22,Belkin,8.1 x 4.14 x 1.602 inches,
dn7-walmart-amazonl_1842,Inland Pro USB Keyboard and Mouse Combo Set Black,70126,12.0,1.2,Inland,17.6 x 7.1 x 1.1 inches,
dn7-walmart-amazonl_1843,Imation 46157 DC6250 Data Cartridge,46157,38.88,0.6,Imation,5.85 x 3.83 x 0.68 inches,
dn7-walmart-amazonl_1844,Scosche iPhone iPod Retractable Car Charger,SISIPCRC,16.54,0.48,Scosche,8.25 x 5.0 x 2.25 inches,
dn7-walmart-amazonl_1845,Pioneer 6.5  3-Way Speakers 300W,TS-A1674R,90.88,3.85,Pioneer,14.5 x 7.5 x 3.7 inches,700
dn7-walmart-amazonl_1846,Canon PSC-4100 Deluxe Soft Case compatible with SX-30 Canon Camera,PSC-4100,22.99,0.45,Canon,5.1 x 3.1 x 2.2 inches,
dn7-walmart-amazonl_1847,Boise Fireworx Colored Cover Stock Paper 250 Sheets - Available in Various Colors,MP2651BE,10.47,6.001,Boise,,
dn7-walmart-amazonl_1848,SOLO Cup Company Bistro Design Hot Drink Cups 8oz 1000 ct,378SI,72.97,22,SOLO,17.19 x 16.25 x 13.125 inches,
dn7-walmart-amazonl_1849,SOLO Cup Company Plastic Lids with Tear Tab,LB3081,37.97,5.65,Solo,17.0 x 16.12 x 7.0 inches,
dn7-walmart-amazonl_1850,Innovera 7653 Compatible Ink 8000 Page-Yield Red,7653,54.1,0.289,INNOVERA,,47
dn7-walmart-amazonl_1851,TP-Link TL-ANT2405CL 2.4GHz 5dBi Indoor Omni-Directional Antenna,TL-ANT2405CL,8.88,0.4,TP Link,10.0 x 3.0 x 0.05 inches,582
dn7-walmart-amazonl_1852,Memorex Color Slim CD Jewel Cases - 100 Pack,3202-1990,29.88,8.53,Memorex,11.5 x 10.25 x 5.5 inches,
dn7-walmart-amazonl_1853,Sony 16GB Class 4 SD Memory Card,SF16N4/TQP,0.0,,Sony,6.1 x 4.92 x 0.354 inches,
dn7-walmart-amazonl_1854,Apple iPod nano 8GB Charcoal,MC688LL/A,134.54,0.2,Apple,2.2 x 2.2 x 1.7 inches,385
dn7-walmart-amazonl_1855,Da-Lite Deluxe Repair Kit for Fast Fold Frame,89875,348.99,10,Da-Lite,,713
dn7-walmart-amazonl_1856,BIC Ultra Round Stic Grip Ball Pen Green 1-Dozen 3-Pack,,6.75,,,,
dn7-walmart-amazonl_1857,Rubbermaid Commercial Blue Wastebasket Recycling Side Bin 4.75 qt,295073BE,9.49,0.635,Rubbermaid Commercial,11.75 x 10.75 x 7.25 inches,
dn7-walmart-amazonl_1858,Kensington Simply Portable 15.4  Neoprene Laptop Sleeve,K62561US,24.88,1,Kensington,15.5 x 12.2 x 2.25 inches,
dn7-walmart-amazonl_1859,Dixie Viridian Insulair EcoSmart 8 Ounce Hot Cups 30ct,VIRECO0108,3.59,0.97,Dixie,22.12 x 3.25 x 3.25 inches,
dn7-walmart-amazonl_1860,Chicago White Sox Pink iPhone 4 Hard Case,FVA4556,29.99,,Tribeca,,159
dn7-walmart-amazonl_1861,Innovera D2130B Black Compatible High-Yield Toner Print Cartridge,D2130B,58.9,0.361,INNOVERA,,252
dn7-walmart-amazonl_1862,Sony ZX Series Stereo Headphones White,MDRZX100/WHI,24.88,2,Sony,9.0 x 7.5 x 3.5 inches,
dn7-walmart-amazonl_1863,Lexar Media LJDFF2GBASBNA 2GB JumpDrive FireFly USB 2.0 Flash Drive,LJDFF2GBASBNA,13.88,0.5,Lexar Media,5.4 x 3.6 x 0.09 inches,333
dn7-walmart-amazonl_1864,Terk AM FM Amplified Stereo Antenna,TOWER,24.88,1.55,Terk,17.25 x 4.5 x 3.5 inches,
dn7-walmart-amazonl_1865,GE 3-Way Rocker Switch,18238,0.0,,General Electric,4.13 x 1.43 x 1.43 inches,
dn7-walmart-amazonl_1866,Samsung CLP-500RB OPC Drum,CLP-500RB,199.88,5,Samsung,12.83 x 7.65 x 6.53 inches,
dn7-walmart-amazonl_1867,PNY Technologies 16GB SDHC Card Class 4,P-SDHC16G4-EF,26.0,0.05,PNY,6.1 x 4.7 x 0.5 inches,
dn7-walmart-amazonl_1868,Q-SEE QSDB8209C 2.4 inches digital wireless monitoring system night vision and audio camera,QSDB8209C,129.82,5,Q-See,11.0 x 10.75 x 3.0 inches,515
dn7-walmart-amazonl_1869,Centon 16GB DataStick Pro USB Flash Drive 2-Pack Bundle,,42.0,,,,
dn7-walmart-amazonl_1870,Kensington Pro Fit Mobile Wireless Mouse with Nano Receiver Black K72366US,,23.88,,Kensington,,
dn7-walmart-amazonl_1871,iHome LifeTalks Foldable USB Headset - Blue,IH-H413UN,29.84,0.73,iHome,9.09 x 8.11 x 3.03 inches,
dn7-walmart-amazonl_1872,APC Home Office SurgeArrest 8 Outlet with Phone Splitter Protection 120V,P8T3,22.0,2.1,APC,14.4 x 5.6 x 2.4 inches,
dn7-walmart-amazonl_1873,TDK 5-Pack 2.4x DVD R DL,48629,13.98,0.95,TDK,5.5 x 5.0 x 2.0 inches,
dn7-walmart-amazonl_1874,Red Eye Def Budz,SL1003,14.73,0.4,Sakar,5.5 x 3.12 x 1.12 inches,554
dn7-walmart-amazonl_1875,TP-Link TL-ANT2409B 2.4GHz 9dBi Outdoor Directional Antenna,TL-ANT2409B,27.88,1.3,TP Link,10.24 x 6.5 x 2.76 inches,520
dn7-walmart-amazonl_1876,Safco Tuff Truck Black Enamel Economy Truck 400lb Capacity,4071,112.97,28,Safco Products,51.5 x 16.0 x 14.75 inches,
dn7-walmart-amazonl_1877,ivina BulletScan F600 Flatbed Scanner,F6002160,798.0,26,IVINA,28.0 x 20.0 x 14.0 inches,387
dn7-walmart-amazonl_1878,Audiovox XMP3HP Headphone with Built in Antenna for Pioneer XMP3,XMP3HP,54.88,0.45,Audiovox,9.9 x 7.2 x 1.13 inches,
dn7-walmart-amazonl_1879,Case Logic Urban Simplicity Laptop Backpack,120463,31.99,2.37,Case Logic,17.5 x 12.5 x 6.5 inches,
dn7-walmart-amazonl_1880,Rubbermaid Commercial Square Gray Brute Lid,352700GY,16.49,2.8,Rubbermaid Commercial,24.25 x 22.125 x 2.0 inches,
dn7-walmart-amazonl_1881,ACase iPad 2-Piece Case with Holder,IPD3101-2,39.88,1.02,Limited Luxury,9.5 x 7.5 x 0.4 inches,
dn7-walmart-amazonl_1882,Michigan Wolverines iPhone 3G Silicone Cover,FVA2158,19.99,,Tribeca,,233
dn7-walmart-amazonl_1883,Prince of Persia PC,21191,10.88,0.1,Encore,6.0 x 5.25 x 0.9 inches,84
dn7-walmart-amazonl_1884,Universal Manila File Jackets with Reinforced Tabs 2 Exp. Letter,,29.59,5.93,UNIVERSAL PRODUCTS,12.25 x 10.31 x 5.94 inches,687
dn7-walmart-amazonl_1885,Avery 600pk High-Visibility Round Laser Labels White,5293,12.54,0.667,Avery,,644
dn7-walmart-amazonl_1886,Balt Flipper Rectangular Training Table Top Teak,89775,359.0,65,Balt,60.0 x 24.0 x 1.25 inches,
dn7-walmart-amazonl_1887,Philips ViBe 4GB MP3 Video Player,SA2VBE04KC/17,39.98,0.9,Philips,6.9 x 4.7 x 1.2 inches,
dn7-walmart-amazonl_1888,Logitech Wireless Mouse Dark Fleur,910001898,27.82,0.4,Logitech,7.9 x 5.3 x 2.6 inches,297
dn7-walmart-amazonl_1889,Chief Manufacturing Escutcheon Ring,,11.2,0.1,Chief Manufacturing,,
dn7-walmart-amazonl_1890,Lenovo 2GB DDR3 1333MHz SoDIMM SDRAM Notebook Memory Module,55Y3710,37.92,0.1,Lenovo,7.0 x 2.5 x 1.0 inches,
dn7-walmart-amazonl_1891,Cables Unlimited 2.4GHz Wireless Indoor Outdoor Stereo Speaker with Remote and Dual Power Transmitter Black,SPK-24GX,148.0,9.77,Cables Unlimited,14.96 x 13.98 x 7.09 inches,201
dn7-walmart-amazonl_1892,Lenovo Gray 15.6  IdeaPad Y560-064652YU Laptop PC with Intel Core i5-460M Processor Windows 7 Home Premium,064652U,788.0,9,Lenovo,17.9 x 13.2 x 5.4 inches,
dn7-walmart-amazonl_1893,EVGA GeForce 8400 GS 1GB DDR3 PCI Express 2.0 Graphics Card,01G-P3-1302-LR,44.99,0.65,EVGA,11.3 x 7.7 x 2.0 inches,239
dn7-walmart-amazonl_1894,JustMobile Xtand Go Flexible Car Mount for iPhone 3 3G 4,ST-169A,49.73,0.45,Macsense,6.0 x 4.0 x 2.0 inches,
dn7-walmart-amazonl_1895,Q-See QT426 16-Channel Digital Video Recorder,QT426-5,612.24,7.85,Q-See,15.5 x 13.0 x 5.2 inches,434
dn7-walmart-amazonl_1896,Diamond Crystal Pepper Packets 3000ct,14462,12.49,2,Diamond Crystal,12.0 x 12.0 x 4.0 inches,
dn7-walmart-amazonl_1897,StarTech 20 DisplayPort Cable with Latches M M,DISPLPORT20L,44.0,1.06,StarTech,12.99 x 9.92 x 0.39 inches,
dn7-walmart-amazonl_1898,StarTech 4 Drive 3.5  Trayless Hot Swap SATA Mobile Rack Backplane,HSB430SATBK,104.0,4.16,StarTech,10.0 x 8.6 x 7.5 inches,
dn7-walmart-amazonl_1899,Panasonic KX-FATC506 High Yield Cyan Toner Cartridge,KX-FATC506,89.84,0.88,Panasonic,13.7 x 2.3 x 1.6 inches,479
dn7-walmart-amazonl_1900,SANYO 46  Class LCD 1080p 60Hz HDTV DP46841,DP46841,578.0,50.15,Sanyo,43.88 x 29.38 x 10.63 inches,
dn7-walmart-amazonl_1901,Inland Pro Dual LCD Monitor Arm Black,5321,89.0,17.6,Inland,32.7 x 17.7 x 6.2 inches,539
dn7-walmart-amazonl_1902,Solo 15.4  Rolling Laptop Portfolio Black,B100SOLO,58.88,6.35,Solo,17.0 x 14.0 x 4.0 inches,
dn7-walmart-amazonl_1903,Microsoft Laptop Roller Bag Destination,39203,102.88,7,Microsoft,18.8 x 13.6 x 4.8 inches,220
dn7-walmart-amazonl_1904,Peerless Paramount Universal Tilting LCD Plasma Wall Mount 32 to 60 Screens,,89.99,11,Peerless,,412
dn7-walmart-amazonl_1905,OCZ Technology 110GB RevoDrive PCI Express Solid State Drive,OCZSSDPX1RVD110,429.99,0.23,OCZ Technologies,7.13 x 4.92 x 0.85 inches,
dn7-walmart-amazonl_1906,APC Performance SurgeArrest 11 Outlet with Phone Splitter and Coax Protection 120V,P11VT3,27.88,2.9,APC,14.0 x 7.6 x 2.4 inches,
dn7-walmart-amazonl_1907,Corsair CMX4GX3M2A1600C8 XMS3 4 GB PC3-12800 Core i5 Memory Kit,CMX4GX3M2A1600C8,69.82,0.24,Corsair,6.5 x 5.25 x 0.25 inches,263
dn7-walmart-amazonl_1908,Middle Atlantic Designer Inspired Ultra Quiet Fan Panel,UQFP-4DRA,525.0,5,Middle Atlantic,,79
dn7-walmart-amazonl_1909,Verbatim 95137 16x DVD-R Media,95137,19.98,1.95,Verbatim,4.86 x 4.86 x 3.06 inches,
dn7-walmart-amazonl_1910,Sigma 18-250mm Zoom Lens for Nikon Digital SLR Cameras 880306,880306,478.0,1.39,Sigma,4.0 x 3.1 x 3.1 inches,
dn7-walmart-amazonl_1911,Draper Matte White Salara Plug and Play Electric Screen - AV Format 72 x 96,136079,798.45,40,Draper,,
dn7-walmart-amazonl_1912,Draper Matte White Luma with AutoReturn Manual Screen - 100 diagonal NTSC Format,207118,186.55,20,Draper,,
dn7-walmart-amazonl_1913,Draper High Contrast Grey Salara Series M Manual Screen - 92 diagonal HDTV Format,137056,366.99,41,Draper,,
dn7-walmart-amazonl_1914,Draper AT Grey Targa Acoustically Transparent Screen - 108 diagonal Widescreen Format,116236,2965.95,62,Draper,,
dn7-walmart-amazonl_1915,Targus Sport Notebook Backpack,,29.97,,Targus,,
dn7-walmart-amazonl_1916,Mohawk Color Copy 100 Percent Recycled Paper 8-1 2 Ream of 500 Sheets,54301,11.47,7.228,Mohawk,,
dn7-walmart-amazonl_1917,NXG NX-3DGLRK 3D Active Small Rechargable Glasses for LG and Hisense,NX-3DGLRK,77.88,0.35,NXG,7.0 x 5.0 x 2.5 inches,
dn7-walmart-amazonl_1918,Dell Mercury Silver Inspiron One iO2305-1109MSL All-In-One Desktop PC with AMD II Athlon X2 240e Processor 1TB Hard Drive 23  Multi-touch Monitor and Windows 7 Home Premium,Dell All-in-One,748.0,29.15,Dell,27.01 x 21.89 x 9.13 inches,
dn7-walmart-amazonl_1919,Creative Labs D100 Speakers Green,MF8090AA004,79.99,2.9,Creative Labs,15.6 x 5.6 x 5.3 inches,171
dn7-walmart-amazonl_1920,Stanley Bostitch Quiet Sharp 6 Commercial Desktop Electric Pencil Sharpener Blue,EPS10HC,37.57,4.106,Stanley Bostitch,,
dn7-walmart-amazonl_1921,BALT Fold-N-Stow Workstation Teak Silver,89904,164.94,59,Balt,41.75 x 29.75 x 19.875 inches,
dn7-walmart-amazonl_1922,Avery Postage Meter Labels for Personal Post Office E700 1-3 16 x 6 White 60 Pack,5289,9.54,0.219,Avery,,721
dn7-walmart-amazonl_1923,HP Officejet 7500A Wide Format e-All-in-One Printer w ePrint Mobile Printing   Airprint,HP Officejet 7500,249.98,30.8,HP,23.86 x 16.77 x 11.54 inches,
dn7-walmart-amazonl_1924,Accell Premium Series 10 USB 3.0 A B Cable,A111B-010B,13.88,0.4,Accell,9.8 x 2.8 x 1.9 inches,
dn7-walmart-amazonl_1925,Antec New Solution VSK-2000 Chassis,VSK2000,55.2,14.5,ANTEC,21.9 x 20.6 x 10.8 inches,
dn7-walmart-amazonl_1926,Inland ProHT Film Screen Protector for iPad,8562,14.99,0.3,Inland,12.2 x 7.9 x 2.0 inches,
dn7-walmart-amazonl_1927,ioSafe Rugged 500GB USB 3.0 Portable External Hard Drive,PA50500U5YR,299.98,1,IOSAFE,10.0 x 8.0 x 3.0 inches,164
dn7-walmart-amazonl_1928,Kingwin Mobile Rack Storage Bay Adapter,KF-251-BK,27.88,1.02,Kingwin,7.0 x 5.0 x 2.0 inches,437
dn7-walmart-amazonl_1929,Serif Craft Artist Scrapbooks,CASBUSMBRT,28.88,0.8,Serif  Inc,7.6 x 5.6 x 1.6 inches,
dn7-walmart-amazonl_1930,Targus iPad Deluxe Zierra Case and Accessory Bundle Black,BUS0250,79.99,2,Targus,11.13 x 8.75 x 2.0 inches,455
dn7-walmart-amazonl_1931,XFX ATI Radeon 5670 HD PCI-Express 1GB DDR3 Graphics Card,HD567XZNL3,91.88,1,XFX,10.5 x 7.0 x 2.0 inches,44
dn7-walmart-amazonl_1932,HP 56 Black Inkjet Cartridge C6656AN,C6656AN,23.97,0.2,HP,5.53 x 4.6 x 4.5 inches,
dn7-walmart-amazonl_1933,Epson T060320 Ink Cartridge Magenta,T060320,16.84,0.15,Epson,5.6 x 4.4 x 0.8 inches,
dn7-walmart-amazonl_1934,Seagate BlackArmor NAS 440 is a 4TB Network Attached Storage Server,,599.0,,Seagate,,574
dn7-walmart-amazonl_1935,Comprehensive Wallplate with VGA Stereo Mini S-Video and 5 RCA Connectors,WP-2100-E-P-AC,77.6,0.5,Comprehensive,,
dn7-walmart-amazonl_1936,V7 M42N01-7N 2.4 GHz Wireless Laser Mouse with stoable Nano Receiver,M42N01-7N,24.84,1.5,V7,7.65 x 5.625 x 2.7 inches,
dn7-walmart-amazonl_1937,Kingston KTH-MLG4 2G 2GB DDR2 240-pin SDRAM Server Memory Module,KTH-MLG4/2G,55.92,0.15,Kingston,6.03 x 3.6 x 0.18 inches,
dn7-walmart-amazonl_1938,Jaton VIDEO-PX558-DT GeForce 8400 GS Graphics Card,VIDEO-PX558-DT,72.82,0.85,Jaton,7.2 x 6.6 x 2.7 inches,
dn7-walmart-amazonl_1939,Epson S041667 Premium Glossy Photo Paper,S041667,45.2,1.9,Epson,10.17 x 7.92 x 0.45 inches,374
dn7-walmart-amazonl_1940,Ambir DS490-AS ImageScan Pro 490i Duplex ID Card   Document Scanner,DS490-AS,307.54,3,Ambir,15.0 x 9.0 x 4.6 inches,
dn7-walmart-amazonl_1941,Draper M1300 Cineperm Fixed Frame Screen - 100 diagonal NTSC Format,250014,388.25,27,Draper,,
dn7-walmart-amazonl_1942,Syba Internal PCI 4-Port SATA Controller Card,SD-89300656,23.82,0.52,SYBA Multimedia,7.0 x 5.5 x 1.5 inches,
dn7-walmart-amazonl_1943,Kenwood 6  5-Way Performance Series Flush Mount Speakers 500 Watts,KFC-6993PS,84.99,9.8,Kenwood,9.0 x 6.0 x 3.0 inches,250
dn7-walmart-amazonl_1944,Lexmark Pinnacle Pro901 Wireless-N All-in-One Printer Scanner Copier Fax,Lexmark Pro901,199.99,26.6,Lexmark,18.31 x 15.42 x 9.83 inches,
dn7-walmart-amazonl_1945,Startech 2.5in SuperSpeed USB 3.0 SATA Hard Drive Enclosure SAT2510BU3,SAT2510BU3,27.98,0.5,StarTech,7.0 x 5.3 x 1.6 inches,
dn7-walmart-amazonl_1946,Verbatim 1TB MediaShare Home Network Storage Server,97159,109.98,5,Verbatim,11.7 x 8.9 x 4.0 inches,51
dn7-walmart-amazonl_1947,Chief Manufacturing Adjustable Dual Plasma LCD Display Floor Stand Stand Only  30 - 50 Screens,,700.99,206,Chief Manufacturing,91.0 x 43.0 x 36.0 inches,
dn7-walmart-amazonl_1948,HP In-Ear Stereo Headset,HP VP052AA#ABA,14.88,0.15,HP,1.13 x 0.88 x 0.5 inches,
dn7-walmart-amazonl_1949,BIC Ecolutions Mechanical Pencil 0.7mm Black 24-count,MPEP241-BLK,7.29,0.33,BIC,7.5 x 4.1 x 1.3 inches,244
dn7-walmart-amazonl_1950,SKB Cases Roto X Shipping Case in Gray without Foam 21 H x 37.25 W x 21 D Interior,3SKB-X3722-21,584.99,53,SKB Cases,39.5 x 24.25 x 23.88 inches,
dn7-walmart-amazonl_1951,Incipio iPod Touch 4G Feather Hard Shell Case Matte Black,IP-909,23.75,1,INCIPIO,4.6 x 2.5 x 0.2 inches,572
dn7-walmart-amazonl_1952,PC Treasures ClickIt Classic Mouse Black,7667,16.8,0.25,PC Treasures,4.5 x 2.5 x 1.5 inches,321
dn7-walmart-amazonl_1953,StarTech 3-Port 2b 1a 1394 Mini PCI Express FireWire Card Adapter,MPEX1394B3,69.0,0.35,StarTech,8.3 x 5.75 x 1.85 inches,491
dn7-walmart-amazonl_1954,Dell Piano Black Inspiron 620 i620-9994NBk Desktop PC Bundle with Intel Core i5-2310 Processor 1TB Hard Drive 24  LCD Monitor and Windows 7 Home Premium,Dell Inspiron 620,798.0,40,Dell,28.44 x 20.25 x 17.25 inches,
dn7-walmart-amazonl_1955,Post-it Pop-up Notes Super Sticky Super Sticky Pop-Up Notes 3 x 3 Tropical 10 90-Sheet Pads Pack,R33010SST,15.94,0.91,,,
dn7-walmart-amazonl_1956,Post-It Super Sticky Color-Coding Labels 2700-W,2700-W,10.48,0.48,POST-IT,12.3 x 9.6 x 0.25 inches,
dn7-walmart-amazonl_1957,Wilson Jones Basic Vinyl Round Ring Binder,36834NBL,6.79,0.907,Wilson Jones,,135
dn7-walmart-amazonl_1958,MMF Industries Self-Adhesive Currency Straps,216070C08,9.2,0.994,,,
dn7-walmart-amazonl_1959,Da-Lite Da-Plex Deluxe Rear Projection Screen - 78 x 139 HDTV Format,27573,7452.99,621,Da-Lite,,
dn7-walmart-amazonl_1960,Nikon Speedlight SB700 Electronic Flash for D7000,SB700,329.0,2.05,Nikon,5.0 x 4.1 x 2.8 inches,282
dn7-walmart-amazonl_1961,Arkon Mini Friction Dashboard Windshield Cell Phone Mount,SM512,18.97,1.85,Arkon,9.5 x 8.0 x 2.5 inches,
dn7-walmart-amazonl_1962,StarTech 1 Slim 3.5mm to Right Angle Stereo Audio Cable M M,MU1MMSRA,7.88,0.03,StarTech,8.78 x 4.96 x 0.39 inches,
dn7-walmart-amazonl_1963,Human Toolz 3-in-1 Netbook Pad Galaxy Black Champagne,3N1MGC,9.88,0.16,Human Toolz,8.86 x 5.31 x 0.04 inches,494
dn7-walmart-amazonl_1964,Just Mobile Aluminum Slide Stand for iPad Silver,ST-828,49.88,0.92,Macsense,6.0 x 4.25 x 2.25 inches,
dn7-walmart-amazonl_1965,3M Porcelain Whiteboard 8 x4 Aluminum Frame,,710.99,56,3M,,
dn7-walmart-amazonl_1966,Cables Unlimited 15 USB 2.0 A to B Cable Clear,USB-5010-05M,8.88,0.5,Cables Unlimited,180.0 x 5.0 x 1.0 inches,368
dn7-walmart-amazonl_1967,Chief Manufacturing Universal Dual Swing Arm LCD Wall Mount in Silver 26 - 40 Screens,,199.2,15.8,Chief Manufacturing,20.375 x 14.6875 x 12.125 inches,
dn7-walmart-amazonl_1968,Chief Manufacturing Fusion Large Tilt Wall Mount 37 - 63 Screens,,159.2,21.15,Chief Manufacturing,,
dn7-walmart-amazonl_1969,Velcro 12  Memo Board,91655,9.88,0.95,Velcro,12.0 x 12.0 x 0.5 inches,
dn7-walmart-amazonl_1970,ZIP-LINQ Retractable 4Pin to 4Pin Firewire Cable,ZIP-1394-C08,9.88,0.25,Zip-Linq,11.25 x 9.45 x 7.0 inches,
dn7-walmart-amazonl_1971,Philips 7-Outlet Power Strip White 3,SPS1070A/17,0.0,,Genuine Phillips,,
dn7-walmart-amazonl_1972,SanDisk 8GB microSDHC Memory Card,SDSDQ008GA11M,24.88,0.2,SanDisk,6.0 x 4.8 x 0.4 inches,
dn7-walmart-amazonl_1973,ioSafe Solo - 1 TB Fireproof Waterproof External Hard Drive includes 1k Disaster Recovery Service,SL1000GBUSB20,199.58,17,IOSAFE,17.0 x 10.0 x 8.0 inches,409
dn7-walmart-amazonl_1974,ASUS 24  Class Full-HD 1080p LCD Monitor VW246H,VW246H,199.0,16.95,Asus,25.16 x 18.6 x 7.25 inches,
dn7-walmart-amazonl_1975,PC Treasures PocketPro 11.6  Netbook Case Red,7068,15.88,0.75,PC Treasures,12.5 x 9.5 x 1.25 inches,365
dn7-walmart-amazonl_1976,Swann Alpha D5 - AIO 19  H.264 4 Channel Security Camera DVR,SWA49-D5,749.54,17.6,Swann,17.4 x 15.0 x 7.7 inches,63
dn7-walmart-amazonl_1977,HP ED493UT Smart Auto Power Adapter,ED493UT,97.88,1.3,HP,8.5 x 7.9 x 1.3 inches,
dn7-walmart-amazonl_1978,Brother TZ232 Laminated Tape Cartridge,TZ232,19.88,0.15,Brother,6.12 x 3.87 x 0.99 inches,
dn7-walmart-amazonl_1979,Iomega 1TB Ego Desktop USB 2.0 Portable Hard Drive - Midnight Blue,34837,89.98,3,Iomega,9.0 x 6.0 x 2.5 inches,
dn7-walmart-amazonl_1980,Sony MDRAS30G Sport Headphones - Behind The Neck,MDRAS30G,19.88,0.45,Sony,9.2 x 7.2 x 2.0 inches,
dn7-walmart-amazonl_1981,HP 82 High-Capacity Black Inkjet Cartridge CH565A,HP CH565A,39.88,1,HP,6.18 x 4.69 x 1.65 inches,
dn7-walmart-amazonl_1982,PC Treasures SlipIt 15.6  Laptop Case Green,7316,15.6,1.5,PC Treasures,15.0 x 10.0 x 1.0 inches,
dn7-walmart-amazonl_1983,Incipio Smart Feather for Apple iPad 2 Lime,IPAD-228,33.25,1,INCIPIO,9.5 x 7.5 x 0.2 inches,85
dn7-walmart-amazonl_1984,Gear Head Dual Laptop Cooling Fan CF3000U,CF3000U,15.0,6.96,Gear Head,17.32 x 10.99 x 2.72 inches,28
dn7-walmart-amazonl_1985,Avery Address Inkjet Label Clear 750ct,58660,0.0,,Avery,12.0 x 1.0 x 1.0 inches,
dn7-walmart-amazonl_1986,Eaton 3S750 UPS 750VA,3S750,86.88,11.18,Eaton,16.25 x 9.0 x 5.25 inches,
dn7-walmart-amazonl_1987,iLuv iCC790BLK Universal Windshield Smartphone Mount Kit Black,iCC790BLK,24.88,0.2,iLuv,6.1 x 6.0 x 3.2 inches,
dn7-walmart-amazonl_1988,Stanley Bostitch 00540 AntiJam Extra Heavy-Duty Stapler 215-Sheet Capacity Black,540,65.0,3.647,Stanley Bostitch,,
dn7-walmart-amazonl_1989,Avery NoteTabs 3 Cool Assortment Perforated 12-Pack,,6.75,,Avery,,
dn7-walmart-amazonl_1990,Avery 2  Durable View Binder Black,17548,5.47,1.4,Avery,11.625 x 11.01 x 3.001 inches,
dn7-walmart-amazonl_1991,Cocoon Innovations 11  Neoprene iPad Netbook Case Gray,CNS360GY,34.99,1.4,COCOON INNOVATIONS,14.0 x 9.0 x 1.75 inches,
dn7-walmart-amazonl_1992,Wintec FileMate 4GB SDHC Secure Digital Flash Memory Card,3FMSD4GB-R,7.99,0.14,Wintec,5.25 x 4.13 x 0.63 inches,597
dn7-walmart-amazonl_1993,Link Depot 10 Ethernet Enhanced CAT6 Networking Cable Red,C6M-10-RDB,4.68,0.85,Link Depot,12.0 x 7.5 x 0.5 inches,
dn7-walmart-amazonl_1994,Link Depot 10 Gold Plated HDMI to HDMI Micro High Speed HDMI Cable with Ethernet,HDMI-10-MICRO,7.98,0.85,Link Depot,8.0 x 6.5 x 1.0 inches,
dn7-walmart-amazonl_1995,Epson 2000 Hours UHE Replacement Projector Lamp V13H010L38,V13H010L38,291.84,0.6,Epson,5.6 x 5.5 x 5.0 inches,
dn7-walmart-amazonl_1996,Da-Lite Silver Matte Model C Manual Screen - 6 x 8 AV Format,90543,420.45,52,Da-Lite,,
dn7-walmart-amazonl_1997,D-Link DGS-1005G 5-Port Gigabit Desktop Switch,DGS1005G,27.88,1.1,D-Link,10.0 x 8.3 x 2.8 inches,36
dn7-walmart-amazonl_1998,Samsung 22  Class LCD 1080p  60Hz HDTV LN22D450,LN22D450,224.0,14.65,Samsung,21.4 x 15.6 x 6.8 inches,
dn7-walmart-amazonl_1999,SIIG Wireless Ultra-Slim Multimedia Mini Keyboard,JK-WR0612-S1,30.88,1.1,SIIG,12.3 x 6.5 x 0.8 inches,
dn7-walmart-amazonl_2000,Bower SS2477 Digital Wrist Strap Grey,RELAUNCH SS2477G,7.98,0.05,Bower,4.5 x 4.4 x 4.0 inches,310
dn7-walmart-amazonl_2001,Mukii TIP-230U2-BK 2.5  SATA to USB 2.0 Portable Hard Drive Aluminum Enclosure Black,TIP-230U2-BK,11.98,0.05,MUKii,7.0 x 4.14 x 2.0 inches,
dn7-walmart-amazonl_2002,HP Color LaserJet 4600 Smart Print Cartridge Magenta,C9723A,234.84,4.2,HP,12.0 x 6.0 x 4.0 inches,
dn7-walmart-amazonl_2003,Olympus Zuiko 8mm f3.5 Digital Fisheye Lens,261010,721.54,1.7,Olympus,7.0 x 5.0 x 4.75 inches,
dn7-walmart-amazonl_2004,Pioneer CDx-P680 6-Disc CD Changer,CDX-P680,218.0,7.5,Pioneer,13.75 x 10.0 x 8.0 inches,
dn7-walmart-amazonl_2005,MEM 1GB 1333MHz DDR3 Non-ECC CL9,,14.92,,Kingston,,
dn7-walmart-amazonl_2006,Cables Unlimited USB 2.0 7 Port Hub With Power,USB-1870,27.0,0.35,Cables Unlimited,9.2 x 3.3 x 2.2 inches,745
dn7-walmart-amazonl_2007,Flip Ultra U1120 White Camcorder 2 Hour Recording Time 4GB 2nd Generation,U1120W,109.0,0.85,Flip Video,4.25 x 2.19 x 1.17 inches,77
dn7-walmart-amazonl_2008,rooCASE 2 in 1 Capacitive Stylus   Ballpoint Pen for iPad 2 Tablet,219943,15.99,0.3,rooCASE,4.75 x 0.2 x 0.2 inches,
dn7-walmart-amazonl_2009,EDGE 1GB 1X1GB PC25300 ECC UNBUFFERED 240 PIN DDR2 DIMM,PE197780,26.82,0.25,EDGE,9.0 x 6.0 x 3.0 inches,
dn7-walmart-amazonl_2010,Draper Glass Beaded Ultimate Access Series E Electric Screen  - AV Format 9 x 9,119036,2399.45,152,Draper,,
dn7-walmart-amazonl_2011,Sumdex NeoMetro Route Brief for 17  MacBook Pro,154678,55.99,3.68,Sumdex,16.25 x 12.25 x 2.25 inches,
dn7-walmart-amazonl_2012,Kimberly-Clark Professional Wypall L30 Wipers 90 sheets 12 ct,5812,59.97,17,KIMBERLY-CLARK PROFESSIONAL,22.25 x 12.563 x 12.375 inches,
dn7-walmart-amazonl_2013,Xantech 29110Dbkit Designer Hidden Link Infrared Kit Black,29110DBKIT,56.88,1.15,Xantech,6.2 x 5.55 x 3.3 inches,245
dn7-walmart-amazonl_2014,Storm 2306 Case with Foam Olive Drab,IM2306-30001,97.88,6,Storm,18.6 x 9.1 x 7.1 inches,
dn7-walmart-amazonl_2015,Kimberly-Clark Professional Scott Slimroll Hand Towel System White,10442,44.97,5,KIMBERLY-CLARK PROFESSIONAL,14.125 x 12.5 x 7.875 inches,
dn7-walmart-amazonl_2016,Asus Blue 10.1  1015B-MU17-BU Netbook PC with AMD C30 Processor and Windows 7 Starter,1015B-MU17-BU,278.0,4.16,Asus,12.0 x 10.0 x 2.5 inches,196
dn7-walmart-amazonl_2017,Crown Ecoplus Mat 4 X 6 Charcoal,ECR046CH,144.97,20,Crown,50.0 x 6.5 x 6.5 inches,351
dn7-walmart-amazonl_2018,Wintec FileMate 4GB CompactFlash Memory Card,3FMCF4GB-R,15.98,0.24,Wintec,5.25 x 4.13 x 0.63 inches,
dn7-walmart-amazonl_2019,HON Metal Bookcase 34-1 2w x 12-5 8d x 81-1 8h,S82ABCP,369.0,97,HON,81.125 x 34.5 x 12.625 inches,227
dn7-walmart-amazonl_2020,Da-Lite Da-Plex Deluxe Rear Projection Screen - 96 x 96 AV Format,27557,6426.99,544,Da-Lite,,
dn7-walmart-amazonl_2021,Crown Cushion-Step Rubber Mat 36 X 72 Marbleized Black,CU3672BK,194.97,18,Crown,38.0 x 6.0 x 6.0 inches,
dn7-walmart-amazonl_2022,PC Tools Spyware Doctor 2011 1year User 3 PCs for Pc,21072828,17.82,0.15,Symantec,8.0 x 5.04 x 1.03 inches,
dn7-walmart-amazonl_2023,Minnesota Vikings Camera Case,FVA3052,19.99,,Tribeca,,
dn7-walmart-amazonl_2024,Logitech N315 Lapdesk,N315,24.88,2,Logitech,15.0 x 11.0 x 1.0 inches,163
dn7-walmart-amazonl_2025,MSI N570GTX Graphics Card,N570GTXM2D12D5O,393.99,3.2,MSI,13.8 x 10.5 x 3.3 inches,
dn7-walmart-amazonl_2026,Canon 8367A001AA BCI-1421 Black Ink Tank For image PROGRAF W8200Pg Large Format Printer,8367A001AA,149.0,1.15,Canon,4.75 x 4.5 x 1.0 inches,
dn7-walmart-amazonl_2027,JWin iLuv Premium Earphones Pink,IEP505PNK,26.88,9.92,iLuv,8.35 x 4.41 x 1.97 inches,
dn7-walmart-amazonl_2028,Acer Iconia Tablet Bluetooth Keyboard,A500K01,49.0,0.8,Acer,6.57 x 2.36 x 2.17 inches,329
dn7-walmart-amazonl_2029,Toshiba 55  Class LCD 1080p 120Hz HDTV 55G310U,55G310U,899.0,90.39,Toshiba,52.28 x 33.49 x 4.09 inches,219
dn7-walmart-amazonl_2030,Energizer ER-P240 Cordless Phone Battery,,11.88,0.1875,Energizer,3.0 x 1.5 x 0.5 inches,569
dn7-walmart-amazonl_2031,Sony Handycam Mini DVD RW for DVD Camcorders 3-Pack,3DPW30R2H,12.0,0.25,Sony,4.17 x 3.86 x 0.28 inches,
dn7-walmart-amazonl_2032,CyberPower 2800 Joules 8 Oulet Surge Protector,880,23.88,2.3,CyberPower,14.5 x 9.0 x 2.25 inches,
dn7-walmart-amazonl_2033,Canon CLI-221 Magenta Ink Cartridge 2948B001,CLI221MAG,16.84,0.1,Canon,3.5 x 1.0 x 1.0 inches,68
dn7-walmart-amazonl_2034,Micro Innovations Full Size Multimedia Stereo Headset,MM750H,13.82,0.8,Micro Innovations,11.34 x 8.66 x 4.13 inches,
dn7-walmart-amazonl_2035,Sumdex Aircube for 15  MacBook Pro,138546,21.59,1,Sumdex,14.75 x 10.25 x 1.15 inches,
dn7-walmart-amazonl_2036,Magna Case Travel Camera Case SLR DSLR Shoulder Pack,127329,47.99,1.8,Magna Case,11.5 x 8.0 x 7.0 inches,
dn7-walmart-amazonl_2037,Corsair XMS2 4 GB 2 X 2 GB PC2-6400 800 MHz 240-PIN DDR2 Dual-Channel Memory Kit - TWIN2X4096-6400C5,TWIN2X4096-6400C5,74.82,0.1,Corsair,7.5 x 5.0 x 0.5 inches,
dn7-walmart-amazonl_2038,Clarity Professional XL45 Digital Extra Loud CID Big Button Speakerphone,54500.001,96.84,3.1,Clarity,12.25 x 10.5 x 3.75 inches,
dn7-walmart-amazonl_2039,StarTech.com PM1115U Fast Ethernet Print Server,PM1115U,40.84,1.12,StarTech,2.95 x 2.17 x 0.79 inches,105
dn7-walmart-amazonl_2040,Skooba Design Skooba Skin 1617 Large Laptop Sleeve in Blue Microsuede with Blue Lining,725-303,33.99,3,Skooba Design,17.0 x 12.5 x 2.5 inches,158
dn7-walmart-amazonl_2041,Draper Glass Beaded Rolleramic Electric Screen - AV Format 8 x 10,115041,1551.95,194,Draper,,
dn7-walmart-amazonl_2042,Draper Truss-Style Dress Kit Black Velour,222045,1584.0,90,Draper,,
dn7-walmart-amazonl_2043,Philips 6 HDMI Ethernet Cable,SWV3481S/17,27.0,0.45,Philips,9.5 x 9.5 x 3.5 inches,
dn7-walmart-amazonl_2044,jWIN Bluetooth Keyboard for iPad iPhone,IBTKB20BLK,63.88,12.23,JWin,10.43 x 5.47 x 0.98 inches,
dn7-walmart-amazonl_2045,Dell Piano Black Inspiron 560 i560-2191NBK Desktop PC Bundle with Intel Pentium Dual-Core E6700 Processor 500GB Hard Drive 20  Widescreen Monitor and Windows 7 Home Premium,Dell Inspiron 560,498.0,36.85,Dell,25.13 x 19.63 x 18.25 inches,
dn7-walmart-amazonl_2046,X-ACTO ProX Electric Pencil Sharpener Silver,1612,59.97,4,X-Acto,,
dn7-walmart-amazonl_2047,Corsair Value Select CMV4GX3M1A1333C9 4GB DDR3 1333MHz SDRAM Desktop Memory Module,CMV4GX3M1A1333C9,49.82,0.1,Corsair,6.0 x 4.25 x 1.25 inches,27
dn7-walmart-amazonl_2048,Da-Lite Matte White Deluxe Model B Manual Screen - 60 x 60 AV Format,40223,118.99,21,Da-Lite,,
dn7-walmart-amazonl_2049,Adobe Creative Suite v.5.0 Design Premium Upgrade Version Windows,65065612,578.54,0.5,Adobe,7.9 x 7.1 x 1.8 inches,
dn7-walmart-amazonl_2050,CP Technologies Clearlinks 6.6 Premium Gold HDMI Cable,CL-HDMI-PG-6.6FT,11.4,0.3,CP TECH,7.5 x 6.75 x 1.5 inches,151
dn7-walmart-amazonl_2051,IOGEAR 2.4GHz Multimedia Keyboard Black,GKM561RW4,62.95,1.9,IOGEAR,14.8 x 8.4 x 1.9 inches,
dn7-walmart-amazonl_2052,Georgetown Hoyas iPhone 4 Case Black Shell,FVA3162,29.99,,Tribeca,,222
dn7-walmart-amazonl_2053,Samsung 1GB DDR2 SDRAM Desktop Memory Module,MV-2V1G4/US,22.88,0.06,Samsung,8.0 x 3.5 x 0.5 inches,
dn7-walmart-amazonl_2054,Samsung HT-D5300 3D Wi-Fi Ready Home Theater System,HT-D5300,298.0,29.4,Samsung,22.09 x 16.38 x 13.54 inches,213
dn7-walmart-amazonl_2055,Energizer 9V NiMH 150mAH Rechargeable Battery,NH22NBP,12.97,1,Energizer,4.3 x 3.7 x 0.7 inches,
dn7-walmart-amazonl_2056,HP 45 Black Inkjet Cartridge 51645A,HP 51645A#140,34.97,0.35,HP,1.0 x 1.0 x 1.0 inches,
dn7-walmart-amazonl_2057,Belkin 14-Foot Cat6 Ethernet Cable,A3L980v14-BLK-S,7.88,0.46,Belkin,168.0 x 2.0 x 0.3 inches,
dn7-walmart-amazonl_2058,Sony 1GB Memory Stick Pro Duo Mark 2 2-Pack,,29.0,,Sony,,
dn7-walmart-amazonl_2059,Panasonic KX-TG6445T 5-Handset DECT Talking Caller ID with Dual Keypad Telephone,KX-TG6445T,108.84,4.55,Panasonic,6.3 x 6.2 x 5.4 inches,143
dn7-walmart-amazonl_2060,Kimberly-Clark Professional Scott Jumbo Two-Ply Bathroom Tissue 4 ct,3148,41.97,11,KIMBERLY-CLARK PROFESSIONAL,18.375 x 9.25 x 8.125 inches,
dn7-walmart-amazonl_2061,Brenthaven ProLite III Shoulder Case Black,114717,79.99,4.49,Brenthaven,19.0 x 14.0 x 5.0 inches,474
dn7-walmart-amazonl_2062,Brother LC51C Cyan Inkjet Cartridge For MFC-240C Multi-Function Printer,LC51C,13.49,0.134,Brother,,
dn7-walmart-amazonl_2063,Gear Head MP2300BLK 3 Button Wireless Optical Wheel Mouse - Black Silver,MP2300BLK,13.82,0.4,Gear Head,8.4 x 5.9 x 1.9 inches,100
dn7-walmart-amazonl_2064,MacCase 15  Premium Leather MacBook Pro PowerBook Sleeve,93714,111.96,2.15,MacCase,15.25 x 10.75 x 0.75 inches,
dn7-walmart-amazonl_2065,SIIG USB Premium Aluminum Keyboard with Hub,JK-US0412-S1,69.84,2.46,SIIG,20.0 x 8.0 x 2.0 inches,
dn7-walmart-amazonl_2066,Draper M1300 Signature Series V Electric Screen  - NTSC 230 diagonal,100327,5382.7,315,Draper,,
dn7-walmart-amazonl_2067,Draper High Contrast Grey Ultimate Access Series E Electric Screen  - AV Format 72 x 96,119175,2282.45,138,Draper,,
dn7-walmart-amazonl_2068,Draper DiamondScreen Rear Projection Screen with System 400 Black Frame - 160 diagonal NTSC Format,127149,30515.5,754,Draper,,
dn7-walmart-amazonl_2069,Kodak 10C Color Ink Cartridge,10C,19.97,1.2,Kodak,5.31 x 3.0 x 2.0 inches,684
dn7-walmart-amazonl_2070,Case Logic Kindle DX  Case,153344,23.99,0.19,Case Logic,11.25 x 8.0 x 1.25 inches,
dn7-walmart-amazonl_2071,Lexar Media LJDFF8GBASBNA 4GB JumpDrive FireFly USB 2.0 Flash Drive,LJDFF8GBASBNA,16.57,0.08,Lexar Media,6.3 x 4.5 x 0.18 inches,202
dn7-walmart-amazonl_2072,Pioneer 6.5  4-Way Speakers 350W,TS-A1684R,113.0,4.9,Pioneer,16.0 x 8.5 x 4.4 inches,627
dn7-walmart-amazonl_2073,Outdoor Bag for iPad White,TR-ODBIPAD-WT/EN,39.99,0.9,Simplism,9.8 x 8.4 x 1.4 inches,424
dn7-walmart-amazonl_2074,Basyx Return Shell 48-1 4 x24 x29 Medium Cherry,,252.0,79,Basyx,,562
dn7-walmart-amazonl_2075,iFrogz iPod iPhone Lux Car Charger Red,CHARGERLUXRED,11.0,0.1,iFrogz,6.9 x 3.9 x 0.75 inches,
dn7-walmart-amazonl_2076,Ampad Spiral Steno Book Gregg Rule 6 Canary 70 Sheets,25473,5.15,0.517,Ampad,,501
dn7-walmart-amazonl_2077,Wintec FileMate 16GB Color Mini USB Flash Drive Aqua,3FMSP01U2AQ-16G-R,24.84,0.12,Wintec,6.0 x 4.0 x 0.75 inches,
dn7-walmart-amazonl_2078,DYMO D1 Standard Tape Cartridge for Dymo Label Makers 1 4in x 23ft Black on Clear,43610,17.27,0.057,Dymo,,744
dn7-walmart-amazonl_2079,Acme Smart 15  Laptop Sleeve Wet Black Antik,AM00778-CEU,29.88,,Acme,15.0 x 13.5 x 1.5 inches,
dn7-walmart-amazonl_2080,Alera Valencia Series Reversible Return Bridge Shell,VA354824MY,109.0,84,Alera,47.25 x 29.5 x 23.5 inches,454
dn7-walmart-amazonl_2081,Da-Lite Silver Matte Model C Manual Screen - 8 x 8 AV Format,90544,441.95,50,Da-Lite,,
dn7-walmart-amazonl_2082,Da-Lite Cherry Veneer Model B Manual Screen with Matte White Fabric - 60 x 60 diagonal Video Format,73179,167.99,16,Da-Lite,,
dn7-walmart-amazonl_2083,Cables Unlimited SATA II 3Gbps to eSATA Cable with Straight Connectors,FLT-6600-39,9.82,0.9,Cables Unlimited,7.5 x 5.0 x 1.0 inches,596
dn7-walmart-amazonl_2084,HP Webcam HD 3110,HP BK357AA,33.88,0.55,HP,2.925 x 2.76 x 2.571 inches,
dn7-walmart-amazonl_2085,PC Treasures SlipIt 17.3  Neoprene Laptop Case Titan,7627,19.99,1.7,PC Treasures,17.0 x 11.0 x 1.5 inches,
dn7-walmart-amazonl_2086,Sony Cyber-shot DSC-W560 14MP Compact Camera Blue w 4x Optical Zoom 720p Movie 3.0  LCD w 50 Bonus Prints,DSC-W560/L,149.0,0.85,Sony,8.0 x 6.0 x 3.0 inches,
dn7-walmart-amazonl_2087,Endust for Electronics Ultimate Office Cleaning Combo,12886BP,64.99,2.7,Endust,9.2 x 6.8 x 6.4 inches,345
dn7-walmart-amazonl_2088,Targus Red TG-6660TR Tripod With 3-Way Panhead,TG-6660TR,29.98,4.17,Targus,27.0 x 5.3 x 4.5 inches,
dn7-walmart-amazonl_2089,Netgear ProSafe GS716T 16-Port Ethernet Switch,GS716T-200NAS,238.0,7.52,NETGEAR,20.5 x 12.1 x 4.25 inches,184
dn7-walmart-amazonl_2090,VisionTek 900252 Radeon HD 4650 1 GB 128-bit GDDR2 PCI Express 2.0 Graphics card.,900252,86.92,1.4,Visiontek,10.7 x 8.3 x 2.8 inches,
dn7-walmart-amazonl_2091,Scosche FPTM Mirrored Screen Protector Kit for iPod touch 4G 2pk,FPTM,21.88,0.05,Scosche,6.8 x 3.8 x 1.8 inches,
dn7-walmart-amazonl_2092,Night Owl ZEUS-810 16-Channel H.264 DVR Kit with 1TB Hard Drive,,773.82,,Night Owl,,432
dn7-walmart-amazonl_2093,Epson T125420 Yellow DURABrite Cartridge,T125420,11.88,0.1,Epson,4.4 x 3.3 x 0.7 inches,
dn7-walmart-amazonl_2094,Baltimore Ravens iPod Touch 4G Hard Case,FVA4584,29.99,,Tribeca,,559
dn7-walmart-amazonl_2095,Middle Atlantic Cable Management Straps,TW12,12.99,0.2,Middle Atlantic,,
dn7-walmart-amazonl_2096,Inland Titan Pro Rolling Notebook Case,IPI02453,47.88,17,Inland,15.94 x 11.8 x 2.99 inches,626
dn7-walmart-amazonl_2097,HP 564 Tri-color Combo Inkjet Cartridge CD994FN,HP CD994FN,26.5,0.25,HP,6.38 x 4.53 x 1.44 inches,697
dn7-walmart-amazonl_2098,Cobra 4-Pin Microphone With Noise Canceling Feature,HG-M77,18.36,0.64,COBRA,8.5 x 5.9 x 3.0 inches,
dn7-walmart-amazonl_2099,Grandtec MOU-600I Virtually Indestructible Mouse,MOU-600I,20.84,0.45,Grandtec,4.5 x 4.3 x 3.5 inches,686
dn7-walmart-amazonl_2100,Imation 26654 Swivel 8GB USB2.0  Flash Drive,26654,25.84,0.12,Imation,2.17 x 0.67 x 0.55 inches,521
dn7-walmart-amazonl_2101,Elite M150XWV1 Screens Manual Projection Screen,M150XWV1,187.84,43,Elite Screens,117.225 x 5.4 x 5.4 inches,187
dn7-walmart-amazonl_2102,Kensington K72274US Notebook Keypad Calculator with USB Hub - PC   MAC Compatible,K72274US,22.88,0.73,Kensington,5.5 x 2.75 x 1.0 inches,
dn7-walmart-amazonl_2103,IOGear 2-Port USB 2.0 Printer Auto Sharing Switch Black,GUB211W6,22.92,0.45,IOGEAR,8.1 x 5.5 x 1.9 inches,678
dn7-walmart-amazonl_2104,Draper High Contrast Grey Ultimate Access Series E Electric Screen - NTSC 11 diagonal,119183,2375.95,148,Draper,,
dn7-walmart-amazonl_2105,Coby Purple High-Performance Isolation Stereo Earphones CVEM79PUR,CVEM79PUR,8.54,16.5,Coby,7.0 x 2.5 x 1.0 inches,
dn7-walmart-amazonl_2106,XM XMp3i Portable Satellite Radio and MP3 Player with Home Kit,XPMP3H1,149.0,2.4,Audiovox,9.85 x 7.0 x 2.9 inches,756
dn7-walmart-amazonl_2107,Atrend-Bbox A201-12CP B Box Series Single-Sealed 10  Up-Fire Enclosure,A201-12CP,60.88,19.45,Atrend,33.5 x 14.0 x 8.25 inches,176
dn7-walmart-amazonl_2108,Regular Staples 15 000ct,1005NX-B,0.0,,Generic,4.37 x 2.519 x 2.165 inches,
dn7-walmart-amazonl_2109,Targus Antibacterial Screen Cleaning Cloth,AWV02US,8.88,0.01,Targus,7.0 x 5.0 x 0.05 inches,
dn7-walmart-amazonl_2110,Rubbermaid Commercial Slim Jim Gray Confidential Document Retrofit Lid Kit,9W16GY,52.97,1.65,Rubbermaid Commercial,14.5 x 12.5 x 3.0 inches,
dn7-walmart-amazonl_2111,Motorola Droid 2 Vehicle Dock with Vpa,89431N,25.82,2.5,Motorola,3.7 x 2.4 x 2.4 inches,
dn7-walmart-amazonl_2112,Da-Lite Video Spectra 1.5 Model C with CSR Manual Screen - 7 x 9 AV Format,82976,697.99,62,Da-Lite,,
dn7-walmart-amazonl_2113,Da-Lite High Power Model C Manual Screen - 8 x 10 AV Format,83207,797.99,66,Da-Lite,,
dn7-walmart-amazonl_2114,Da-Lite Video Spectra 1.5 Advantage Manual with CSR - Video Format 84 diagonal,85703,847.99,63,Da-Lite,,
dn7-walmart-amazonl_2115,Da-Lite High Power Model B Manual Screen with CSR - 84 x 84 AV Format,85303,372.99,28,Da-Lite,,
dn7-walmart-amazonl_2116,Case Logic 12.1  Laptop Sleeve,147731,19.99,0.64,Case Logic,12.4 x 9.4 x 1.5 inches,
dn7-walmart-amazonl_2117,Cables To Go 3 Mini USB Cable,27329,5.88,0.1,Cables To Go,9.5 x 5.3 x 0.25 inches,221
dn7-walmart-amazonl_2118,Antec TriCool 92mm Double Ball Bearing Case Fan,TRICOOL 92MM DBB,8.25,0.35,ANTEC,8.9 x 7.25 x 2.0 inches,692
dn7-walmart-amazonl_2119,Netgear ProSafe Plus 8-Port Ethernet Switch,GS108E100NAS,78.88,1.9,NETGEAR,7.3 x 5.2 x 4.0 inches,98
dn7-walmart-amazonl_2120,Compaq Black 20  Presario CQ1-2025 All-in-One Desktop PC with AMD Fusion E-350 Processor Windows 7 Home Premium,HP CQ1-2025,479.0,16.3,Compaq,20.0 x 13.6 x 6.0 inches,
dn7-walmart-amazonl_2121,Cooler Master ATX Centurion 534 Tower Black,CENTURION534BK,56.25,21.05,Coolermaster,22.0 x 20.0 x 11.1 inches,194
dn7-walmart-amazonl_2122,3M Dry-Erase Board Porcelain 8 x4 Aluminum Frame,,707.59,56,3M,,
dn7-walmart-amazonl_2123,Panasonic Lumix DMC-TS3S Silver 12.1MP Digital Camera w 4.6x Optical Zoom 2.7  LCD HD Movie Recording,Panasonic DMC-TS3S,333.54,1.12,Panasonic,4.07 x 2.52 x 1.04 inches,535
dn7-walmart-amazonl_2124,Seagate Barracuda 500GB Internal Hard Drive,ST3500413AS,44.99,1.2,Seagate,5.8 x 4.0 x 1.0 inches,558
dn7-walmart-amazonl_2125,Scosche IT4SCBK TCH 3 Switchback,IT4SCBK,32.88,0.5,Scosche,8.0 x 4.5 x 1.0 inches,
dn7-walmart-amazonl_2126,PNY 4GB SDHC Memory Card Class 4,P-SDHC4G4-EF,8.98,0.3,PNY,1.25 x 0.95 x 0.01 inches,
dn7-walmart-amazonl_2127,SVAT Ultra-Slim Web-Ready 8 Channel DVR Security System with Built-in 19  LCD Screen and 4 Indoor Outdoor Hi-Res Night Vision Surveillance Cameras,CLEARVU10,1199.0,40.15,SVAT Electronics,18.5 x 18.0 x 7.5 inches,
dn7-walmart-amazonl_2128,Crown Industrial Deck Plate Antifatigue Vinyl Mat 36 X 144 Black,,349.97,,Crown,,
dn7-walmart-amazonl_2129,Targus 15.4  Metro Roller Notebook Bag,146437,47.99,7.5,Targus,18.0 x 15.0 x 10.25 inches,
dn7-walmart-amazonl_2130,Ematic 4GB Video MP3 Player with 2.4  LCD built in 5MP Digital Camera  Assorted Colors,EM504CAMB,39.88,1.2,Ematic,3.25 x 2.0 x 0.5 inches,
dn7-walmart-amazonl_2131,Sumdex Mini Camera Case,13419,15.99,1,Sumdex,5.25 x 4.0 x 3.5 inches,
dn7-walmart-amazonl_2132,TRENDnet TU2-ETG USB to Gigabit Ethernet Adapter - USB - 1 x RJ-45  - 10 100 1000Base-T,TU2-ETG,34.66,0.4,TRENDnet,7.6 x 5.1 x 0.59 inches,369
dn7-walmart-amazonl_2133,HP C7971A  LTO Ultrium 1 Tape Cartridge,C7971A,39.88,0.6,HP,4.28 x 4.05 x 1.13 inches,
dn7-walmart-amazonl_2134,EDGE 4GB 2X2GB PC25300 NONECC UNBUFFERED 200PIN DDR2 SODIMM,PE20823302,69.82,0.35,EDGE,9.0 x 6.0 x 3.0 inches,
dn7-walmart-amazonl_2135,Epson S041226 Very High Resolution Print Paper,S041226,244.88,12.44,Epson,41.4 x 4.5 x 3.6 inches,
dn7-walmart-amazonl_2136,Lorex LW1002 LIVE Wireless Security Cameras,LW1002,119.0,19.8,Lorex,11.4 x 8.3 x 6.3 inches,
dn7-walmart-amazonl_2137,Draper M1300 Cineperm Fixed Frame Screen - 250 diagonal NTSC Format,250020,2453.45,100,Draper,,
dn7-walmart-amazonl_2138,Da-Lite Pixmate 20 x 30  UL listed Adjustable Shelf Wide Base Television Cart 43 - 49 Height,6026E,253.51,65,Da-Lite,49.0 x 30.0 x 20.0 inches,
dn7-walmart-amazonl_2139,AGF BlackBerry Torch 9800 9810 Endo GRT Case Black Black,HA0435-M005,25.88,0.35,AGF,6.7 x 4.25 x 2.4 inches,578
dn7-walmart-amazonl_2140,HTC Sensation 4G,610214626400,0.0,,Generic,6.496 x 3.641 x 2.02 inches,335
dn7-walmart-amazonl_2141,Griffin iPod Touch 4G Dflex Protection System Front Only,NA02046,19.88,0.1,Griffin,6.9 x 4.1 x 0.7 inches,739
dn7-walmart-amazonl_2142,Clarion VX401 6.2  Double-Din Multimedia Control Station with USB Port and Built-In Bluetooth,VX401,499.99,10.41,Clarion,16.2 x 9.8 x 6.8 inches,
dn7-walmart-amazonl_2143,Link Depot 14 Ethernet Enhanced CAT6 Networking Cable Blue,C6M-14-BUB,3.98,1.55,Link Depot,12.0 x 7.5 x 1.0 inches,
dn7-walmart-amazonl_2144,Da-Lite Video Spectra 1.5 Model C Manual Screen - 8 x 10 AV Format,82967,725.99,66,Da-Lite,,
dn7-walmart-amazonl_2145,Da-Lite High Power Advantage Manual with CSR - AV Format 8 x 10 diagonal,85687,1303.99,101,Da-Lite,,
dn7-walmart-amazonl_2146,Cooler Master NotePal U2 Black,R9-NBC-8PBK-GP,24.82,2.2,Coolermaster,15.0 x 15.0 x 3.0 inches,616
dn7-walmart-amazonl_2147,Belkin 3 Cat-5e Snagless Patch Cable Blue,A3L791-03-BLU-S,4.35,0.1,Belkin,3.5 x 3.5 x 0.3 inches,267
dn7-walmart-amazonl_2148,Viore 26  Ultra-Slim LED26VF50,LED26VF50,239.0,17.3,Viore,26.0 x 19.7 x 8.5 inches,
dn7-walmart-amazonl_2149,Kodak EasyShare M552 Dark Pink 14MP Digital Camera w 5x Optical Zoom 2.7  LCD Display w 50 Bonus Prints,M552Pink,94.54,0.85,Kodak,3.65 x 2.2 x 0.75 inches,
dn7-walmart-amazonl_2150,DP Audio 1000-Watt Amplifier Installation Kit,DP88,17.0,1.45,DP Video,8.5 x 7.0 x 2.5 inches,717
dn7-walmart-amazonl_2151,Polaroid UltraClear Screen Protector Bold 9000,PSCUCBB9000,14.99,0.05,Polaroid,7.5 x 4.3 x 0.3 inches,218
dn7-walmart-amazonl_2152,D-Link AirPremier N Dual Band PoE Access Point,DAP-2590,318.0,3.3,D-Link,11.0 x 8.25 x 4.5 inches,
dn7-walmart-amazonl_2153,MacCase MacCase 12  iBook PowerBook BriefCase,82272,55.96,1.4,MacCase,13.0 x 10.0 x 2.5 inches,
dn7-walmart-amazonl_2154,XtremeMac InCharge Mobile Case for iPhone 4,IPPIM411,79.99,0.5,Memorex,7.2 x 5.1 x 1.2 inches,
dn7-walmart-amazonl_2155,Ape Case AC252 Tri-Fold Digital Camera Case   Passport Travel Wallet,AC252,18.88,0.81,Ape Case,10.0 x 6.5 x 3.4 inches,
dn7-walmart-amazonl_2156,Cables Unlimited - 1 Port DB25 Parallel PCI ECP EPP SPP Port I O Card,IOC-1000,16.88,0.2,Cables Unlimited,17.32 x 14.57 x 13.89 inches,307
dn7-walmart-amazonl_2157,Seagate Expansion Desktop Hard Drive 1.0TB 7200RPM - Black,ST310005EXA101,99.84,3,Seagate,8.4 x 5.9 x 4.1 inches,
dn7-walmart-amazonl_2158,HP Black Notebook Sleeve,HP NU561AA,15.0,0.72,HP,14.9 x 10.15 x 1.7 inches,514
dn7-walmart-amazonl_2159,Peerless Plasma Screen Pedestal with Rotation and Tilt Pedestal Only,COL510P,298.99,19.05,Peerless,,42
dn7-walmart-amazonl_2160,Nikon D3000 Black 10.2MP DSLR Camera Kit with AF-S DX Nikkor 18-55mm f 3.5-5.6G VR Lens w 50 Bonus Prints,D3000 Kit,443.99,3.85,Nikon,5.0 x 4.2 x 4.1 inches,471
dn7-walmart-amazonl_2161,Sumdex DigiPod Neoprene Computer Sleeve - 17,138548,19.99,1.5,Sumdex,16.75 x 12.5 x 1.13 inches,
dn7-walmart-amazonl_2162,Oki 41945601 Fuser Kit,41945601,247.0,3.6,OKI,,
dn7-walmart-amazonl_2163,StarTech.com DP2DVI DisplayPort to DVI Video Converter Cable,DP2DVI,18.88,0.15,StarTech,9.0 x 5.175 x 0.9 inches,134
dn7-walmart-amazonl_2164,Belkin F1DD104L SOHO 4-Port DVI   USB KVM Switch,F1DD104L,188.84,7.45,Belkin,14.15 x 7.35 x 5.4 inches,743
dn7-walmart-amazonl_2165,Targus RG0315C Pulse Backpack Notebook Case,,38.88,,Targus,,
dn7-walmart-amazonl_2166,Chicago Bears Pro Grip Mouse,MSNF06,26.99,,Team Pro Mark,,
dn7-walmart-amazonl_2167,LifeWorks Netbook Cooling Pad Mouse Kit IHB931NR,IHB931NR,49.88,2.7,LIFEWORKS,15.5 x 10.7 x 2.7 inches,
dn7-walmart-amazonl_2168,Thermaltake Massive23 ST Cooling Stand - 1 Fan s - 600rpm,,35.88,,Thermaltake,,
dn7-walmart-amazonl_2169,Draper Matte White Paragon Electric Screen - NTSC 27 6 diagonal,114115,3796.75,850,Draper,,
dn7-walmart-amazonl_2170,Draper M2500 Premier Electric Screen  - WideScreen 108 diagonal,101211,1667.45,73,Draper,,
dn7-walmart-amazonl_2171,Draper Glass Beaded Signature Series E Electric Screen  - AV Format 72 x 96,111348,2252.45,102,Draper,,
dn7-walmart-amazonl_2172,Draper Matte White Signature Series E Electric Screen  - NTSC 240 diagonal,111328,4348.45,340,Draper,,
dn7-walmart-amazonl_2173,Draper Glass Beaded Access Series E Electric Screen  - NTSC 15 diagonal,104047,1615.0,120,Draper,,
dn7-walmart-amazonl_2174,Draper Glass Beaded Targa Electric Screen  - AV Format 70 x 70,116031,564.3,51,Draper,,
dn7-walmart-amazonl_2175,Draper High Contrast Grey Ultimate Access Series E Electric Screen  - AV Format 7 x 9,119177,2375.95,150,Draper,,
dn7-walmart-amazonl_2176,Draper M1300 Clarion Fixed Frame Screen - 124 x 124 diagonal AV Format,252007,1724.99,48,Draper,,
dn7-walmart-amazonl_2177,Targus 15.6  Hughes Roller,149182,135.99,9.9,Targus,17.8 x 15.3 x 9.9 inches,
dn7-walmart-amazonl_2178,V7 Professional 16  Backpack Laptop Case,CBP1-9N,15.0,1.43,V7,16.38 x 13.0 x 3.87 inches,
dn7-walmart-amazonl_2179,EXPO Dry Erase EraserXL with Replaceable Pad Felt 10w x 2d,,12.19,0.625,EXPO,,682
dn7-walmart-amazonl_2180,Rayovac 6V Rechargeable Battery,RVLA,0.0,,Rayovac,4.55 x 2.65 x 2.65 inches,
dn7-walmart-amazonl_2181,Rubbermaid Commercial Blue Untouchable Recycling Tops,269100BE,30.97,0.966,Rubbermaid Commercial,16.0 x 16.0 x 3.25 inches,
dn7-walmart-amazonl_2182,Storm 2306 Case with Foam Olive Drab,IM2306-30002,132.0,6,Storm,18.2 x 8.4 x 6.7 inches,
dn7-walmart-amazonl_2183,HP C8560A Drum Unit,C8563A,671.69,5.73,HP,,91
dn7-walmart-amazonl_2184,Three Position PowerMat with Powercube,PMM-3P-B1,79.54,1.45,Powermat,9.36 x 3.75 x 0.63 inches,
dn7-walmart-amazonl_2185,Startech 1.8  USB to Micro SATA Hard Drive Enclosure,SAT1810U2,30.91,0.2,StarTech,6.9 x 5.3 x 2.2 inches,
dn7-walmart-amazonl_2186,Sabrent SBT-CPS2 USB to Dual PS 2 Converter Cable,SBT-CPS2,4.88,0.8,Sabrent,10.0 x 8.0 x 2.8 inches,404
dn7-walmart-amazonl_2187,Rubbermaid Commercial Blue Microfiber Reusable Cleaning Cloths 12 ct,Q630,62.97,1.526,Rubbermaid Commercial,14.4 x 13.5 x 2.1 inches,
dn7-walmart-amazonl_2188,Buffalo Technology 2TB USB 3.0 DriveStation Duo,HDWL2TU3R1,239.82,5.5,Buffalo Technology,10.6 x 8.7 x 4.8 inches,482
dn7-walmart-amazonl_2189,Kodak 4GB High-Speed SD SDHC Memory Card,KSD4GBHSBNA100,16.0,0.1,Lexar,7.0 x 5.0 x 0.1 inches,
dn7-walmart-amazonl_2190,BenQ MS612ST 3D-Ready Projector,MS612ST,699.0,8.7,BenQ,15.9 x 13.7 x 7.3 inches,
dn7-walmart-amazonl_2191,Chicago Bears iPod Touch 4G Hard Case,FVA4587,29.99,,Tribeca,,532
dn7-walmart-amazonl_2192,Garmin Fishfinder 140 with 4.7-Inch Display and Dual-Beam Transducer,Fishfinder 140,90.8,3.3,Garmin,6.1 x 4.9 x 2.6 inches,192
dn7-walmart-amazonl_2193,Plustek BookReader V100 - B66-BBE21-A,B66-BBE21-A,539.88,13.35,Plustek,22.0 x 17.6 x 9.3 inches,
dn7-walmart-amazonl_2194,Fellowes HD Precision Cordless Mouse,98904,44.84,0.7,Fellowes,8.56 x 6.19 x 2.31 inches,
dn7-walmart-amazonl_2195,Memorex 4x Rewritable DVD-RW - 5 Pack Slim Jewel Case,3202-5745,8.88,0.75,Memorex,5.75 x 5.0 x 1.25 inches,
dn7-walmart-amazonl_2196,Netgear ANT 9DBI In Outdoor Omni-Direc,ANT240920000S,129.82,3,NETGEAR,29.9 x 4.9 x 3.0 inches,
dn7-walmart-amazonl_2197,Peerless SmartMount Universal Tilt Mount 23 - 46 Screens,ST640,86.99,9,Peerless,19.37 x 13.75 x 2.6 inches,
dn7-walmart-amazonl_2198,Philips 8 Outlet Surge 2160 Joules 4ft Cord SPP3301WA 17,SPP3301WA/17,19.88,1.7,Philips,17.8 x 4.87 x 2.13 inches,
dn7-walmart-amazonl_2199,HP 51644C HP 44 Ink 1600 Page-Yield Cyan,51644C,46.59,0.333,HP,,
dn7-walmart-amazonl_2200,Goodhope Bags Zip-Around Folio Agenda,,66.99,2.9,Goodhope Bags,13.5 x 10.0 x 2.5 inches,
dn7-walmart-amazonl_2201,PNY 4GB Micro Swivel Attache Flash Drive,,9.84,,PNY,,139
dn7-walmart-amazonl_2202,Dixie Viridian EcoSmart 10 Ounce Hot Cups 1000ct,2340PLA,119.97,21.887,Dixie,20.563 x 17.313 x 13.938 inches,
dn7-walmart-amazonl_2203,Draper Matte White Salara Plug and Play Electric Screen - HDTV 92 diagonal,136103,806.45,40,Draper,,
dn7-walmart-amazonl_2204,Draper Glass Beaded Targa Electric Screen  - AV Format 96 x 96,116034,670.6,66,Draper,,
dn7-walmart-amazonl_2205,Draper DiamondScreen Rear Projection Screen with System 100 Black Frame - 96 diagonal NTSC Format,127119,7525.2,237,Draper,,
dn7-walmart-amazonl_2206,Canon EOS Digital Rebel Xs Black 10.1 MP Digital SLR 18-55-IS Lens and 2.5  Tripod Value Bundle,,639.0,,Canon,,
dn7-walmart-amazonl_2207,Patriot Memory Xporter 4GB USB Drives,PSF4GUSB,14.84,0.05,PATRIOT,5.8 x 3.6 x 0.5 inches,
dn7-walmart-amazonl_2208,Startech PEXSAT31E1 1x eSATA 1x SATA 6Gbps PCI Express SATA Controller Card Adapter,PEXSAT31E1,42.5,0.35,StarTech,8.7 x 6.4 x 1.9 inches,
dn7-walmart-amazonl_2209,BANKERS BOX Super Stor Drawer File Ltr Steel Plastic 12-3 4 x 23 x 10-1 2 BLK WE 6 Ctn,,179.99,40.5,BANKERS BOX,,121
dn7-walmart-amazonl_2210,Crown Tire-Track Scraper Needlepunch Polypropylene Vinyl Mat 48 X 72 Anthracite,TE0046AC,124.97,23,Crown,50.0 x 6.5 x 6.5 inches,541
dn7-walmart-amazonl_2211,Microsoft LifeCam VX-800 Black,JSD-00007,18.88,1,Microsoft,6.5 x 5.5 x 3.0 inches,145
dn7-walmart-amazonl_2212,Index Card Book Ring,WM570+515,0.0,,Generic,4.409 x 2.519 x 0.472 inches,
dn7-walmart-amazonl_2213,Clarion 3.5mm Stereo Mini-Jack to RCA Extension Cable 40,CCAAUX,29.99,0.25,Clarion,6.25 x 5.0 x 1.25 inches,701
dn7-walmart-amazonl_2214,Sakar Baseline Headphones Orange and Blue,SL1023,90.27,2.5,Sakar,10.0 x 8.5 x 5.3 inches,
dn7-walmart-amazonl_2215,Luxor Three Shelf EnduraTable Extra Wide Workstation,LEW35-B,369.99,57,Luxor,48.0 x 36.0 x 24.0 inches,
dn7-walmart-amazonl_2216,Lexmark 1382920 Toner 3000 Page-Yield Black,1382920,270.9,5.1,Lexmark,,
dn7-walmart-amazonl_2217,Brother TZB41 P-Touch TZ,TZB41,24.88,0.2,Brother,6.75 x 4.95 x 0.68 inches,
dn7-walmart-amazonl_2218,Guardian Cleanstep Outdoor Polypropylene Rubber Scraper Mat 36 X 60 Black,14030500,56.97,16,Guardian,35.0 x 8.0 x 8.0 inches,
dn7-walmart-amazonl_2219,Kensington Wrist Pillow Foam Keyboard Platform Wrist Rest Black,34801,22.0,1.601,Kensington,,32
dn7-walmart-amazonl_2220,Da-Lite Da-Plex Deluxe Rear Projection Screen - 58 x 104 HDTV Format,27571,4629.99,401,Da-Lite,,
dn7-walmart-amazonl_2221,Franklin Electronic Publishers Spelling Ace Thesaurus with Merriam-Webster Puzzle solver SA-309,SA309,20.82,2,Franklin,9.7 x 7.5 x 2.0 inches,120
dn7-walmart-amazonl_2222,Da-Lite Video Spectra 1.5 Model C Manual Screen - 69 x 92 Video Format,82969,472.99,50,Da-Lite,,
dn7-walmart-amazonl_2223,Da-Lite Matte White Gray Carpeted Picture King w Keystone Eliminator - HDTV Format 92 diagonal,87062,343.99,39,Da-Lite,,
dn7-walmart-amazonl_2224,Da-Lite Video Spectra 1.5 Deluxe Model B Manual Screen - 50 x 67 Video Format,73639,181.99,23,Da-Lite,,243
dn7-walmart-amazonl_2225,Targus 13.3  Widescreen LCD Monitor Privacy Screen,ASF133W9USZ,42.07,0.43,Targus,14.68 x 10.55 x 0.11 inches,
dn7-walmart-amazonl_2226,MSM GeForce GT 430 Graphics Card with 1GB GDDR3 2000MHz Memory,N430GT-MD1GD3-OC,86.92,1.05,MSI,6.93 x 2.87 x 1.34 inches,
dn7-walmart-amazonl_2227,Draper HiDef Grey Premier Electric Screen  - AV Format 70 x 70,101269,1290.2,60,Draper,,
dn7-walmart-amazonl_2228,Day-Timer Simply Classic Notebook Planner Black,D44276110701A,19.97,2.95,DAY-TIMER,12.8 x 9.5 x 1.3 inches,
dn7-walmart-amazonl_2229,Kodak EasyShare C1550 Purple 16MP Digital Camera Bundle w 5x Optical Zoom 3.0  LCD Display w 50 Bonus Prints,C1550 Prpl Bndl,89.0,1.5,Kodak,3.635 x 2.649 x 1.183 inches,246
dn7-walmart-amazonl_2230,D-Link DGS-1008P 8-Port Gigabit Ethernet PoE Switch,DGS1008P,179.99,3.21,D-Link,12.92 x 7.9 x 4.22 inches,
dn7-walmart-amazonl_2231,jWIN Caf Nites In-Ear Earphones Pink,IEP222PNK,9.88,5.5,iLuv,8.0 x 2.4 x 1.1 inches,761
dn7-walmart-amazonl_2232,rooCASE 3-in-1 Kit - Wood Grain Design TPU Skin Case for iPad 2,218462,27.99,1,rooCASE,9.75 x 7.5 x 0.4 inches,
dn7-walmart-amazonl_2233,Mobile Edge 16PC 17Mac Express TrackPack,96746,55.99,3.3,Mobile Edge,20.0 x 16.0 x 8.5 inches,
dn7-walmart-amazonl_2234,Microsoft Windows 7 Professional Full,FQC-00129,299.54,0.4,Microsoft,7.57 x 5.4 x 1.18 inches,
dn7-walmart-amazonl_2235,XtremeMac TuffShield for iPad 2 Matte,PADSM203,22.99,0.23,Memorex,10.75 x 7.75 x 0.01 inches,
dn7-walmart-amazonl_2236,rooCASE Executive Portfolio Leather Case  w 2 Screen Protector for BlackBerry PlayBook,220761,35.99,1,rooCASE,8.8 x 6.2 x 1.2 inches,641
dn7-walmart-amazonl_2237,Verbatim 4.7GB 16X DVD-R Whilte Inkjet Printable 50 Packs Spindle Disc,95079,16.14,2,Verbatim,5.3 x 5.2 x 3.3 inches,377
dn7-walmart-amazonl_2238,GE 3.6V 700mAh Cordless Phone Battery,36562,0.0,,GE,2.5 x 1.75 x 0.5 inches,
dn7-walmart-amazonl_2239,Xerox 101R00421 Transfer Unit,101R00421,349.0,10.68,XEROX,,58
dn7-walmart-amazonl_2240,Apex AL-A300ATX 300W ATX 12V Switching Power Supply,AL-A300ATX,26.88,3.05,Apex,6.0 x 5.5 x 3.3 inches,
dn7-walmart-amazonl_2241,Cables To Go 16898 USB To PARALLEL ADAPTER,16898,20.88,0.34,Cables To Go,8.55 x 5.625 x 2.025 inches,
dn7-walmart-amazonl_2242,StarTech.com ICUSB2328 8 Port USB to RS232 Serial Adapter Hub,ICUSB2328,163.88,1.9,StarTech,9.99 x 5.85 x 2.07 inches,
dn7-walmart-amazonl_2243,Brother TX2411 P-Touch TX Laminated Tape,TX2411,34.88,0.36,Brother,5.18 x 3.6 x 1.35 inches,162
dn7-walmart-amazonl_2244,Clover LOC200 Lock Box with Fan For VCR   DVR,LOC200,94.24,21.09,Clover Electronics,21.8 x 20.4 x 9.2 inches,608
dn7-walmart-amazonl_2245,Scosche 1995-97 General Motors Sonoma Chevrolet S10 Rack Kit Color Match,GM1515B,9.88,0.4,Scosche,8.5 x 4.0 x 2.75 inches,702
dn7-walmart-amazonl_2246,BIC Great Erase Grip Pocket Dry Erase Marker Black 12-Pack,GDE11-BLK,13.44,0.5,BIC,5.5 x 2.75 x 1.4 inches,
dn7-walmart-amazonl_2247,Safco 3-Way Red Aluminum Convertible Hand Truck Cart,4074,579.97,39,Safco Products,40.38 x 15.75 x 7.13 inches,
dn7-walmart-amazonl_2248,Arrowmounts Cantilever Retractable Wall Mount for Flat Panel TVs up to 27,AM-P16B,39.99,3,Arrowmounts,9.0 x 7.0 x 4.0 inches,440
dn7-walmart-amazonl_2249,US Brown Bear Desktop Mount Series Double Arm Single Monitor Mount for 13 - 27 Screens,,59.99,7.2,US Brown Bear,21.13 x 6.5 x 3.25 inches,
dn7-walmart-amazonl_2250,Sharpie 12pk Super Permanent Markers Black,33001,14.28,0.519,Sharpie,,
dn7-walmart-amazonl_2251,Elite M85XWS1 Screens Manual Pull Down Projection Screen,M85XWS1,60.84,18,Elite Screens,62.1 x 4.05 x 4.05 inches,
dn7-walmart-amazonl_2252,3m O-Cel-O Sponge With 3m Stayfresh Technology 4pk,7274T,2.69,0.14,3M,6.2 x 4.8 x 1.4 inches,111
dn7-walmart-amazonl_2253,VisonTek Wireless CandyBoard Mini Keyboard with Touchpad,900319,59.82,0.55,Visiontek,7.75 x 4.0 x 2.0 inches,152
dn7-walmart-amazonl_2254,Brother HL-4570CDW Wireless Laser Color Printer Duplex printing,HL-4570CDW,481.86,56,Brother,25.0 x 22.0 x 20.0 inches,650
dn7-walmart-amazonl_2255,Vantec Nexstar3 SuperSpeed 2.5  SATA to USB 3.0 External Hard Drive Enclosure,NST-280S3-BK,26.62,2.5,Vantec,10.0 x 7.0 x 3.0 inches,656
dn7-walmart-amazonl_2256,INNOVERA                                           Econo Mobile CPU Stand 13-1 8w x 4-7 8d x 8-7 8h Light Gray,,11.99,1.7,INNOVERA,13.125 x 8.875 x 4.875 inches,
dn7-walmart-amazonl_2257,Master Caster Big Foot No-Slip Rubber Wedge Gray 2pk,972,8.79,0.375,Master Caster,7.5 x 4.875 x 1.25 inches,6
dn7-walmart-amazonl_2258,San Francisco 49ers Camera Case,FVA2773,19.99,,Tribeca,,
dn7-walmart-amazonl_2259,IOGEAR 1GB Mobile USB 2.0 Scribe Digital Pen Flash Drive,GPEN300,74.88,0.4,IOGEAR,8.0 x 6.1 x 1.8 inches,560
dn7-walmart-amazonl_2260,Panasonic KX-TGA6645B DECT 6.0 PLUS Expandable Digital Cordless Answering System with 5 Handsets,KX-TG6645B,150.0,6,Panasonic,7.2 x 6.4 x 5.4 inches,513
dn7-walmart-amazonl_2261,RCA 24  ultra-slim LED24A45RQ,LED24A45RQ,199.0,14.4,RCA,22.7 x 15.8 x 6.9 inches,
dn7-walmart-amazonl_2262,SIIG 3.5  SATA SuperSpeed USB 3.0 Hard Drive Enclosure,JU-SA0A12-S1,31.5,1.55,SIIG,10.5 x 7.3 x 3.1 inches,
dn7-walmart-amazonl_2263,Human Toolz 3-in-1 Netbook Pad Designer Tan,3N1MDT,9.88,0.16,Human Toolz,8.86 x 5.31 x 0.04 inches,
dn7-walmart-amazonl_2264,Lumiere LA 100W 3200K Tungsten Halogen Video Light Kit,VL100,86.0,6.3,Lumiere L.A.,9.3 x 7.4 x 4.8 inches,699
dn7-walmart-amazonl_2265,SIIG Mini DisplayPort to HDMI Adapter,CB-DP0B11-S1,19.88,0.1,SIIG,8.0 x 6.0 x 1.0 inches,323
dn7-walmart-amazonl_2266,Lyoto Machida Mouse Pad,86210010,16.99,,Wincraft,,
dn7-walmart-amazonl_2267,Cooler Master Storm 17  SF-19 Laptop Cooler,SGA-6000-KKYF1,83.75,8,Coolermaster,21.25 x 15.25 x 4.25 inches,43
dn7-walmart-amazonl_2268,Cables Unlimited - 6 9Pin to 6Pin IEEE 1394B Bilingual Firewire 800 Cable,MSC-5120-06,13.88,0.26,Cables Unlimited,15.5 x 15.5 x 10.5 inches,
dn7-walmart-amazonl_2269,Inland 4320 Joules Surgeguard Rotating Surge Protector,IPI03413,29.0,2.5,Inland,12.52 x 7.24 x 2.2 inches,
dn7-walmart-amazonl_2270,Maxell Color Buds Earbuds - Pink CB-PINK,CB-PINK,9.88,0.06,Maxell,4.5 x 3.25 x 1.0 inches,
dn7-walmart-amazonl_2271,EVGA GeForce 9500 GT 1GB PCI-E 128bit  DDR2,01GP3N958LR,67.92,0.95,EVGA,11.1 x 7.6 x 1.5 inches,
dn7-walmart-amazonl_2272,3M 98-0440-4809-2 PF27.0W Privacy Screen Filter For LCD Monitor,98-0440-4809-2,199.88,2.1,3M,22.93 x 14.34 x 2.07 inches,
dn7-walmart-amazonl_2273,Verbatim 95355 UltraLife 8x DVD-R Media,95355,84.67,2.05,Verbatim,4.5 x 4.5 x 3.37 inches,190
dn7-walmart-amazonl_2274,Brother TC20 Laminated Tape Cartridge,TC20,29.88,0.26,Brother,8.33 x 6.53 x 0.68 inches,256
dn7-walmart-amazonl_2275,Quantum MR-S2MQN-01 Super DLTtape II Cartridge,MR-S2MQN-01,94.88,0.64,Quantum,4.05 x 3.96 x 1.35 inches,435
dn7-walmart-amazonl_2276,Lorex LNE1001 Easy Connect Network IP Camera,,121.84,,Lorex,,136
dn7-walmart-amazonl_2277,Mutant MIG-PS1-3 Media Yo Yo Amplified Speaker White,MIG-PS1-3,14.88,1,Mutant,5.0 x 4.0 x 2.0 inches,
dn7-walmart-amazonl_2278,Compucessory Compucessory AA USB Extension Cable Black,,11.59,0.11,Compucessory,,
dn7-walmart-amazonl_2279,Draper Matte White Access Series E Electric Screen  - NTSC 15 diagonal,104019,1615.0,120,Draper,,
dn7-walmart-amazonl_2280,Draper Matte White Ultimate Access Series E Electric Screen - NTSC 15 diagonal,119019,2493.95,172,Draper,,
dn7-walmart-amazonl_2281,Cobra 15 Band Detector 1.5  Full-Color Touch Screen,XRS-9965,259.95,1,COBRA,9.6 x 6.8 x 3.0 inches,
dn7-walmart-amazonl_2282,V7 Professional 17  Front Loader Laptop Case,CCP2-9N,17.88,1.74,V7,17.25 x 13.0 x 3.0 inches,
dn7-walmart-amazonl_2283,Plantronics H91CIS Encore H91 Headset,H91CIS,119.88,0.6,Plantronics,8.15 x 6.65 x 2.4 inches,
dn7-walmart-amazonl_2284,Sharpie Retractable Fine Point Permanent Markers,32760,5.99,1,Sharpie,8.25 x 4.5 x 3.75 inches,
dn7-walmart-amazonl_2285,Webroot Internet Security Essentials 2011,46434,0.0,,Webroot,7.6 x 5.4 x 0.6 inches,
dn7-walmart-amazonl_2286,TracFone LG 420G with 60 Minutes Card Refurbished,DSV.TF420GR4.60C,19.88,6.6,Tracfone,4.5 x 4.5 x 2.3 inches,
dn7-walmart-amazonl_2287,Avery Standard Weight Sheet Protector 25ct,75530,0.0,,Avery,12.0 x 1.0 x 1.0 inches,
dn7-walmart-amazonl_2288,Boss Audio CH5730 - CHAOS EXTREME 300 Watt 5  3-Way Car Speakers - PAIR,,24.0,,Boss,,
dn7-walmart-amazonl_2289,Philips 32  Class LCD 720p 60Hz HDTV 32PFL3506,32PFL3506/F7,299.0,22.75,Philips,30.65 x 20.25 x 3.74 inches,
dn7-walmart-amazonl_2290,Orbital Tilt and Turn TV Wall Mount with Glass Shelving for 25-40  TVs,RESL422B-E,0.0,,Orbital,19.0 x 15.0 x 10.0 inches,
dn7-walmart-amazonl_2291,Westinghouse 32  Class LCD 1080p 60Hz HDTV VR-3225,VR-3225,269.99,28.5,Vizio,31.3 x 22.13 x 9.69 inches,
dn7-walmart-amazonl_2292,HP C5055A HP90 Print Head   Cleaner Cyan,C5055A,173.25,0.387,HP,,
dn7-walmart-amazonl_2293,Canon PowerShot SX130-IS Black 12.1MP Digital Camera w 12x Optical Zoom 3.0  LCD Display w 50 Bonus Prints,SX130,191.99,1.15,Canon,4.5 x 2.9 x 1.8 inches,217
dn7-walmart-amazonl_2294,3M Laptop LCD Privacy Computer Filter PF14.1,PF14.1,43.99,0.4,3M,12.5 x 9.6 x 0.3 inches,
dn7-walmart-amazonl_2295,Lexmark 18C2249 36XL 37XL High-Yield Ink 500 Page-Yield 2 Pack Black,18C2249,66.99,0.32,Lexmark,,97
dn7-walmart-amazonl_2296,Kanguru Defender 1GB V2 KDV2-1G USB 2.0 Flash Drive,KDV2-1G,39.82,0.25,Kanguru,4.02 x 4.0 x 1.03 inches,175
dn7-walmart-amazonl_2297,Da-Lite Medium Oak Veneer Model B Manual Screen with Matte White Fabric - 60 x 60 diagonal Video Format,73171,167.99,16,Da-Lite,,706
dn7-walmart-amazonl_2298,Kodak Adventure Camera   Camcorder Accessory Kit includes Grippable Tripod Hard Case Neck Strap 4GB Memory Card compatible with PlaySport and other cameras.,1913300,29.0,0.85,Kodak,7.75 x 4.88 x 1.88 inches,
dn7-walmart-amazonl_2299,Genius SP-S105 Stereo Speakers,31730940101,9.99,0.95,Genius,6.8 x 5.6 x 3.1 inches,
dn7-walmart-amazonl_2300,Rubbermaid Commercial Defenders Biohazard Square Red Steel Step Can 12 gal,ST12EPLRD,164.97,24,Rubbermaid Commercial,25.0 x 16.0 x 16.0 inches,
dn7-walmart-amazonl_2301,EDGE Tech DiskGO 160GB Portable USB Hard Drive,PE222710,60.98,0.85,Edge Tech,5.2 x 3.3 x 0.6 inches,
dn7-walmart-amazonl_2302,Tribeca Varsity Jacket Hard Shell Case for iPod Touch Oakland Raiders,FVA3778,22.2,0.9,Tribeca,7.75 x 4.0 x 0.75 inches,
dn7-walmart-amazonl_2303,Sony Cyber-shot DSC-W570 16MP Compact Camera Pink w 5x Optical Zoom 720p Movie 2.7  LCD w 50 Bonus Prints,DSC-W570/P,178.0,0.85,Sony,8.0 x 6.0 x 3.0 inches,
dn7-walmart-amazonl_2304,Samsung 1GB DDR2 SDRAM Desktop Memory Module,MV-2S1G4/US,22.88,0.1,Samsung,7.5 x 3.25 x 0.25 inches,
dn7-walmart-amazonl_2305,Clickfree C2 500GB USB 3.0 Portable External Hard Drive,HD527B3,84.98,0.95,Clickfree,8.4 x 5.1 x 1.9 inches,339
dn7-walmart-amazonl_2306,Crown Super-Soaker Polypropylene Wiper Mat With Gripper Bottom 45 X 67 Dark Brown,SSR046DB,139.97,15,Crown,50.0 x 6.5 x 6.5 inches,
dn7-walmart-amazonl_2307,Kimberly-Clark Professional Surpass 100 Percent  Recycled Fiber Two-Ply Facial Tissue 125 sheets 60 ct,21285,86.97,25.85,KIMBERLY-CLARK PROFESSIONAL,20.875 x 18.125 x 14.937 inches,
dn7-walmart-amazonl_2308,Rubbermaid Commercial Economical Round Red Steel Step Can 3.5 gal,MST35ERD,54.97,6.38,Rubbermaid Commercial,16.75 x 12.5 x 12.5 inches,
dn7-walmart-amazonl_2309,Syba Mobile Battery Backup,CL-CHG20067,57.88,0.4,SYBA Multimedia,6.75 x 4.25 x 1.5 inches,
dn7-walmart-amazonl_2310,Siig CB-999011-S1 FireWire 800 Cable,CB-999011-S1,17.88,0.2,SIIG,6.75 x 4.95 x 0.45 inches,
dn7-walmart-amazonl_2311,iLive iPhone App-Enhanced Speaker Dock,iSP301B,53.88,2.8531,iLive,13.2 x 6.9 x 5.2 inches,
dn7-walmart-amazonl_2312,Digital Innovations Screen Dr. 5 oz Bottle with Cloth,4110100,9.88,1,Digital Innovations,9.0 x 5.9 x 2.5 inches,
dn7-walmart-amazonl_2313,Clarity Ameriphone Amplified Phone w Large Buttons XL-50,XL-50,89.99,3.24,Clarity,12.25 x 10.5 x 3.0 inches,
dn7-walmart-amazonl_2314,Comprehensive Wallplate with VGA Stereo Mini RJ-45 and 3 RCA Connectors,WP-2120-E-P-AC,65.6,0.5,Comprehensive,,
dn7-walmart-amazonl_2315,Seiko SLP-MRL Multipurpose Label,SLP-MRL,14.88,0.3,Seiko,3.5 x 1.5 x 1.0 inches,472
dn7-walmart-amazonl_2316,Zagg InvisibleSHIELD for iPad 2,APPIPADTWOLE,39.99,0.3,Zagg,11.5 x 9.5 x 0.2 inches,
dn7-walmart-amazonl_2317,Logitech F540 Wireless Headset,981-000277,163.0,3.55,Logitech,11.1 x 10.3 x 6.4 inches,419
dn7-walmart-amazonl_2318,Lexar Media LSD4GBASBNA 4GB Secure Digital High Capacity SDHC Card,LSD4GBASBNA,14.88,0.7,Lexar Media,8.4 x 5.7 x 3.1 inches,
dn7-walmart-amazonl_2319,StarTech.com PYO3SATA 4in SATA Power Y Splitter Adapter Cable,PYO3SATA,8.88,0.1,StarTech,8.0 x 4.0 x 0.49 inches,
dn7-walmart-amazonl_2320,Seiko SLP-FLB Filing Label,SLP-FLB,14.88,0.15,Seiko,2.0 x 1.5 x 1.5 inches,
dn7-walmart-amazonl_2321,SVAT TWR301-C Hi-Res Indoor Outdoor Night Vision CCD Security Camera,TWR301-C,54.82,2.1,SVAT Electronics,4.5 x 4.5 x 2.5 inches,
dn7-walmart-amazonl_2322,Gear Head Wireless Optical Tilt-Wheel Mouse Red,MPT3200RED,19.88,7,Gear Head,3.9 x 2.3 x 1.5 inches,
dn7-walmart-amazonl_2323,Quartet Prestige Bulletin Board Graphite-Blend Cork Maple Frame,B243MA,50.0,11,Quartet,,
dn7-walmart-amazonl_2324,Motorola Netopia 3346N-ENT Broadband Router,3346N-ENT,103.84,1.44,Motorola,10.25 x 6.0 x 3.0 inches,
dn7-walmart-amazonl_2325,Draper IRUS Rear Projection Screen with System 100 Black Frame - 106 diagonal HDTV Format,125135,5564.2,248,Draper,,
dn7-walmart-amazonl_2326,RCA 6-Device Voice Activated Universal Remote Control,RCRV06GR,37.34,2,RCA,11.0 x 5.9 x 5.0 inches,
dn7-walmart-amazonl_2327,Connectland 1.20-Meter Stainless Steel Notebook Security Lock with Key,CL-NBK65016,11.88,0.7,SYBA Multimedia,9.0 x 6.5 x 2.5 inches,330
dn7-walmart-amazonl_2328,Xantech 282D Designer Emitter Single,282D,15.88,0.075,Xantech,5.0 x 5.0 x 1.0 inches,584
dn7-walmart-amazonl_2329,Seagate GoFlex Satellite,STBF500101,199.98,0.59,Seagate,4.7 x 3.5 x 1.3 inches,647
dn7-walmart-amazonl_2330,Advantus Badge Straps w Clip Vinyl 3 8 w 100 Box,75410,18.94,0.948,,,
dn7-walmart-amazonl_2331,Visual Land V-Motion Pro 4GB MP3 Player,ME9644GBBLK,39.88,0.45,Visual Land,9.9 x 6.6 x 1.2 inches,114
dn7-walmart-amazonl_2332,Da-Lite Da-Plex Self Trimming Rear Projection Screen - 40 1 4 x 53 3 4 Video Format,27580,1892.99,178,Da-Lite,,481
dn7-walmart-amazonl_2333,Coby CVM510 Wireless Speakerphone Kit with Bluetooth Technology,CVM510,44.55,0.5,Coby,4.65 x 1.89 x 0.63 inches,
dn7-walmart-amazonl_2334,Targus 15.6  CityLite Laptop Case,TBT053US,39.19,2.38,Targus,17.0 x 14.0 x 3.5 inches,255
dn7-walmart-amazonl_2335,Bits Limited 6-Outlet Opening Price Point Smart Strip 2 250 Joules,SCG 2,31.95,1.45,Bits Limited,16.5 x 4.5 x 2.0 inches,568
dn7-walmart-amazonl_2336,Kimberly-Clark Professional Scott Hard White Towels 12 ct,2068,69.97,21,KIMBERLY-CLARK PROFESSIONAL,17.25 x 16.5 x 11.5 inches,
dn7-walmart-amazonl_2337,EDGE Tech DiskGO 500GB External SuperSpeed USB 3.0 Hard Drive,PE227821,70.98,3.1,Edge Tech,7.6 x 4.45 x 1.45 inches,
dn7-walmart-amazonl_2338,Mace Security MaceView 8-Channel DVR,MVR-SQ80,729.0,8.9,Mace Security,17.5 x 14.4 x 6.4 inches,
dn7-walmart-amazonl_2339,Motorola Atrix Navigation Dock with VPA,89456N,59.98,0.6,MOTOROLA,4.74 x 3.149 x 0.078 inches,140
dn7-walmart-amazonl_2340,Panasonic BB-HCM580A PoE Zoom MPEG-4 Network Camera,BB-HCM580A,779.82,2,Panasonic,5.5 x 4.81 x 4.81 inches,
dn7-walmart-amazonl_2341,Green Onions Supply 10.1  Anti-Glare Screen Protector,RT-SPFG101W/M,22.88,0.1,Green Onions Supply,12.5 x 9.5 x 0.1 inches,516
dn7-walmart-amazonl_2342,Canon ImageCLASS MF4570dn Laser Multifunction Printer,4509B020AA,288.0,35.92,Canon,21.75 x 19.75 x 19.75 inches,306
dn7-walmart-amazonl_2343,Kodak M552 Dark Pink 14MP Digital Camera Bundle w 5x Optical Zoom 2.7  LCD Display w 50 Bonus Prints,M552 Pink Bndl,109.0,0.95,Kodak,3.65 x 2.2 x 0.75 inches,
dn7-walmart-amazonl_2344,HP Scanjet 5590 Digital Flatbed Scanner,HP SJ5590,273.99,17.15,HP,19.21 x 13.39 x 6.38 inches,
dn7-walmart-amazonl_2345,Fellowes Gel Wrist Rest Graphite,91737,12.84,1.56,Fellowes,21.75 x 5.0 x 1.5 inches,280
dn7-walmart-amazonl_2346,MAXSA Motion-Activated Dual-Head LED Security Floodlight,40218,44.84,1.8,Maxsa,7.7 x 6.9 x 6.0 inches,
dn7-walmart-amazonl_2347,Pelican Storm Shipping Case with Foam 13.1 x 23.7 x 24.9,iM2875WF,288.99,28,Pelican Storm,24.9 x 23.7 x 13.1 inches,
dn7-walmart-amazonl_2348,Mobile Edge 15.4PC 17Mac Madison Two-Tone Canvas Tote,96751,159.99,4,Mobile Edge,18.25 x 14.5 x 5.5 inches,
dn7-walmart-amazonl_2349,Brother TN110BK Black Toner Cartridge,TN110BK,49.88,2.46,Brother,12.78 x 7.11 x 5.31 inches,266
dn7-walmart-amazonl_2350,Startech.com PXTC19C203 Standard Power Cord,PXTC19C203,13.88,0.13,StarTech,,
dn7-walmart-amazonl_2351,Targus Mobile Elite 15.4  Notebook Case,146440,51.99,3.3,Targus,16.5 x 14.1 x 4.4 inches,
dn7-walmart-amazonl_2352,EDGE 4GB 1X4GB PC25300 ECC 240 PIN FULLY BUFFERED DIMM DR X4,PE209896,132.82,0.3,EDGE,9.0 x 6.0 x 3.0 inches,
dn7-walmart-amazonl_2353,Sony DPW30R2H 1.4GB Camcorder 8cm DVD RW,DPW30R2H,8.88,0.18,Sony,4.0 x 3.6 x 0.25 inches,537
dn7-walmart-amazonl_2354,Booq Python Skin for 17  MacBook Pro,146327,49.99,1,Booq,16.4 x 10.7 x 1.45 inches,
dn7-walmart-amazonl_2355,Draper M2500 Access MultiView Series V Electric Screen - WideScreen 126 diagonal,105015,3486.45,135,Draper,,
dn7-walmart-amazonl_2356,Sharp Electronics Electronic Dictionary PW-E550,PWE550,72.58,1,Sharp,8.5 x 6.0 x 1.0 inches,643
dn7-walmart-amazonl_2357,Coby 7  LCD Portable DVD CD MP3 Player,TFDVD7379,85.71,2.5,Coby,7.9 x 6.1 x 1.6 inches,
dn7-walmart-amazonl_2358,SKB Cases RX Series Rugged Roto-X Shipping Foot Locker Case 17 9 16 H x 20 1 8 W x 23 13 16 D outside,3SKB-X2318-16,304.99,27,SKB Cases,23.0 x 18.0 x 16.0 inches,
dn7-walmart-amazonl_2359,Kodak Pulse 10  Digital Photo Frame w Memory Card Optional Upgrade Value Bundle,,156.0,,Kodak,,
dn7-walmart-amazonl_2360,Wilson Jones Visitor Register Book Red Hardcover 112 Pages,S490,41.94,0.928,Wilson Jones,,
dn7-walmart-amazonl_2361,Da-Lite Da-Glas Standard Rear Projection Screen - 50 x 50 AV Format,27628,1631.99,223,Da-Lite,,
dn7-walmart-amazonl_2362,Mohawk Brite-Hue Multipurpose Colored Paper,103945,19.99,5.927,Mohawk,,
dn7-walmart-amazonl_2363,Da-Lite High Power Designer Contour Manual Screen with CSR - 50 x 67 Video Format,92290,512.99,30,Da-Lite,,
dn7-walmart-amazonl_2364,TOPS Classified Colors Notebook Narrow Rule 5-1 2 x 8-1 2 Orchid 100 Sheets,99712,11.58,0.609,TOPS BUSINESS FORMS,,
dn7-walmart-amazonl_2365,Canon CLI-226 Black Ink Tank,4546B001,13.97,0.08,Canon,4.25 x 3.75 x 1.0 inches,
dn7-walmart-amazonl_2366,Rubbermaid Commercial Economical Round White Steel Step Can 1.5 gal,MST15EPL,41.97,3,Rubbermaid Commercial,11.5 x 8.0 x 8.0 inches,
dn7-walmart-amazonl_2367,Tandberg Data 5678-2 SLR100 Cleaning Cartridge,5678-2,39.88,0.42,Tandberg,5.74 x 3.83 x 0.79 inches,
dn7-walmart-amazonl_2368,Thermaltake Tt eSports Challenger Ultimate Gaming Keyboard,KB-CHU003US,89.52,5,Thermaltake,22.0 x 9.0 x 2.0 inches,148
dn7-walmart-amazonl_2369,SIIG 4 x 1 VGA and Audio Switch with IR,CE-VG0B11-S1,33.88,0.77,SIIG,8.27 x 4.33 x 2.36 inches,
dn7-walmart-amazonl_2370,Luxor Workstation with One  Adjustable Pull-Out Shelf,LEMSS-B,249.99,33,Luxor,33.0 x 24.0 x 18.0 inches,
dn7-walmart-amazonl_2371,iFrogz Summit Case for iPad 2 Black,IPAD2SUMBLK,59.99,0.29,iFrogz,10.0 x 8.0 x 0.91 inches,460
dn7-walmart-amazonl_2372,Cables To Go USB 2.0 A B Cable 9 Feet White,13400,4.88,0.3,Cables To Go,108.0 x 2.0 x 0.3 inches,
dn7-walmart-amazonl_2373,Magellan Triton Carrying Case for 200 300 400 500,930-0023-001,18.88,0.2,Magellan,11.0 x 7.0 x 3.0 inches,
dn7-walmart-amazonl_2374,HP 920 Cyan Officejet Ink Cartridge CH634AN,HP CH634AN#140,13.97,1,HP,5.1 x 4.3 x 1.0 inches,157
dn7-walmart-amazonl_2375,Case Logic 48 Capacity Nylon CD DVD Binder,87978,15.99,1.3,Case Logic,13.25 x 7.75 x 2.75 inches,
dn7-walmart-amazonl_2376,VisTablet 98-905W10050-000 Mini Graphics Tablet,98-905W10050-000,76.88,1.5,VisTablet,7.9 x 7.9 x 1.9 inches,
dn7-walmart-amazonl_2377,Safco Roung Black Speckle Steel Bubble Wastebasket 6 gal,9740NC,24.97,3,Safco Products,12.5 x 12.0 x 12.0 inches,
dn7-walmart-amazonl_2378,LG 32  Class LCD 720p 60Hz HDTV 32LK330,32LK330,344.0,26.4,LG,31.5 x 22.2 x 8.1 inches,208
dn7-walmart-amazonl_2379,Axis GK-013 107-Key PS 2 Keyboard Black,GK-013,9.72,1.71,Axis,19.0 x 7.75 x 1.5 inches,
dn7-walmart-amazonl_2380,Aleratec Inc DVD CD Robo Racer Duplex,280113,912.99,23.25,Aleratec,22.0 x 17.5 x 12.0 inches,
dn7-walmart-amazonl_2381,Sony 30mm 37mm Wide End Conversion Lens,VCLHGE08B,75.38,0.09,Sony,2.45 x 2.45 x 0.73 inches,533
dn7-walmart-amazonl_2382,Draper HiDef Grey Access Series V Electric Screen  - NTSC 150 diagonal,102309,2335.95,119,Draper,,
dn7-walmart-amazonl_2383,BIC Print and Peel Mailing Labels 1 Clear 30 labels per Sheet 12-Sheets,BCL3012-CLR,10.99,0.39,BIC,12.6 x 9.3 x 0.3 inches,
dn7-walmart-amazonl_2384,Rubbermaid Commercial Yellow Wavebrake Bucket Downward Pressure Wringer Combination 44 qt,757688YW,219.97,20.45,Rubbermaid Commercial,23.5 x 22.0 x 18.0 inches,
dn7-walmart-amazonl_2385,SOLO Cup Company Bistro Design Hot Drink Cups,OF12BI0041,32.97,8.1,Solo,14.562 x 13.062 x 11.0 inches,
dn7-walmart-amazonl_2386,Toshiba 46  Class LED 1080p 120Hz HDTV 46UL605U,46UL605U,749.0,47.5,Toshiba,51.0 x 30.85 x 7.25 inches,
dn7-walmart-amazonl_2387,Powermat Wireless Charging System for BlackBerry Torch,PBL01-001-US,38.88,1,Powermat,3.75 x 3.75 x 0.375 inches,144
dn7-walmart-amazonl_2388,Avery 1.5  Durable View Binder with EZ-Turn Ring Blue,17024,7.47,1.25,Avery,11.625 x 10.25 x 2.251 inches,
dn7-walmart-amazonl_2389,Da-Lite Da-Glas Deluxe Rear Projection Screen - 84 x 84 AV Format,27650,4958.99,823,Da-Lite,,
dn7-walmart-amazonl_2390,Da-Lite Video Spectra 1.5 Model B Manual Screen - 84 x 84 AV Format,83225,139.99,26,Da-Lite,,
dn7-walmart-amazonl_2391,Da-Lite High Power Model B Manual Screen with CSR - 96 x 96 AV Format,85311,555.99,36,Da-Lite,,
dn7-walmart-amazonl_2392,Case Logic 13.3  Black Neoprene Notebook Sleeve,PLS-13 BLACK,20.0,0.9,Case Logic,13.5 x 10.25 x 1.75 inches,141
dn7-walmart-amazonl_2393,Adobe Acrobat X Standard Upgrade from Acrobat Standard 7 8 9 Windows,65096933,139.18,2,Adobe,13.25 x 8.75 x 2.75 inches,
dn7-walmart-amazonl_2394,Western Digital 750GB My Passport Essential SE USB 3.0 Silver Portable Hard Drive,WDBACX7500ASL-NESN,96.98,0.73,Western Digital,7.0 x 6.06 x 2.0 inches,99
dn7-walmart-amazonl_2395,Casio Exilim EX-ZS10 14.1MP Digital Camera Blue w 5x Optical Zoom 2.7  LCD Display,EX-ZS10BE,120.0,1.25,Casio,3.7 x 2.2 x 0.76 inches,
dn7-walmart-amazonl_2396,Crown Super-Soaker Polypropylene Wiper Mat With Gripper Bottom 45 X 67 Charcoal,SSR046CH,139.97,15,Crown,50.0 x 6.5 x 6.5 inches,224
dn7-walmart-amazonl_2397,ITW Dymon Scrubs Office Wet Wipes 50 sheets 6 ct,90006,30.97,6,ITW Dymon,10.5 x 8.75 x 7.0 inches,601
dn7-walmart-amazonl_2398,Lenovo Black ThinkCentre M58 Small Form Factor Desktop PC with Pentium E5700 Processor and Windows 7 Professional,8910B4U,549.0,24,Lenovo,22.0 x 16.0 x 10.0 inches,
dn7-walmart-amazonl_2399,Rubbermaid Commercial Yellow Wavebrake Side Press Mop Bucket   Wringer Combo 35 qt,757788YW,159.97,14,Rubbermaid Commercial,21.3 x 20.6 x 16.6 inches,
dn7-walmart-amazonl_2400,BenQ MS510 3D-Ready DLP Projector,MS510,599.0,7.35,BenQ,13.0 x 11.8 x 7.7 inches,353
dn7-walmart-amazonl_2401,Amzer Luxe Argyle High-Gloss Skin Case for Samsung GALAXY Smoke Gray,89721,14.88,7,AMZER,13.0 x 8.0 x 8.0 inches,
dn7-walmart-amazonl_2402,Crown Ecostep Mat 36 X 60 Midnight Blue,ET0035MB,59.97,10,Crown,38.0 x 6.0 x 6.0 inches,
dn7-walmart-amazonl_2403,GE Composite A V Cable 12,33267,0.0,,General Electric,5.0 x 2.5 x 1.75 inches,
dn7-walmart-amazonl_2404,Quartet Premium Dry-Erase Board in White with Aluminum Frame 48 W x 36 H,,275.79,18.1,Quartet,48.0 x 36.0 x 3.13 inches,
dn7-walmart-amazonl_2405,HP LaserJet 53X Black Print Cartridge,Q7553X,164.84,2.85,HP,15.35 x 7.72 x 4.8 inches,
dn7-walmart-amazonl_2406,Cables Unlimited - 6Pin to 6Pin Firewire Cable - 5 meters,MSC-5000-05M,13.88,0.64,Cables Unlimited,18.0 x 12.0 x 9.0 inches,
dn7-walmart-amazonl_2407,Avery Postcards for Laser Printers 4 White Uncoated Box of 100.,5389,19.84,1.15,Avery,11.25 x 9.0 x 0.5 inches,33
dn7-walmart-amazonl_2408,Sima 2-In-1 Lens Cleaner,PLE,9.88,0.08,Sima,8.0 x 3.5 x 1.0 inches,
dn7-walmart-amazonl_2409,Pioneer CD-Iu50V USB Interface Cable For iPod Iphone Tm,CD-IU50V,55.88,0.1,Pioneer,7.0 x 3.2 x 0.75 inches,704
dn7-walmart-amazonl_2410,Sanus 13 Full Mount in Black 13 - 27 Screens,,66.99,5,Sanus,13.0 x 9.0 x 8.0 inches,
dn7-walmart-amazonl_2411,iHome 2-in-1 Portable Speakers with built-in Headphones - Purple,,94.88,,iHome,,
dn7-walmart-amazonl_2412,Lexmark X651H11A High-Yield Toner 25000 Page-Yield Black,X651H11A,565.2,5.95,Lexmark,,738
dn7-walmart-amazonl_2413,GN Netcom 2499-829-105 Jabra BIZ 2400 Duo USB Headset,2499-829-105,184.88,0.65,GN Netcom,7.4 x 5.4 x 2.9 inches,
dn7-walmart-amazonl_2414,TRENDnet TU2-700 7-Port High Speed USB Hub w Power Adapter,TU2-700,26.05,0.65,TRENDnet,7.11 x 5.67 x 2.25 inches,
dn7-walmart-amazonl_2415,Draper Matte White Access Series E Electric Screen  - NTSC 11 diagonal,104017,1550.5,105,Draper,,
dn7-walmart-amazonl_2416,DICE 5v-Dock Cable - Optional 5v charging dock cable for iPod.  Dimensions 1x5x5,Dock-5v,19.0,0.2,,8.0 x 5.0 x 3.0 inches,115
dn7-walmart-amazonl_2417,Draper DiamondScreen Rear Projection Screen with System 200 Black Frame - 150 diagonal NTSC Format,127134,28527.7,655,Draper,,
dn7-walmart-amazonl_2418,Powermat Wireless Charging System for iPhone 3G and 3Gs,PMM-1P-B2,19.97,1,Power Mate,5.5 x 3.5 x 1.0 inches,103
dn7-walmart-amazonl_2419,PC Treasures External DVD-ROM Drive Red,7251,39.33,1,PC Treasures,6.0 x 6.0 x 1.0 inches,
dn7-walmart-amazonl_2420,Antenna Aurea Laptop Sleeve in Lavender,PS-003-17,48.0,3,Antenna,,
dn7-walmart-amazonl_2421,Safco Public Square Brown Steel Recycling Container 42 gal,2984BR,246.97,36,Safco Products,45.75 x 17.25 x 17.25 inches,
dn7-walmart-amazonl_2422,MSI ATI Radeon HD6670 1GB DDR5 PCI-Express Video Card,R6670-MD1GD5,107.0,0.5,MSI,11.8 x 7.0 x 2.5 inches,112
dn7-walmart-amazonl_2423,SKB Cases ATA Utility Case 10 3 8 H x 24 11 16 W x 19 13 16 D outside,1SKB-2416DJ,239.99,12,SKB Cases,21.75 x 16.75 x 9.0 inches,
dn7-walmart-amazonl_2424,Philips 3 High Speed HDMI Cable,SWV3431W/17,10.43,0.2,Philips,10.5 x 3.7 x 0.1 inches,
dn7-walmart-amazonl_2425,Artskills 1   2 Inch Vinyl Letters Black 245pc,,0.0,,Generic,,
dn7-walmart-amazonl_2426,HON 10500   Workstation Right Pedestal Desk 66w x 30d x 29-1 2h Mahogany,10584LNN,599.0,229,HON,66.0 x 30.0 x 29.5 inches,
dn7-walmart-amazonl_2427,EVGA GeForce GTX460 1GB Superclock,01GP31373AR,209.09,3,EVGA,11.8 x 9.5 x 2.9 inches,655
dn7-walmart-amazonl_2428,VisTablet Professional Graphics Tablet,98-903W10330-000,128.86,2.48,VisTablet,13.5 x 12.0 x 2.0 inches,
dn7-walmart-amazonl_2429,Avery Shipping Labels with TrueBlock Technology 2 x 4 White 1000 Box,8463,45.91,2.64,Avery,,
dn7-walmart-amazonl_2430,Da-Lite Da-Plex Thru-the-Wall Rear Projection Screen - 81 x 108 Video Format,23096,10048.99,1206,Da-Lite,,
dn7-walmart-amazonl_2431,Da-Lite Silver Matte Model C Manual Screen - 7 x 9 AV Format,90545,454.5,56,Da-Lite,,
dn7-walmart-amazonl_2432,Da-Lite Matte White Advantage Manual with CSR - HDTV Format 159 diagonal,85743,1080.63,119,Da-Lite,,
dn7-walmart-amazonl_2433,Guardian Air Step Antifatigue Polypropylene Mat 36 X 60 Black,24030502,50.97,10.5,Guardian,35.0 x 8.0 x 8.0 inches,
dn7-walmart-amazonl_2434,Da-Lite High Power Model B Manual Screen - 72 x 72 AV Format,33424,229.99,19,Da-Lite,,
dn7-walmart-amazonl_2435,Micro Innovations Techcool Travel Cooler,5290100,11.88,0.8,Micro Innovations,7.5 x 2.9 x 1.2 inches,
dn7-walmart-amazonl_2436,Elite Screens MaxWhite VMAX2 Plus2 Series ezElectric Motorized Screen - 135 Diagonal in Black Case,VMAX135UWV2,649.99,37.3,Elite Screens,121.0 x 92.5 x 3.15 inches,
dn7-walmart-amazonl_2437,Cooler Master Cooler Master NotePal X-Lite Black,R9-NBC-XLIT-GP,24.88,2.15,Coolermaster,14.5 x 10.5 x 2.1 inches,
dn7-walmart-amazonl_2438,LaCie FastKey 120GB USB 3.0 Flash Drive,LAC130980,449.0,0.11,LaCie,4.1 x 1.1 x 0.4 inches,530
dn7-walmart-amazonl_2439,Kingston HyperX 4GB Kit 2 x 2GB DDR3 Desktop Memory Module,KHX1600C9D3K2/4GX,49.99,0.24,Kingston,6.75 x 3.75 x 0.55 inches,
dn7-walmart-amazonl_2440,Targus Red TG-RA1010 8-In-1 Camera Essentials Kit,TG-RA1010,12.98,0.4,Targus,6.8 x 5.4 x 1.18 inches,314
dn7-walmart-amazonl_2441,Samsung EC-ST65ZZBPU Indigo Blue 14.2MP Digital Camera w 5x Optical Digital Camera 2.7  LCD Display w 50 Bonus Prints,EC-ST65ZZBPU,84.0,1,Samsung,4.0 x 2.0 x 1.7 inches,216
dn7-walmart-amazonl_2442,Kimberly-Clark Professional Wypall L30 Wipers 100 sheets 8 ct,5800,55.97,17,KIMBERLY-CLARK PROFESSIONAL,22.68 x 17.62 x 10.68 inches,
dn7-walmart-amazonl_2443,Crown Cross-Over Indoor Outdoor Olefin Poly Wiper Scraper Mat 48 X 72 Brown,CS0046BR,97.97,20,Crown,50.0 x 6.5 x 6.5 inches,
dn7-walmart-amazonl_2444,Goodhope Bags Impact Tote in Black,,54.99,2.33,Goodhope Bags,17.5 x 12.5 x 5.5 inches,
dn7-walmart-amazonl_2445,Hello Kitty SMS Text Messenger,79009,19.11,0.75,Sakar,35.0 x 13.0 x 2.5 inches,
dn7-walmart-amazonl_2446,Avery Matte White CD Labels for Color Laser Printers and Copiers 30 Disc Labels and 60 Spine Labels,6692,14.88,0.42,Avery,12.0 x 9.5 x 0.25 inches,
dn7-walmart-amazonl_2447,Coolermaster HAF Mini 922,,89.0,,Coolermaster,,
dn7-walmart-amazonl_2448,StarTech.com MXT101 VGA Monitor Extension M F Cable,MXT101,7.88,0.3,StarTech,6.75 x 4.05 x 0.675 inches,
dn7-walmart-amazonl_2449,StarTech.com DVIDSMM15 15ft DVI-D Digital Video Cable,DVIDSMM15,19.88,0.9,StarTech,10.575 x 4.275 x 0.9 inches,
dn7-walmart-amazonl_2450,HP Q1426A Universal High Gloss Photo Paper,Q1426A,93.24,9,HP,23.4 x 5.13 x 4.14 inches,
dn7-walmart-amazonl_2451,Master Caster Big Foot No-Slip Rubber Wedge Beige,900,5.09,0.182,Master Caster,7.7 x 4.8 x 1.6 inches,
dn7-walmart-amazonl_2452,Seal Shield SSKSV107 SILVER SEAL Medical Grade Keyboard - Dishwasher Safe   Antimicrobial Black  USB,SSKSV107,38.84,2,Seal Shield,18.3 x 6.73 x 1.3 inches,
dn7-walmart-amazonl_2453,Rubbermaid Commercial Plaza Rectangular Beige Plastic Indoor Outdoor Waste Container 35 gal,9P9000BG,449.97,52,Rubbermaid Commercial,41.91 x 21.95 x 20.95 inches,
dn7-walmart-amazonl_2454,Draper Matte White Access Series M Manual Screen - 15 diagonal NTSC Format,203019,1102.5,110,Draper,,
dn7-walmart-amazonl_2455,Draper M2500 Clarion Fixed Frame Screen - 199 diagonal HDTV Format,252134,1177.99,57,Draper,,
dn7-walmart-amazonl_2456,Seagate FreeAgent GoFlex eSATA Cable,STAE103,12.98,0.11,Seagate,18.0 x 0.5 x 0.5 inches,
dn7-walmart-amazonl_2457,Crown Industrial Deck Plate Antifatigue Vinyl Mat 36 X 144 Black Yellow Border,,379.97,,Crown,,
dn7-walmart-amazonl_2458,Rubbermaid Commercial European   Metallic Series Round Satin Stainless Wastebasket 5 gal,UB1900SSS,72.97,6,Rubbermaid Commercial,16.5 x 12.25 x 12.0 inches,
dn7-walmart-amazonl_2459,Sony Eyepiece Cup,FDAEP5AM,12.0,0.02,Sony,5.0 x 4.0 x 0.02 inches,715
dn7-walmart-amazonl_2460,BIC Z4 Needle Point Roller Pen 0.5mm Blue 1-Dozen,Z4N11-BLU,13.49,0.31,BIC,6.0 x 2.75 x 1.63 inches,
dn7-walmart-amazonl_2461,FileMate Imagine Series K2010 USB Standard Keyboard,,15.12,,,,484
dn7-walmart-amazonl_2462,Pioneer TS-W2502D2 10  Champion Series Pro Subwoofer,TS-W2502D2,268.0,20.45,Pioneer,13.5 x 13.2 x 9.9 inches,
dn7-walmart-amazonl_2463,Pioneer 3  Multimedia A V Receiver with Pandora Link,MVH-P7300,328.0,3.5,Pioneer,10.6 x 8.9 x 4.1 inches,
dn7-walmart-amazonl_2464,Philips 10-Outlet 2500J Surge Protector,SPP4101B/17,0.0,,Philips,,
dn7-walmart-amazonl_2465,Transcend StoreJet 25D2 500GB External Hard Drive White,TS500GSJ25D2-W,70.88,0.42,Transcend,5.11 x 3.23 x 0.68 inches,
dn7-walmart-amazonl_2466,Adobe Software Web Premium CS5.5 Mac,ADBCD21896MCAE,449.0,0.45,Adobe,8.0 x 5.75 x 1.9 inches,
dn7-walmart-amazonl_2467,US Brown Bear Full Motion Series Medium Dual Arm Mount for 23 - 37 Displays in Silver,,59.99,10.1,US Brown Bear,17.0 x 16.0 x 3.62 inches,
dn7-walmart-amazonl_2468,Mohawk Color Copy Gloss Paper Ream of 500 Sheets,36101,12.94,7.983,Mohawk,,
dn7-walmart-amazonl_2469,HON 500 Series Two-Drawer Lateral File Black,572LP,359.94,112,HON,30.0 x 28.375 x 19.25 inches,
dn7-walmart-amazonl_2470,Canon CLI-8Y Yellow Inkjet Print Cartridge,2945B009AA,15.97,0.33,Canon,5.4 x 3.5 x 1.0 inches,
dn7-walmart-amazonl_2471,Da-Lite Da-Plex Thru-the-Wall Rear Projection Screen - 78 x 139 HDTV Format,23077,11385.99,1246,Da-Lite,,759
dn7-walmart-amazonl_2472,Da-Lite Da-Glas Self Trimming Rear Projection Screen - 96 x 120 AV Format,27915,7443.99,1375,Da-Lite,,
dn7-walmart-amazonl_2473,Da-Lite Matte White Model C Manual Screen - 69 x 110 16 10 Ratio Format,36445,529.99,62,Da-Lite,,
dn7-walmart-amazonl_2474,Cooler Master Hyper 212 Plus Universal Cooler,RR-B10-212P-G1,29.99,2.15,Coolermaster,9.0 x 6.3 x 3.6 inches,611
dn7-walmart-amazonl_2475,ASUS Radeon HD5570 1GB DDR5 PCI Express Graphics Card,EAH5770 CUCORE/G/2DI,180.41,4.5,Asus,12.0 x 8.75 x 2.3 inches,
dn7-walmart-amazonl_2476,iFrogz iPod Touch 4 Luxe Lean Case White,IT4LL-WHT,24.99,0.1,iFrogz,11.5 x 8.75 x 0.5 inches,360
dn7-walmart-amazonl_2477,JVC Inner-Ear Sports Clip Earbuds Violet,HAEBX5V,19.95,0.1,JVC,7.0 x 2.0 x 1.1 inches,209
dn7-walmart-amazonl_2478,Mace Security Easy Watch Hidden Camera In PIR Motion Detector Housing,EWC-PIR-RJ11,119.82,1.2,Mace Security,5.1 x 4.3 x 3.9 inches,155
dn7-walmart-amazonl_2479,Microsoft LifeCam Studio 1080p USB HD Webcam Q2F-00001,Q2F00001,57.82,1.2,Microsoft,8.2 x 7.8 x 2.8 inches,579
dn7-walmart-amazonl_2480,PC Treasures Casual Game Treasures 5pk with 2GB USB Flash Drive PC,50482,12.92,1,PC Treasures,9.0 x 6.0 x 0.5 inches,
dn7-walmart-amazonl_2481,Samsung WB700 Black 14.2MP Digital Camera w 18x Optical Zoom 3.0  LCD Display w 50 Bonus Prints,EC-WB700ZBPBUS,299.99,1.1,Samsung,4.13 x 2.32 x 0.98 inches,677
dn7-walmart-amazonl_2482,3M Porcelain Marker Board Steel Backed 6 x4 Aluminum,,462.79,42.02,3M,,
dn7-walmart-amazonl_2483,Kenwood 6.5  2-Way 160W Speaker System KFC-1652,KFC-1652,29.99,3.05,Kenwood,6.25 x 6.25 x 1.187 inches,410
dn7-walmart-amazonl_2484,Sylvania 4GB Touch Video MP3 Player Black,SMPK4230-BLACK,35.0,0.45,Sylvania,12.0 x 9.2 x 4.0 inches,
dn7-walmart-amazonl_2485,Targus 14  Impax Laptop Sleeve Red,TSS20701US,37.88,0.83,Targus,14.0 x 9.85 x 1.5 inches,751
dn7-walmart-amazonl_2486,OFM Cafe 41.5 x 30 Round Folding Table,,238.99,67,OFM,41.5 x 30.0 x 30.0 inches,
dn7-walmart-amazonl_2487,iLuv Micro-SizeUSB Car Charger,IAD215BLK,9.88,0.07,iLuv,5.7 x 3.5 x 1.1 inches,
dn7-walmart-amazonl_2488,RCA Cassette Adapter,AH760R,12.88,1,RCA,5.6 x 4.2 x 1.0 inches,737
dn7-walmart-amazonl_2489,Chief Manufacturing Thinstall Universal Fixed Wall Mount 37 - 63 Displays,,129.0,11.5,Chief Manufacturing,,
dn7-walmart-amazonl_2490,Atlantic Wave 74-DVD Wire Towers Black Cherry,1386,35.99,6.4,Atlantic,26.4 x 12.4 x 6.7 inches,
dn7-walmart-amazonl_2491,Tripp Lite SmartPro 1500VA UPS,SMART1500RM2U,499.0,57.26,Tripp Lite,23.75 x 19.75 x 9.0 inches,
dn7-walmart-amazonl_2492,Scosche 4  Speaker Adapter,SA41069,29.88,0.72,Scosche,10.5 x 6.5 x 3.0 inches,
dn7-walmart-amazonl_2493,Draper M2500 Access Series V Electric Screen  - AV Format 96 x 96,102196,2118.95,105,Draper,,
dn7-walmart-amazonl_2494,Draper Matte White Rolleramic Electric Screen - AV Format 18 x 18,115018,2898.2,375,Draper,,
dn7-walmart-amazonl_2495,Rubbermaid Commercial Brute Recycling Round Gray Plastic Container 32 gal,263200GY,39.97,8.24,Rubbermaid Commercial,27.25 x 22.0 x 22.0 inches,
dn7-walmart-amazonl_2496,Acer 23  Wide LCD Monitor Black  V EPEAT,V233HAJBD,142.0,14.55,Acer,24.3 x 18.0 x 5.6 inches,511
dn7-walmart-amazonl_2497,Samsung ML1610D2 Toner Drum Black,ML1610D2,93.99,2.188,Samsung,,525
dn7-walmart-amazonl_2498,X-ACTO V2 4AA Battery Operated Pencil Sharpener,W3020,0.0,,X-ACTO,5.5 x 4.19 x 3.5 inches,
dn7-walmart-amazonl_2499,Disney Princess Pencil Top Erasers 3pk,21401,0.0,,Disney,,
dn7-walmart-amazonl_2500,Everstart 16-Gauge 30 Black Primary Wire,51652-76-08,0.0,,Generic,9.75 x 4.0 x 1.5 inches,
dn7-walmart-amazonl_2501,3M Laptop LCD Privacy Computer Filter PF14.0W,PF14.0W,44.57,0.4,3M,13.0 x 10.1 x 0.15 inches,285
dn7-walmart-amazonl_2502,SVAT TWR301-GX012 Digital Wireless DVR Security System with receiver SD Card Recording and Long Range Night Vision Cameras,TWR301-GX012,249.82,5,SVAT Electronics,11.5 x 11.0 x 3.5 inches,49
dn7-walmart-amazonl_2503,SIIG 1-port Serial PC Card,JJ-PCM012-S3,59.99,0.38,SIIG,8.75 x 6.5 x 1.5 inches,400
dn7-walmart-amazonl_2504,Da-Lite Da-Glas Deluxe Rear Projection Screen - 40 1 4 x 53 3 4 Video Format,27655,1752.99,212,Da-Lite,,
dn7-walmart-amazonl_2505,Rubbermaid Commercial Defenders Biohazard Square Stainless Steel Step Can 24 gal,ST24SSPL,399.97,36,Rubbermaid Commercial,32.0 x 18.25 x 18.25 inches,
dn7-walmart-amazonl_2506,Dixie Sage 8-1 2 Inch Paper Plates 125ct,SXP9SCDX,21.97,4.17,Dixie,8.5 x 8.5 x 6.0 inches,
dn7-walmart-amazonl_2507,Griffin iPod Touch 4G FormFit Case Black Clear,GB01957,17.13,0.1,Arkon,6.89 x 4.13 x 0.98 inches,118
dn7-walmart-amazonl_2508,Sanus Powerbridge in Wall Power and Cable Management,,84.99,1,Sanus,9.25 x 2.88 x 2.25 inches,161
dn7-walmart-amazonl_2509,MSI Black 20  Wind Touch AE2050-008 All-in-One Desktop PC with AMD Dual-Core E-350 Processor and Windows 7 Home Premium,9S6-AC3112-008,679.0,24.9,MSI,23.5 x 20.0 x 8.0 inches,
dn7-walmart-amazonl_2510,Sabrent 5-Port USB 2.0 PCI Card Adapter,SBT-ALI5Y,9.88,1,Sabrent,10.0 x 8.0 x 2.8 inches,620
dn7-walmart-amazonl_2511,LG 42  Class LCD 1080p 60Hz HDTV 42LK450,42LK450,579.0,41.9,LG,40.1 x 27.5 x 10.4 inches,604
dn7-walmart-amazonl_2512,ViewSonic PJD7583w 3D-Ready LCD Projector,PJD7583W,949.0,12.1,ViewSonic,15.4 x 15.0 x 8.3 inches,
dn7-walmart-amazonl_2513,Mach Speed CarTunes Max Range FM Transmitter MP3 Player,CARTUNESMAX,29.99,0.25,Mach Speed,8.0 x 5.5 x 0.8 inches,724
dn7-walmart-amazonl_2514,Cables Unlimited 3 High-Speed HDMI Cable Black,PCM-2295-03,10.88,0.25,Cables Unlimited,5.5 x 3.0 x 0.85 inches,
dn7-walmart-amazonl_2515,Corsair 115GB Solid State Drive Corsair Force Series,CSSDF115GBP2BRK,261.25,0.35,Corsair,5.4 x 4.4 x 1.1 inches,241
dn7-walmart-amazonl_2516,Night Owl NO-8LCD Security Products 8  LCD Security Monitor  with Audio,NO-8LCD,100.0,1.75,Night Owl,7.9 x 6.7 x 1.4 inches,470
dn7-walmart-amazonl_2517,Logitech Wireless Mouse M315 Victorian,910002534,19.88,0.33,Logitech,8.7 x 5.83 x 3.58 inches,
dn7-walmart-amazonl_2518,Memorex Color Slim CD Jewel Cases - 50 Pack,3202-1950,19.88,4.5,Memorex,11.5 x 6.0 x 5.0 inches,
dn7-walmart-amazonl_2519,Buffalo Network USB Print Server LPV3-U2 - Print server - Hi-Speed USB - EN Fast EN - 10Base-T 100Base-TX,LPV3-U2,53.84,1.22,Buffalo Technology,8.9 x 5.6 x 2.4 inches,344
dn7-walmart-amazonl_2520,Peerless SmartMount Universal Flat Mount 32 - 50 Screens,SF650,64.99,11,Peerless,30.87 x 18.0 x 1.7 inches,119
dn7-walmart-amazonl_2521,Cables To Go 7858 SCSI-3 Cable,7858,21.88,0.6,Cables To Go,7.65 x 6.3 x 0.9 inches,
dn7-walmart-amazonl_2522,V7 M30P20-7N Standard PS 2 Optical Mouse,M30P20-7N,6.84,1,V7,4.725 x 3.15 x 1.8 inches,629
dn7-walmart-amazonl_2523,APC Line-R 1200VA Line Conditioner with Automatic Voltage Regulator LE1200,LE1200,48.24,10.38,APC,8.43 x 5.55 x 4.55 inches,113
dn7-walmart-amazonl_2524,Sumas Media SMC-Frame-S1 Rear Camera License Plate Frame Silver,SMC-FRAME-S1,49.0,1.25,SUMAS,12.25 x 8.25 x 1.25 inches,
dn7-walmart-amazonl_2525,Genius Agama M-300 Retractable Mini Mouse - Optical - USB - Black,31010615100,10.0,1,Genius,7.3 x 4.4 x 2.8 inches,
dn7-walmart-amazonl_2526,Mustang 92 Manual Screen in Matte White,SC-M92D16:9,104.0,32,Mustang,,
dn7-walmart-amazonl_2527,Verbatim 100-Pack 16X DataLifePlus Shiny Silver DVD-R Spindle,97017,29.98,3.58,Verbatim,6.0 x 4.75 x 4.75 inches,347
dn7-walmart-amazonl_2528,Draper Matte White Baronet Electric Screen - AV Format 70 x 70,129003,435.15,26,Draper,,
dn7-walmart-amazonl_2529,Draper HiDef Grey Premier Electric Screen  - HDTV 119 diagonal,101309,1682.45,81,Draper,,
dn7-walmart-amazonl_2530,Draper Glass Beaded Access Series M Manual Screen - 9 x 12 AV Format,203039,1113.95,111,Draper,,
dn7-walmart-amazonl_2531,Night Owl Security Products Wired Color Security Camera with 60 of Cable,CAM-CM01-245,49.71,2.75,Night Owl,12.5 x 3.9 x 0.1 inches,660
dn7-walmart-amazonl_2532,Draper Cineflex Cineperm Fixed Frame Screen - 7 6 diagonal NTSC Format,251013,416.7,26,Draper,,
dn7-walmart-amazonl_2533,Draper IRUS Rear Projection Screen with System 100 Black Frame - 92 diagonal NTSC Format,125106,4196.7,308,Draper,,
dn7-walmart-amazonl_2534,Rubbermaid Extra Deep Desk Drawer Director Tray Plastic Black,,7.94,,Rubbermaid,,
dn7-walmart-amazonl_2535,Lexmark 12A8425 Black High-Yield Toner Print Cartridge,12A8425,302.4,3.85,Lexmark,,
dn7-walmart-amazonl_2536,Gator Cases ATA Molded Utility Case 11.7 x 16.7 x 5.9,GXDF-1116-5-TSA,139.99,13,Gator Cases,18.0 x 12.0 x 7.0 inches,52
dn7-walmart-amazonl_2537,Corsair Flash Voyager 32GB USB 3.0 Flash Drive,CMFVY3-32GB,74.88,0.9,Corsair,7.5 x 5.5 x 0.25 inches,
dn7-walmart-amazonl_2538,Brother TN450 Black Toner Cartridge High Yield Toner,TN450,48.88,1.75,Brother,14.5 x 7.9 x 4.5 inches,394
dn7-walmart-amazonl_2539,Ghent Triumph Display Easel Gray,19250,26.09,5,Ghent,,495
dn7-walmart-amazonl_2540,ZyXEL HomePlug AV 200Mbps Powerline Wall Plug Adapter,PLA401V3,47.92,0.9,ZyXEL,15.0 x 9.4 x 4.0 inches,215
dn7-walmart-amazonl_2541,Da-Lite Matte White Designer Model B with Fabric Case in Fawn - 70 x 70 AV Format,73113,152.99,18,Da-Lite,,
dn7-walmart-amazonl_2542,Elite Screens 92  VMAX92UWV2 Electric Projection Screen,VMAX92UWV2,319.59,26,Elite,88.0 x 5.5 x 5.5 inches,20
dn7-walmart-amazonl_2543,Cooler Master 120mm Silent Blade Master Fan,R4-BMBS-20PK-R0,15.88,0.5,Coolermaster,7.1 x 5.1 x 1.2 inches,178
dn7-walmart-amazonl_2544,Crown Mat-A-Dor Entrance Antifatigue Rubber Mat 24 X 32 Black,MASR42BK,55.97,12,Crown,34.0 x 6.0 x 6.0 inches,
dn7-walmart-amazonl_2545,Draper HiDef Grey ShadowBox Clarion Fixed Frame Screen - 10 diagonal NTSC Format,253085,985.99,42,Draper,,
dn7-walmart-amazonl_2546,Da-Lite Da-Tex Rear Tensioned Advantage Electrol - AV Format 8 x 8 diagonal,85375,2549.38,124,Da-Lite,,
dn7-walmart-amazonl_2547,Draper Glass Beaded Targa Electric Screen  - HDTV 119 diagonal,116241,807.45,68,Draper,,
dn7-walmart-amazonl_2548,Sabrent 6-in-1 USB 2.0 Flash Memory Card Reader,CRW-EXT,10.98,1,Sabrent,10.0 x 8.0 x 2.8 inches,712
dn7-walmart-amazonl_2549,3M Dry-Erase Board Porcelain 6 x4 Aluminum Frame,,579.29,42,3M,,
dn7-walmart-amazonl_2550,HTC MyTouch 3G White Unlocked,Mytouch 3G,199.0,0.85,HTC,4.45 x 2.19 x 0.58 inches,589
dn7-walmart-amazonl_2551,Dell Series 2 Color Ink,330-0048,35.97,7,Dell,5.5 x 3.86 x 1.26 inches,
dn7-walmart-amazonl_2552,Belkin Pro Series High Integrity Monitor Cable VGA,F3H982-06,7.88,0.6,Belkin,6.3 x 3.6 x 0.9 inches,
dn7-walmart-amazonl_2553,MOTOROLA MJ270R 27 MILE TWO WAY RADIO WITH 22 CHANNELS 121 PRIVACY CODES AND NOAA ALERT,MJ270R,47.11,1.55,Motorola,7.8 x 2.4 x 1.3 inches,
