{
  "best_epoch": 5,
  "best_val_f1": 0.7704130643611912,
  "best_threshold": 0.26,
  "test": {
    "precision": 0.6384742951907131,
    "recall": 0.77,
    "f1": 0.6980961015412511,
    "accuracy": 0.926,
    "tp": 385,
    "fp": 218,
    "fn": 115,
    "tn": 3782,
    "loss": 0.2314366553976304,
    "threshold": 0.26
  }
}