{
  "epoch": 5,
  "train_loss": 0.07517670265833537,
  "val_loss": 0.2470761733027175,
  "val_threshold": 0.26,
  "val_precision": 0.7412199630314233,
  "val_recall": 0.802,
  "val_f1": 0.7704130643611912,
  "val_accuracy": 0.9317142857142857
}